essay_id,prompt,text,words,seg_grade,seg_gender,seg_economic,seg_race,seg_split,overall_r1,overall_r2,overall_human,cohesion_r1,cohesion_r2,cohesion_human,syntax_r1,syntax_r2,syntax_human,vocabulary_r1,vocabulary_r2,vocabulary_human,phraseology_r1,phraseology_r2,phraseology_human,grammar_r1,grammar_r2,grammar_human,conventions_r1,conventions_r2,conventions_human
05F54CEC774B,Afterschool homework club,"Schools should not have after school clubs. Students will not have that much time after school to work on different things. Some students have after school jobs, some have to babysit their brother/sister, and also some of them have to work after school to support their family etc. If there are homework club during school time that would be great. Students who have difficulty with subject will have better understanding of what they are learning. It would be pleasure of people who volunteer for during school homework club.

Although some students who have difficulty with specific subject homework would be great. There will be teacher and students around. Maybe its their same teacher who teaches the same class it will be great for students. Teachers will know the weakness of student of what they need help more with during class. This is why during school homework club would be great for teacher or students. Students who work after school could come to this club too they would be able to get their homework done and still be able to work at their job.

Some homework club cost money which might be hard to pay for some families. If my school would have homework club it should be free. Not every family has 100 of dollars to pay every month for homework club. They also should have good educated teacher who knows everything about subject so they could help their students. If there are any bad educators who does not know anything about subject that would messed up the teacher and student both of their time. That would messed up students education who spend their time coming to thomework club. Speaking of that school should have great volunteers who can help their student with any subject.

They need to have teacher who could make the students love homework club. They need to have that kind of teacher/volunteer who is not that strict who knows how to handle different situation of students. Maybe they could be going through a lot of things in their life. They might have some problem at home or outside of home. Students want funny,nice, and kind teacher. Who could make jokes about subject to have a student better understanding. ",337,8,Male,Economically disadvantaged,Asian/Pacific Islander,train,3,3,3,3,3,3,3,3,3,3,3,3,3,3,3,3,4,3.5,4,4,4
063F809DE304,Afterschool homework club,"Can you imagine how students will be so smart if they had extra help outside of class like an after school homework club. I believe that having an after school homework club is a good way to help students succeed. I will talk about how student will succeed from this,

I will explain how they develop when they have a homework club,and my personal experience.

Student will highly improve when they are in an After school homework club because student will comprehend even better while they are doing there homework with people that can help them. In my belief this is a good way to help kids not just with there homework but kids will improve on uderstading skills. they will learn how to learn things in a different way if they do not understand. Student will pass more tests and have better chances of getting to college and take this world in a good direction. I truly believe that helping kids with school work is the base for them selves and this world.

Kids from k-12 will develop as they go . They can develop even better when they have help around them. Kids are bright and smart they have fresh minds and they can hold things in there minds. If kids can have the 100% help they will just be absolutely geniuses they will be better than the person that thought them. If kids can have academic growth

10% a year with out help imagine what they could do if they had a homework club where like I said where they can be talented.

when I was in 5th grade, I was kid that loved math but I was not very good at it. So my teacher suggested for me to join the homework club after school. At first I was not happy about it but then once I started to go I loved it because

I understood math even better I kept geting in the upper 90 with test scores ,I had the most lessons done on a math program that is called Think trough math. I became a student helper at the homework club and I am now a smart intelligent math student.

when I get to high school I will volunteer at the homework clubs at and go help kids for my own good and because I love to help people.

These are all the reasons why I believe that having an after school homework club is important to students improvements. I will continue to volunteer in helping kids academically . Like we all know youth is the future of this world. I truly believe there are so many kids out there in the world that need help and they are smart but they can not get it because there is no one that pays attention to it. There will changes to that may be not in my life time but I will do what ever I can to get kids from around the world education and help where they can develop and be the best they can be.    ",480,8,Male,Not economically disadvantaged,Black/African American,train,3,2,2.5,3,2,2.5,2,2,2,3,3,3,2,3,2.5,3,3,3,2,2,2
1170D6863F27,Afterschool homework club,"Is homework club good. Do you agree or degree. homework club is good for the people how are failing and you can do your home work at homework club. I agree that home work club is good for are school. Do you like seeing your kids failing there classes your in luck I will tell the positive of having a homework club for your students how are failing and, I will tell you the native of having a homework club. If you are thinking about how munch it cost to have a homework club don't worry about how it cost you should only think about what happens if you do get a homework club.

I agree that homework club is good therefore all the students how go to home work club are getting good grades. It been proven by smart people that people how go to home work club get better grades then others students. The students can do homework in home work club and ask for help by the teacher.

If you are a teacher how is reading this what are your opinion about homework club. A teacher probably want what good for there students and they want to work after school with them.

ones I went to homework club I got help by the teacher and she help me to understand the subject that we were working on. Then the next day I went again to the homework club to study for the test that I have the next day.

I took the the test, when i got the test back I got a 100% on the test, ever since that day I went to homework club every day. The only bad thing you should worry is what if the students are only going there to talk with there friend after school.

I think that homework club should be add to every school so they can improve there school. When then other school how good your school is doing they are going to copy what your doing then the further of the students will be good so they can get good job and improve the world some way or another. The county will look at your shool and will give you more mony then you can improve the homework club and make your school better.

Therefore homework club is good for the students and I will give you a advice. You need to have a homework club for your school so they will have a opportunely to pass there classes. If you do not a agree about having homework club for your students. If you do put homework club in your school you will see the improvements in your school like grades and, student beaver. I hope you add a homework come for are school so we can improve are grads and, do better in are classes.      ",449,8,Male,Economically disadvantaged,Hispanic/Latino,train,3,2,2.5,3,3,3,2,3,2.5,3,2,2.5,3,2,2.5,3,2,2.5,3,3,3
1247CB034EF7,Afterschool homework club,"Wouldnt you want to have time and do your homework after school so you wouldnt have to do it later?

If you were to go after school and do your homework so you wouldnt do it later you would have much more time to do things. You can go outside and hangout with friends without any concern about doing projects or homework.

Also if you do your homework you can have time to go study for a test or, and you can study to take a retake test or quiz and bring your grade up.

And if you do your homework after school you can have massive time to relax.

You can lay down and take a little nap or play on your phone with friends, and you can take a little walk or play in the playground and you will not have a worry in the world.

And finally you can do community service hours for the school. Community service hours can help you pass the year and gives you time to work hard and maybe have fun with some friends of yours, and you can have fun even if you are walking a dog or watching someones cat you wouldnt have to worry about school work at all.

In Conclusion, Doing your homework after school is fantastic because you wont have any worries, and you will have time to do more work like a project or a test, and also you will can relax and take nap or take a calm walk, and you can do a little community service hours.",247,8,Male,Economically disadvantaged,Hispanic/Latino,train,4,3,3.5,4,4,4,4,3,3.5,3,3,3,4,3,3.5,4,4,4,4,3,3.5
1CFAD2A1BC00,Afterschool homework club,"I think that it would be good if we have a after school club because, some students might need to finish up some work there missing. Now let me tell you why it would be more good, first you get to do it in groups and make new friends in the homework club, it makes you more focus in the work that you need to and you can even do it with a group, solo, pairs. and after school homework club is perfect for all those things and it raises your grade up.

all you have to do is...

(1)Ask for your parents permission to join the homework club. (2) try and finish up the work you haven't done yet. And now your done. It even helps the school by you making the school a school where student can grow and learn. if you ask any teachers from our school they would all say that homework clubs are good to help your brain learn more and release that stress that you might have from not doing your work in time and homework club helps you in that.

as a student my self i to have homework and test, and other stuff and sometimes i don't have time to do my homework at home so sometimes i choose my days that i want to stay in homework club for example lets say you want to join a club but you know you have a lot of important work missing then dont choose other electives just choose homework club and then you can choose the elective you want, and with that we should all have home work clubs in each school.",272,8,Female,Economically disadvantaged,Hispanic/Latino,train,3,3,3,3,3,3,3,3,3,3,3,3,3,3,3,3,4,3.5,3,3,3
1D31AE0453BC,Afterschool homework club,"60 percent of students have a problem with other subjects in middle schools. Although, some people believe after school homework clubs are irrelevant, I really dont believe its bad. I truly believe after school homework clubs are beneficial because students can study, get homework done faster, and socialize.

First off, I believe after school homework clubs are positive because students can study. Students can study what they need to if they have a little extra time at school. Many students dont have enough time to study at home and a after school club could give them more time to study what they need to. Some students need extra help understanding what is on the paper and studying could help them a lot.

Next, after school homework clubs are important because students can finish homework faster. Some students cant get homework done at home so an after school club could help them. Students can get extra help with what they dont understand at an after school club. Many students cant students can get their homework done faster by the help of other students.

Additionally, after school homework clubs are useful because students can socialize. Students can learn how to talk better to other students. Students can talk to friends when their done with their work. Many students cant talk to their friends on the other teams so after school club could fix that.

In conclusion, I truly believe after school homework clubs are beneficial because students can study, get homework done faster, and socialize. I believe after school homework clubs are an asset to students because it helps students a lot. I believe more people should agree with me.",270,8,Male,Not economically disadvantaged,Hispanic/Latino,train,4,3,3.5,4,3,3.5,4,4,4,3,3,3,3,4,3.5,4,3,3.5,4,4,4
2B4AB39B1C76,Afterschool homework club,"Yes there should be one way to improve student achievement to start an after school homework club in my school, because there's allot of student that really need help on there homework, teacher should stay with student that need help with that class homework so they can understand more what there learning in there classroom so they don't get confused on that time of a test, they can get a good score because they have study with there homework and they have get allot of help from there teachers. But some student don't like doing homework when that teacher ask them if they should stay with them student don't even stay after school and that teacher gets really mad because some times they takes time that day to stay with a students and they don't even show up.

Teacher take time of there social life to help student for there homework to do good on there report card because some teacher care about homework that student needs to complete it on time or that teacher give them more time and they still don't even do it that's why some teacher don't give no extra time any more, that teacher tell them if they want a A's or F's on there report card because they don't finish there homework, there should be a only homework club after school so other teacher should not stay and do work for that next day, but someone student throw there homework on that trashcan because they don't care about how hard teacher work to give them a good education to stay after school.

Some student understand that homework and finish really early, that student should help other on there homework and do a after school club and help each other on what they do need help on,but went teacher let student help each other they only like playing or talk and not even help with that homework, but if they don't know each other they do finish and help, but some student don't like went someone else is helping them because they don't explains how a teacher will explains to them because some student only give them that answer and that how they don't like other student helping them because some teacher ask how they got that answer and they don't event know how to explain to a teacher that how that teacher know that they copy someone else.

Student achievement will grow allot bigger if they start after school club teacher and student volunteer to help other that are really begin of homework and other works will help them if there was a only homework club because some student don't even do it because they dont understand or they forget to do it but if they do it after school there not going to have to much difficulty on there homework any more, some subjects don't have homework but went they don't do that homework they talk to that teacher that they had allot of homework and they forgot to that homework but they don't even try do work on it. some teacher try to help them to do it but they still don't even try to do it, they rather get a bad grade and not do that homework.

Some student want to finish their homework early went they have time they like to do it during class time because they don't like staying after school in class they ask that teacher for help or other student in that class because they finish there work on time and don't have any thing to do so they start finishing that homework so they don't need stay or finish it at home they can rest and don't worry about homework or they can stay after school and finish with that that student that finish on time and if they don't like working with other student they can stay with a teacher, some teacher like other student helping other because some teacher think that helping each other will understand more and they will ask question to each other to learn what there were doing in class.

Allot of student will improve there grades and there will do there homework early if teacher call there parent to stay after school to do homework allot will finish early and they will not feel that they got do allot of homework at home some student go home and play and they forget that they have homework to do, there mom ask them if they have homework and they answer with a no but went a teacher call them to stay after school that there kids have not do any homework in that class, that they have a F's in that class because they don't finish that homework on time and they don't care about if they need to finish that homework, after school teacher should award student for staying after and finish there work on time so they can feel happy that there grades are going up.

After school club in other school will help allot of student to do got on any test because homework helps allot to study and do good on any class but if you don't try to do your homework your going to have difficulty went it's time to take a test because you haven't even doing not of your homework or not even staying after school club, other school don't like doing homework clubs because they think that everyone understand that homework because know one ask for any help and never brings homework to class teacher thinks that they don't like do it, or they tell that teacher they forgot it home and that teacher believed on them and they get a good grade but don't even do it,some student volunteer to meet with those who either have difficulty and other student don't even stay other student takes time always to help other and other don't even thanks those student.           ",957,8,Female,Economically disadvantaged,Hispanic/Latino,train,2,3,2.5,3,2,2.5,2,2,2,3,3,3,3,2,2.5,2,2,2,2,2,2
33AF50FB5ED9,Afterschool homework club,"Some schools have an after school homework club where students and teachers help other students with homework. I think that a homework club would be beneficial to students because it could help with grades, it is not mandatory, and could help with teaching skills.

Homework is a staple of school an students hate it, so why not get some help with it. Most students forget about homework and get a bad grade because of it. Why not get help with homework and remember any other home works you have to do. With a few good homework grades they could pass their classes.

Students all have different ways of thinking and learning, and why should their learning be all the same. If every student had to go and take part in this club the more introverted students would be more tired out. If the students are tired out they are not going to learn anything and that effects them in a bad way, but the homework club is not mandatory that is why it is not a class that we have to go to every other day.

Some students have big dreams, but don't know how to get to them. If someone wants to be an anthropologist, the study of humans, they will need to be smart and brave enough to publish their findings. A homework club can help make trusted bonds and encourage people to talk and speak up for themselves.

So many schools have a homework club but not many people know about it and are failing because of it. I think that a homework club would be beneficial to students because it could help with grades, it is not mandatory, and could help with teaching skills. I hope that this essay will have you consider putting your child in a homework club.",294,8,Female,Not economically disadvantaged,Asian/Pacific Islander,train,4,4,4,4,4,4,3,4,3.5,4,4,4,3,4,3.5,3,4,3.5,4,4,4
346D75CE413A,Afterschool homework club,"It's good to have afterschool homework club, because it could help to understand the homework and be great at it. For example, I went to afterschool homework club in every tuesday and thursday at my old school for English. I thought it will be bored, but then it was fun and easy to understand. Sometimes in homework clubs, They do fun lesson to under what to do on the homework. For example, at my old homework club, We sometimes have a field trip to the public library to some fun lesson. In homework club, you sometimes get help from the teacher, or classmates. At my old homework club, We sometimes video chat to some famous authors. Sometimes we play fun games with the principal. But there are thing to get used to, Like you need to know if someone is picking you up, or you are ride the bus. For example, I forget my mom is not picking me up, because she was at work. It took me two hours for a ride, because everyone in my family was busy. And you leave two hours later the your regular time to leave school. The goal in Afterschool homework clubs is helping student to understand the subject that have trouble on.",205,8,Male,Economically disadvantaged,Hispanic/Latino,train,3,3,3,3,2,2.5,3,2,2.5,3,3,3,2,3,2.5,2,3,2.5,3,2,2.5
35D43561EE62,Afterschool homework club,"Studies have shown one way to improve a student achievement is to start a after school homework club. Some ways this club can help students can be help with home work,help with classes,and having a talk with teachers. would you volunteer by helping a student?

How can this club help students? It can help kids with home work,not every one likes home work,home work is like getting sand or dirt in your delicious ice cream. some students are not good at doing there home work so this club can be good for helping them with homework. You can get help with subjects like math,science,and reading. Do you need help with any subject from school?

Reasons why I would volunteer for this club. I don't mind helping students out with work but if its bad kids then I am not helping them,I do not want to be treated like trash. It wont affect my agenda because most of the time I am just staying home playing video games so I don't mind helping out,I will finally have something better to do. Helping someone is like a firefighter getting a cat out of a tree,I am the firefighter and the cat is the student and the tree is the students problem. The feel of knowing someone looks up to you because you helped them get better in math is a outstanding feeling. I like helping people out because it is some thing nice to do and I think every one should help students get better at school subjects so we all can do something nice as a team.

Studies have shown one way to improve a student achievement is to start a after school homework club. how can this club help students get better at school work? It can help them with home work like science,math ,and reading. Reasons why I would volunteer for the club and what I would teach.1 reason is because helping a student makes me feel amazing and it helps me be a better leader,being a leader can help me with running a company or other jobs. The subject I would teach would be science because I know a lot in science,I have a wonderful grade in science,and science is fun because you can do experiments. this is why a after school homework club is good for students who need help.     ",338,8,Male,Economically disadvantaged,Hispanic/Latino,train,3,3,3,3,3,3,4,3,3.5,3,3,3,3,4,3.5,4,4,4,3,3,3
35D50C79C5CB,Afterschool homework club,"Studies have shown that one way to improve student achivement is to start an afterschool homework club. Teachers and Students volunteer to meet those who either have difficulty in certain subjects or who want to finish their homework early.

My opinion is that I find it a good idea to have a homework club, because when I was in 4th grade I went to a homework club and what I did there was of course work on homework but if you finished early you could finish work from later on that day or on things that you could do on the next day and I would always rremember I would be ahead on every paper she assigned to the class because I already completed it! When I didn't do homework club I would sometimes miss fun friday because during fun friday in order to play you must have all your work done and be caught up. But when I joined homework club I haven't missed one fun friday game!

In conclusion I suggestion having a homework club, it help with grades and getting ahead in class! It's also very fun",180,8,Female,Not economically disadvantaged,Black/African American,train,4,3,3.5,4,3,3.5,3,3,3,3,4,3.5,3,4,3.5,4,4,4,4,4,4
35E552843ADF,Afterschool homework club,"Teachers and students volunteer to meet with those who have difficulty in certain subjects. By having a afterschool homework club. Reasons for a afterschool homework club? An afterschool homework club would be nice to have because they get better grades, they could study more, and they could understand the subject better

First of all, they get better grades by helping each other on their homework and they can socialize to know more people, make new friends. Plus they can make up stuff they haven't done at all and have a zero in their grade. It also benefits in all ways, you could get straight As by just taking 1-3 hours extra hours of your day and putting the work into it. If you don't work at all you could consider trying harder to pass the class.

Next, they could study more. Studying more could be a benefit because better test grades, better quiz grades, etc. Also they could get ahead on their classes by doing extra homework and normal work. If you never study you could start by considering to join this club. It could be loads of fun if you make it fun.

Therefore, they could understand the subject better by getting someone to help them. Doing loads of extra work to get your grade up and understand it better. They could help each other out and could achieve their goal of getting to understand the difficult subject.

Finally, those are the reasons why the idea would be a benefits for everyone. It could help everyone out in every way. Thats why I consider this idea to be true and make the club available for everyone. Also theres a ton more benefits that could help too.",271,8,Male,Economically disadvantaged,Hispanic/Latino,train,4,3,3.5,4,4,4,3,3,3,3,4,3.5,3,3,3,4,3,3.5,4,4,4
39BB85E5CB5A,Afterschool homework club,"have you ever thought of just staying after school just to finish your homework, and wish not to do work at home when you can relax at home without thinking and stressing about doing your homework instead of remembering that you did it after school, that's why I think it's a good idea to have an, after school club because then the students will take advantage to finish there homework. and get help from and get more specific direction or other things that students need help on.

So, i think if students go to after school club to finish there homework, etc then the students won't have to worry about it at home and keep there grades in good shape. Also to keep it simple it's important to have something important like this (after school club) to let the students know they have after school to help them complete there homework.

And then, if students need help on completing there homework, etc then the students can come to after school to get the help they need. And create a bond with other students by helping each other.

therefore i think there should be a after school club to help, do, and support. 3 gt",184,8,Male,Economically disadvantaged,Hispanic/Latino,train,3,2,2.5,3,3,3,3,2,2.5,3,3,3,3,2,3,4,3,3.5,3,2,2.5
39F27C7223DB,Afterschool homework club,"Have you ever want an extra help in a subject or some extra help in finishing your homeworks correctly? Studies have shown that one way to improve student achievement is to start an afterschool homework club. I'm gonna agree with this idea because it's a helpful club for all the students , and it can make a big different in our grades! I can tell you the purpose and the reasons why did i agree with this idea!

In order to be proud and gain many students' achievement, you would like to have some extra help to improve your learning memorize. In my school, i can see there're already students that did a wonderful job, but the president, teachers, would like to have some more to be proud about their school. According to that, afterschool homework club could be a good way to make it came true. Also, participate in this club can help you understand a learning target more clearly. Why don't you agree and try?

Teachers and students volunteer to meet with those who need help either in homework or extra help in certain subjects. Example, an important test that could include stuff from last year or stuff that're hard to understand, an afterschool homework club can help you out with teachers and students! In an afterschool homework club, you would feel more comfortable than in class. Because you can talk about many subjects, have fun with your friends, feel free to start a conversation about ideas or topics. It's extremely entrusting. You can also ask for a common study guide for the whole club and we can all solve together to increase teamwork skills. Then we can help each others on what they get stuck, and we will get their help back! This is another way to improve your learning memorize in an afterschool homework club.

Gaining some achievements, improve your grades, be proud of yourself, afterschool homework club can help you. It may sound very simple, but it can effect your learning a lot! That's the reasons why i said that i agree with the idea to set up this club. I would like my school to start to establish afterschool homework club. Would you agree or disagree? Would you participate in this club if your school start to open it?",377,8,Female,Not economically disadvantaged,Asian/Pacific Islander,train,4,3,3.5,3,4,3.5,4,3,3.5,4,3,3.5,3,4,3.5,3,3,3,4,3,3.5
4477C08B4960,Afterschool homework club,"Imagine that you are in the classroom two minutes before the teacher asked you to take out your homework, in that moment you remember that you didn't do the worksheet because you don't understand it, and you don't have anybody to help you.

First, kids have some problems to do their homework, or they don't understand what to do. Many childrens' have problem to stay focus in their homework, for example, many kids get distracted by little things ,or a person distracted them. Afterschool homework club is a great idea to help students, because the teachers can help them, and never miss a homework again. Also, they are many students that the fist thing they do when they get out of school is to play videogames.

Next, some childs know how how to do their work, but they only need motivation to do it. Teachers do fun games for the kids to do their work in a fun way. Many prefer to play games, and not to do their work. All students likes to play, so teachers make games that is related to the homework to the students do it, or make it more easier for them.

Furthermore, students don't write their homework in the agenda, so they forget to do it, or sometimes they are playing and don't remember to do their work. When a child don't understand something the teachers can explain them in afterschool to they understand better. If the students are in the afterschool homework club they never will miss a homework again because the teacher will help them.

Finally, the kids that is in the afterschool homework club will get good grades, because the kids return their assignments. If the kids don't understand something in the afterschool club explain the students to understand more. However, afterschool club is a great idea to help students, because the teachers, and friends can help the student, and never miss a homework again.",300,8,Male,Not economically disadvantaged,Hispanic/Latino,train,3,3,3,3,2,2.5,3,3,3,3,3,3,3,3,3,3,3,3,3,3,3
471C6119911D,Afterschool homework club,"Having after school homework clubs can have so many ways to get work done .For and example, it allows students from any grade to get more help after school , students get amazing grades or scores , and afterwards , you get free time to do anything you always wanted to do after school .

Staying after school to get more help , can give you many advantages like able to ask for help on certain subject and understanding the subject more . You are also able to ask more than usual questions out of class , and it can help with finishing work faster and easier with the help of a teacher or a fellow student .

When staying after and getting help , it can change a students grades easily to a bad grade to an amazing grade . Getting a wonderful grade, can also have a student in a positive attitude , and also feel wonderful because they are passing the class . When getting good grades , parent get proud for all the hard work they are doing to understand every subject in school . When parent are happy , you're also happy .

Afterwards you're done with all the hard work and you've done all the homework you've been given , you have free time. In that free time you get to do multiple things you,ve never done , play a favorite sport that you like , or even spend time with family and friends but if you have nothing else to do , just continue your hard work on studding note or look or your old homework to see you understand it .

In retor spect , establishing homework clubs can make a difference , it can really help with student that are strugling to understand whats happening in the class .",266,8,Female,Not economically disadvantaged,Hispanic/Latino,train,4,3,3.5,4,3,3.5,4,3,3.5,3,4,3.5,4,3,3.5,3,3,3,3,4,3.5
49E375E8CA7B,Afterschool homework club,"Studies have shown that one way to improve student achievement is to start an after school homework club. Do you think its a good idea to start an after school homework club? I think its a great idea let me tell you why its a good idea.

First you can get help with your work. the teacher can help you if you dont understand your work. If your having trouble with your work the teachers or students can help you and they will show you how to do it. The teachers will explain how your making mistakes. some students may not have a good home and the may not be able to complete there assignments because of the fact that they dont have supplies to complete there work so the teachers and students can help the student who needs help.

Second many students get low grades due to incomplete homework. In the club the students complete homework then turn it in the next day. students will turn homework in on time everyday. Students can work on classwork, projects, and homework. students can complet homework early so they will not do it on the last day.

Finaly other students can volunteer to help students. Students can get rewards for helping others. students can particpate for class grades. Both students learn from working together. They learn there mistakes and correct each others papers.

In concluson i think starting an after school homework club is a good idea heres why. You can get help with your work and many students will not have low grades due to incomplete homework. Other students can help students who need help with there work. as you can see thats why i think its a good idea to start a homework club.",290,8,Male,Economically disadvantaged,Hispanic/Latino,train,4,3,3.5,4,3,3.5,4,3,3.5,4,3,3.5,4,3,3.5,4,3,3.5,3,3,3
5132328226C2,Afterschool homework club,"Afterschool Homework Club

Most students do not enjoy doing their homework at home; for it can get quite frustrating. A lot of students favorite part of their school day is going home, but some other students favorite part of the day is their afterschool club. Now teachers and students are volunteering to meet with people who have difficulty in subjects or who want to finish their homework early,but afterschool. I think it is great that people are staying afterschool to help other people with school work and learning. It is a good to be a part of an afterschool homework club because it makes teachers do what they're best at, it helps students understand certain things better, and a club made for troubled kids makes other kids not afraid to ask for help when they don't understand something.

A teachers main job is to teach their students common knowledge that they will need when they become independent adults. Although the main job for teachers is teaching, they can, and should, also inspire their students. With this afterschool club students will be inspired to help others when they see their own teachers helping others to better understand something. Feeling believed in is an amazing feeling that students will feel in the club. The teachers who are helping the students aren't getting paid to be their, they are volunteering to help the students because they believe that the student can learn and understand something better, with their help. The people who volunteer to help their students would also be helping their community. The smarter that the teachers make their students the brighter the future we're headed towards. Not only can the afterschool homework club help teachers do their job, but it can also give students the extra help that they need to understand a subject.

Learning and understanding something new is something a lot of people struggle with. Some people struggle with learning something new because the class period that they learned it in was too short. A lot of times when learning something new it is important to have time to understand it, and one class period is not long enough. The club would give students extra time to understand the subject, and possibly do the homework that the subject required. Doing homework at home can be stressful at times. A lot of times a home is loud and distracting, but with a one-on-one class with a teacher it would be quite and not distracting. There are different ways that a person learns best. Some people are visual learners and some are verbal learners. Some students dont understand what they're being taught because of the way its being taught. A visual learner could be learning verbally, and it might just be very confusing because of it being taught verbally. The club would have teachers teaching in the students proffered way. Because of students getting extra help, more students are becoming unafraid to ask for help when they have trouble understanding something.

This club makes students know that they aren't the only ones that have trouble in school. A lot of people feel dumb because they cant do something properly or even understand it, but with the club they would see that they aren't the only ones struggling to understand the subject. If a person that you knew was getting help from a teacher afterschool and the next day they completely understood the subject, wouldnt you want to go be a part of the club too? Most people think of afterschool clubs as a fun and relaxing activity to calm down their mind from their stressful day at school. Afterschool activities are like school, but it's fun, and it is exciting. Learning can be made fun in afterschool clubs because they have students all sharing their struggles and getting help for them. The afterschool homework club would be a safe place for all the people who are afraid to ask for help, but arent afraid to be a part of a group. The club makes people feel welcome, not alone, and so much more.

The afterschool homework club benefits all the people in the community. It benefits the students by giving them the help they need to succeed. It benefits the teachers by giving them a chance to inspire others to help each other. The afterschool homework club benefits the students parents because it prevents the students from coming home to complain about their homework that they dont understand. The afterschool homework club is the best thing a school could do for their community.",791,8,Female,Economically disadvantaged,Hispanic/Latino,train,5,5,5,5,5,5,5,5,5,5,5,5,5,5,5,5,4,4.5,5,4,4.5
5564D9D8C845,Afterschool homework club,"""Studies have shown that one way to improve student achievement is to start an after school homework club."" Two-thirds of the students who join an after school activity club are more likely to succeed in academics then students who do not. Schools should establish an after school homework club because it can help students finish their homework, become more socially interactive , and give students some teaching experience.

Firstly, an after school homework club helps students finish their homework in time. Many student get a low grade in their class because of unfinished homework. They were not able to finish their homework because, they did not know how to do it. Teachers do not usually have the time to go through each student, and help them in class, but some teachers volunteer to meet with students who have difficulty in certain subjects in an after school homework club. Joining an after school homework club is a great way to finish your homework in time. Sometimes teacher might even give students some tips and tricks on how to solve a question, that they would not give out in class. My friend Generic_Name used to have a lot of difficulties with his math homework until he joined the after school homework club in our school. He learned many tricks on how to solve a math equation and even taught a trick to solve an ""Integer Slope Inequality"" equation.

Moving on, an after school homework club can help students become more socially interactive. While in an after school homework club, you can find students with the same difficulties as you. This will give students something to relate to and not feel out of place. Having group discussions on how to solve a problem and having group projects in your club will also help you be more socially interactive. My friend Generic_Name made many friends by joining the after school homework club in our school, and grew a lot of confidence. He is now much less nervous when talking to people than before.

Lastly, homework clubs can give students teaching experience for if they want to be a teacher when they grow up. Students can volunteer to help other students finish their homework in an after school homework club. This will give the student a lot of experience on how to teach, and deal with other students. There is a team of students is our school called the "" Junior Honor Society"", which helps students with academic difficulties every day after school. As a member, I have learned about a lot of ways to teach someone else, and because of my desire to be a teacher one day, this helps me a lot.

Schools should establish homework clubs because it can help students finish their homework, become more socially interactive , and can give students teaching experience. Ten out ten students have said that, joining an after school homework club has been the best decision they made in their life.",450,8,Male,Economically disadvantaged,Asian/Pacific Islander,train,5,4,4.5,5,4,4.5,5,4,4.5,5,4,4.5,5,4,4.5,5,4,4.5,5,5,5
5CAA840DD4C6,Afterschool homework club,"AFTER SCHOOL HOMEWORK CLUB

Generic_Name

INTRODUCTION:

Havent you ever thought of starting an after school homework club for students who are having difficulty in certain subjects?.

BIGININ:Well in certain states school barely have extra help for students for Example in El Salvador, Nicaragua, Honduras and more states but in the united states is different they have extra programs the main thing is us the students they want a good education in my Generic_School we have an after school it's call Hornet 21 and in my opinion i think that having a program like that is awesome why you might be asking well here are some few reasons 1st of all you get to see on what the students need help 2nd of all you get to ask them on what they get stuck or don't understand. 3rd of all you get to meet you'r teacher and they get to meet you. there some students that are to shy to talk about it this will also help the teachers on where or what group they should them to work on what do they need work on? witch would be very helpful them and there teachers and the teachers might notices some changes or not. not every mistake can be change but you can start fresh again.

FIRST: it would also be helpful to see on what subject there really good and they are confident about it those teachers who help on everything like they know everything they move from one to another class room they could help those kind of students that get homework from different subjects for example like Math,Scients, Social studies. and the teachers could inform the students teacher on what there struggling and on what there all good on I mean you never know if those student's could be are next president or are next doctor, police.

this program is also nice because it helps students practice English not for all of them but for some of them yes this help me a lot.

MIDDLE: this program will also make the student proud of them self a little thing can change our world to be come better our country need programs like this programs that are going to success us programs that were going to be proud of this kind of programs have help a lot of students i know sens elementary school and not should middle school have it high school and elementary to and is also nice because some parents come late to work and the program would be finishing about 4:50 so there going to be fine when they get home so they can be home alone this after school activity would also get them prepare for there exams they could study and they would easy get an A or a B. END You could also do this to a student who doesn't want to do there work or nothing you can make them stay in after school and they can finish what they decided to not do and that might be a big lesson for them to learn you could also tell some of the students to spread the word to some of there friends so you could get more students everyday and if they stay Monday,Tuesday, Wednesday on Thursday and Friday they could have a free day you could have them do soccer basketball anything they want if they deserved it, you could also announced one day so the whole school would know about the program this could also be fun for the teachers not just for the students teachers to well that's what i think on a after school homework club. Base on this information I can say that schools do need this program Because it's really helpful for the student's. outside in the worlds there some kids who don't even know what school is because there working to feed there family. The community should do more programs like this so students get extra help. not all the county gets to have fun activities like us. and my opinion is yes it's good to have after school programs for schools and kids who care and that have a featured.",692,8,Female,Economically disadvantaged,Hispanic/Latino,train,2,3,2.5,3,2,2.5,2,2,2,3,3,3,3,3,3,2,2,2,2,2,2
72095D288A5B,Afterschool homework club,"Establishing a homework club would be a great idea because students can get help. Another reason this is useful to student is because they could finish all her/his work and get more time to do what they want at home. Lastly It gives them an chance to learn more.

Students can get help in a homework club easily. One way they can get help is by asking a teacher for help. Another way a student can get help is asking a friend for help. They can get help with a teacher and a friend. This is how students can get help easily.

Students can finish there work at school. When they finish there work at school they got more time to do whatever they want. They could play games. They could read a book. they could take frequent naps. In conclusion people can do more things when there done with there work.

This gives them a chance to learn more because they can ask more questions and get there work done.

In conclusion they should establish a homework club for the people that need help. Also for the people that want to finish there homework. Thats why they should establish homework club",195,8,Male,Economically disadvantaged,Hispanic/Latino,train,4,3,3.5,4,3,3.5,3,4,3.5,4,3,3.5,3,3,3,4,4,4,4,4,4
750184492A96,Afterschool homework club,"Do you want to be board going extra hours to school, when you could be doing fun things? All the sports that you want to do will be ruined if you do homework club. Students should not have after school homework club because you won't have time to spent with family members, students are not going to have time to play there favorite sports, and they won't be able to play their favorite sport.

First of all, students won't spend time with their family. If youre in after school club and your parents are planning to go eat dinner, you are not going to make it. For example, Generic_Name is at school and the day is over but, he needs to go to after school club. Generic_Name call his mother and told her "" Mom i need to stay after school today"" but, his mother told him ""we were going to your favorite restaurant Red Lobster."" Generic_Name upset that we wont be able to go to his favorite restaurant because of after school club. This proves that after school can affect on family time. Generic_Name missed his favorite restaurant

just because school.

Secondly, students won't be able to play sports. If you are in after school club and in a sport your most likely going to be late for your favorite sport. For example, Generic_Name

plays Basketball but he goes to an after school club for English class. On Wednesday Generic_Name needs to go to the after school club, also he has Basketball practice after the club. Generic_Name goes to practice and he is five minutes late the coach tells him that is strike one. PROPER_NAME tried to convince the coach that he was at a club for school, the coach told Generic_Name """"Is either school or Basketball Generic_Name."" Generic_Name got kicked form the team because he got to strike three. This proves that after school club can affect the sport that you play. Generic_Name got kicked from the sport that he loved, and the sport that he though that was going to be his career.

Finally, if you like video games their is only video games

on the weekend if take this club. You are going to come late from school which means that you are not going to be able to play. For example, Generic_Name is a gamer on YouTube he streams every day and plays games for YouTube, but now that he has to go to after school club he can't stream on week days because he gets out of school at 6:30 and the drive home is 30 minutes. So, Generic_Name gets home at 7:00 and he needs to do some of the home work that he didn't got to do on the club and is to late for him. Also, Generic_Name just bought a game and he can only play on the weekends. He lost lots of people that were following him on YouTube just because homework club. Generic_Name was playing for YouTube and had

a lot of people on his stream and lost half of them because after school club.

After school homework club is a waste of time, if you have things to do after school. It's difficult to do two things at once so don't do after school club. If you like doing sports do it because you should do homework at your own time. If you do after school homework club in school for more hours. Don't do after school homework club if you don't want extra time in school.                            ",547,8,Male,Economically disadvantaged,Hispanic/Latino,train,3,3,3,3,3,3,2,3,2.5,2,3,2.5,3,3,3,2,3,2.5,3,4,3.5
78E8970D0C13,Afterschool homework club,"I argree with haveing a afterschool homework club, because It well help out alot of students improve in school, and do better overall.

also don't you want extral help when you need it? students are the same they want help on schoolwork and homework cause it could be difficult.

students don't really like difficult homework, so they give up and do something else, but with a homework club they can go afterschool and do the work there teachers can help students out.

for example I sometimes need help, so I have a teacher that helps me at home with my work and my parntents has to pay that teacher. and some parntants don't have the money to pay for a teacher, so if we can work togather to make a club that helps out students that would be great for the students, and the parntents would not have to pay alot of money to make they child good at school.

a other example would be that students can stay afterschool with there teachers, but for a little bit of time, so if were going to have a homework club lets make it more than 47 minumies. More time equlas a lot of work getting compled.

in conclusion we need a homework club it can help out a lot of students and save a lot of pernts money, and also make stundents pass more tests and help tham on schoolwork, and make students feel like difficult work is easy since they got all the help they need from the afterschool club, also if some teachers don't feel like staying for another they could just let the students help each other and let the teacher rest.

overall I think this idea is very good, and well help out a lot of students with there work.            ",283,8,Male,Economically disadvantaged,White,train,3,2,2.5,3,3,3,3,2,2.5,3,3,3,3,3,3,3,2,2.5,3,2,2.5
7C08DA95AE9A,Afterschool homework club,"One way to improve student achievement is to start a after school homework club.

Teachers and students should start meeting after school this idea would benefit students by getting extra support, turning assignments on time get a better understanding of the things that the teacher teach on class, establishing the club would help those students who don't turn in assignments on time or those who like to do things early.

In order to students to be successful they need extra support a better explanation of the things they learn, many students struggle with the assignments and most of them don't ask for support through the school year I have seen many students raping the assignments because they don't understand them, but if the school make the the idea of starting a club there would be no excuse for students to not be successful in their homework, tests, and class assignments.

Students should start turning assignments on time specially those who don't turn in on time, the club would help many students like instead of going home and forgot that they have assignments to do they could come and join the after school homework club. I have friends who like to do homework and be successful, but the problem is that they don't understand the assignments and if someone don't understand something why should they do it because either way they going to get the assignment wrong the school must provide more support for students.

In addition the club could not be just of getting help or finish assignments early, the club could be a place were students can find support and motivation in order to be a better person on life many students don't care about school because they don't find the good thing about it maybe because they need a motivation to be at school the after school club could be a place where people can meet and share ideas or meet each other and make a friendship helping each other to understand better the thing that they don't understand.

In conclusion the school must make the after school club in order to get more successful students and to also help and motivate students to do their assignments and turning them on time. extra support is a better way to understand the things you don't understand, turning assignments make a student seem responsible and also get a good admiration of others making friends and share, discuss thing together is a better way to solve a problem that they had.",389,8,Male,Economically disadvantaged,Hispanic/Latino,train,3,2,2.5,3,3,3,2,2,3,3,3,3,3,2,2.5,3,2,2.5,3,2,3
7C4960DF5CB8,Afterschool homework club,"I think that there should be a after school homework club because its hard to understand homework sometimes and you dont know what you are doing exactly but if we were to have these clubs think about how many students would get there work done . We might think that homework isnt important but it is homework is worth 10 percent of your grade and sure that might not be a lot but it could really help your grade. And it could really help you like when it comes to test you could know the matrial you need for this test if you did that one piece of homework that one piece of homework could have helped you past that test you probly failed or quiz . Also some students dont understand the work the teachers give like when you dont understand that class work you were doing in that class how do the teachers expect that the student bring in there homework .

I hard for students to learn middle school student have a lot to do for example students have to worry about getting homework done for all 7 of these classes it isnt easy . Most teachers might give more than one piece of homework some might give 2 some might give 3

pieces of homework .

Students could also ask about what they dont understand they will help students in what they dont understand or what they didnt understand in that lesson that they had .The teacher will explain what you didnt understand , some students just dont have time so maybe that one day that can stay afterschool could help them get all that students homework done . Also help them undestand not just give that student the answer to the question they would actually learn and that . This also will get students grades up and might take a B to and A

. It will not only help the students but the school to because if these student are getting there homework done then that will make the school look better . Teacher will also know that students are getting there work done and not just getting the anwser like some students do now when it comes to homework . Other students that are cabelble of doing this work on there own but have a hard time turning the homework in on time and if the school had a afterschool club this it homework wouldnt be a problem .

In conclusion this club would be really good to have because homework is a big issue in alot of these schools and most students dont care or dont understand how much homework matters it matters so much you probly wonder. Why you didnt pass this test or why couldnt pass this quiz you took maybe if you did that homework you could have past the test , quiz also home plays a big role in school teachers give studnets homework so we can get better at that subject it easier for students not to care about homework ''BECAUSE IT DOESNT MATTER'' but it does and. No matter how many time you try to tell yourself it doesnt matter it does and that is not going to change so do your homework and if this afterschool club happend then homework will be one less thing to worry about . I think that if the school had this club it would really help studnets in school and help really understand the work and homework and help them be less stress because it it alot of work for you to get done and espcially if you dont get the work you need to do . Also students would be happy that they got there homework done now they can do whatever they want afterschool becaus ewhat was taking up most of there afternoon is now done .",624,8,Female,Economically disadvantaged,Hispanic/Latino,train,3,3,3,3,2,2.5,3,3,3,4,3,3.5,4,3,3.5,3,3,3,3,2,2.5
83165647126E,Afterschool homework club,"One way to improve student achievement is to create a homework club. I think making a homework club is wonderful for students a homework club can help students improve their grades,have more free time,

less tired from school, and grateful to turn to that and get help from teachers and students at the same time.

First, of all, establishing a homework club is creative because it helps students improve their grades. Students get more work done when teachers and other students are helping them. They also, get to study more and don't have to worry about failing the test. Lets say a student is having difficulties on a question on their homework. A student can stay after school and get help with the questions they have trouble with or needs help with.

Also, students have more free time after school. Students have the ability to spend time with their family and friends, and go places. A homework club sounds like a club i would join because after i come home i'd relax or go out or hangout with some friends. if i joined a club like that i'd be happy because i wouln't be the only one who struggles on work and we could help each other out on work we don't understand.

Furthermore, A homework club helps students less tired. They don't need to worry their grades being bad because they had help from teachers and students. They get to sleep more and wake up the very next day and get ready for school. Students should have it easy because theses days students go through so much in life. Just imagine what their going through right now.

Next, Homework clubs and help students on many different things but at least they learn something new. Everyday Students these day try and try the best they can but they lose hope because they feel like they can't do anything. I

believe every student has the courage to get something they done just like that.

Finally, I think creating a homework club is great for the students because it helps students improve their grades, give them more free time when they get home, less tired from school, and grateful that they have this club.

Sincerely,

Generic_Name",337,8,Female,Economically disadvantaged,White,train,3,3,3,3,2,2.5,3,3,3,3,3,3,3,3,3,3,2,2.5,3,3,3
8415937CA4D9,Afterschool homework club,"In my opinion i think a homework club would be great, most students want to fix the grades and get better ones mostly with subjects they struggle with usually math or sci ens but with extra help the student will be able to understand better which helps raise there grade.

Teachers are usually very open when it comes to help but most students are afraid to ask, with this club it will be easier to ask for help from the teachers.

I dont see a lot of cons with this idea but i tried my best find some, some students are fairly slow learners and it usually takes up time to teach them, its also hard for the student to be engaged in what there learning. most students have after school activities other than the homework club. Like sports and might arrive late to there activities.

There might not be enough people to help, though i doubt that there wont be enough people to help it may be possible but in a different way after school or work people are usually tired and dont have enough energy to stay engaged in learning or teaching.

Back to pros ya know the good stuff, mental health almost every student goes through a faze where the stress levels are high but most of that stress comes from is school work, with the club teachers will be able to helps students with home work, students will be used to asking for help.

I think this club is a good idea it will defiantly help students learn better while there struggling.",249,8,Female,Not economically disadvantaged,Hispanic/Latino,train,3,3,3,3,3,3,3,2,2.5,3,3,3,3,3,3,2,4,3,2,3,2.5
898A8417D70E,Afterschool homework club,"Do you know that 80% of students that goes to the after school program and received more extra help succeeded more than the students who didn't go? After school program helps students that needs more help to succeed, pulls up students grades, and they will have extra time to complete missing work and home works.

If a student wasn't available in a class and missed the class lesson;They would have the opportunity to stay after school with their teachers and learn what they missed and complete their missing work that they haven't done in class. Students stay after to study with their friend and teacher for the test and receive help on difficult lessons by that grades will increase for students that will make them succeed in the future. And it's a better way for teachers to explain the lesson without interrupting the class and make other students confused.

Having you missing work done at school might be hard to do in classes but by having the after school program you will have the time to complete them with your teacher and your friends and taking more help by asking the teacher about what you don't understand. Sometimes some students needs more time completing the tests or the quizzes so the only way to complete them is staying after so they won't lose points and grades.

On the other hand some students think that staying after is a waist of time and you won't receive any benefits, and some dont care if they have missing work or classes they missed ,but its all wrong staying after is a much better way for pulling grades up its a really big opportunity that teachers give their own time to their students by complete missing work, making the teacher explain the lesson again to the students to make them understand the lesson and what its talking about so they won't be confused or fail the class.

In retrospect after schools programs is big good opportunity that most schools provide for students to receive that extra help from teachers to complete what their missing to make students succeed in school and pull up their grades thats why we should persuade students to go after school for help, that's why I'm base with school programs.",348,8,Female,Economically disadvantaged,White,train,4,3,3.5,4,4,4,3,3,3,4,3,3.5,4,4,4,4,3,3.5,4,4,4
8C01B86DE888,Afterschool homework club,"Homework Clubs

Imagine getting all of your work completed easily and correct! A homework club are for students that is having a difficult time of getting their work done, they can also do their work together as a class. Homework clubs are good for students because they can finish it early, they can help each other, and it improves their learning skills.

First, students finish early. Students can do something else later instead of homework, and it helps them avoid of getting a late work. For example, back in 7th grade, I didn't really do my homework and I knew that I didn't make the right choice so the consequences were having a bad grade, and being grounded for a long amount of time. I really didn't like doing homework but I learned something from it so I started doing my work since I was grounded.

Second, students can help each other. Students can help the ones that are having a difficult time of doing their homework, they can also finish their work easily. For example, when I stayed after school for my English teacher to do work, I realized that I finished most of my work because I was focused and I asked the teacher multiple times to help me with some of the work. It helped me bring my grades up from a failing to a passing. So I suggest that students should do homework clubs to get their work done.

Third, It improves their learning skills. It improves their collaboration, and it improves their communication skills, and it can improve their skills on every subject. For example, when I was in 4th grade, I didn't know a single word in English so I was in this program called, English and Second Language, where they taught me new words everyday until I started talking English in class and to other students. It helped me came along this far where I didn't need it anymore. I was scared to talk to people because I thought that they would make fun of me because I didn't know how to talk, but I was wrong. I made my first friend in 5th grade and his name was Etka, we were both at the program but he knew a lot more English than me so he also helped me improve my communication skills along the way.

I think that after school homework clubs are good for students because students can finish it early with the help of one another and the teacher. The most important thing about this club is that it improves your learning skills and your communication skills.",444,8,Male,Economically disadvantaged,Asian/Pacific Islander,train,4,4,4,5,4,4.5,4,3,3.5,4,4,4,4,3,3.5,4,3,3.5,5,4,4.5
8E99E989024A,Afterschool homework club,"We should have after school homework club because, some students need help with their classwork, some students don't pay attention and they could use after school to understand the topic and what they have to do, and they could improve their grade for classwork and homework. For example when I was in Elementary school, I use to stay after school for homework club because I couldn't understand anything so I stayed after and got help from my teacher.

To begin with the homework club is good because for some students that need help could stay after with her/his teacher and do what they have to do with their teacher. Also they could get help by finishing their homework and classwork. Some students go home and ask their parents for help but some parents doesn't remember the question or don't know how to do it. So it's helpful for students to have homework club and get help from their teacher.

My other reason is that some students doesn't understand the question and it's hard for somebody that doesn't understand their language. For example when I came here three years ago I didn't know any English neither my parents so i had to stay after, and get help from my teacher to understand what is the question asking me to do. Another example would be when students don't pay attention in class or fall a sleep it's good for them to stay after school and get help from their teacher to understand.

Finally students could get improve by staying after and learn better. Some students have bad grade for homework or their classwork, so they could stay after to get improved. Also students can improve their understanding. For example my cousin use to have bad grade for homework, so he stayed after school, and got help from his teacher, and learn better, and got improved.

Lastly all of this reasons and details are why school should have after school homework club. Students need help with their homework and to get improve. Also some students don't have time in classrooms to ask their teacher for help so they could stay after school and get help after school. Teacher also can support students to stay after school and do their homework.",400,8,Female,Economically disadvantaged,White,train,3,3,3,4,3,3.5,4,3,3.5,3,3,3,4,3,3.5,3,3,3,3,3,3
9255DC307B75,Afterschool homework club,"Have you ever been in school and your teacher tells you to come after school to get your work done? Well i think that having after school clubs is good because it can help us in school. It will help then get they work done faster, and also better for them to understand. Sometimes kids at home dont like to do they homework but if they do activities after school they would actually want to do the work so they can do the activitties.

To begin with kids get bored of just sitting there doing homework but if their actually doing activitties they would'nt be bored and actually work on they homework. If the kids are active and are having fun they would get things done faster and easier like say a student was gonna pay sports and you tell him he has to finish they homework in order to play if the kid loves the sport he would do it. nowadays kids like to do they work in activitties such as math games, card games, and many more. The teachers can explain the work better for them so they can understand and learn it better.

To continue you must show them that the work is very important, and the kids would actualy take it seriously and they could actually improve there grade. Kids nowadays don't really be trying to take things serious so the adults got to push them and show them that there homework is important and has a big impact on your grade. Its better to have someone constantly on your back because it will help you in the future it's always good to have people push you to succeed. A lot of kids give up in school and don't be wanting to do they homework thats why when soembody is doing activitties and learning they wouldn't give up on they selfs that easy on they selfs. the students also get bored of being in a quiet room just working on they work students like to be active not just sitting in one place bored.

Last but not least you got to put effort in the work to be able to understand it and to get it done or if not you would be having a very rough time on your assighnment. But always remember never give up and keep pushing for your goal because not only in school will you be stressing. Lastly these are some of the reasons why I think it would be a good idea for our schools to have afterschool activities it will help a lot.  ",428,8,Male,Economically disadvantaged,Hispanic/Latino,train,3,3,3,3,4,3.5,3,3,3,4,4,4,3,4,3.5,3,3,3,3,4,3.5
9B15B90564A3,Afterschool homework club,"I think that they should not do a homework club because what if students don't got time for that. A other reason would be is that many students don't do their homework nowdays so it was just be a waste time for the teachers unless they are getting paid extra for staying after school now thats a differnt story. A other reason is what if none of the students stayed after school the school would have to be sure if students would a tend this homework club. Students should be able to do thier homework on there own to be honest so that way they learn more cause maybe the teacher might be giving the students the answers and that's just not right! My other reason why they shouldn't do the homework club is what if most teachers don't give out homework like i don't get a lot of homework but maybe somone else wouldn't get homework. Would any teachers parpicate in the homework club, do they know that teachers would argee on doing this club? How long would this homework club be a hour or 30 minutes at what would it end because students have stuff to do out of school. Do pranets know about this club would they let their childiren stay after schook is a way for them to get home if anyone can't pick the student up?? Would this homework club interfir with any other after school clubs or what if students already do a club and they need help with homework but they can't go to the homework club because they have to go to the club they do. Does the whole school want to do this or just some students cause not this club would be worthless. In conlusion i think that they should not do the homework club.",293,8,Male,Economically disadvantaged,Hispanic/Latino,train,2,3,2.5,2,2,2,2,3,2.5,2,3,2.5,3,3,3,3,2,2.5,2,3,2.5
9B9E23C5D3C8,Afterschool homework club,"Teacher want to make a homework clube for student at schools. I think they want to start this club so students do there homework for offten and teacher are going to helps you if your need help. This is going help kids be responsible and learn more. Doing a homework club after school is going to help kids alot.

2.

I think its a good idea but also a bad idea. The reson why i think its good is because it can help kids if they need help. The reson i think is a bad idea is beacause kids are going to have to stay after school but its bad cause they might have somthing planed. Its good and bad cause kids need to learn how to be responsble.

3.

Tenns/kids might think its a waist of time. They might get bored and just might not to there homework. They wont like staying after scchol kids and teens might just think its a waist of time. They just mont like it at all.

4. i support this because its going to help students out by doing there homework. Students are going to do there homework now. Even tho they might thinks its dumb its not its relly going to help them. Hopefully student start doing there homework now.",393,8,Female,Economically disadvantaged,Hispanic/Latino,train,3,2,2.5,3,3,3,2,2,2,3,3,3,3,2,2.5,2,3,2.5,3,2,2.5
9E40BFCC6F62,Afterschool homework club,"I agree with the idea of after school homework club,because by actually coming to a after school homework club it can help you get better at the class you need help. We know some students don't like doing their homework and that's why they don't get good grades.

All we want to do is help them get better at school so they can be something in life,school it's important for learning and a after school homework club can help then. It doesn't matter if you get your answer wrong you learn from your mistakes by practicing you get better at it.

And by coming after school to finish your homework is great because you have time to do other activities after you finish your homework. Doing your homework is gonna help you be someone in the future. Homework helps you raise your grades up. An a after school club is going to help you a lot we all want kids to be good at school. I know some students think the homework is a waste of time but no it's gonna help you anytime in life. We should have a after school home work club it's better for our school and students all we want is their best in school.

But it's their choice to come after school to finish their homework I know we want the best for them but it's their choice we can't make them come. A lot of student are failing school because they don't do their homework you just have to try it homework helps a lot like in math,science,social studies and reading class being good at every class is going to help you in college. We need after school homework clubs in our school, every school should have after school clubs it's for the best for every school we all need them after school homework clubs.",292,8,Female,Economically disadvantaged,Hispanic/Latino,train,3,3,3,3,3,3,3,3,3,4,3,3.5,4,3,3.5,3,3,3,2,3,2.5
B3241FAB44C9,Afterschool homework club,"A homework club is a great opportunity for students who have a difficult time understanding their work. Sometimes work can be hard and not everyone can understand it. Homework clubs can help students understand their work better and have more confidence with it.

The homework club would have to start at the end of the day when everyone has their homework,the club can be from 3:00pm to 5:00pm that way students have 2 hours to get their work done and have time to chill out at home.

I am sure that many other people agree that we should have a homework club. We all know this would be a great opportunity for students that have a difficult time understanding their work.

Homework clubs can also help students improve grades which will then lead to higher test scores all because students will get extra help and have someone who will help them understand their work better. I am sure that starting a homework club will lead students in a great path to success and wealth.",161,8,Male,Not economically disadvantaged,Hispanic/Latino,train,3,4,3.5,3,4,3.5,3,4,3.5,3,4,3.5,3,4,3.5,3,4,3.5,3,4,3.5
BA9DA5122C58,Afterschool homework club,"I think that we should have after school homework clubs in school because it can really help kids get homework done at the right time so they don't get a zero on their homework.

There is kids that get too much homework so homework club would be a good time for them to get their work done so fast that they don't need to worry about it when they get home. Some kids might struggle in one class because they have a lot of assignments that they need to make up. Homework club will give students plenty of time to get missing work done, and they should move the grade up to an A or B. You could also get homework from a bunch of different classes, and homework club will give them enough time to get the easy assignments done, so that they can focus on getting a hard assignment done, and that would leave the students with one assignment left to do.

Homework club can be seen as a way to spend your time wisely when it comes to getting homework done. It reduces the stress of getting too much homework because students will realize how much time that they have to get their work done so they can focus on the activities that they do in or outside of school.

For example, someone might have soccer practice at 5:30, and homework club might be from 2:30 to 4:50. That would give a student enough time to get a lot of work done before soccer practice. It's better to finish homework early because you would not need to worry about it for the rest of the week.

Sometimes kids need assistance from teachers because they are struggling to understand the subject, and they may need a teacher's help. The could stay at homework club so students can work with the teacher to get the work done. A student might leave an assignment at the last minute because they had other assignments to do. If homework club will give a student two hours in a half to do their assignment, they should be able to get their work done just in time. Homework club can give relief to a student when they have left an assignment at the last minute.

I believe that if a lot of kids went to homework club, then all students will be successful.

That would mean that kids will get As and Bs from now on, and they would not need to stress about their grades. It just takes students to use their time wisely at homework club to get homework done,

and no one will have any problems. ",422,8,Male,Not economically disadvantaged,White,train,4,4,4,3,3,3,4,4,4,4,4,4,3,4,3.5,4,4,4,3,4,3.5
BB0157B70CA5,Afterschool homework club,"Homework can be hard most of the time, and you need someone to help you with it. Having an afterschool homework club can be fun and a good thing to do in school. An afterschool homework club can be good for the kids that don't get to finish their homework or don't understand the homework. On the other hand, we have the people that don't have time to do things after school.

An after school homework club would not be good for some of the students. People don't always have the time to do something after school. They have other things that they have to do like, practicing for a sport, dance, sing, learning an instrument it could be anything the problem is that they don't have enough time to do homework, even when they get home. An afterschool homework club is good for the kids that don't have nothing to do for the afternoon so they can stay and finish homework from that day or something that they need to finish.

I am one of those people who is against the afterschool homework club. Sometimes I need to go to preactice, so I don't have time to finish my homework but, I try my best to finish it and turn in the homework the next day. Teachers might don't have the time to stay after school too, because they have things to do like if they have a pet they have to give it food so it won't starve or have kids and they need to take care of them so nothing bad happens to them. So that is another reason why they should not have afterschool homework club.

Most of the students won't have a ride back home because their parents can be working, they can be sick, or they are not home. I don't think the school is gonna take care of all the students that go to the afterschool homework club. That is another reason why afterschool homework club is not good. What if the kids get hungry while begin in the afterschool homework club. I don't think the school is going to have food. If the school is thinking about making a club they could make it at the last class so the students take that block so they can only do homework.

It would be better if the school makes the club at the last class of the day so the students take that block for only to finish homework. So the students that don't have time after school won't struggle about not finishing their homework at time because, they have other activities to do after school. It could be good too so everyone can take a little break of the day they had. This could help a lot so, if theachers have things to do like, grade papers or homework to check they can take that block to do all of that.

Another good idea could be, that they can make the club at fist block, at the start of the day, like if one of the students never did their homework last night they still have time to finish it in the morning before they go to class. My favorite one was the one in the last class because, everyone gets a little break even the teachers. Everyone gets to finish their homework and no one has worrys about not finishing their homework and have a little bit of more free time in the afternoon.",556,8,Female,Economically disadvantaged,Hispanic/Latino,train,4,3,3.5,4,4,4,3,3,3,4,3,3.5,4,3,3.5,4,3,3.5,3,3,3
BF0AF86DFDE1,Afterschool homework club,"I agree with the plan of having an afterschool homework club. Because some students have a hard time finishing homework by themselves and if teachers stay with the students to help them finish their homework that would be amazing because that would mean less students failing. Also some kids might not have computers or any electronic device in their houses. Although if their is no afterschool homework club that may be good because students cant get help from any teachers and that could be good because they can know that not everything in life is easy unless you are good at it or try your best and your hardest. Another good reason that I think might be good for having afterschool homework clubs is that sudnets get a chance to enteract with other students and they also get a chance to veiw or examine how the other students do their own homework.

Some kids migh take advantage of having afterschool homework club by cheating the answers off of somebody and then leaving. So I think if the afterschool homework club shouldn't let students look at each others work until they are done. And some kids may take it as fun club and talk through the whole thing. But there is always the kids that do what they are supposed to do. They do not play around,joke around, and distract anyone from doing what they are supposed to do.

So, at the end I think that there should be an afterschool homework club because there is more details to back it up then there is for backing up not having the afterschool homework program. And alot of kids could change their work habbit and not get as much as bad grades. And mostly kids who care about their grades would want to join so there is high chance that kid do what they are supposed to do. But not having an afterschool homework program would mean that kids that really need to improve their grades would have a chance to do so and would have a chance to finish then grade they're in with good grades to start of for their next year.",352,8,Male,Economically disadvantaged,White,train,3,4,3.5,3,4,3.5,3,4,3.5,3,4,3.5,4,4,4,4,4,4,3,4,3.5
C2DCF6EED519,Afterschool homework club,"During school many student struggle with one or more subject in class, but there are teacher at school to help them with their work. When school is over and student try to gets started on their homework, but they don't understand the work and their'er no teacher there to help them with the homework. Beginning an after school program can help student gets their homework done fast, learn more thing, and also having more free time.

First, every one need to do their homework from the teacher. Some teacher give out homework to help the student remember thing that the student learn that day in their head. Doing dome work can also help student keep up the grade.

Next, learning more thing can also help you during school day, it can also get you ready for a test or a pop quiz at any time so you don't have to stay up late to study or wake up early int he morning to review. You can also get ahead of your friend in your class.

Last, every one need some free time after school,but you cant because on the homework that the teacher give you. Going to an after school program can help you finish your homework fast and also give you free time at home to take care of your little brother or sister.

After all, after school is a place for every one. It help you with your home work, help you learn more, and its also give you more free time. Now a student with low grade can bring their grade up and the student that do not know any thing now is at the top of the class. After school is a place for every one to have fun wile learning.",277,8,Male,Economically disadvantaged,Asian/Pacific Islander,train,4,4,4,4,4,4,4,3,3.5,4,3,3.5,4,4,4,3,3,3,4,4,4
C5E4E48AB704,Afterschool homework club,"studies have shown that one way to improve student achievement is to start after school to do homework. teachers and students have egry to staying after school to help other students that need help with their homework. some teachers need help other teachers have egry to help other teachers to do their work.

some students don't want to stay after school because they want to go home to play video games, but i think is a good idea to stay after school so students can ask questions to the teachers about homework.

students have shown that staying after school can help them to do homework, it can help students bring their great up to an A and Lord more then what they now, teachers can help other students to study, so more students can under Stan, doing homework after school is a good way to do it because wen you at home some times you are confuse so the better way to do homework is to stay after school to do it with your teachers and it can help teacher to, so the next day they don't have to teach them what she or he have learn.

teachers and students have to make a minting after school about helping students to do their homework after school some schools don't do that because students dont want to do nothing after school so teachers have to make a students to staying after school to do homework some students go home and they come next morning with there homework not done, some times is the teachers fold because they dont want to help students to stay after school to do homework or to study, so students can bring their great more up then what they have.

teachers shut do tutoring after school because some students want to go home and play video games or listing to music or videos on YouTube wen they haven to do their homework, some parents they dont event asked their child rends that if they did their homework, so teachers shut start doing tutoring after school so students do homework and parents dont have to worried about that because they now that thy stay after school to do homework, some student want to stay after school because wen they go home some times they dont Eben now how to do their work so some students want to work with their teachers so they can under stand more.

some students want to stay after school to do their homework with their teachers but some dont want to or students dont want to stay after school,l they shut do tutoring after school because student can learn more they can do their homework teachers can help them is a nice idea for students and for the school so some students can bring their grate up, students some of them dont want to staying after school because they want to go home and listing to YouTube or play video games and they dont bring their homework to school. ",480,8,Male,Not economically disadvantaged,Hispanic/Latino,train,2,2,2,2,2,2,2,3,2.5,2,2,2,2,3,2.5,2,2,2,2,2,2
C968149003DE,Afterschool homework club,"So many people at my middle school want to start a after school homework club and this because studies have shown that one way to improve student achievement is to start a homework club. Well I think this idea is not going to work because student will think that they will only have to do homework at the homework club therefor when there no after school most kids won't turn in there homework. Also another problem is the volunteer work no kid wants to stay after school to help and if there only teacher I am certain that kids would lose focus. And the subject I

don't think that 45 minute Are enough to learn 4 main class plus the homework that's not enough time to finish homework and learn.

And many people just want to go to this homework club just to finish fast I think that people that really need it should be in this group not just cause they want to finish fast they can do that at home and after school wasting time and the teachers time. This one of the main problems I have with the homework club is that if kids go there they are only go to fool around with there friends. And not let other kids learn and do there homework and learn being a middle school er my self I have seen how most kids with there friends u would think that they are mauter but not as much. But many people say maybe if you let them they will change but so many people have goin't chances but they keep doing the same thing.

As a conclusion I think that this after school program has no use because homework is called homework for a reason and if u do at school they would not do at home when there's no after school so this after school program will not work for many reason like no a enough time not enough focus distractions. And people who just want ot play and not do work and volunteering kids dont want to stay extra and kids won't pay anttion to the teacher. ",336,8,Male,Economically disadvantaged,Hispanic/Latino,train,3,3,3,3,3,3,3,3,3,2,3,2.5,2,3,2.5,3,3,3,3,3,3
D293D510A140,Afterschool homework club,"Have you ever struggled in school and needed extra help,Well I have struggled in school and i didnt like it so then teacher came up with a great idea to help kid that need extra help with homework or a specific subject the idea was called a homework club.

Homework clubs can be useful for kids that can't do there homework at home because they do not have WIFI.

Kids can stay after school and be in the homework club if they do not have computers at home to do essays.

Homework clubs can also help you get better in a subject like math because you can get more 1 on 1 help with a tutor.

Homework clubs can also be used for kids who are in a sport or after school activity the homework club would let you get your homework done quicker in school so that you can go to your after school activity on time.

For example if a kid has an F in math and a teacher gives him extra credit work to do and the kid doesnt understand the work the homework club with be there with tutors to help the kid understand and finish his work.

I believe that homework clubs would be a great way for kids to learn more about the subject they are studying in class.

Sometime dont you feel like your teacher is explaining something too fast and you dont really understand,Well the homework club can help you with that the homework club will get you a tutor to explain to you more about the subject.

Have you ever been in class and kids are talking well in the homework club you would have peace and quite so that you could do your work in peace.

Have you ever had that one class you couldn't pass well I have,so what i did was go to the homework club were i had teachers and other fellow students helping or teaching me what i didnt know about the subject i was struggling in.

The homework club is also a great way to interact with other student.

The homework club is a place for learning not for fooling around so if you want to join the homework club it is because you need help with your homework or classwork.

Anyone needing help is math science or in any subject should join the homework club.

The homework club can help you raise your grade in the class if you try hard and try your best.

The home work club is there if you want to get your homework done is school so that when you get home you can relax.

The homework club also has lots of benefits because you can learn more than other kids and you can get special attention from your tutors so that you can learn more in class.

In conclusion the reason why I want to create a homework club is to help kids that need extra help in class.

I also want to help kids who can't do there homework at home because they have no WIFI.

I would like to help kid who teacher aren't really teaching good so they can have a good grade in that class.

I would like to help kids that need special attention to learn.

These are all the reasons I think schools should have homework clubs.                                                                                                                                                                                                                                                                                                                                                                                                                                                                                                                                                                                                                                                                                                                                                                                                                                                                                                                                                                                                                                                                                                                                                                                                                                                                                                                                                                                                                                                                                                                                                                                                                                                                                                                                                                                                                                                                                                                                                                                                                                                                                                     ",1593,8,Male,Economically disadvantaged,Hispanic/Latino,train,3,4,3.5,3,4,3.5,3,4,3.5,3,3,3,3,3,3,3,4,3.5,3,3,3
D62F970B0DAE,Afterschool homework club,"Did you know that teachers work with one of the best culture of the entire world? Teachers work with smart and beautiful students who want to have a bright future. Students argue about having afterschool programs because is bored. I'll rather have afterschool programs because is a better way to improve your skills, is easier to do your homework, and it helps students with special disabilities.

One reason why I'll rather have afterschools program is because it improves your skills more than you could ever had. Afterschool programs are reasons why students have been growing a lot this past years. I had a friend call Generic_Name who had really bad grades, he sign up in a afterschool program and in a few weeks, he already had almost all A's. In transition, this is one reason why I'll rather have afterschool programs.

Another reason why I like afterschool programs is because is a easier and faster way to do your homework. I'll rather do my homework afterschool because they can help me and I could have more free time at home to do whatever I want. Homework is good to improve your grades specially if they count as a quiz grade, because quiz grades count as thirty percent of your grade! Furthermore, There's one more reason why i'll rather have afterschool programs than having nothing.

Last but not least, A reason why a like having afterschool programs is because it helps special students who have disabilities. Special students are the same as regular students, but people say that students who have problems or disabilities count as ""Special childs."" My brother had difficulties with his reading because he didn't know how to read that much, he went to a special class and he had improve his reading skills over the past ten years. Moreover, This is my last reason why i'll rather have afterschool programs.

This is all of my reasons why I'll rather have special and afterschool programs than not having nothing to do afterschool. My favorite one is that is easier to do your homework because you will have more free time at home. To get in a program, all you have to do is ask for that program's sign up paper and sign it. If you need a fun program in the whole city of Generic_City, NextUp is the best one you could find.",367,8,Male,Economically disadvantaged,Hispanic/Latino,train,3,3,3,3,3,3,3,3,3,3,3,3,3,3,3,3,3,3,2,2,2
DAD01CB5C8D8,Afterschool homework club,"I'm not against having the after school homework club. I'm not against it because some people are failing their classes especially me and i would want to go to an after school homework club because one it would be helpful, two sometimes I forget that I have homework, and three sometimes I just want to get it over with and be done with the homework.

One of my reasons that I'm not against the after school club is because the students can get there grades up and have more practice when you take any test that you don't know about. For my opinion I would like to have this club because some teachers go really fast when there teaching and I can't catch up to them and it's really difficult for me. Some of the students don't know what the teacher is teaching about because maybe the subject there learning is there weakest strength to learn about.

My second reason is that students need this class because they want to achieve in life. Maybe someone wants to go to college to learn about photography but the school they want to go to is too expensive to afford like for example they want to go to a well good college but it's to expensive but the person who wants to be a photographer needs to apply for a scholarship that means they need to have good grades, participate in after school activity and much more this is why students like me need to have a after school homework club.

My third reason is that some students don't do there homework because they forgot it at school or they don't remember they have homework. People like me don't like doing homework because it's really difficult and sometimes I need help doing my homework and it would help me have in my school a after school homework club because that would be helpful to me and other students.",304,8,Female,Economically disadvantaged,Hispanic/Latino,train,4,3,3.5,4,3,3.5,3,3,3,4,3,3.5,4,3,3.5,4,3,3.5,4,3,3.5
DBAE7F4F7837,Afterschool homework club,"The reasons i would argue for students and teachers having a after school program. Fist, the student will have more knowledge. Second , When students are in private with teachers the teachers will teach them new stuff. Finally , So they students can study for quiz and test and pass the quiz and test. There's more reasons but those are my reasons.

When you go to school you learn. The longer you stay the more you learn more . The more you learn the easier it is to get in collage . Collage looks at people who learn a lot so the after school program is gonna make them have a better future. Learn more and youll have a better career.

When you get tough new stuff it can be fun to learn about the new stuff your learning about . So when you learn new stuff you can be ahead of your class. Learning new stuff can make you twenty percent smarter than you usually are. Learning new stuff can get you a better job in the future.

There's always time to learn new stuff .

By going to a after school program you can study for quiz and test. If you get a good grade on mostly all your test then your gonna have good grades and thats a fact. quizzes are mini test so you should also try to pass them because both are huge deals. Passing test can bring your grade from a F to a C+. Passing quizzes can bring your grade from a F to a D+. So they bring you from a failing grade to a passing grade.

Teachers and Students Volunteer to meet with those who either have difficulty in a certain subject or wanna finish there homework .

Why is it after school ? ",284,8,Male,Economically disadvantaged,White,train,3,3,3,3,3,3,3,3,3,3,4,3.5,3,3,3,3,4,3.5,4,3,3.5
DE0F5C13960F,Afterschool homework club,"Have you ever wondered what it is like to have a homework club at your school, well its pretty useful. The idea is for kids to do their homework at school instead of at home, you can get help from a teacher and also work with your buddies.

One reason why I argue for school clubs to be available is because you it gives you time to do other stuff such as, spending time with your family,spending time with your friends,and even go to the movies. If you do your homework at the homework club you won't have to worry about due dates, quizzes, or tests. If you dont go the homework club you will always have tons of homework and not even do it which can cause your grades to fall down and probably not graduate if the required skills aren't meet.

Secondly, if you and your friend are in the same class and get the same homework then you can work on it together,check each others papers, and quiz each other on it. If you work on it alone you might get confused and frustrated, or maybe stressed, obviously copying one another does not make you learn anything, but there is a teacher who can help both of you at the same time.

Video games are very fun and addictive but you cant play if you got homework in the way. If you get you homework done then you have the whole day to play with your friends, communicate with them and even battle to the lat one standing. Some video games have blood, gore, and violence and some kids love those games which can be a small problem but not a big one, most parents can take devices and electronics away because kids dont do their homework so if you want to play video games and have fun you better go to homework club.

In conclusion the homework club should be available and going so that kids can finish their homework all at once and have fun in and out of school. Homework is really important and kids very often dont do their homework and thats probably the reason why kids hate school and do not want to got to school.                                ",371,8,Male,Economically disadvantaged,Black/African American,train,4,4,4,4,4,4,3,3,3,4,4,4,4,4,4,3,3,3,4,3,3.5
DED3BCBE5049,Afterschool homework club,"What would you think about an after school homework club at your school. Do you think that it would help the students with their homework or that its just a waste of time to do this type of clubs. Some people might think that the homework club its helpful and others don't. Others might do it just to get their homework done early. That way they have free time at home to play games or to go out with friends.

I think that this club can help so many students who have difficulty with certain subjects like Math, English, or Science. It can also help them get their homework done or any projects that they didn't finish in class. The teachers there can help the students with their work. Also they can work with a friend that is in the club with them. It would be a really fun thing because you get everything done faster.

Some people might think that its a waste of time because they can do their homework at home. Other students just go to get all their homework done early. They can also go to have a little fun with their friends after they are done with all their work that they had. This club can also help you study for a test that you're about to take or something else. They can also just go to play video games if they have no homework to do.

I think that the schools should keep doing this club after school because it can help students get their homework done. That way the students can improve their grades that they have in the class. The students should also not be misbehaving while in the club. They shouldn't do any inappropriate things or say anything inappropriate during the afterschool club. If they do they should get a consequence.

I would like to have afterschool homework club because it can help a lot of students with their work. They can get their homework done faster and get more help. You can also go and get your homework done earlier. You can study for a test that you're about to take. You can finish any projects that you didn't get to complete in class. Afterschool homework club is a really cool thing that every school should have.",368,8,Male,Economically disadvantaged,Hispanic/Latino,train,3,4,3.5,4,3,3.5,3,4,3.5,3,4,3.5,3,4,3.5,4,4,4,4,4,4
E48441F53011,Afterschool homework club,"Having a homework club after school isn't just a great way for students to get hel on homework but for many other reasons. These are my reasons on why I think having a homework club is beneficial.

Students don't just get help on their homework,but gives them a better understanding on the subject. Students also finish their homework and get a good grades on it.

Staying afterschool can encourage students to try harder on homework and school work as well. Staying for homework club can also make students to be more productive then going home and not getting homework done.

The homework club isn't just beneficial for students but as well as for teachers. Teachers can see questions that many students had a hard time on and then go over it. teachers find it useful to see questoions many students have a hard tim on so that they can practice. Teachers feel good about students finishing their homework and understanding the subject better.

In conclusion I think having a homework club is a great thing because students get a better understanding and getting their homework done. It encourages students to do better in school ,and it is very beneficial for teacher as well.",344,8,Female,Economically disadvantaged,Hispanic/Latino,train,3,3,3,3,3,3,3,3,3,4,3,3.5,3,3,3,4,3,3.5,3,3,3
E8B836196ADB,Afterschool homework club,"I guess it's a good idea Because it helps the students to complete their homework with support from other people, with this club it will help a ton of students that has trouble or problems with their homework.

This will be a great idea for many students that has trouble doing their homework at home or doesn't understand or their stuck on their homework, but the other reason people don't want to add this club to the school is they don't like the idea of having it they say ""it's a waste of time for us"" or other more things that they say, some other students might say they don't have time for it or they don't wanna join the club. But it is a good idea to add this club for the students who don't understand how to do their homework, if other people don't wanna join they could just get a bad grade for not doing their homework. If you join the club for sure you will get a good score for doing your homework and probably get good grades for doing your homework because it helps you learn or practice at home for a test or a quiz, so maybe its a good idea to add this club to the school after school probably a few days, because it will be easy to complete your homework everyday and turn it in everyday if you join the club. If you join the club you could finish your homework early then your other classmates, if you do complete your homework early you could have free time at your house and not do any work cause you complete your homework early and not worry about doing work at home cause you already completed your work.",279,8,Male,Economically disadvantaged,Hispanic/Latino,train,2,3,2.5,2,2,2,2,3,2.5,3,3,3,3,2,2.5,3,3,3,3,2,3
E98FABC326F7,Afterschool homework club,"ways to help improve students achievements in after school clubs.

after school homework clubs would be helpful because students can understand more about what they are doing, for example when a student has difficulty in one of there subjects,and they need help they can stay after school to get a better understanding on what they need help on.

other ways after school clubs would help the students focus more on the certain problems they need, but over all after school homework clubs is a great way for students to express there knolage and there concern on what help they might need help on over all.

after school homework club can help know the children strength and weakness for example me when I stay back for math after school my teacher helps me know what I need to work on to decrease my weakness for instance, me and my math teacher she helps me go throw steps to learn easy ways to decrease my weakness in different problems that I dont understand. other ways she helps me on to decrease my weakness is by giving real life problems and showing me ways to solve them and getting the questions right .

having after school clubs can help teachers and the students know were there strength and weakness are.

the after school club can help classmates have one on one conversations on what they understand and do not understand learning from other people can help you because they might know problems that you dont understand but they do. like for instance my friends at my school they get more help from classmates then they do teachers.

having a after school club for students can bring a positive impact on them and others around them and also it can be fun. ",275,8,Male,Not economically disadvantaged,Black/African American,train,3,3,3,4,3,3.5,3,2,2.5,4,3,3.5,4,3,3.5,4,3,3.5,3,3,3
ECC9E84CD3D1,Afterschool homework club,"I think that students should start an after school homework club. 3 reasons I think that students should start this club is so that they'll have an easier time doing their assignments that their teachers give them, they can work together to get their homework done, and students can work with their teachers to raise their grades up in a specific subject.

My first reason is that students can have a easier time doing their assignments that their teachers give them. My 3 reasons that students can have a easier time doing their assignments is that the students can ask their teachers for assistance if they need it, they'll get their work done quicker, and when their teachers come to collect their work, the students will have it already completed.

My second reason is that the students can work together to get their homework done. My 3 reasons that students should work together to get their homework done is so that they can turn it into their teacher once they're done, they'll have it all completed when their teacher asks the students to give their homework up, and they'll receive a good grade from their teacher.

My third reason is that students can work with their teacher to raise their grades up in a specific subject. My 3 reasons that students should work with their teachers to raise their grade up in a specific subject is so that they can be more productive in class, they can catch up on what they've missed in class, and the teacher can guide the students on what they're confused on on their homework.

Overall, these are my reasons why I think that students should have the opportunity to have an after school homework club.",270,8,Female,Economically disadvantaged,Black/African American,train,3,3,3,2,3,3,3,3,3,3,3,3,2,4,2,2,4,4,3,4,3.5
F60545D8271E,Afterschool homework club,"I think that schools must have a after school homework club because students who are having difficulty in school can get extra help from teachers, students could improve their grades, and teachers and students can work together to fulfill the students needs.

The first reason I think that schools must have an after school homework club is because students who are having difficulty in class can get extra help form their teachers and students.

One time

I had trouble understanding how to answer the questions my teacher gave to me about the civil war 2 years ago, and my teacher said that I could stay after school in the homework club and to meet her their.

That was the reason how I understood how to answer the questions on the quiz.

That is one reason why I think schools must have a after school homework club.

The second reason why I think that schools must have a after school homework club is so students could improve their grades in their classes.

One time I had a D in my science class because I needed more help with remembering the parts of a cell.

My science teacher then told me that I could stay after school and go to the homework club with her to practice on the parts of a cell.

One week later my grade went up to a B because my teacher helped me pass my test.

This is the second reason why I think schools must have a after school homework club.

The third reason why I think that schools should have a after school homework club is so teachers and students can work together to fulfill the students needs.

One time I stayed after school for the homework club and a teacher was having a heard time explaining a question to a student who spoke Spanish.

The teacher asked me if I could translate what she is saying to the student.

the teacher and I both helped the student understand the question.

This is the third reason why I think schools must have a after school homework club.

In conclusion, these are the three reasons why I think that schools must have a after school homework club.",347,8,Male,Not economically disadvantaged,Asian/Pacific Islander,train,3,4,3.5,3,4,3.5,3,4,3.5,3,3,3,3,3,3,3,4,3.5,3,4,3.5
F87594F095B6,Afterschool homework club,"The creation of a after school homework club will be a horrible idea because of students not going to it, the homework will not be challenging, and making lazy students more lazier.

In my opinion, if the school created a after school homework club, nobody will come. Students can be lazy and do not want to do their homework. There are many other ways to help students improve in their behavior and achievement.

Homework is just a way to reinforce the main study. If the Principal decides to establish this ""Club,"" it will make the homework easier. Homework is to reinforce the main idea of studies, if they make it easier, then what will be the point of homework.

A homework club will be a disaster; the students will be lazier than before! not to mention that the school will not use any more homework for it has become useless to reinforce subjects.

In conclusion, Establishing a after school homework club will be a disaster, with homework not being able to reinforce the students with subjects, making the students lazier, and the idea that no one will go there.",185,8,Male,Economically disadvantaged,Hispanic/Latino,train,3,3,3,3,2,2.5,4,3,3.5,3,3,3,3,3,3,4,3,3.5,4,3,3.5
F886A2B6F351,Afterschool homework club,"It's a good idea to have homework club at your school. Every school should have homework club at least three times a week. Homework club is a club where teachers help you with your homework or if you need help understanding a subject. Homework club helps students get to learn a little bit more about that subject, be more active with theirs friends, and it makes them have more confidence about their work. Homework club is a big help for students. There's so many stuff you can do at homework club and that is finishing a project with a friend, studying for a test/quiz, or even finishing your homework early.

At homework club you get so much help from the teachers. You can finish a project with a friend and when you do that it helps you be more active with that person. If a student ever has a doubt with a question about their project, then they can go to homework club and get some help with their project. The best part about homework club is that when more students come, we get to help each other with our projects. It's like a community were we help each other with any questions we have. Projects are really hard when you do it by yourself, but if you go to homework at your school then you will get all the help you need. If your having trouble then the best place to go is homework, so you can get some help.

Another thing you can get do at homework club is study for a test/quiz. The teachers will help you make flashcards, help you over the study guide, or even play a game of kahoot. If you didn't know what kahoot is, kahoot is a game where it helps you a lot before a test/quiz. I can say that kahoot is like a study guide but form into a game. Many students can't really study for a test/quiz when they are at home, because they can't concentrate studying when they are alone. So if you go to homework club they will help you study for your test/quiz and you will for sure not get distracted. I recommend everyone to come to homework club at least three times a week so you can get help studying for a test/quiz or if you need help with something else. If you go to homework club then you will pass your test/quiz, cause homework clubs will help you prepare yourself for your test/quiz

The last thing that homework clubs helps you is get your homework done early. the teachers will explain everything perfectly and I guarantee you will learn even more then what you learn in class. Math teachers, Science teachers, History teachers, and English teachers are going to teach students so much more. You can go to homework club and do your homework early so you don't have to worry about doing it at home. In homework club teachers explain the homework to the students but with more details. What I mean is that the teachers will teach you more about that subject.

Homework club is one of the best club their is. It helps students learn more about the subject, it also makes them have more confidence, and it makes them be more active with your classmate at homework club. Homework club is a community full of amazing students and teachers. There's so many things teachers at homework club help you with and that is Helping you get your projects done in time, helping you study for a test/quiz, and helping you finish your homework early. We can achieve this goal of establishing homework clubs in schools, but we need help from student to make this goal happen. Homework club would be boring and not helpful if we didn't have some amazing teachers at school volunteering for homework club. ",618,8,Female,Economically disadvantaged,Hispanic/Latino,train,4,4,4,3,4,3.5,3,4,3.5,4,4,4,3,3,3,3,4,3.5,4,4,4
FC211F7815F2,Afterschool homework club,"Studies have shown that one way to improve student achievement, is to start an afterschool homework club. Students stays for homework help, finish their homework early, and turn in their homework on time. So ,we all have our homework to turn in on the next day. They're a lot of students that do their homework, dont do it, or some students might said, ""I forgot my homework.""

Should people bring their homework to school? Of course, or what, you're just going to leave it at your house and forget to bring it at school. Always do your homework and do your homework at home or afterschool. On the next day, just prepare to turn in your homework and if you forget to bring your homework, ask your teacher and give a good reason why you left your homework. Then you can turn in your homework on the next day.

People need help on their work. That's why they needed an afterschool homework club. They can go to their teacher to help what they need. If they go to afterschool and get a good helper, then they can be better and will know what they learn at afterschool. We can improve all of the students to get a good knowledge and success, to be a good students.

So students needs to turn in their homework and get a good grade. So, if you want that grade, you have to achievement and pass the class and get good grades. Turning your homework is one of the important grades to success and go your grade up. You can help other students that needs help on a subject. Why, because helping someone will learn from you and they will know how to solve a problem. They might do something and turn in. That's why people needs a good grade and be smart on something they known.

Now that the students have an afterschool, they can go and learn what they need help on something. Then they can remember, how to do a problem. We all can be nice and treat like if its like you.",327,8,Male,Economically disadvantaged,Hispanic/Latino,train,3,4,3.5,3,3,3,3,4,3.5,3,4,3.5,3,4,3.5,3,3,3,4,3,3.5
FEE662801AF4,Afterschool homework club,"I think that homework clubs are good in school because, the students can take there time and procces ,to get to undersatnd, there homework, students can finish early thier homework and dont have to do it later, teacher can help more and teach more if thats there passion; what they like to do; to teach and want students to get good grades in there class or any class.

Some students might not understand the home work or just cant cach up. Students in homework club can cach up or even can be finish with the unit that they are working on. Some students can be cached up a lot and help the one's that are not or the ones that cant go.

For the teachers. teachers that like showing kids more education, teachers that like helping students when there stuck in a problom, tachers that can stay after school that dont have nothing to do or dose not have children. Those type on teachers can actualy enjoy after school homework clubs. teachers that actualy like there work can go because some teachers is just there to teach, leave, and get there money but some, actualy do like it they like helping when there wrong giving them corrections.

Students can finish there home work early. children sometimes cant do home work at home because they might be to busy or has a lot of activitys go after school like soccer, basball, basketball, ect. Some children might be able to go to after school home work clubs if there are after school buses but cant if there wernt home work clubs they would not be able to do there homework because, when they get home they have to take care of there brothers and sisters because mom works all day or sometimes parents might get sick and need them to take care or them. But after all i think its good to have after school homework clubs to finish or get to understand if you dont. Sometimes when theres time left and you did your home work and there like 20 or 10 minutes left they can show or teach you new topics.                                                                                                                                                     ",412,8,Female,Economically disadvantaged,Hispanic/Latino,train,2,3,2.5,2,3,2.5,2,2,2,2,3,2.5,2,3,2.5,2,3,2.5,2,2,2
0302B100D902,Afterschool homework club,"Hello,I think that you should not add an afterschool program for kids that need help because in a way you take there time away from them and they can easliy practice at home or do in school. Maybe it would help them out, but what kids want to do is go home watch tv,be on their phone and take a nap, I perfer not having an after school program becasue it takes time away from me and my family and were not allowed to do what we want to do because of these programes because wants we get out we only have a few hours left.

a reason why we should not have after school is beacuse Studies shown that we only have 24 hours in a day,60 minutes an hour and 60 seconds in a minute we have to be in school for 8 hours plus us staying after school that's another hour of school so that's 9 hour's of school in total if you stay after school. another reason why is becasue we have to wake up early and go to school for eight hours and thats bad becasue not all people get their 9 hours of sleep. My last reason is that kids just wanna spend time with there family and firends and making us stay after takes the time away from things that we want to do.

In conclusion I think that we should'nt have an after school program because it takes our time away from us and we are not allowed to speend time with our family because everyone wants to spend time with there family's and firends and we all know that we can't get time back when time go's it go's and we don't get it back this is why I think that they should'nt add an after school program.",279,8,Male,Economically disadvantaged,Hispanic/Latino,test,3,3,3,3,3,3,3,2,2.5,3,3,3,3,3,3,4,4,4,3,3,3
0460D496583C,Afterschool homework club,"Have you ever wondered how we can somehow make homework easier? Well, I have and I'm pretty sure this could help. There are all kinds of students: the ones that do their homework on time with no problem, the ones that don't certainly do so, and the lazy ones that still do the homework, etc. There are all kinds of students and unifying them to help them do their homework for the ones that just want to do them early or those who really need the help, they are all welcomed in the club, the after school homework club. It could be the key for making all students do better!

I personally agree on having a homework after school club. It can help anybody who needs it and I'm pretty sure students will take advantage of it. Homework is hard, sometimes easy, but most of the time is is hard and takes a lot of time. Having teachers and students others willingly would make everything more comfortable, and students could express their problems when doing the homework with no problem. Teachers will be there to teach them if needed and volunteer students will help in other things. I think every school should have this. Clubs can help at all times, and clubs like this will help lots!

There could be many things that could be done to make students enjoy this, and I have quite a few ideas. First of all, teachers could teach students subjects they didn't understand and help them get their homework done by explaining them. Sometimes the reason students don't turn the homework in it's because they didn't get the subject, or kind off understood but not that well. Having teachers teach them patiently could be a game changer, therefore students could stop getting answers from the internet. Another way this after school clubs could do is buying some snacks. This is an after school club so everyone is hungry! After doing all of that homework, and working hard on learning the lessons, students work hard and there should be a little reward for them!

Believe it or not, homework is tiring. I've heard of students that sometimes get 3 to 4 hours of homework everyday, which is just surprisingly common for some people. That's a lot of homework and students need their own lives, or to just get out of the learning area for some hours. There could be activities like going to do homework at the park, where everyone can feel more peaceful and engaged on doing homework. Students will surely appreciate if they could sometimes just be free of the school learning environment, they see that place everyday! Doing homework in new surroundings could help them feel more motivated to do things, homework could be fun to do if it's done in the right or in a fun place. Having motivation and students sharing this could make the club be more and more open on doing stuff. Students can show that they can de responsible! doing activities like this will make this clubs have a twist, making students improve with motivation.

There are many ways of making people do homework. Having teachers and students helping will make a big difference. With lots of homework, but having great activities and big fun with learning will make everything easier. Students just need a little push and everything will change. It doesn't take to much! just the right people with a great heart of patience that will make them understand better and do so much better even more than before for some of them.",574,8,Female,Economically disadvantaged,Hispanic/Latino,test,5,4,4.5,5,4,4.5,5,4,4.5,4,4,4,4,4,4,5,4,4.5,4,4,4
05B0A120B963,Afterschool homework club,"Argument about having school club

By: Generic_Name

Having after school club can help students improve their grades, but not every students want to take after school club or don't want an after school club they don't have to it if they don't want too. so what the teacher can do is to gave the whole school a piece of paper and tell them what there option is about have a after school homework club. After the student write down their vote and the teacher take the vote and count them and decide who win, but if the vote is a tie the teacher should ask the student who don't want an after school club what their thought might be for not taking a after school homework club.

Why after school club is good for student is because they can studies there, do their homework, or play fun game while they are there. The First reason why doing homework there can help you is because if you made a mistake the teacher or the students volunteer can help you and explain to you what to do or how to do it so you know how to do it next time and they won't make a mistake. The second reason why after school club help student is because they get to studies for their test or quiz which gave them time to do other thing to do when they get home. Student can play games on their phone, go outside and play, or do whatever they wish to do when they get home.

The third reason why having an after school club help the student is because, it can improve their grade and student can achieve their dream because some work look at your school grade to take a worker like how you want to become a doctor, teacher, singer,or maybe a nurse they lots of thing you can do but they will like at your grade and be like um..... you can't be that or this but you want to be someone who want to be a doctor so studying is the best whys to bring up you grade and you get to do what you want.

The fourth reason why after school club is fun is because you can make new friend you say you names and ask for their name and talk to them you can even help them with the thing they don't know and play math game together. you can become best friend with them. there can be students who don't even have friends in the homework help club you can be their friend and help them out there a lots of thing you can do to help them there can always be new friends for you or there might be new to the school and don't know what to do and need your help. Some people there might even speak the same languages as you and they need you help.

The fifth reason why after school club is good for you is because you can hung-out with your friend while you study, do homework or play game. They can even help you out on they thing you don't know your friend can be a big help to you. You can ask your friend on any subject you need help on and they can help you if you don't know they might know if they know you can ask the teacher.

The sixth reason why homework help is good for you is because you can you home and read a book about what you want to do when you grow-up and you can even make plans for it or take sports you want to do out side of school like swimming, soccer, football, hockey, and other more sports or you can even learn about other languages like Korean, Chinese, Japaneses, and other more languages.

The seventh reason why after school club is fun is because you can do your works there and everything you have to do and you can go home and sleeps or enjoy the sunlight out side or ride bike with your favorite people or go to the park and have a picnic with you families and friends. ",653,8,Female,Not economically disadvantaged,Asian/Pacific Islander,test,2,3,2.5,3,2,2.5,3,3,3,3,2,2.5,3,3,3,2,2,2,2,3,2.5
11150087CEC1,Afterschool homework club,"What is one way to improve the students achievements? One way to start improving the students achievements is by establishing a homework club in the after school program. First of all, the students will succeed even more if they stay after school to learn more. Secondly, the students will practice certain subjects that they don't understand. Lastly, the students will finish their homework on time.

My first reason is because, the students will succeed more if they stay after school to learn new stuff because they will learn new materials. It will be really helpful for the students to be practicing more than they suppose to, because they will spend more time doing school work, and I rather for them to be occupied studying than doing something else that doesn't help them in life.

My second reason is because, the students will practice certain subjects that the students find difficult, and also subjects that the students don't get at all. So by that, the students will see changes in his/her knowledge, and the student later on will find it easier. The students are also going to be using there time wisely like they suppose to be during school time.

My last reason is that, the students will finish their homework on time and will spend more time doing it in school then they do at home. Also, they won't worry at their houses if they don't have the time to do the homework because they have done it in school. It will be helpful for them because they will do it during school, so, when they get home they have the time to do something else. Also, the teacher will be there to help them at any time.

To conclude, this is why I think the studies should establish a homework club in the after school program. I say that because, it will be really helpful for the students to finish their homework early, and it will also benefit them on practicing even more than they suppose to, and will benefit them on using there time more wisely.",389,8,Female,Economically disadvantaged,Hispanic/Latino,test,3,4,3.5,3,3,3,3,3,3,3,3,3,3,4,3.5,3,4,3.5,3,4,3.5
167D451B5A78,Afterschool homework club,"A few weeks ago, my sister said, ""Afterschool homwork club is very helpful and it helped me a lot when I was seventh grade."" I agree with the idea of establishing homework club in my school for many reasons. One of the reasons is becasue that has many benefits for me and other students in the school. Also, it will make our country become better, and it saves lots of time for students.

One of the reasons I agree with the idea of establishing homework club in my school is because it has many benefits for students. Firstly, it will help a lot of students to get good grades on their test, classwork, homework,.... and that will make them feel happy and love school even more. It is not only make them happy, it also makes their parents happy becasue we are like the treasures of our parents, so if we are happy, our parents will be happy, too. Secondly, students can directly talk to their friends while they are working on their homework. Students also can stay afterschool and discuss about their project if needed. Lastly, students can get help by the teachers whenever they need. To summarize, homework clubs are very helpful for students because that helps students to get good grades, studnets can directly talk to their friends while they are working on their homework, and they can get help by teachers if needed.

While establishing afterschool homework club has many benifits for students, it is also better for the future of the United States. It is better for the future of the United States because the amount of people will get good job would be increased, so the U.S. will get more money. One of the character in the movie I watched before said, "" Your future is based on what you did in the past,"" so if we study well right now, we will get a good job in the future, and that alo helps our country to become better. Another reason is because the number of good grade students in our country will be increased. Lastly, when we talk about America, everyone will think about the land of opportunities. Overall, establishing afterschool homework club will be better for our country because more people will get good job in the future, number of good grade students in the country will be increased, make us proud of our country.

Although establishing afterschool homework club is better for the future of the United States, it also saves students a lot of time. One of the reasons for that is because students can finish their homework early, so when they get home, they don't have to do anything. Next, after school, they can enjoy the rest of the day with their family or they can do whatever they want. Best reason for that is becasue they can join some outside activities, and that will keep students stay healthy, stronger, and don't get tired during school. So, establishing afterschool homework club will save students a lot of time becasue they can finish their homework early at school, they will have more time to enjoy with their family, and that will keep students stay healthy.

Many students say that establishing afterschool club has many disadvantages, but they are wrong. I agree with the idea of establishing homework club in my school because there are many benefits for students who have difficulty in certain subjects, or who want to finsh their homework ealry. Next, it is better for our country, and it also saves a lot of time for students. Afterschool homework club will be best friend of many students, including me.                ",618,8,Male,Not economically disadvantaged,Asian/Pacific Islander,test,4,4,4,3,4,3.5,3,3,3,4,3,3.5,3,4,3.5,3,4,3.5,4,3,3.5
1A2F313C89C8,Afterschool homework club,"I am a student that have many difficulty with subjects. I think an after school homework club will workout for many students like me. Although,some students are too sacred or shy to stay after. But everyone is different I don't think that students should be scared or shy because they need help in a subject. Most students need help in general some teachers can always ask students to stay after school. If students are failing tests or quizzes teachers can also ask them to stay after. Some units are way to difficult for students and if they only need help in that unit then they can stay after for help in just that unit. After,they get help in that unit teacher can also let them retake the test or quiz they failed but that's optional to the teachers if they can retake it or not.

If students stay after school they can study for upcoming test or quiz. There also will be fun activate for students who don't want to go home. The activates will be subject related. Students can finish homework early. They can also get help in more then one subject. Student can bring their own work that they can work on or need help in it. I think students should be able to get the help that then for uncoming test or quiz.",238,8,Female,Economically disadvantaged,Hispanic/Latino,test,3,3,3,3,3,3,3,3,3,3,3,3,2,2,2,3,3,3,3,2,2.5
2269E46D240B,Afterschool homework club,"Is starting a homework after school club one way for students to improve and achieve? Well I think that it's one way for students to improve because if students are having a difficult time with a subject they don't understand, they could ask their teachers for help and they would say ""You can stay after school and will go over what you don't understand,"" or they can bring a student that knows what they're doing very well and let them work together and it makes them achieve because the subject that their having hard time with they will no longer have difficulty with. I think we should have one in our school because it would be helpful for students and teachers, and they can both be help with each other.

I think a homework club in our school will be very helpful, for an example, it would help me with subject that I think are difficult for me, help me understand it better, and better me for my education,and make new friends by asking for help and become closer to teachers, and I would not have to worry doing homework when I know I

did it at school, and now I can other things since I got my homework out the way.

In conclusion, I think that if students and teachers start a homework club in our school it would not only be helpful for me it would help everyone learn better and get their work done before they get home, so they don't have to worry about it, and they could have free time to do what they want because they already did their homework after school.",253,8,Female,Economically disadvantaged,Black/African American,test,3,3,3,3,3,3,2,3,2.5,3,3,3,4,3,3.5,4,3,3.5,3,3,3
2346C80AF13B,Afterschool homework club,"First, Staying after school for homework clubs is very helpful. Because if you are struggling about not understanding something about your homework,classwork, or a project you need to finish you can stay after school for the homework clubs we have for you. We have amazing and helpful students and teachers you are gladly willing to help you with your homework.

Second, If you need to stay after school for any homework clubs and let someone help you, that will greatly bring up your grade. Also that will make your parents proud of you for the amazing effort you did by staying after school with other teachers and students.

Third, You need to set goals for yourself, and achieve them. Stay after school for the homework clubs. We will hold all the after school homework clubs at the library. Also if you stay after school with someone to help you and get good grades, in the future you will get a good education and a brighter future of success.

Next, You need to focus in class and dont get get distracted by anyone. Also try to consintrate and pay attention to your teacher and focus on your work. Also try to understand, and if you dont understand then you can ask a teacher help. Also if you need more help then you can stay afer school at the homework club with a teacher or student, so they can help you.

in conclusion, that is why you need to stay after school at the homework clubs with a teacher or student. Also by doing all of that work and staying after school to get help will set you up for a brighter future.",275,8,Male,Economically disadvantaged,Black/African American,test,4,3,3.5,3,4,3.5,3,4,3.5,3,3,3,3,3,3,4,4,4,4,3,3.5
2A15E389C462,Afterschool homework club,"I agree with it because some kids might need help with what they are struggling in. The help they will get will help them know the subject or even homework better. Not everyone knows what to do or know it at all. Most kids can go to get more better at it so will know how to do the homework or something a lot more better.

They need help on their homework that they might not know. The teacher that gave them it might be there to help them out with it. The most helpful thing is to go to it because you never know that you might learn something ne mean while your there. Most kids can't learn as well as the other kids because the reason behind that is that their brain doesn't lean as well as the others.

Some kids might go to know the subject better and the homework. Some homework isn't the easiest to do. There are times where people that forgot the homework but if you go do it there an give them it. The reason some kids don't do it because they don't know it or don't have enough time to do. Most of the time most kids try their best to do and some do even try to do it because they say they try and try but there nothing on it because they don't know it.

Most of the kids in the class don't remember how to do it or if there sick they aren't going to know it more better then those in the class room. Most of the time it's because the kids are worried about someone or something that won't let them focus on what they have to learn. The way for them to improve is to see if they are focus on their work and if there not the homework club would be the best thing for them to lean and not worry as much.

There for I think that the home work club would be a good thing for them to improve in the subject and know the homework a lot more better. The club would be for the ones that need help and want to improve in the class they have a hard time in.",368,8,Male,Economically disadvantaged,Hispanic/Latino,test,3,3,3,3,3,3,3,2,2.5,3,3,3,4,3,3.5,4,3,3.5,4,3,3.5
2D002D8E8A94,Afterschool homework club,"I agree that there should be an after school homework club, because some students need extra help with homework others just need to be encouraged to do it. Honestly I don't think anyone likes doing homework but you have no choice for example me, I hate homework it's the one thing in the world that I do not like. I like the idea of homework clubs and I hope my school decides to have one. It's a great way for students and teachers to get to know each other better. it's a great way for them to express their feelings. They also get help with subjects they are having trouble with the teachers can brag about their students having good grades and the students make their parents prod so it's a win win for everyone. I'm 100%

with this idea because. Plus they should allow the students brig their own food, Snacks etc. It should be every other day Homework plays an important role of school and if you don't do it, it can affect you in bad ways. over all I feel like teachers have gotten nicer than in the past they help their students succeed, Teachers have come a long way to make sure their students pass their classes and go to collage and find a good job. teacher are always there to help you and they can't do that if you don't show any effort. you have to show them that you want them to help you if you are doing the work but don't understand it they will help but if you just sit there and don't do anything they feel like you don't care.",253,8,Male,Economically disadvantaged,Black/African American,test,3,4,3.5,3,4,3.5,3,3,3,3,4,3.5,4,4,4,3,4,3.5,3,4,3.5
2DC1A5B465B3,Afterschool homework club,"i think it's a good idea to have a afterschool homework clube because you can get your homework done early, can also get more support and to get your grade up. afterschool is the one thing that you will need for you life in high school and for middle school and it not that hard to go and get support or to get you thing done or get that low grade to a high grade .

the first reason i think it's a good idea to have a afterschool club is because you can have your work done earlier then everyone else and don't have to worrie about it getting done late. most peole think that it's a good idea to get the work done at the last day but it's not because there is not that much time to finish it. i belive that if you can get your work done early then life will be not stressed. i use to do all my homework at the last miuint and i hated it because i trund in the work late and i never have a ""good"" grade so i would make myself try to do the homework ealy and i got us to that the longer i did it and now i doing my homework at less the day i get it or the next day and it not that bad because you don't have to worrie or stresse out if you did it or not and that will teach your body how to deal with problem and that good for next year or just ingenural for life.

the second reason i think it's a good idea because you can get more advice and suppport if you stay afterschool and i think that's good because some teachers teach fast of they don't explian a lot so it can be hard for some students to learn or unstand thing. some students think that it's better if students ask more qeoustions and to talk to the teacher about the speed of how the teacher teaches he's or her's class . i think it's unfair when you ask the teacher a simple qeustion and they say "" you would know if you were paying attion in class"" even tho you were paying attion. if student are having troble theen i think they should talk to there teacher about that. i just think that if you stay after then there will be more explining to do. then people stay for afterschool they just think it time to talk and it's not because teacher are there to help you and you are there to help yourself .

the last reason i think that it a good idea is because if you have a bad grade in that class and you want to fix it then staying afterschool is one of the ways to fix your grade and staying one day is not going to fix your grade you need to stay more then once to at less get a higher grade then what you have. there are many diffrent ways to get your grade up like fixing NHI, or turing in all the homwork and many more so when you stay after school that is your chance to at less get your grade up or fix the grade. most of the time you can get points for even coming and thats at less 3 point that pops up your grade 3 point and if you trun that assiment in you will have a good grade in a few week beause some teacher have to grade other stuff it might have to take a little longer then usaul.",584,8,Female,Economically disadvantaged,Hispanic/Latino,test,3,3,3,3,3,3,3,4,3.5,3,4,3.5,3,3,3,3,4,3.5,2,3,2.5
2E9725180575,Afterschool homework club,"If You Have Difficulty doing Homework Come To After School Homework club

Some students may have difficulty in certain subject.

Many students may have difficulty with homework if they need help they can come for after school homework club.

They are many students who likes to do their homework with a teacher or anyone. Students may have to talk to a teacher about their homework or difficulty with things in class that they don't understand.

When students do their homework correctly they don't have difficulty with these class anymore. When these students go to the after school homework club they got to finish they homework and they got to have free time at home.

Students get smarter when they do their homework because these students are going over what they did in class.

Many students need help at home but they don't have anyone to help them that is why students got to have after school homework club.

When these students do their homework at after school club these students will be stronger at the subject the they are doing for homework. These students who do they homework their grades go up and that helps if they did poor at a test or a quiz. Students who do they homework every time they will enjoy doing homework and school will be fun for them.

After school homework club help students not to play games and it teaches the students to do their homework rather than playing games.

Some students like to finish their homework early they got to check if it is correct in after school homework club. Some students like to do their homework in a place that is not their home. After school homework club helps students to finish their homework and it makes students enjoy their day with their family.

I think after school homework club is the best ideal because it helps students study for a test.

After school homework club helps students get good grades on their test. After school homework club helps students learn new ideal how to do their homework.

After school homework club also helps students to make new friends.

After school homework club makes students from weak to strong at a subject.",342,8,Male,Economically disadvantaged,White,test,3,3,3,2,3,2.5,3,3,3,2,3,2.5,2,3,2.5,3,4,3.5,2,3,2.5
347C6FF60682,Afterschool homework club,"Have you ever wonder that studies have shown that one way to improve students achievement is to start an after school homework club. I think they should a after school homework club. The first reason they should have an after school home work club so they can get extra help. The second reason so students can earn better grades so they can succeed .The third reason so the teachers and students can have better communication with one other. These are my reasons that students and teacher should have a after school homework club.

The first reason for this prompt so students can have extra help. Teachers wants the students to pass their test.

help a student if they are having trouble with a subject. Also if a other student having trouble that can give them a helping hand. These are my reason why students should have extra help.

Second reason for this prompt so students can get better grades so they can succeed. So the students can pass the SOL. So the students can pass their grades. Students can earn scholarships when they graduate high school. These are my reasons that student can get better grades so they can succeed.

Third reason for this prompt is so the teachers and students can have better communication with one other. So students can have private learning with a teacher. So they can get to know each other more. So the students can get extra learning from the teacher so the will be ready for the SOL. These are my reasons that student is so teachers and students can have better communication with one other.

Conclusion

I think students and teachers should have an after school homework club. So student can get extra helpfrom the teachers. Students can earn better grades so they can succeed. Teachers and students can have better communication with one other. These are my reason that students and teachers so have a after school homework club.          ",295,8,Male,Not economically disadvantaged,Asian/Pacific Islander,test,3,3,3,3,3,3,3,3,3,3,4,3.5,4,3,3.5,3,4,3.5,4,3,3.5
34E77A9B1136,Afterschool homework club,"Studies shown that one way to improve students achievements is to start an after school home work club teachers and student can volunteer to meet with those student who need help in a subjects or some student can finish there homework or they can make up some work they owe to improve the grade in the class making a homework club is a amazing idea for any kid because a student can finish all of your class work and homework ,you can also get extra help with a subject you find challenging or just a subject you don know

If a student dose not complete their work they can come in for homework club after school and get stuff done they can also get a tutor for any subject they have a defuculte time however not all people believe that home work club is a good idea because students should do their work in class and they should ask a teacher for extra help if need

E",157,8,Male,Economically disadvantaged,Hispanic/Latino,test,3,3,3,3,3,3,3,3,3,3,4,3.5,3,4,3.5,3,3,3,3,4,3.5
3E85CCEE0601,Afterschool homework club,"I feel like it is a bad idea for kids to join after school clubs. What happens what if kids do not have time to participate those clubs they want to join. Will it effect the kids to join the after school club . Will it help them work as a team do stuff together as a team . Will they learn the meaning of teamwork always by their side . Will they be responsible for his or her actions.

Plan stuff as a team .

Will this increase their knowledge and ability of being for participating in school . Will the kids show a side they never show in school . Will they be enough of positive thought for everyone in this club activity . Hope they have a great impact for the kids . These kids should have fun instead of home being more active . Help them understand the subjects more and the knowledge that will help will they help more people cause they are turning more useful for teachers and their other classmates .

I have a feeling it will be not a great idea to make a afterschool club cause their could be some disagreetments and the teachers do not want to go through that probally they can do it next year . ",516,8,Female,Economically disadvantaged,Hispanic/Latino,test,2,3,2.5,2,2,2,2,3,2.5,2,3,2.5,2,3,2.5,2,3,2.5,2,3,2.5
3F00345B8BA6,Afterschool homework club,"Afterschool homework club is the best idea possible! The reason why I think afterschool homework club is the best idea is because it can help students finish their homework earlier, and it can also be good for students who need extra help in some classes they aren't doing very well in.

First of all,

I think afterschool homework club is an amazing idea because some students are never able to do homework at home because they have siblings that constantly bother them and never give them time to do their homework, or they're just not motivated to do homework at home. Also, I think students aren't motivated to do work at home because they don't have anyone to push them to do their work.

Another reason, why I think afterschool homework club can be a splendid idea is because students can be doing very bad in some classes and just not understand what's going on, so they can get extra help afterschool from teachers or even students. In my opinion students usually understand more when teachers or students are guiding them on what to do. It's also a good idea because students can be surrounded by people who want to do well in school, and I think that can really push students to try their hardest!

Finally, I think it can be a fun idea because students will have a chance to socialize with others once they're done with their work. Students can also discuss what they've learned and maybe teach each other something new!

In conclusion, afterschool homework club would be an outstanding idea because it can help students finish their homework earlier at school, and help students with classes they aren't doing very well in. Afterschool homework club can also motivate kids to try their hardest in school!",284,8,Female,Economically disadvantaged,Asian/Pacific Islander,test,4,4,4,5,5,5,4,4,4,4,4,4,4,4,4,4,5,4.5,4,4,4
471ADCA51497,Afterschool homework club,"Do teachers allow students to have a homework club? I believe students will like the idea because they could be ahead to other students and also they can have good grades. It can also help them of which subject they need help on. Whatever subject they have to work on it will help them overall.

My first reason is students can be ahead compared to other students. The other students that don't stay will be behind because they don't have the effort to stay after school and have some help or finish there work. Homework after school students will fail the class if they don't do good in class or turn in the work on time. Well then stay after and you'll be good.

My second reason is it can help them get there grades up for doing the work after school. Doesn't matter what class as long you do the work you can have good grades. If they don't turn in there homework or class work the students will fail the class so if you have the effort to stay after then good.

My third and last reason is it can be helpful to you because they can really be good in the class and feel confident about the work they will be doing during class. When they fail the test or need help on there work staying after school is a good way to boost your confidence.

In conclusion, having students stay after school for help or to finish work is a good idea. They can just feel fresh and ready to go. They don't need to worry about the help as long you don't need the help you are good. There is my three reasons if I was you i will stay after.",348,8,Female,Not economically disadvantaged,Hispanic/Latino,test,3,3,3,3,3,3,4,3,3.5,3,3,3,4,4,4,3,3,3,3,3,3
505A033B2BF9,Afterschool homework club,"Homework clubs

Every student can pass a difficulty of learning.

Every school has a students that have problems of learning that's why teachers should help them. If the teacher stay after school with those students that need help, they will improve their grades, finish their homework early and study a subject or a lesson that they didn't understood during class.

Teachers should help those students that need help by staying after school.

First, students that have difficulty of learning can improve their grades if, they stay at least another hour in school. Teachers will help them with a lesson that they didn't understood or things that they need more help in.

Then, if the students stay back with their teacher, they will finish their homework early and will have time for others responsibilities, activities, duties etc. While students are doing their homework they are learning and improving their grade, because homework is ten percent of your grade.

Finally, staying back to study lessons will help them to improve their grade, finish homework earlier, because when someone knows what they are doing they finish faster than someone that doesn't know what is he/she doing.

In conclusion, every student can pass a difficulty of learning but, if they stay back studying lessons that they didn't understood during class will help them learn more, improve their grade and finish their homework early .",244,8,Female,Not economically disadvantaged,Hispanic/Latino,test,4,3,3.5,4,4,4,3,3,3,4,4,4,3,4,3.5,3,3,3,4,4,4
5560D6A2B76F,Afterschool homework club,"I think starting an after school program would be a great idea for the school. people that don't understand the homework can come after school and get help with who every is available. this would be the best way for students to achieve there goals. this class should be recommended to all student but really just the student that dont finish there homework or students that dont get a high enough score on their homework.

This program can achieve goals because kids will mostly go there because they dont know how to do the homework therefore student will learn what they dont know and get done what is needed to get done. students should have to feel comfortable while doing there homework so instead of using chairs they can sit on big bean bags to stay comfortable and focus on their homework. and sitting on bean bags instead of chairs can bring more kids to the program because the whole day they sit on hard chair and not feel comfortable. to keep the kids coming to the program the should give out gifts and prize.

In conclusion this after school program is the best way for students to achieve their goals. it has unlimited help and they give out prizes. Students can improve majorly and impress their parents by going to this program. students would'nt have to feel uncomfortable any more in after school programs because if they go to this one they will have bean bags. the after school program can make improvements.",236,8,Male,Economically disadvantaged,Hispanic/Latino,test,3,4,3.5,3,4,3.5,3,4,3.5,3,4,3.5,3,4,3.5,3,3,3,4,4,4
5946289AA43C,Afterschool homework club,"Do you have trouble with school or homework? If you do then then the after school homework club is for you. I think that the afterschool homework club is a great way to help students. It is a great way for students to get a quiet place to finish their homework, also if they need help they can stay afterschool in the homework club to get some help from teachers and students.

First of all Students need a quiet place in order for them to finish their homework. Students need a place where they can finish their home work without getting distracted by other stuff. At home there are many things people want to do after coming back from school so they're going to get distracted easily. In the homework club they can focus on their work without getting distracted. They can also finish their homework early then go home without having to finish any homework. So if really need a quiet place where you can finish your homework early then the homework club is great way for you to do that.

Second of all students need help with school sometimes. With the afterschool homework club students can get help from other teachers and students. For example when they fail in a test they can get extra help from a teacher so that they can better understand the test. This will get them to understand their studies better and become smarter with school. Students can get help if they didn't undestand the lesson in school the teacher can teach the students the lesson again. With this students will able to achieve way more then they could've before.

Finally I really think that the afterschool homework club is a great way for students to get help. It is a quiet place where you can finidh your hoework early. They can get help from teachers and other students. If the student didn't understand a lesson in school he can stay afterschool with a teacher so that the teacher can teach him the lesson again. Students will recieve an excellent education with this afterschool program. Students will be able to achieve more with the afterschool homework club.                          ",366,8,Male,Economically disadvantaged,Asian/Pacific Islander,test,4,4,4,4,4,4,4,4,4,4,4,4,4,4,4,5,4,4.5,4,4,4
5A22520BBD44,Afterschool homework club,"Homework club may be the best to have after school because it help students who is having a difficult times in certain subjects in their school, teachers and students can volunteer to help whose are struggling, and some school have homework club or study zone after school to help students that are having difficult time completing their homework.

To begin with, students who is having a difficult time in certain subjects or just want to complete their homework on time and turn it in early for teacher to grade. For example, science, social studies, English, and history. Depending on your grade level like elementary, middle, or high school. Students can stay after school with a teacher who volunteer to help students who are needed. Teachers can also recommended for students who is having a difficult time in class to stay after with their teachers. Elementary school can be easy, but it will become a little hard in between 3-5 grade. Middle and high school can even harder, depending on what county you are in. Some school's teachers like ask students to have stay after school and study for the upcoming SOL. Depending on what the students choose, when they are selecting their classes for their rising level.

Secondly, teachers along with student(s) of their pick, who aren't having a difficult time may volunteer to help other students to complete their homework. The advantage is, if the teacher is busy with another between 1-4 students. The other volunteer student can help another student, who is raising their hand to come and help. The student, who are volunteering can used their work to help them explaining to another student to how to get the answer by themselves.

Furthermore, there are few advantages and disadvantages about having the homework club in school. The advantages are students can choose to stay after school for homework club to help get their homework done on time. Students can use after school time to get a head start with their tests, quizzes, or project needed to done at school and the after school is over, they can returned home and try to complete with their family members, on their own, or borrowing a friend's computer and return it if they are finish. Some work, their teachers give needed to done on computers at home. Some students don't have computers. For example, they only have iPhone, tablets, or any kind of devices. They can't be done at home, but the students need the computer and had to stay after school for help. Teachers can recommended to this club to the students, who are struggling to stay after with them. Any schools can choose to do homework club. The disadvantages are students at school promise the teachers, they would do their homework. Some students don't do their homework, so if there's a quiz or tests coming. The result is they will fail. Homework is meant for practicing how much they know, from the previous lesson, quiz, or tests. A lot of teachers recommended to them, but some are willing to stay or like to make-up an silly excuse as permission to not stay after. A lot of students like to do that. Mostly middle school and high school students. They don't care their grade drop. College will see their resumes whether they got accepted or not to the college they have apply to.

Finally, some school like elementary, middle, or high school had homework club or whatever they want to call it to help students that are having a hard time completing their homework, want to complete their homework early,

just want a head start with studying for incoming quizzes and tests, or just used to complete a science, English, history, or math projects, they want to get a head start. As for elementary,middle, or high schools in different county. For example, like

Generic_School in Generic_City. They had homework club and used that time to bring any volunteer who are excellent at any subjects to help the students having a very hard time with their homework. They give out treats or chips to students, who are staying after. They can eat and study with their tutor to complete their assignments. Who's know? It might be very different over the years passed. Each and every school in states and county are very different because they run the schools differently. Another example, in Generic_School had all 5 weekdays has Study Zone. 2 days, that had no late buses like Tuesday or Friday. If the students plan to stay after school on Tuesday or Friday. They needed to plan a ride with their friends or carpool with another students, they don't know. The other days like Monday, Wednesday, and Thursday had late buses. Students can plan to stay with teachers to make-up, what assignment they missed, when they are absent or out of country. Students are choose to stay Block B or walk or take a ride home with whoever picking them up or with a friend of theirs.

In conclusion, studies shown that one way improve student achievement is to start an after school homework club and they are right. Homework club may be best to have after school because it can help students have a very hard time in certain subjects, teachers along with the students can help the students who is having difficult understanding to problem or question that are provided to the students, and some school have homework club or study zone, or whatever they call it to help students that are having difficult completing their assignment.      ",888,8,Female,Not economically disadvantaged,Asian/Pacific Islander,test,3,3,3,3,3,3,3,3,3,3,4,3.5,3,2,2.5,3,3,3,2,3,2.5
620CC00E6CD8,Afterschool homework club,"Well I think having a homework club is a brilliant idea, why? Well kids do have trouble with there homework and it's good for them to get help just to understand it so that they don't have to struggle so mush in that subject. Same thing goes for when they don't have homework but needs help in a certain subject at school.

For example, when a student has homework they over think it. Then when that happens they won't be able to do it or understand it as much like the other students do. Now if the school allows the homework club to be a club in the school then that student and other students as well, will be able to get help on that homework or subject they will get a better understanding of it.

Another example for why the homework club is a brilliant idea, is because students fail the grade there in because of the S.O.L depending on if it's a elementary school, middle, or a high school. Also they fail there school year like earlier because of S.O.Ls making the rest of their school year difficult, plus failing that class/ subject. Just for not understanding or asking for help on that subject making them tense up more about that subject even more.

Now here is where some bigger reason why the school should have a homework club is, what if the students class is a problem? What i'm trying to say is what if that student was trying to listen to the teacher explaining the subject in class and they couldn't listen because of the class, meaning they couldn't learn anything because of the class. So now that student is failing because of the other students playing around making loud noises and messing up someones education. But now that student can go to the homework club and get the help they need and understand it.

There for in conclusion having a homework club is a good idea, just for the students to get a better education in school. Making there goals are going to be completed and they can be successful in life because they focused on that subject and also cause of the homework club that helped them not struggle in that subject.     ",361,8,Female,Economically disadvantaged,Hispanic/Latino,test,3,3,3,3,3,3,3,3,3,3,3,3,3,4,3.5,3,3,3,3,3,3
6EF12F5838BA,Afterschool homework club,"In my opinion I think an afterschool program for home work is a really great idea and it will be really helpful for kids who's grades are really down and they dont know what to do about it.

I think this is a good thing because some students may not understand their home work. Students grades might go down and they'll fail the class and thats not good at all.

Students can ask the teacher about stuff they dont know like asking her about how to do the home work, how to solve an ecuation, how to solve fractions, and many other stuff they might not know.

Students can stay after when ever they want or when they feel like staying. Staying after school can chage many things also you might even start to like it because you spend a lot time with friends, you can talk to them ,and have lots of fun it also helps you a lot having an after school home work club.

This way students can have better grades and more knowledge. This way they can do their home work on their own, they can also help other students and teach them how to do things they didnt know how to do before.

Staying after has advantages if you stay and you study with your teachers you will know how to do everything in class. You will always get good scores on test and you will always know what their talking about in class and the best part is that you will understand what their talking about all the time this way you can participate as well.

This can also help you in the future because when you become an adult you will have to know this stuff and it will help you for the rest of your life and if you as a kid dont know what to do in school and you are really confused then you should stay after and gain a little bit more of knowledge.

You will feel good at the end of the day because you know that you did a good job and knowing that you understand what their talking about in class it's really satisfaying and it feels good and many others students will feel the same if you tell them to stay after school to finish their home work and fun together.

In conclusion staying afterschool in a homework club will give you really big advantages in life and it's really helpful for you and your friends to stay afterschool for a home work club and finish your work before it's to late to fix it.",406,8,Male,Not economically disadvantaged,Hispanic/Latino,test,4,4,4,3,4,3.5,4,4,4,4,4,4,4,5,4.5,4,4,4,3,4,3.5
70D0DC705643,Afterschool homework club,"There are some students that have the time to stay after school and finish their work, on the other hand, their are other students that don't have the time. Some students hate to be at school in the afternoon because they think it's boring and there is nothing to do in it. They think it's a waste of their time and they don't want to go. So, there should be no after school homework club because students probably have something to do after school or they just hate staying at school for another hour.

Student usually have something to do in the afternoon like go to a sport practice, have a emergency and has to go to the hospital, and more. Usually, they have more time in the class to finish their work if they finish early. If they don't finish early, then they have the next day to work on it. But, if the students didn't finish the next day, then the teacher will let him finish another day or for homework. So, the students still have time to go to their practice or other important things.

Just like students have something to do after school, they don't like to stay after school either. Usually, the students are sitting around waiting for the clock to hit the dismissal time because they want to go home already. Students get bored in class of listening to a teacher voice, and talking about whatever they are learning about in that class. Students wants to hang out with friend after school, or wants to get ready ready for a vacation, so they have to do it in the afternoon where they have time to do get ready.

I think it is a bad idea to make a after school homework club because the school tells you where to do your homework or regular work and that is at home or do it the next day. I personally don't like to be at school during the school hour and after the school hour because i hate to stay in a classroom for an hour listening to the same voice over and over again, and i just don't want to stay at school for another hour because it is so tiring. Those are my opinions of why we shouldn't have an after school homework club.",367,8,Male,Economically disadvantaged,Hispanic/Latino,test,3,4,3.5,3,3,3,3,4,3.5,3,3,3,3,3,3,3,4,3.5,4,4,4
72ED0F853B8C,Afterschool homework club,"Do you ever find your homework difficult?.A homework club is a way to improve student achievement.

Establishing a homework club can lead students to raise their grades,to find a certain subject easier, and will give students extra free time.

To start with,establishing a homework club in our school will be an amazing idea,because students will be able to raise their grades. For example, in our school there is certain people who find certain subjects difficult. When a student finds a subject difficult the student may start getting bad grades.

But that problem can be solved by giving the students the privilege of a homework club.

A homework club will be the best club to add in our school .Because of a big amount of students failing their classes. Not only can a homework club help students raise their grades but also it could help them find a subject easier.

Furthermore,a homework club can help students find a certain subject easier in the future.

Most of the students in our school find a subject very difficult but with a homework club the subject can become easier. Only if they give the students the right information.

Students in our school are even capable of cheating in the tests of that certain subject struggle with. If students were given the information they need wouldn't have to cheat.

thats the reason why a homework club should be added.

Not only can a homework club help students find a subject easier but also it could help them gain extra free time.

To end with,by adding a homework club in our school students will be able to gain extra free time.

For example,students in our school barely have free time. Because teachers leaves us packets of homework.

When the teacher gives us a lot of homework we spend most of our free time doing it.

But if they add a homework club it will be very beneficial for all of the students in our school.

Not only can a homework club help students raise their grades but also it could help them to find a subject easier and to gain extra free time.

In summary,adding a homework club to our school will be very beneficial for all the students.

Because if students spend most of their night and free time doing their homework the next day they will be sleepy at school or they will be very tired.                              ",409,8,Male,Not economically disadvantaged,Hispanic/Latino,test,3,4,3.5,4,3,3.5,3,4,3.5,3,4,3.5,3,4,3.5,4,4,4,3,4,3.5
73F6405A37C3,Afterschool homework club,"I think that having a afterschool homework club would be a good idea because of the reasons. You will learn more,

have more freetime, and no homework.

First is that you will learn more if you stay after school. You will be ahead of your class. Also you can help someone that is having a difficult time solving a problem or doin their work.

Next is that you will have to do no homework when you get home. You can ignore doing your homework and do something else that is more important. You will also have more free time for yourself.

Last is that you will have more freetime for yourself. To begin with is that you can clean your room or your parents room. Also you can wash the dishes instead instead of your parent or you can organized your house. Also you can play outside more wiyh your friends or stay inside and play video games in your room.

In conclusion those are the reason why i think having a afterschool homework club would be a good idea to add to school.",178,8,Male,Economically disadvantaged,Hispanic/Latino,test,3,3,3,2,3,2.5,3,2,2.5,3,3,3,4,3,3.5,4,3,3.5,3,2,2.5
7A8DBA6117B7,Afterschool homework club,"Help start a new afterschool homework club. I think that the school should have a afterschool homework club because some student are having trouble with homework. If the student have a club like this it will be easier for the struggling studnet to finish their homework turn it in and start getting good grades. Also for some student that having difficulty with a type of homework like math, english, or science a teacher who teaches the subject will be volunteering and help the student. If you agree to have a afterschool writing club the student would get better in there class.

They will also get smarter with everything they learned in the club and also get some tips and tricks about school from the teachers so they can do great on test and assignments and do great in school. Also if you agree about the club the student will always turn there homework in on time and get good grades. It will also make homework fun for the student. The club will also help the student in the future with homework or assingments and make it easier when they go into a different grade. With the afterschool homework club the student who were in it will always remember the club helping them in there toughest sitution in school.

That is my argument about why this school should have an afterschool homework club So do you agree or disagree about the idea of this club in the schoolIf you want my opinion i would agree and make this a club in the school.",235,8,Male,Economically disadvantaged,Hispanic/Latino,test,3,3,3,3,3,3,3,3,3,3,3,3,2,3,2.5,3,2,2.5,3,3,3
7E07E9B9C690,Afterschool homework club,"After school help is a way for kids to imrove there grades, there focus and there abillity to do more work. Studies have proved it. After school help is a great way to get your grades on tests and class work assinments higher because you have more time and more help.

Staying after school just to finish your work shows you and your teachers that you are trying very hard to get good grades. If you stay after and finish your work your teacher might give you more points because you stayed after, and fixed your grades.

Doing homework in a after school homework club is a great way to get your grade up because in your house you might be busy doing other things, and forget that you had homework. You also get more time at home because you have no pressure of doing homework, doing other things like help your mom, take care of the baby, or wash the dishes, you even have more time to study, or play games outside with your friends.

Staying after for the homework club is a also a way to get your grades up on tests,or subjects because you have more of the teacher's attention then in the morning. The teacher can help you with a subject by explaining it alittle diffrent then the first time she explained it.

I think that after school is a great way to improve and people should take advantage of it. This after school homework club is a privlege that most schools and kids do not get to have, so use it the best way you can and make your grades better.                                               ",871,8,Male,Economically disadvantaged,White,test,3,4,3.5,3,3,3,3,4,3.5,3,3,3,4,3,3.5,3,4,3.5,3,3,3
812334AB4E73,Afterschool homework club,"I'm agreeing on having a homework club at my school because it would benefits both the teachers and the students on what work needs to be completed and how to improve on their grades. Students can ask the teachers on what they miss on the day they were absent and what needs to be completed in homework club so that their grades won't deceased, and the teacher can tell them on how to solve a question. I will give a example of when I was in the sixth grade. When I was in the sixth grade, I had miss a lot of time from school which made be have a lot of things to complete and to keep up with my current work, so I ask my history teacher if I could stay after school so that I could try to finish my make up work. My teacher agreed and help me on some of the question. I didn't complete all of the things, but I did get half of it done and I learn on how to solve them. Some students would what to complete a assignment early so that they could have more time at home to do something or relax. I have a lot of things to do in home so its like I have little bit of time so that I can do my current or make up work. In a group project, the group can meet up after school for the project. I don't have contact to anyone at the schools I been, and I would rather finish on what I need to do early. These are the reasons why I think we should have a homework club for students at schools so that it would be better for the students.     ",278,8,Male,Economically disadvantaged,Hispanic/Latino,test,4,3,3.5,4,3,3.5,3,3,3,4,3,3.5,4,3,3.5,3,3,3,4,3,3.5
84B3F99A64AD,Afterschool homework club,"There are many clubs and activities that one can do after school. Students can also get some help on the things that they don't understand, that is why homework clubs benefit students who need a bit of help, on not just homework, but on other things as well. To improve how students do in school, I think that a homework club should be issued because one can finish their homework early, they can get extra help from teachers and many students, and they can look for a quiet place to work with no outside distractions.

One way students can achieve new heights is by practicing every second of every day. If a homework club is there then students can finish their homework early, so that they don't have to do it at home. I think it will be easier for the students if they finish whatever they have for homework at school, so that they can just relax when they get home. I also think that it would be easier for the teachers too. one usually finishes whatever they have for homework at school, so they can do what they like to do when they get home.

It is best when one has many teachers and students to help them get the work done, because then they can get extra help on the problems that they don't understand. If the student is stuck on a problem they can call a teacher or one of their peers over to work it out. There are many people who can come out of their way to help someone solve a simple problem. Parents can also help one solve a problem. There are many ways that someone can solve that math equation or science equation on their own. Sometimes teachers tell me to even try it on my own before I ask. The problem that one is stuck on can be in any subject. There is no need to get frustrated when someone is stuck on a problem. In a homework club, teachers are there to help one in any way that they possibly can.

Sometimes, students can work better of there are no outside distractions, because maybe they have trouble focusing when there is some noise. The best way to help with that is to buy some noise canceling headphones, or to work in a quiet place. Other times the student cannot focus with even that, So, I advise to work at a slow pace, and take a deep breath. When you are doing homework at home, i suggest to even work in your room. When one is doing homework at school, the teacher cannot handhold a person and help them through every single problem

These are a few reasons to why we should have a homework club in our school, because then one can finish their homework early, they can get extra help on the problems that they are suck on and they can also find a quiet place to work with no outside distractions. this is how students can make improvements on their studies, in school, in their life, and their career.",486,8,Female,Not economically disadvantaged,Two or more races/Other,test,4,4,4,4,3,3.5,4,4,4,4,4,4,5,4,4.5,4,4,4,5,4,4.5
8607C2B7F129,Afterschool homework club,"Well I argue for because it good that student that need extra help can stay after school and learn more about that subject that they have a hard time learning it and they can stay with their teacher that have that subject and student that need help in their homework to .

Some student's want to finish their homework early but they they need help and they can stay after school too and get help from their teacher and teacher's can stay volunteer after school and help their student's if they need help with their subject's or with their homework student should make a progress because when they stay after school they learn more because the teacher spend their time showing them slowly so they can get it and when they have a test or the SOL they are available to passed their test easily but we shouldn't make just the homework club just for doing work we should make a little fun and have activities like a half an hour or and hour it depends how much time we have after school we should help student's with their homework or helping with their subject where they need help with and the other half or an hour we should have little fun and play games, use computer, play soccer outside, or use their phones, so more student's want to stay and have extra help and would not be like it boring and I don't want to stay because they just do work. Student can stay after school if they need help and show improvement in their subject because they would not stay after school and just for playing around in the club. Student need to stay and work because they learn more and when they get more bigger it will work out for them for their goods and to get a good job to have a diplomat of what they want to be to go to college and get good money from their work but it good to learn more when you are little and that why if you need help on something the homework club can help you for you subjects and what you don't understand from that subject or your homework to but all stuff works out only if you put in you part and study for your own benefit in school and out of school because education is important for all of us.

As result student would like to come in the homework club to get extra help with their homework and with their subject like math, science, language art, social studies, and others and learn more about it and get to understand more and pass their test and SOL and have a little fun after school too after doing work and student's showing improvement in their subject and test, quizzes, and SOL. All does things benefit when you get older, at high school, at your job,and at your life. So it good to start younger and that why I think that the homework club it benefit for students that need help with their subjects and their homework and learn more and pass all the SOL.",469,8,Female,Economically disadvantaged,Hispanic/Latino,test,2,3,2.5,2,2,2,2,2,2,3,2,2.5,2,3,2.5,2,2,2,3,2,2.5
8B9FC3D92A4A,Afterschool homework club,"Teachers and students volunteer to meet with those who eaither have difficulty understanding or those who want to finish homework early. i agree that studies have shown that one way to students achievment is to start an after school homework club. this club helps you with homework and other work that you dont understand. students usually strugle through stuff. when u hear a home work club students that are struggling gets happy. do you like getting help? home work club is after school you can go there and u will get the help that u need. teachers will have more time to explin to you only not the whole class only you that will help you understand.

teachers usually can not spend more time with you than the other students. you listened to it in class but still need more explaining. the teacher that you need the help from might be in the after school homework club. after school homework club will help you get better grades. when u have a bad grade if one class you can go to the after school homework club and spend time with the teacher and get your missing work in. if you do not know how to turn in work you can ask a teacher there to help you. if you had any missing work and want to turn it in nd keep on track. you and your teacher can work on how to track your work. if you have bad grades and you want to try out for a sport you can not make it because of your grades. so after school homework club with help you get your grades better so you can try out for the sport that you want. when you miss alot of school days fall of track so if you got to after school homework club you can go back on track without your work being late. some people in high school have a job during school time and they missed school days. when after school club is opened they can go after school and finish class work, homework, projects, quizes, and test that they have not finished in school time when they were at there job. usually some students want to finish their homework early so they would not fall behind. so they come to after school homework club to finish there homework early .teachers and students volunteer to meet people who are struggling, do not have time during school, missed a lot of school days, trying to make it to a sport team, want to finish early, trying to understand couple of things, and trying to get back on track. as i know there is a lot of people that need help with homework. in my school there is no homework club but there is some teachers that stay after school for those students who need there help. and in my school there is an entire block to get back on track. usually i only get help from my teachers in that block. ",486,8,Female,Economically disadvantaged,White,test,3,3,3,3,2,2.5,3,3,3,3,3,3,3,3,3,4,3,3.5,3,2,2.5
9064E2825B06,Afterschool homework club,"Would you like to spend your free time doing more work in school than you usually do?. I think a lot of kids would be against the idea of having to stay after school for homework club. If you do to much work you might overwork yourself and that wouldn't be good for your health. There are many examples, that show overworking could make you stressed or get headache. That is why I desagree that they should start an afterschool homework club.

One of the many reasons, is you need free time after a long day of school. A lot of kids can get frustated and angry if, they didn't get much free time. An example, would be sleeping in class because, a lot of students like to take naps afterschool but, they wouldn't be able to if they had to stay afterschool. Another example, is that they wouldn't want to come to school and that may be because, of to much work. There would also be to much hours of having to stay in school like, doing exams, test, quizzes, or class work.

there are also many students that have partime jobs. Having afterschool homework club would cause problems if they have to work. Not all students get free time like others, maybe they want to earn money but, they wouldn't be able to if they add a afterschool club. An example, would be if you work around 3:00pm, you wouldn't be able to work because, clubs can be an hour and a half long and usually middle schools end at around 2:30. That is why having afterschools clubs could affect some students.

my final reason, is teachers and students feel tired after a hole day of school. In my opinion they shouldn't add more hours to school, that way they have more time to rest and not worried about school work. Teachers can get stressed because, of students behaviors. An example, would be students not listening to the teacher, that might make the teachers want to go home early. Even students can get stressed by teachers, it can be because, teachers yell to much and students can get headache for that. That's why students and also teachers would like to have more time to rest.

In conclution, they shouldn't add an afterschool homework club because, all students and teachers have other stuff to do that don't envolve school. Having to many hours of school can cause them to have stress and headache for having to do a lot of homework. Also a lot of students have partime jobs so, they wouln't stay after school. Finally, they have other activities to do and they wouldn't make them, if they have to go to the clubs. Remember students deserve their free time and teachers too, so do you agree with me?.",434,8,Female,Economically disadvantaged,Hispanic/Latino,test,3,4,3.5,3,4,3.5,3,3,3,3,3,3,3,3,3,3,3,3,2,4,2.5
98EF05EF3698,Afterschool homework club,"1 topic; i always do homework . the homework look like my job,i do homework everyday with my brother and friends. before i do homework very hard for me . Because i don't understands English,and now i think me good now. I like do homework because it good for me about school and i know little in my life. some people don't like school and homework too because they think it look like the job.

2 topics; at school too many people help me know how do homework and talk . they very friendly with me , because they know me don't understands English. I very happy about that . but now i can do by myself . but i need talk English, write English . and i will to make efforts do good homework .Me too before i don't wan't do homework.

3 ;

I start do homework after school everyday with my friends and brother. because i think do together good for me and my brother too because i can't help him and he too.

4; Some time my class do homework together with my teachers it good and finish early .the teachers he every people when they don't know . sometime at class have a question but every people don't know how answers. we need the teachers help . why every people very like do homework with the teachers.

5 intro ; Me and my brother always do homework together . At my room sometime at class . I help him when he don't know . sometime i do homework in the big club at school. it is a job for me every day .",239,8,Male,Economically disadvantaged,Asian/Pacific Islander,test,3,3,3,3,3,3,3,2,2.5,3,3,3,2,3,2.5,3,2,2.5,3,2,2.5
9F5F9E546CE8,Afterschool homework club,"starting homework club for students and teacher.

teacher are volunteer to help there student inprove in sertting thing like for examply do homework difficulty in certain subject and other more thing.

student should stay to inprove there subject.

all the subject they should but is

1. Math

2. Sience

3. History

4. English all student shoud in prove if they come everyday after school.

but teacher should get paid more for examply 1 hour 30 dollar.

student should take test what they leared there after school.

i stay after school do my homework and finishing work from my class i in prove in math and engish and i will pass in my sol.

most student do like staying after school they think that is a lot of work stay and improve there self in differents subject.

most teacher help student with there work and some teacher are lazy help students with the work to.

homeworkclub will help students finish there homework and in prove in there skill.

the homework classes should be place monday and thursday.

clubs should be helpful for student.

working with your friend in the club well help you in project and school assiments.

doing your homework is important cause it help you practis with your skill and testing day.

being on time to school and after school will help to.

students should work with the most easy to the hardest and they should develop in there reading and other things.

staying for extry suport wil help you to in prove and the all about homework clubs.",211,8,Male,Economically disadvantaged,Hispanic/Latino,test,3,3,3,3,2,2.5,3,4,3.5,3,4,3.5,3,3,3,3,3,3,2,3,2.5
AE9542EB602D,Afterschool homework club,"Do kids really have to stay after school for their homework and difficulties with school work? Studies have shown that one way to improve students achievement is to stay after school with teachers for help. In my opinion, students should stay after school for help from the teachers. Students get to know the teachers more, students can also learn better and understand more. Students can get preparation for their upcoming test.

First of all, students can get extra help from the teachers. If there are students, who cannot focus in their class time, they can focus on their work alone after school with the teachers,with no disturbance. Teachers can also get their school work done. For example, grading papers, putting grades in the computer or mailing people, they need to. Students who are weak in school, can be really good students too, but they don't try. Just by staying after school for a few weeks can make them a brilliant student.

In Addition, students who don't know their teachers, can get to know them. There is always a student in every class, who is always quiet and barely talks, but has a bad grade. They never finish their work on time, turn in work on time and get bad grades in their assessment. They can talk to the teacher alone or the teacher can talk to them about their grades and tell them how they can improve. Teachers are someone who help you make your future, but you have to put your hard work in it too, so you can have a good future.

Finally, students can also stay after school for an upcoming test or the final exam of the year. For example, if you failed in the fifth grade math exam, but in sixth grade you stayed after school with your teacher every week, on tuesday's and thursday's, and passed your math exam, then every year you should stay after with your teacher, so you can improve on you exams score, every year. If you pass extended math, don't stop studying at home. Teachers are always there to help students with their tests.

In conclusion, I think we should have after school homework club, so students can get help for their homework or their test, get to know kids with difficulty's in their class. To sum up, give extra practice to students who are struggling. Some students who plan to go to homework club will feel embarrassed, because they have bad grades. That club can help students and make them a better student. Are students going to pass their assessments and classes by taking this club?",431,8,Male,Not economically disadvantaged,Asian/Pacific Islander,test,4,4,4,4,4,4,3,4,3.5,4,4,4,4,4,4,4,4,4,3,4,3.5
B901DC93CA07,Afterschool homework club,"I think schools should add a after school homework club because its beneficial, It's going to help the students understand the subject better, and it could be help on projects. If students play a sport they can still join the club but they need permission from the coach first and even if you are having a hard time with your homework and you play a sport all week then maybe think about asking your teacher for help.

First, why is this after school homework club very beneficial you asked. It helps you manage your grades and maybe even keep them to straight A's, stay in sports if your coach says you cant have a D to be in the team, and last it can help you with projects that you have to do at home. So next time when your teacher asked for your homework you can't say my dog ate my homework because you actually have it done

Second, how are we even going to help the students you asked well the homework club even helps you understand a subject or maybe it could help you understand a lesson. And no matter how hard your struggling we got your back so pretty much you can trust us in our help. If you join this club it can even make you 10 times smarter.

Finally, If your still asking yourself why are we doing this after school club and that reason is we want all students to have good grades and pass test/quizzes with out a problem. So we are willing to help you guys out if you join our club and you guys try your best. So I want you guys to join the after school club have fun and work hard as a dog that's being trained. And remember if you join you will have good grades.

These are all my reasons you guys should join this club its really beneficial, help you guys understand more subjects, and finally we are willing to sacrifice some time for you guys to have better grades. And remember this club is for students to be helped with basically anything related to school. So come join our after school club I promise it will be fun(in school).        ",356,8,Male,Economically disadvantaged,Hispanic/Latino,test,4,4,4,3,3,3,4,4,4,3,4,3.5,4,4,4,4,4,4,4,3,3.5
BB6A8CB4BC56,Afterschool homework club,"I agree with the idea of having an Afterschool Homework club, because there are student's who have difficulty's in certain subjects or need help to do their homework and projects. and a lot of times this brings students grades down.

An afterschool homework club would be really helpful, for students who have difficulty's in certain subjects, because they can get more practice in the information they didn't understand in class, sometimes students can not understand something, but they have to move on because the teacher needs to teach something different.

on the other hand, there are students who need help with their homework, for example; Math is my favorite subject and I'am good at it, but now there are some topics that I dont understand. and it's hard to complete my homework, because I cant ask anyone at home for help, and this situation is bringing my grade down in math.

My conclusion is that having an afterschool homework club is a good way to improve student's achievement. because they can get more practice on the subjects they have difficulty's in, and get help with the homework or projects, that they have to complete, so they can keep their grades up.",184,8,Male,Economically disadvantaged,Hispanic/Latino,test,3,4,3.5,4,3,3.5,3,3,3,3,4,3.5,4,3,3.5,3,4,3.5,3,3,3
C69811D6889E,Afterschool homework club,"If you are a good student don't read this, this is not for you, but if you are a student that does not do the homework, if you have bad grades or you pass a lot of your time in the phone, you most read this...

Having a after school club could be an incredible idea, because sometimes our parents are not in home, are working, are busy or tired, and if there is no one that it could help us in our homework, we can go to this club to finish our homework or to practiced a subject that we have a bad time. This club can help us to learn more about the subject in which we have a difficulty.

With an after school club, students can finish their homework and turn it back complete to their teachers, this could be an amazing and a good activity for all student, because the students could ask if they have a question or they could ask how to do it if they don't know how to,they could ask to the teachers that are going to be in the club, instead of going to their phone.

An after school club it could help students to don't be in their phones a lot of time, they could go there to read, and that's going to help the students to be more expressive, make them more smart instead of being in their phones.

Some students instead of asking they go to any website to find an easy answer, and that's bad because then you just going to know the answer, but no how you get the answer of the problem, or they just go to any website to find how to do something like a project, or instead of doing heir homework they just get into their phone to watch YouTube videos, to send messages or to play video games.

An after school club it could be better for students and for parents, because parents won't have to worry, if their kids did or didn't do their homework, and the students won't have to worry about a their grades too. This club it could be in the library or in the cafeteria, you could go any time in afternoon, they are going to offer some snacks to you, and the most important thing you are going to have fun in the club.

I'm completely agree with this idea to make an after school club, because sometimes i don't know how to do my homework,my parents work all they and i don't have no one to ask about my homework. If my school make an after school in the future, I would go to finish my homework and to learn more about the subject the I have a difficulty.                                                                                                                                                                                           ",1052,8,Female,Economically disadvantaged,Hispanic/Latino,test,3,3,3,3,3,3,3,3,3,3,4,3.5,3,4,3.5,3,3,3,3,3,3
D06C5D0E60F0,Afterschool homework club,"In what can a after school club help you on.

starting a after school home work club in schools is a great Idea. A after school home work club is a great way to help students that need extra time doing home work or finishing home work, the after school home work club will welcome all the students that need help with homework or that need help understanding some things for another subject, it could be Math, Science, Language Arts, and History, the after school home work club will help you with those classes.

The after school home work club is a great way to help students that don't pay attention in class, sometime students get distracted with there friends or with toys they bring to school, and the toys make them get distracted in class easily,

they could also distract other student's from there learning, so that's way the after school home work club is a good way to help those students that get distracted in classes easily and help them catch up with missing homework and turning in the homework.

If students go to the after school home work club and they keep on going every time to get help with there home work and they could end up liking the after school home work club because the student's will see that there grades are going up, and that they are getting better in a subject that they did not like at first but they ended up liking that subject and they could also say that the thought that the subject was hard for them before but now it is not and they could even say that they thought it was hard because they did not pay attention to the teacher when she was giving dorections.

I think that all schools should have a after school home work club, because I think that theres a lot of students that need help understanding somethings in a class or need help with home work the after school home work club will help students with missing home work or understanding a subject and the after school home work club will help students be more organize with home work and other thing for example getting ready for class in the mornings, having your materials with you, bringing a pencil with you every day to class.

Having a after school home work club in schools will get students ready for anything that come to there way and also to turn in home work on time and also it will get them to like a subject that they did not like they did not wanted to pay attention that subject and the after school home work club will get students to enjoy learning new things for every class they have every day having a after school home work club is a great way to help students get there grades up and for them to like every class they have because if they have good grades that will make them become someone important in the world. ",479,8,Male,Economically disadvantaged,Hispanic/Latino,test,3,2,2.5,2,3,2.5,2,2,2,3,3,3,3,2,2.5,3,2,2.5,2,2,2
D3DB4B90236E,Afterschool homework club,"Studies have shown that one way to improve student achievement is to start an afterschool homework club, and I agree with that. I think that my school should have homework clubs; it would be really helpful, and many students need this kind of encouragement.

Some students have difficulty doing their homework. An afterschool homework club, where teachers and students will be providing help, is the best way to encourage those students; therefore, helping them to improve their work.

Some people might say that a homework club is not going to help, and students need to learn how to do things by themselves; however, the students need help to know wether they're right or not, and if they are wrong, they need someone to show them how to do it right.

Students that usually don't do their homework would be encouraged to do so; they would have a specific time where the only thing they need to focus on is their homework, and they would be on a place where they can ask for help as much as they want, without being judged for it.

An afterschool homework club would help many students improve their work, what will lead them to better grades. That's why I agree with this club, because I know that many people need help, they are just scared of asking for it.                               ",266,8,Female,Not economically disadvantaged,Hispanic/Latino,test,4,4,4,3,3,3,4,4,4,3,4,3.5,4,4,4,4,3,3.5,4,3,3.5
