essay_id,prompt,text,words,seg_grade,seg_gender,seg_economic,seg_race,seg_split,overall_r1,overall_r2,overall_human,cohesion_r1,cohesion_r2,cohesion_human,syntax_r1,syntax_r2,syntax_human,vocabulary_r1,vocabulary_r2,vocabulary_human,phraseology_r1,phraseology_r2,phraseology_human,grammar_r1,grammar_r2,grammar_human,conventions_r1,conventions_r2,conventions_human
0465517EB6B7,First impressions,"First impression is an effect a feeling, a feeling that can be changed, for example ""

love

"" sometimes you can look at someone and think you can be with them forever and love them, because you have that impression that feeling,that they will never do such harm and leave you because they think problems can't get solved but once you noticed that it can, but the other person doesnt see that you can realized that is really worth it, to keep having that person that thinks problems can't be solved and always thinking negative.

At first impression you would think that bad things couldn't ever happened because you were so in loved and so attached then you see that things change. so i think is possible to change your first impression and what you really thought about that person.

It's really sad to believe or think that you were right on your first impression and then you see that it hurts when people leave you because you feel betrayed, you never had that feeling that your significant other would just quit on you and not try to work things out when that was all that matter. ",179,12,Male,Not economically disadvantaged,Hispanic/Latino,train,3,2,2.5,3,2,2.5,2,2,2,3,3,3,3,2,2.5,3,3,3,2,2,2
046ECC91332C,First impressions,"The first impressions are so important. Some people say that the first impressons are almost impossible to change nevertheless, a person can easily change his/her first impressions because, human is a developed creature that can easily keep moving and change the first impressions with his/her ideas and experiences. It should not even be a doubt for the people who already faced this situation and has developed ideas.

Some of the people says that the first impression is important. Yes, it is important. This is your first look to a person or another thing. It is easy to be impressed or shocked. But it is easy to go over it and change it. Almost everyone has their own ideas, not just the person who impresses. Another person can come with better ideas than that person. An average person is developing his/her ideas since kindergarten. Maybe by language, maybe science/math, maybe sports/arts. But almost everyone has their developed ideas. Even if they think that they don't have any ideas,

they are using their familiy's ideas. The person's family helps to create their mindset since they are born.

A person is getting in this impression situation certain times in their life. Unfortunately there are some people who can't keep moving after the first impression. They keep their mind set impressed to that person for forever. But also there are some people that can easily get rid of that awful experience and can keep moving. Because they know that they can easily go over this situation and can change it. Even a person can live like he/she never experienced that moment to keep their mind clear. A person has his/her own idea that could easily go over impressons and change it.

Is there any other way to change the first impression? Absolutely. A person always gain experiences from born to death. Even though the first impressions are confusing and shocking, it is not a problem for people. Because they already experienced this situation. They already failed it or succeed it. It is hard to solve the first impressions that the person faces. But that is the keypoint. By keep failing it they learn how to succeed it. They learn how to go over it. A person never ever should be shy for failing to handle this situation. No one is successful in their first experiences, even in their 10th-20th experiences. This is how a person gain experience and learns how to go over this first impressions. Because they already faced it and went over it.

Yes, the first impressions are important and it could be shocking too. But a person can easily change this first impressions with his/her ideas and experiences. The person already has his/her own developed ideas that could change it really fast, also has experiences that will help to go over the first impressions.         ",453,12,Male,Not economically disadvantaged,White,train,4,3,3.5,4,3,3.5,3,3,3,4,3,3.5,4,3,3.5,3,4,3.5,4,4,4
064423D845B1,First impressions,"are first impressions almost impossible to change?

Some impressions that i have meet, don't change and stay the same as i meet them with time.

Some impressions don't change because for example, their character, their bad past, their sad past and their bad style of life. Some first impressions are hard to change, but some people don't think the same because most people use to change thir first impression a lot with the time. And also, some people think the first impression is almost impossible to change because is the key that is most important in most cases, when you meeting someone, interviewing for a job and showing your values; if you didn't showed a good impression at first time, you missed it. most when that person is living a too good style of life, bad style of life or a bad character is hard to change the first time impression. In the future some first impressions that doesn't change to good, will not help you to figure out works, friends or reverse. In conclusion first impressions are a little hard to change,but it changes over time.",169,12,Female,Economically disadvantaged,Hispanic/Latino,train,3,2,2.5,3,2,2.5,3,2,2.5,3,2,2.5,3,2,2.5,3,3,3,3,3,3
074FA0221628,First impressions,"It has been said that the first impressions are impossible to change. First impressions are not impossible to change beacuase you dont know what someone is going thru in their day. When i started working, one of the guys wasn't been nice to anyone. What i didn't know was he was having a bad day. After a while he started to feel better and being nice to others, and I realize he was good person.

Another example is when i transfer from Generic_School to Generic_School i fougth it was going to be horrible. I have to start from zero like meeting new teachers and new people and knowing the school. After a week the teacher and people i met were nice and good people. I didn't like idea of transfering of schools and leaving the people i know from Generic_School.

For some other people the first impression is impossible to change. Like when companies are looking for people to hire but they want people that are self condifent,hard working,resposible. If a person don't show any good impression in their interview most likely is not going to get hired.

However, people can change impressions over time. Like in the If a person didn't show a great impression in the job interview giving them a change it might change their first impression. I think it is possible to change first impression. ",206,12,Male,Economically disadvantaged,Hispanic/Latino,train,3,3,3,4,3,3.5,3,4,3.5,3,2,2.5,3,3,3,3,3,3,3,3,3
07D5647B11AE,First impressions,"The first impression is always imposible to change; I agree with this statement because most of the time people judge on youas you look and it is always on the mind of the person for example:

the kind of clothes that you had been dreessed, the way that you speak and the face expression of that person.

As, peopple dreessed define their personality. If you have requiered to atttend to a meeting at work with the bosses of your boss, and dressed that is neccessity its not appropiated, they may judge on you and they could said that you are not a proffesional worker, or a formal person.

To get full attention people forgat a good value adecuated at the time of wave, meet, and speak with the other person. One reason is the major or important for people, and is the way the people communicated with others always matter because represent they selfs.

The expresssion with the face when someone meet others for the first time is never forget like when they heard your name, even the smile of the person most of the case represent the character of a person.

All of all, the way that you present with others at the first is how you are going to be remember, but are we good judgen people only for the first impression that we made about it?.                                                                                            ",236,12,Male,Not economically disadvantaged,Hispanic/Latino,train,2,3,2.5,3,4,3.5,2,3,2.5,3,4,3.5,2,3,2.5,3,3,3,2,3,2.5
0BEB8F7F5A64,First impressions,"First impression are very important when you first meet someone. Many people say first impressions are almost impossible to change, but i strongly disagree with that. Majority of the time when we meet someone we already think of them in a certain way, but our judgment could always be wrong. Thats why i believe first impressions could always change.

I believe that first impressions can change the way people think of you. Sometimes people can be irritable or just in a really bad mood because something is occurring in their lives, but in reality that's not how they really are. One reason first impressions can be wrong, is because maybe they didn't get enough sleep at night, and they have to get up early to go to work, or school in the morning. For example, i am not much of a morning person, so when i wake up in the mornings i can be rude, and people might not want to talk to me, but if you see me later in the afternoon i will be smiling, and laughing. Another reason first impressions could be wrong, is because they might not feel comfortable with the people who they are surrounded by, and be very shy, but once you start talking to them they change. For example, my best friend and i used to hate each other. I used to think she was annoying, and rude, and i am guessing she thought the same for me. One day we both started to talk to each other, and i found out we have many things in common, and that we are like the same people. That same day we became the best of friends, now we are basically like sisters. This is why i think that first impressions can always change.

In conclusion, i believe that from now on as we move forwards in life we shouldn't assume what the other person is like, and not to always rely on first impressions because they could always be wrong.",338,12,Female,Economically disadvantaged,Hispanic/Latino,train,4,4,4,4,4,4,4,4,4,3,4,3.5,4,5,4.5,4,4,4,4,4,4
0C1EDBE2EEC3,First impressions,"They said that first impressions are almost impossible to change, I disagree with that. I believe it's possible to change your first impression. First impressions are almost always: wrong, judgmental, or they are assumptions.

I'd like to say that I, Generic_Name, have had first impression on classmates, teachers, and strangers. They usually end up being wrong about that person, and end up being a totally different person than expected.

First impressions are 80 percent always judgmental. They judge the person by what they wear, by what they look like, and by the way they act. I for example was non for being a trouble maker in middle school and when I started my freshman year of high school, I was non as a quiet kid for a while. Reason being is because i was too nerves sent it was my first year in a much bigger school. After a while, my classmates started to get to know me a bit more and realized how much of a troublemaker I was.

Whenever I saw a new need student in the schools that i have gone to, I would always assume by the way they dressed, looked and acted. This year there was a girl, lets call her Generic_Name. Generic_Name would wear hunting clothing, had glasses and looked funny.

One day I made fun of her and she went off on me. She told me her life story and I felt bad and apologized for what I said. Now I look back to this story and remind myself to try my best to not assume too much about a best.

In conclusion

I stilll believe that first impressions can be changed. You just have to open up and express yourself, telll people your life story like if it were a book. ",283,11,Male,Economically disadvantaged,Hispanic/Latino,train,4,4,4,4,4,4,4,4,4,4,4,4,4,4,4,4,3,3.5,3,3,3
0D23E504FBC0,First impressions,"Many people believe it is possible to change your first impression. Since a lot people have bad impression like disrespect and negative thing to say, one can change if you really want to be a better person in the society.

First of all, disrespectful people can learn how to be respectful. So when you meet again your impression can change because you never imagine that they could be an amazing person. As you can see they can have a great respect and change your mind.

Next, if a persons first impressions is negative,they could had been a bad day. You never judge anyone. Some people have good and bad days. They could feel negative because the bad day. So the next time you meet them they could have a better day.

Meanwhile, first impression is negative because is always in the back of your mind so is difficult to see it differently. As you can see the first impression is always part of your natural release.

In conclusion, you never have to judge a person before you meet them. Because they always show that reality as they are and they can change the first impression that you already know about them.                                                         ",223,12,Male,Economically disadvantaged,Hispanic/Latino,train,3,3,3,3,3,3,3,3,3,3,2,2.5,3,3,3,3,3,3,3,3,3
0D65AF80CDE7,First impressions,"It has been said that first impressions are almost impossible to change. People have that dont need take awareness that was insurance their self. Many people think that should be change the impression and attitude than families, friends and the world. However, because every person have indifference dont strive expression are sure and have perspective to be optimist different.

Every person have indifference dont strive expression are sure. For example, my sister dont want go to lives Generic_City and have the impression that dont need because have friends high school. the people just want to be different because dont want change have reasons that people can't change only themselves the people feels that can have more freedom and cant be change.

The people have perspective to be optimist different. For example, I like my personality is perfect but Generic_Name dont like because, she said is something genuine. Nobody can be change because is one same the people want see calm and have confidence was sure in the decisions

It has been the first impression are almost impossible to change, every person have indifference dont strive expression are sure and the people have perspective to be optimist different and Dont can change the people just have resistence.    ",195,12,Female,Economically disadvantaged,Hispanic/Latino,train,2,2,2,2,2,2,3,2,2.5,2,2,2,2,2,2,3,2,2.5,3,2,2.5
0F473C4B0103,First impressions,"First impressions are more effective, and can be enough to break relationships. First impressions are possible to change. People are more knowledgeable nowadays it can not be easy to change their minds. People are not believing anything easily at first impressions. It is possible to change through: speech, proves, and loyalty.

Comparing to past people are more educated. They can convince people back from first impressions through their speech. According to the speech, it describes how his speech was con vincible. ""I got nothing: no power, no money, but my loyalty and love to my country"". (Afghan Presidential Candidate) It explains how speech can change minds. Speeches can be strong enough to win or loss. Speech can be more effective to convince someone back from first impressions.

Proves can be a reason to change first impressions. Nowadays people are not believing easily. They want some proofs to trust. According to the quote, it says how can proofs be more valuable than first impressions. ""I saw the video recording today, and I realized that he is not guilty"". (ACB Bank Manager) This part describes how proofs can change someone life and first impressions. Proofs can be more effective and reasonable to change first impressions.

Loyalty can be the main thing to change first impressions. People can be more close to other people through loyalty. According to the speech, it shows how loyalty can win someone trust. ""I would have not forgive anyone, but since you are involve in it I can change my decision."" (AXC Security co Supervisor) It is hard to gain trust but to be loyal its easy to have everyone's trust. Loyalty can change someone's first impressions.

It is possible to change first impressions. Great speeches can change someone idea and their first impressions. Proves are one of the strong reason for changing first impressions. Loyalty is one of the important reason and can be enough to change first impressions. First impressions are changeable. We can change our first impressions anytime we want. We do not have to take action on first impressions, because it can not be strong reason to decide.",367,12,Male,Economically disadvantaged,Two or more races/Other,train,4,3,3.5,3,3,3,4,3,3.5,4,3,3.5,3,3,3,3,3,3,4,3,3.5
0F8436260047,First impressions,"Some people say that first impressions are easy to change. Many others may say that it's impossible to change your first impression. Many people have experienced this before and there are others who have not yet experience it. I agree and there are many reasons why people may try to change their impression. You might find it difficult to change your first impression because you do not know how others will react to you, you do not want people to remember your first impression especially if it was bad, and you do not know how its going to go.

If you worry about how people will react when trying to change your first impression, it will make things more difficult for you to achieve that goal. Take your chances be confident and do what you have to do. There have been times where people can just look at someone and assume the worst about them. They could be going through a rough time and you may not even know that but you still assume the worst. First impressions may be easy and may be hard to change.

First impressions are almost always remembered,that makes it difficult to change your first impression. No matter how many times you try to change your first impression some people will still remember it. First impressions are important because its how people see you. You always want to make it your best not your worst. Think to yourself about what your going to do before you do it, because many people will agree or disagree that first impressions are impossible to change.

Not Knowing how your first impression is going to be is horrifying. On the other hand it can go great you just never know. You may be nervous about how everything will go things may not be so easy to change. You need to focus on the good things that. will make you feel comfortable and confident. Make yourself feel right before you change your first impressions because as you know there either easy or impossible to change.

Some people say the first impressions are easy to change others will say its impossible. People may disagree and agree with this. People who have experienced this know how hard it might have been. Some may seem insecure by their first impression because you do not know how others will react to you, you do not want people to remember your first impression especially if it was bad, and you do not know how everything will go. First impressions are impossible to change.",405,12,Female,Economically disadvantaged,Hispanic/Latino,train,4,4,4,4,4,4,4,4,4,3,3,3,4,4,4,5,4,4.5,4,4,4
109D8D4A91FC,First impressions,"Some may say it's impossbile because of the impression you left on a person, but people can always change. People can leave multiple impressions other people, its just the person to decide if there willing to see the whole picture. No one is perfect, people make mistakes all the time is a part of being human. From my past experience i've left multiple impressions on people, ""ya people maybe nieve nor stubborn to pay attention to things they want see"". Especailly at a job interview your probably won't ready, alarm didn't work, and 5 minutes late, the manager is think that your a lazy person that doesn't deserve it, but you meet all the requirements for the job. Then can see what your really made of. You may meet people on a bad day and they seem angry that doesn't define a person. People can change so others can as well. People can be blunt off the first impression and every time they you thats the first thing that comes to mind, but you always change the way they think of you. It might take minutes,hours,days,months, or maybe years, but people will always try again and again to get the satistfaction needed. When people are motivated they can do anything. So I don't think its impossible but say it is possible to change the first impression. ",212,12,Male,Economically disadvantaged,Black/African American,train,3,3,3,4,3,3.5,3,3,3,3,4,3.5,4,4,4,3,3,3,2,3,2.5
1721F085F81E,First impressions,"I disagree with this statement because your first impressions of someone or something can change overtime. When you first meet someone you automatically get an impression of that person from the way they dress, or the way they speak basically the way they do things.

Now a days people jump into conclusions, they never met the person, they just go off upon looks. For example say a teenager is wearing all black with ripped jeans and they got their pants down low, adults are going to think that teen is possible a gangster or a thug but thats not the case, thats just the style now a days.

First impression can change overtime, once you get used to something your mindset changes, say you meet a friend and you guys start talking and your friends starts giving you an attitude, your going to assume that your friend doesn't like you so you keep that mindset. Yall start talking again and this time it's going way better, you and your friend are laughing, overall just having a good time now your opinion has changed towards the person.

there was this guy he started to stare at me every few seconds so i thought he had a problem or something but he looked familiar but i couldn't figure out where i've seen him from, later that day he ended up being in my last block class, the teacher made the class work in pairs so i got up and asked the guy if he wanted to be my partner, he said sure and we began working, we started talking about random things until he said ""you look familar"" then he said didn't we go to the same middle school together, then it clicked I was friends with this guy back in middle school and haven't seen him in a long time, after that day we began talking almost everyday.

The first impressions aren't always impossible to change, you learn to change your mind overtime and start accepting things for what it is.          ",336,12,Male,Economically disadvantaged,Hispanic/Latino,train,3,3,3,3,3,3,4,3,3.5,4,3,3.5,3,3,3,3,2,2.5,3,3,3
17D51D57629D,First impressions,"It has been said that first impressions are almost impossible to change. Some people agree with this statement. In my opinion, first impressions are always wrong, and they are possible to change. I have several reasons for my opinion.

The first reason why I dissagree with this statement is because we can not judge on other people from the first sight. Meeting someone and talking to them dose not mean that you know them yet. Some people treat others with different way. For example, if you are close to me and we know each other for long time, I will treat you different than a person who I just met.

The second reason why I dissagree with this statment is because we do not know what other people going through. If you met a person for the first time and this person was rude or aggressive, there should be a reason for this behaviour. Maybe the person had a bad day or perhaps he is going through rough situations. You should think about what you are going to do if you were in the same position. That is why I dissagree with the statement.

In conclusion, I'm against the statement that says the first impressions are almost impossible to change because we should know the person well before we think about any impression. In addition, everything could change and nothing stays the same.",225,12,Female,Economically disadvantaged,White,train,4,3,3.5,4,3,3.5,4,3,3.5,3,3,3,4,3,3.5,3,3,3,4,3,3.5
19864CA2672E,First impressions,"People said that first impressions are almost impossible to change. However, I think is possible since people learn how to change their impressions even that is their first impression like kids impressions change when they become a teens. Also, it is a brain game that needs practice for many years to improve their first impressions. Men and women has different impressions or simler that is the big challenge specially for a new couples.

First, Innocent child impression change when become a teen. My younger sister was hard to control her impressions like screaming front of people or portending that she's not lessening to you. However, now she's yang teenager growing and learning about her new impressions and how to change in the future.

Second, Men and women has different impressions or simler that is the big challenge specially for a new couples. People analyze that difference impressions between couples cause many problems for their parents or their children. My parents life was a big lesson for me because they are opposite each other like ""Tom and Jerry"". I'm sure that every body knows how much Tom love Jerry.

based on my ex",179,11,Female,Not economically disadvantaged,White,train,2,2,2,3,3,3,3,3,3,3,2,2.5,3,2,2.5,3,2,2.5,2,2,2
1A17F32415FD,First impressions,"First impressions are almost impossible to change because it's the first image that I give to the others, what other people think about me , people are going to treat me as I treat them the first time and no one is going to change his mind easily

First impressions are important, because thats how the the others around see me, because after the first time that they see me, that is the image that they have about me, and if it is a bad image ,thats how they are going to remember me every time that they see me, even if I am not like that , like if a was having a bad day , and a was grumpy , they are going to think about me as a grumpy person, even if I am a happy person, but that is the image that they are going to have about me.

whats people going to think about me depends on the first impression that I gave them, because if I gave a bad first impression , but then I am trying to be nice with them , they are not gonna believe me, because they are going to still thinking about me as a bad person and they are going to think that I am lying.

After the first impression I am always going to get what I give ,I am going to be treated the same way as I treated others the first time , making more difficult to change their minds about the first impression.

Is important to keep in mind that the others are not going to change their mind easily , but it is not impossible , if a person try really hard and with good intentions , the other person maybe can change his mind about that first impression , but sometimes a person does not have to do anything to change that first impression , someone can change the first impression by his actions , even if is from a bad impression to a good impression or from a good impression to a bad impression, but it is possible.

first impressions are really hard to change because the first image a person gives, what others think about me after it, and they are going to treat me the same way as I did with them , but it si posible to change.",371,12,Male,Not economically disadvantaged,Hispanic/Latino,train,2,3,2.5,2,2,2,2,2,2,3,3,3,3,2,2.5,3,2,2.5,3,2,2.5
1BA1FD29BF69,First impressions,"It has been said that first impressions are almost impossible to change.

I agree that the first impressions are the ones that are impossible to change, because impressions from other person can make you feel proud for that person, and impressions from other people about you can just make you feel good and happy for what you are doing, for your hard work.

Reason of why the first impressions are impossible to change, is when you find those negative and envy people, that does not want you to be successful in life, and when the time came at your favor and you start to begin success in life, there is when you start to see those good impressions from those negative and envy people, and that just can make you feel happy and proud for the hard work that you did, that is why is almost impossible to change those impressions, because not matter what you showed them you always looked forward, but still don't hate them, love them as God loves everyone in this world.

No matter what give good impressions and show them, let them know that they are working hard, people who works hard deserve good impressions, make them feel proud for what they are doing, and also no matter what give good impressions, show people how hard worker, how positive, how respectful person you are, show them that you always look forward not matter what, so when other people talk bad stuffs about you, your ones does not going to believe or change those good impressions from you, because you already showed them that good impressions you keep with you...",264,12,Male,Economically disadvantaged,Hispanic/Latino,train,3,3,3,3,2,2.5,3,3,3,3,3,3,3,3,3,3,3,3,4,3,3.5
1C31DA60C28D,First impressions,"It has been said the first impressions are almost impossible to change? It is possible for a human to forget his/her first impression because all human forget. we easily forget small simple things for example people can just do stuff and later on in the day and forget about it easy. Many people can't remember there first childhood friend so am against that first impressions are impossible to change it is possible to change. Am against it myself I forget everybody forgets things but not all of us do but a lot does.

Sometimes we purchase things and forget that we did tell we see the package in our doors or mail box then we gonna realize that we purchase something and forget about it. Is the same way how you can forget about your first impression. I myself can't tell who was my childhood best friend or my first dogs name. a lot of us don't know when we got married with our wife or husbands a lot of us don't even know some of our grandparents names is lot if things that we easily forget in life so easily.

Am against it because i so it my self people forget easily a lot and there will be no human who will stand and say i don't forget or i know everything in life all what i have learn since my childhood life i can still say it and tell you all about it that is not possible. A lot can say stuff like that will not be able to do or say about it. There is no way that you can remember your first impressions there is no way. a lot maid think they still remember it but they don't your mind gives you that like i can remember my first impressions then you think about it you can't ravel it. So no to that ",281,12,Male,Economically disadvantaged,Black/African American,train,2,2,2,2,2,2,2,2,2,2,3,2.5,2,2,2,2,2,2,2,2,2
28930E0B8820,First impressions,"It has been said that first impressions are almost impossible to change. I agree, The first impressions is the main idea of a relationship. Went you meet a new person you got to show your best impression be respectful, helpful, and have some good attitude.

The first impression is something the you can't change later on the future,because is something the you make or the other person make. On your first impression you need to give your on personality you done want to act different, because then later you going to want to change and you going to make the other person think different about you his going to think you not the person the her knows.

The first thing you show on the first impression is respect. The way you act around the person, things the you do when you with the person, The language the you used around the person.

Also you need to be helpful for the person, show the person the you care about it. Help one each another, and work together. Be happy around the person, your first impression is the one the is going to show your personality.

Also have the person talk about her life. Let her know you wants to know a little more about her, tell her if she need something let you know you always going to be there for her. Make her feel like she won one person not the she have something the is going to rude is life.

All those small things the you make wrongs on the first impression can cost you everything the you ha've been done. Just try to do your best because the first impression is the one the make everything happens.

The attitude is very important in the case , you have to give your best at the first impression.

If you do everything good on your first impression, you going to be fine. Just be happy, respectful, and have a good attitude. All this things can make your first impression wonderful for you and the person you meeting.

But also you need to show your original personality because you don't want to show your opposite.

Everything you do on your first impression is the one the you need to keep with the person, because you don't want the person to leave just because you show something different went she meet you. want to be the same because the first impression is the one the make the relation work.

For those people who think the first impressions don't matter that's a lie because everything you show on the first impression is the one the support your relationship.

If you did everything good one the first impression and now you not doing the same as you stared your relationship is going to be pretty bad. But if you did everything good and you still doing the same everything is going to be fine. Just do your on personality and you don't have to worried about change your first impression.

The way should agree with the first impression is the you can't change what you make at the first impression. Even if you trying to change you always going to remember you ready have goon through the first impression so you always going to have on your relationship.

All the respect, help, and attitude on your first impression is worked you just need to bring all your personality together and your first impression is going to be the fantasy.    ",543,12,Male,Economically disadvantaged,Hispanic/Latino,train,3,3,3,3,3,3,3,3,3,3,3,3,3,3,3,3,3,3,4,3,3.5
28C8F048A469,First impressions,"It has been said that first impressions are almost impossible to change it, should people can change their first impression or people can not repair their first impression. However many people think that first impression are impossible to change, people can change their first impression, if they knows more about each other and if a person is passing by a struggling in their life.

People can change their first impression if they know more about each other, for example if a person that meet another at the mall they will have no time to talk about what they like to do in their free time because they has to make their purchases and my friend Generic_Name has a story with a girl that he likes, he said that was difficult to talk with her because that first time he talk to here was in the lunch line and she was hungry so she dont even pay attention to him, one day both of them have detention they star talking and meet more about each other, people can change their first impression if they give the according time to each person.

A person can fix his first impression if that person was no notified about what struggles was happened the other person that day, for example when the Algebra teacher meet Generic_Name, he said that Generic_Name was quiet because Generic_Name do not like talk to much, one day Generic_Name said that he just come from El Salvador and do not speak too much English and a person that has lost a family-member if someone tried to meet him on those days anyone will be said that he's must depress or sad because non of them know the truth. People can not judge other just in one day.

For decades people has been said that first impression are impossible to fixed. A person can change that first impression if they share about their hobbies, characteristics, and tastes and if that person was no in a good mood that day they meet. People around the world judge other just because they talk for one minute or people never ask what was happened in life of the other person. In conclusion a person can change first impression.",356,11,Male,Economically disadvantaged,Hispanic/Latino,train,3,3,3,4,3,3.5,3,3,3,4,4,4,4,3,3.5,3,3,3,3,4,3.5
296B1DD1E251,First impressions,"Do yo have a good impression? I am agree, the first impressions are almost impossible to change, because I feel that the first impression is important for everyone. There are many people that do not show how really are, and try that everyone love them, but at the end they show how really are and everybody move away. The first impression said everything about us. I believe that, If you show them everything about you, the people will love you how you are and they will trust on you.

Always we need to be honest with you and with the people. My ideology is be honest with yourself and do not show something that you do not are, If you want that everyone show you how really are.

I always show how I am friendly, lovely, funny, charismatic with everyone, and also try to help when someone need me with my knowledge and capacity. One of my experience is in my work, every single day new employees go to work in the store and I always help them to know how the store need to look like, and also with the customers I always smile, because I show my first impression with them, and I feel great when the customers saw me with a smile and they said: Hi, how are you today, it is good to see you and have a good one. I have few months working in the store, and I feel comfortable with everyone, because the customers do not know you enough, but they trust on you and they tell you something about his life, and with the rest of the employees we pass fun, We are like a family and we help us ourselves.

In the school is a little bit the different, because in the school I am shy, I do not talk with anyone just with my best friends, but I always show my emotions, enclose with the new people in the school, but sometimes they pretend be good at the first time, but with the pass of the time they have different attitude. That happen to me around 2 years ago with different person, the first person I knew her in 9 grade, when the both was new in the school, We became friends and everything we did together, but She change with the pass of the years, in summer another friend and his sister told us what she talk about me and my sister, but I always be honest with her and friendly and she showed me something different than the first time. Then, with another girl was a little bit the same, because she had jealous for my sister and I to had good grades and be active in the school the last year, but she always had bad grades, and We tried to help her but she never wanted, then with my sister and I move away from her because she was friendly with us but she was a bad friend with us.

I feel that we need to show always how We are not matter what everyone thing about us. Sometimes is good a new change in our lives, but never changing you essence. Something that I always do is think about my weakness and how can change it to a positive way

Finally, I think that We can be success in the life, the first impression will open many opportunities in the world, I know that the good person are these that show a good attitude when you know it the first time, and something in your heart told you that you knew a good person. Everyone will have present that they can trust in you and they will feel great to know a person like you. The first impression is always a good one. Many people do not know me and they think that I am conceited just how I look like and they do no take the time to talk with me or just smile me. My point of view is each person need to empathize with everyone know more people try to make new friend but always show like we are.         ",694,12,Female,Economically disadvantaged,Hispanic/Latino,train,2,3,2.5,3,2,2.5,2,3,2.5,3,2,2.5,3,3,3,2,2,2,2,2,2
2A7997AE8E72,First impressions,"A first impression is almost impossible to change? I agree with this statement because what i think a first impression is that it's your first time presenting yourself to people for the first time. Those people who you are present yourself too, are getting to know you for the first time. It is very important for example, applying for a job can show the interviewer you can get hired based on first impressions and also it can be for making friends too. In English 10 I did a interview and when it was time for me to go and get interviewed i had to shake the persons hand and said good morning. During the interview the person was asking me question and I answered the questions politely and after the interview i got a grade for it. The first impression are very important in an interview because they are the things you are going to get hired for in a job interview. My experience with the interview went really well and now i know that if i ever apply for a job i got to be good enough to get hired. ",184,12,Male,Economically disadvantaged,Hispanic/Latino,train,3,3,3,3,2,2.5,3,3,3,3,3,3,4,3,3.5,4,3,3.5,3,4,3.5
2BE11993FB5F,First impressions,"It has been said that first impressions are almost impossible to change. I personally disagree with this statement because, many times i have been told that i have a bad first impression the first time people see me, many people say i look mean and with a bad attitude. However, i do not have an attitude when people are friendly or speak me.

New research says that it is far easier to loose a good reputation, then to gain one. Which is true, but you would never know how is the other person until you speak to them. You cannot judge a person by the way they look, speak or drees. For example, couple of years back on my first day of school, in the United States, people would judge me because, they thought i knew English, and when they would speak to me, i would put my head down and not say anything, months later i learned english and knew how to have a conversation with them; Not long a long, i had a person come to me and say; I did not thnk you spoke english, because i remember back in 6th grade, you would not talk. He changed the way he thought of me when i started having a conversatiomn with him. Perphas, You can always change you first impression.

First impressions are clearly not the best ones, but we can always make a choice on wheather change them or not. I have experienced many first impressions. However, i have always told myself that my reputation does not depends on how others see or think of me, depends on how i see myself. Only ourselves have the choice to change our first impression.",270,12,Female,Economically disadvantaged,Hispanic/Latino,train,3,3,3,4,3,3.5,4,3,3.5,3,3,3,3,3,3,4,3,3.5,3,3,3
2C94D8BCF2F9,First impressions,"How can we judge a person without know that person?

In the world there is many people different races,different social levels but everyone on this society is the same.

The people can be really nice if you take the time to know them.

When a person take enough time to know you and try to make a god relationship with you it would change what he or she thinks about you it can change his perspective about you, Some societies judge you because dont Know what kind of people you are and that is because those society dont take the time to look your personality they look at your society conditions and that is bad because it doesnt describe you. In addition if a person is at the lowest point of the society we dont have to judge how munch money they have we got to analyze his personality.

An example of this is like when somebody get into a store and that person is not wearing clean and good stuffs we dont have to say that person is a drug addicted maybe that person came from his work to buy something for wife that is something that we got to think.

The society can not classify anybody or generalize .

All the people has different kinds of mind some people say that the poor people is not educated that they are animals just because they heard something bad about them. That is wrong because all the people is not the same as god people is on this world, bad people is too maybe because somebody did a bad action all that kind of his people is bad too everyone is responsible by his own actions.

An example of this is like when a Mexican make a mistake doesnt mean that all the Mexicans are bad, that action says that he was bad but not everyone was bad.

Another big example is Generic_School in this school there is many Hispanic people as i, just because a person did something bad doesnt mean that all the Hispanic people does that too.

If we help we can change a bad perspective about a person.

All the people always got his own problems, some people is going throw bad moment, because we are humans we are not machines that make everything perfect.

an example is like when somebody had a bad day and you see that person by the first time in your life then that person do something wrong we can not say that person is a dumb just because he made a mistake we can not say that about somebody else, we can help that person talk with that person and provide our to the person who need it that will help to change our perspective and success as a person.

All the people has to have a second chance.

The society that we are is a society comprehensive where you as person can make everything possible, you give a second impression about yourself even if you did a person that gave a bad first impressions.

An example of this is when a person go out from the jail(everybody says that the people that come from the jail gonna be bad but i don think so,maybe that person went to the jail because he made a big mistake thats bad yes)and that person try to fix his life and try to make himself a god person for the society i as person would give a second chance to that person to show me that he changed a wanna success on his life, that would be really nice.

Conclusion:

Everyone can change his first impressions of a person giving a opportunity to show that he is a god person even if he did a mistake he would be god for the society. ",597,12,Male,Economically disadvantaged,Hispanic/Latino,train,2,2,2,3,2,2.5,3,2,2.5,2,3,2.5,2,2,2,2,2,2,2,2,2
2EEEE9C5E227,First impressions,"Are first impressions impossible to be changed? It has been said that they are almost impossible to change. Most people tend to agree with this statement, but what if they are wrong? I personally disagree and believe that there are ways to make impressions change. It's all about giving the person the opportunity to show and see who they really are.

First impressions are judgments we made before getting to know the individual. These impressions can be on favor or against the person being judge. Thinking on ways to make these impressions change, I have found some good ways and these can be; getting close to the person, asking to their close friends about them, asking teachers or other adults. All this based on my life term experiences.

Getting close to the person meaning; talking to them personally, this could make a big change on the impression been transmitted the first time you saw the person. By talking to the person you will find so much things and probably things of your interest. When talking to a person you are making judgments in your head, but your mind always changes from what you thought this person was before.

Asking to their close friends about them is a risky but also a good idea. Their friends know them better and can provide a good opinion on them. When asking their friends, you should make a comparation on all of their opinions, this would help to know this person's circle. Social circles are very important and most of the time define a person's being. Knowing this person's circle will change that first impression on their social side.

Asking teachers or simply community adults will help a lot to change that first impression. Maturity level is something we always judge when comes to impressions. Teachers will tell you what is this person attitude at school. Community adults will tell you how does this person behaves on their everyday living. Whether you find it positive or negative, opinions definitely make the first impression change.

People say that first impression only last a very short moment, therefore it can't be change because it's just flash judgment on a person. On the other hand we have people like me that believe that as long as you have not contact with that person's circle, you are still in the first impression and it can be change. Getting to know an individual, Talking to their friends, and others adults' opinions are all first impression changers.

Overall first impressions are possible to be change and we need put these steps on play. If we would to follow these steps we would not be hating on each others and will live in a better world.",442,12,Male,Economically disadvantaged,Hispanic/Latino,train,5,4,4.5,5,4,4.5,5,4,4.5,5,4,4.5,5,4,4.5,4,3,3.5,5,4,4.5
306796D0279E,First impressions,"I disagree with this statement because people can show the oppositive to the attitude they showed before. And they can show no a good way at the first time for some good reasons; maybe they are shy, or have had bad experiences with a good group of people.

Sometimes the people can think a person who saw for the firsrt time and saw he or she needed help and the person didn't help is because the person did't want to help but is because the person is no extrovertive and think is no a good idea to ask.

Sometimes a person says ""Hi"" with a good tone to a person who saw for the for the first time and the person respons with no a good tone and the happens the same thing with other person, then the person no is kind like before, and when see other person doubt if say ""Hi"" with a good tone, and when they are meeting each other the other person relize the person was so kind before.

;",166,12,Female,Economically disadvantaged,Hispanic/Latino,train,2,2,2,2,2,2,2,3,2.5,2,2,2,2,2,2,2,2,2,3,2,2.5
30DDC17D2986,First impressions,"First impressions are very important but could they be changed?. Yes, yes they could be changed because first impressions don't justify who you are as a person and some people don't act the same when you first meet them. However some people are really judgmental about first impressions and could block off any type of relationship they had with you being job related, maybe girlfriend or boyfriend, and friends.

First impressions are serious which drives a lot of people insane. Because they don't know how the people are going to react to them but, its okay that doesn't define who you are as a person. A great tip of advice is being able to read a room that means how people are acting in certain time and place. Like whats the vibe and mood if you should be more relaxed, goofy,serious etc. If you can read a room first impressions will become a lot easier because you will know how to act.

But that's not the only way to have a good first impression most people dont act the same say on the first date,its probably going to be awkward and silent because you dont know how to act verses seeing someone for the 5th time. You know what to say, you know how to have an okay conversation. But dates arent the only situations that first impressions fall into. Jobs, jobs are the biggest make or break for first impressions from experience you can't be nervous and just be real you dont have to act differently. If your job takes you for what you have then its a great job.

However first impressions are very very judgmental. Some people take first impressions over anything because its the first glimpse they have of you and how you act as a person. And if they dont like you won't give you a job or another date depending on the situation. And there is nothing you can do about it. not even getting the chance to change the first impression. So is it hard to change a first impression yes,but its not impossible.",329,12,Male,Economically disadvantaged,Hispanic/Latino,train,4,3,3.5,4,3,3.5,4,3,3.5,4,4,4,3,4,3.5,4,3,3.5,4,3,3.5
3137C16C109D,First impressions,"The firts impression are almost impossible to change. Do you think the first impression are almost impossible to change. Although some people think the first impression is imposible to change. actually is true is impossible to change.

The first impression is impossible to change. for example, when a friendo surprise me my first reaction is smile because, I fill so happy, exiting in this moment you maind no think in what happen arrond you first, the reacction when someone surprise me oh my God that is beautiful becasue, I never think one member of my family do something for me, secound reaction or impression for what is impossible to change is how you filling in that moment, what will be your first words, people see this in you that is soo exited becuase is the first impression nobody chage this becuase is my life my decitions. third when someone surprise me a bad day change in a good day, my family, friends or a girlfriendo do this

I never thing in the problems or in what situation I'm, oh men thisi smile nobody in this world chage how you filling when someone special in my life is whit my nobody change that moment soo special.

my conclution is when you have a bad day someone special in your life and traid to surprise this impression you never forget, The firs impresion nobody change. becuase is part of my life, the first impression is a good reaction becuase your happy, if you has a bad day that surprise changed the moment fot a good moment a momente with you not thing in what happen around you or in problems and this is my conclution for what I thing to the first impresion.                 ",300,11,Male,Economically disadvantaged,Hispanic/Latino,train,2,2,2,2,2,2,2,2,2,2,2,2,2,2,2,2,2,2,2,2,2
331D60E145C4,First impressions,"One time in high school I met a teacher who looked like a mean person and who didn't like to interact with students or explain over again the stuff that he taught, so I went to talk to my counselor about if there were any possibilities if I could change the class, but she said no. After a while of taking his class, I realized that he is a very good teacher and a very nice person because every time I asked him for help, he would always tried his best to make me understand the topic and do good on my quizzes/ test. It has been said that first impressions are almost impossible to change. Some people say that you can know someone's character by just the first impression. First impression are possible to change because they might had a bad day, and you always have to know the character before in order to judge it.

People all over the world are always going to have bad days, and that's normal because life consists on having good days and bad days; if you're having a bad day, of course you won't have a good attitude towards people. For example, some people can have problem at their house, work, school, etc... and obviously that's going to affect on their behavior and they might treat you good or bad, it depends on the situation. When you first see someone and they seems like a bad person, that doesn't mean he is a mean person; he can just be having a bad day or something bad happened. In order to judge someone you have to know the character first.

In life you can't be walking judging people just because they did something or just by their looks. For example,The majority of the population in the whole world knows the saying ""

Don't judge a book by its cover

"" this meas that just by looking at person from his outside, doesn't mean they are going to be like that on the inside. People might look either a mean person or a good person, there is some people that look like they are a good person and that they have a nice behavior, but at the end of the story they might do you wrong and you are going to be the one losing by trusting the person by just thinking they had "" a good personality""; However, there is also the people that looks like a ""bad person"" but some of those people can be nice from the inside, and you might need help from them at one point.

In conclusion, first impression are possible to change because people might be just having a bad day, and also because after you get to know the character as they originally are, then you are going to start thinking differently about that person. It's important for you to know the character first before you start judging that person, because you never know if that one person that you rejected/judge at the beginning, can be the person that you need the most in the future.       ",501,11,Male,Economically disadvantaged,Hispanic/Latino,train,4,4,4,4,4,4,4,3,3.5,4,4,4,4,4,4,4,3,3.5,4,4,4
35D983476332,First impressions,"Dear. Reader's

It's all my pleasure to be writing this answer, thank you for give me this opportunity to express my opinion and ideas based on my experiences. Even if my answer is agree or disagee; i believe that the life is short and you never know when is going to end. The first impression too but in this case we can know when is going to finish because is a big different between this two. I'm disagree with the statement that the first impressions are almost impossible to change, i believe that we can change the first impression but not in one second i'm gonna tell you some reason the i feel with my experiences that i want to know you.

First, ""the first impression the you receive is very important"" Well i'm not sure of that but is something that other poeple say, so we can think that for one moment maybe is true; because for some people is important the what other people think about them so put this case and the table and start think why base on my experience i""m not going to say that is true but i can give you one reason that i think. Well is depent the who is the person because if is a boy who you like you wanna receive a good impression but if is not pass the time you or him can change the impression because now you alredy know the person the boy the point is the time why? because the first impression is a second but also you can change pass on time.

Second, the impression is how you look like or the expression on your face good we find another point because is other impression the we can change and you gonna think how well this is a situation before one year ago i was talk with a person and she look in the first mad, but she wasn't mad the face of her was express mad but she wans't pas the time more and more my so my first impression was the she was mad now i think the oppossed of her

The time is the words more important in the life that we can stop or pass and also we can forget because his live in our life but the impression is something the we can forget the we can pass and something the can't lived in us because is something that we can change is something that we can move.

In conclusion everything is based on time and if you ask me that if is a possible change the first impression i'm gonna say yes because you never going to forgot the first impression the you receive from other person but you can also change later and your mind or in your background. Always we can change something thanks for everything.",461,12,Female,Not economically disadvantaged,Hispanic/Latino,train,3,3,3,3,3,3,3,3,3,3,4,3.5,3,3,3,2,3,2.5,2,3,2.5
3ADC97CB1DB6,First impressions,"First impression can change. Most of the times they do change. It's rare for someone to act the same once you've met them because eventually they change. Nothing really is the way it seems to be. When it comes to first impression its always important to act a certain way. Everything changes , people change, things change eventually.

When it comes to first impression people always change. Sometimes when you meet someone they always want to seem kind to the other person for them not to think anything bad of them but good. When you go into a job interview you want to dress appropriately, you also want to act appropriate, and respectful with the other person when that may be out of your comfort zone. Some people can change in a relationship they act all sweet at first but then one day they'll just switch up on you and act different and be different from when they first met the person. Most of the times thats always the case people just act different from what they got in their first impression.

Nothing seems like the way it should be. Meeting people is nice but from what you can gather from the first impression is not always enough. I've met people who have thought i was mean because of the way I looked that was their first impression on me but then they said when they started to actually have a conversation with me and actually talked with me they realized that I was really nice and not mean. Thats the thing about the first impression it always changes. People can look at certain way but act completely different. I like to dye my hair different colors some people find that intimidating because of how I look but i'm a nice person I love to meet people and talk but it may not look like I do.

Meeting people is an important thing in life. Everyone is always meeting people which means first impressions matter. When you meet someone you dont want them to hate you, you want them you like you. You have to act nice and polite even if you are not in the mood to be nice or even if you're the meanest person you have to be respectful with others around you. You change the way you are most people do it and dont realize that they do change from when they first were with the other person. I've met friends who i thought would do good for me in my life because of my first impression with them but turned out to be toxic and bad for me. When you see a rose it beautiful, it has a beautiful color to it, it smells good bur when you want to grab it there are thorns and it hurts you.

In conclusion things arent always the way it should be. Everything changes , First impressions always changes it's possible. It takes times to sometimes notice the change but people do change from there first impression .",496,12,Female,Not economically disadvantaged,Hispanic/Latino,train,4,4,4,4,4,4,3,3,3,3,4,3.5,3,3,3,4,4,4,4,4,4
3D3C80EF2AAA,First impressions,"""It has been said that first impressions are almost impossible to Chang"" i agree with this quot, for three reasons.

First, when you meet someone and you see how they act you get those feelings about them if it was hate or love. Second, you may never meet that person agean, so the way he act this one time is gong to make you judge them. Third, or even if you see them every day the way they act toured you give you thats feelings that never will Chang toured them or your impressions. Finally,that why you cant Chang your first impressions.

Those feelings that you get turd that person, if it was love or hate is because of the way they act.

For example this one time i met someone and it was my first time meeting him so i did not know what to expect from him. After talking to him i did not like the way he talk or his personality so my impressions for him was not good and i never Chang the idea that i took of him. I never met that person aegean in my life. Thats why when you take that look at someone you never chang your mind.

changing how people think is hared ",286,12,Female,Economically disadvantaged,White,train,3,3,3,3,3,3,2,3,2.5,3,3,3,3,3,3,3,3,3,2,2,2
3D72844EC5B0,First impressions,"Well, I'm desagree with this statement, because no always your first impressions of something it's impossible to change. Sometimes you will have a lot of impressions of people,things,or animals..However some percent of humans can not change their first impressions ,because they think that ,they are sure about their impressions , and there is when your mind has to change,so you can check first to make sure that yours impressions are rights,and I will support my response putting myself like a example; One day , I was at my house doing some work out ,and then I started to having some strainghts impressions, That

I had the impressions that my girlfriend was cheating ,with my best friend, so I get mad ,because that impression was to difficult to believe, also you have to be carefully, when you have a bad impressions of someone, you have to know how reaction will be. Also you have to make sure that yours impressions is right, so I called my girlfriend and we had a long conversation , but the thing is that I did not know , how tell or ask her my impression that I had with her and my best friend, however I was trying to change my impression, but my mind and my brain was confucing, because that impression can put me in problems with my girlfriend or somebody else, so the thing is that I did change my impression ,knowing that not all your impressions thyat you think are rights, some impressions that you get sometimes, it's because you are not sure about something, or you no truths in that person who make you have a bad impression. My point of this statement is that the first impression it's possible to change, in the way that you, always will have a good impressionas or bad impressions, so on my example is that sometimes you have to keep your impressions and just let the things happens or like passing the time you will know if your impression was right or not. Now, when I have impressions I keep for myself, that is one of the ways to change your first impressions, because that help me on my first impressions.",353,12,Male,Not economically disadvantaged,Hispanic/Latino,train,2,2,2,2,2,2,2,3,2.5,3,3,3,2,2,2,2,2,2,2,3,2.5
3E170458E9A1,First impressions,"I

disagree that first impressions are almost impossible to change because the people may still get used to the place and take time know get how around work-

site and they can get loss on know we to go ,

the can have a bad day we thing happen like they car stop work and there have to ride a bus there but there traffic on the road were job site is, the can have disable that make the slow at do the work and it made take time to finisher the work,

and that why disagree we first impression are almost impossible to change but we all have bad day and other may still get use to the place and fewer have disable that we have to live with life forever but do hard work , never gave up,

a map in your phone to so you no we you go or get use to the place and one your boss may gave you a raise or you can be the next boss.",160,12,Male,Economically disadvantaged,Black/African American,train,2,2,2,2,2,2,2,2,2,2,2,2,2,2,2,2,2,2,3,2,2.5
3E6C6F1FE64D,First impressions,"Imagine going to school and it's your first day back from summer vacation and you walk into class with a weird impression that some teachers want to change because they know you can change the way you act or talk to other people. I think first impressions can be change because there are people that struggle to show how they feel so they have this mean impression towards people the cause of it might be parents divorce a lot and a family member passing. Some resources say that 50 percent of the population tend to give students or parents an impression that is either showing how they feel towards something.

Firstly, changing an impression might be a challenge for some people but they said its impossible to change in my reasoning I think it's possible to change someones first impression. You really can't give someone an impression if you don't know anything about them or if you don't know them. You can't always say ""oh their so mean"" until they know your background. The reason I say that is because most of the time it's true most people would give an impression towards new students at school, but they don't know anything about the person. In reality, I disagree with first impressions are almost impossible to change because you can change that impression that people tend to have on there face.

Secondly, there are other ways you can show your impressions if you don't want to show them. The first one is that you need to try to befriend them and make a conversation you never know you and that person might have a lot in common that you just didn't know to begin with. Your impression doesn't judge but it's the way you show it because sometimes it led to making new friends, having good grades, and making your own decisions in life sometimes.

Thirdly, I think impressions can change because nobody said anything about ""anything isn't impossible "" but a lot of stuff is possible if you believe there is. My reasoning to this prompt is that if you don't try hard enough to change the impression you have on your face then how can you make friends or how can you ignore what people are saying about you . Everyone can change especially their impressions you just keep trying and get to know the person.

In conclusion, I think first impressions can be change if you act right towards people and how you treat others with your impression. Nothing is impossible if your don't try to change it or if you don't try to make a way to get people to be on the same level as you in the end. So I totally disagree with this prompt for saying that first impressions are almost impossible to change. ",444,12,Female,Not economically disadvantaged,Asian/Pacific Islander,train,4,3,3.5,4,3,3.5,4,3,3.5,4,3,3.5,4,4,4,3,4,3.5,4,4,4
3E750EB9F5C5,First impressions,"I disagree beacuase anyone can change there impression anytime. If you don't like someone and your talking to them your impression won't be the same, as your impression to your family.

some people disagree because anyone can change there impression anytime. Like when have you seen someone impression the same when they gift them a toy then when they give them a book. Some people will agree that impressions dont change but you can fake your impression anytime.

other people will agree because some people can show the same impression anytime. there wrong because no one cant have the same impression everyday. Some people fake a smile every day and when they get home there down and crying a lot. other people that agree that people can have the same impressionthey gotta look at it from another point of view.

disagree beacuase anyone can change there impression anytime. If you don't like someone and your talking to them your impression won't be the same, as your impression to your family. other people will agree because some people can show the same impression anytime. there wrong because no one cant have the same impression everyday. Some people fake a smile every day and when they get home there down and crying a lot. i think no one have a good impression everyday            ",208,11,Male,Economically disadvantaged,Hispanic/Latino,train,3,3,3,3,3,3,3,4,3.5,3,3,3,3,4,3.5,3,3,3,3,3,3
3E9DF0451049,First impressions,"I agree to the first expression, because it has meaning behind it,

and it makes alot of sense.

and its possible for it to change.

my life was complicated at first, but I always thought of a solution to escape my problems, as when I was little my life was a living hell, I always got laugh at, even if I didn't had a reason to get laught at, so I saw through my life and thought theres was a reason to live anymore, but then I ask people about there life, and they told me everyone love them, and that hurt me very much, so I gave up and didn't ask anyone for help. until one day. one person in my class told me if I was okay, and I responded back saying, ''I want to end my life'' and he in tears, gave me hope and told me if I wanted to play soccer in his team, and I told him, I will think about it, and after the day pass, I became a new member of his team, I practice so hard, his coach saw in me potential and told me I should be the captain of the team, and it made me so happy, I started asking my parents to buy me stuff like food, and stuff I needed for traveling with the rest of my friends, so then the days pass through, and I woke up so bright, I couldn't wait to get ready to travel with my friends, so when I arrive to the school, I started practicing and getting ready to play for the team, then I saw behind me my team with a soccer ball, to get ready for traveling, when we started packing up, we saw this huge bus that was so cool, even a giant could ride in it, so we ran as fast as we could to the bus and I got the first seat in the bus, so my friends got jealous of me, and start throwing papers, but I was so happy I ignore the team and started thinking of the soccer championship, then waste my time fighting for nonsense.

the next day we all woke up and the bus stop us at a food shop, were they sell all kinds of stuff, and I was so sad, I forgot my money, but I didn't forget to carry my lunch, so we all finish eating and came back to the bus and travel again, and traveling we saw through the window amazing places, until we stop and ran out of gas, and stop at middle of the road, I was so mad, I scream very hard, and threw papers, until the teacher told me to calm down, he told we could instead have fun playing soccer at a private place, because it didn't matter if we didn't make it to the league, what matter to are teacher, is to put smile on are faces.",482,12,Male,Economically disadvantaged,Black/African American,train,3,2,2.5,3,2,2.5,2,2,2,3,3,3,3,3,3,3,2,2.5,3,2,2.5
400E5AA27067,First impressions,"It has been said that first impressions are impossible to change, I disagree with this stiemant. The reason

I disagree with this is because first of all first impressions are a snap chat of who you are.

Second of all the more time you spend with a person the more likely that they will change there mind of who they thought you were from the first time they meet you. At this time of peride people are starting to get the idea that first impressions are't always correct, so they are willing to give a second chance.

First impressions are a snap chat of who you are, for me personally first impressions are always heard because based on the few second I spend talking to a person they will always think of me as that person specie if am never going to see them aging. Job interview is a big one because based on how you present your self at that moment of time will determan whether you get the job or not, and you might get nerves and act a sertine way that will not help you get the job even tho that's not who you really are. For example like a year ago I had soccer tryouts for a big soccer team the whole month I have been training and feeling good, but when the day came I was nerves because I never had the chance to tryout for a big team like that. I ended up not getting into the soccer team because the whole time I was worried what time the coaches will think of me and they were not impress with me the first, but this year I made it into the team the coaches liked me because I was much comfortable on the ball this time then last time and the coaches changed there mind about me . What am trying to say is first impressions are not impossible to change.

The more time you spend with a person the more likely that they will change there mind, Sometimes you will like person based on for the few seconds you seen them or talk to them, but then when you spend more time with me you come to find out that they are not as much as inserting as they seam. For example I had this kid in my class he was funny and seem inserting. but the more I got to now him i found out that he is funny when they are a group of people around him but when you talk to him one on one he is like a whole different person. This just goes to show that it is not just bad first impressions that are not impossible it's the good one's too.

People are starting to get the idea that first impressions are't always correct, Job are starting to understand that first impressions are not always correct for that reason they are willing to have two job interviews with. Sometimes it might be first on the phone than in person or just have two job interviews in person and I think that is a good idea spicily for people like me who are not good at first impressions.

inconclution,

Some people might say first impressions are impossible to change and I can see where they are coming from, but all am trying to say is the more time you spend with a person you are going to have more understanding of who they are. The only time I would say first impressions are almost impossible to change is if you are going to see the person just for one time and never see them aging. If that is the case than what ever the image of you they have that will just be it but be sides that first impressions are not impossible to change.",608,12,Male,Economically disadvantaged,Black/African American,train,4,4,4,4,4,4,3,4,3.5,3,4,3.5,4,4,4,4,3,3.5,3,3,3
41A2385450D9,First impressions,"I'm agree which this to say the first impression is impossible to change,To be honest whicth my self friends and people etc... , Be direct with the other person , Say the true and respecful, Be comprehensible , understand the another person,

some day of this week my friend bring a pants and i'm saw him, my fist empression was ''naa this not going which you , so i will honest with him , if somebody tell me something that is not pleasing for me i'm sure that i going to put my impression face , and maybe the other person don't like, but it's impossible to change my impression , I will direct which the people ,if the people don`t like my impression i'm sorry for them, yeah maybe it's not correct to say the fist impression , i'm agree for that too, and i understand that some people put angry when i do that , but i can't change my actituded because i'm like this, it's the same with the another people they got them own impression but in different ways , that's fot that i'm agree , and i understand that is so important to me beacuse i don't know if the other person feel bad when i say the first impression , that's why i need to improve my impression , some people and my friends are annoying with me for this , and that's why i need to practice respect to myself and the another people.

The fist impression is bad idea because if i'm in the job and my boss tell me that my work is not like this, and i say my fist impression that's sure that my boss will put annying because maybe he try to teach me, and the fist thing that i do is my impression and is not a good imprression,

some impression are good because when somegirl look beautiful my impression going to be wow i like how they look today , so impression can be good or bad,

the impression can used in different ways, can use in possitive and negative forms so we decide what kind of impression to used , but a lot a time we only used a negative impression in that is not correct , for example if i or some friend bring something or do something we need to do an possitive impression but we always give a negative impression and that is not correct we need to encourage this person but we only do negative things.

Having a godd impression we are more than we can imagene because everybady respect to you and nobody got problem with you , and thats a opportunities to alot of ways in your life .                                                                                                                                                                                                                                                                                                                                                                                                                                                                                                                                                                        ",673,12,Male,Not economically disadvantaged,Hispanic/Latino,train,3,2,2.5,3,3,3,3,2,2.5,3,3,3,3,3,3,3,2,2.5,2,2,2
44D6EEDAE5BD,First impressions,"Most people will just act all childish just because they are having a bad day without even thinking that it can ruin their future. Bad impressions usually lead to failure, it can ruin opportunities, and people can also get themselves mistaken. I agree that someone's first impressions are almost impossible to change because it can affect their future.

Firstly to begin with, first impressions usually lead to failure in life when they are bad impressions. People need to learn how to act politely even if they are full of sorrow inside without showing it. When people make bad impressions about themselves, it always makes it harder for other people to see who that person really is. Loosing big opportunities always lead to a challenging future.

Secondly another, bad impressions always ruin many opportunities for people, especially young people. It is an every day thing in the United States. People can loose job opportunities and it makes it harder for them to get a second chance. Second chances are really big deal, no one can live without them. If someone did some awful things and did not get another chance, then that person just lost an opportunity of a lifetime and is going to regret it for the rest of his or her life.

Also, people get themselves mistaken all the time because of that. Other people will never see that person for who he or she really is when that person is acting in an unusual way which is not normal. They will look at that person as he introduced himself as. They would not want nothing to do with him. They would also think that he is mean even if he is just having a bad day.

In conclusion, no one should let problems make them show a bad impression about themselves. Everyone has problems. They just need to learn how to control themselves and not make any scenes about it to embarrass themselves. They should know that the consequences are real and they are not games. People need to grow up, be responsible, act fairly, and be happy.  ",355,12,Female,Not economically disadvantaged,Black/African American,train,4,3,3.5,4,3,3.5,5,3,4.5,4,3,3.5,4,3,3.5,4,3,3.5,4,3,3.5
453F18C3C8BD,First impressions,"peple can changes they first impresion

In this ocation i am disagree with this statment because sometimes people act different like when I firt meet my grilfrind I

was thinking that she was a happy person but with the thime I see that she was not that happy my impresion changes of that situation.

The majority of the people act different when they meet some a person that they going to meet for example, when you going to see a job you need to act happy and smile to they can acept you but in realiti you are sad so with the timethey changes that first impresion.

So alot of people when they meet a person they have a diffferent impresion so the other person can think that she or he is happy or have a good firt impresion or some times you act normal but we the tome you changes and your impresion too.

another reason is when you whent at new school at the first time you act that you are cool and you say things that they like to they can acept you so with the time they going to know that was a diferent impresion.

In my opinion I think that your first impresion can changes, because in the first Iimpresion it is not your self so when you go to work they can know who are you and they going to acept you like that so when you going to mmet a person be your self because that going to be your impresion.",245,11,Male,Not economically disadvantaged,Hispanic/Latino,train,2,2,2,3,2,2.5,2,2,2,3,2,2.5,3,2,2.5,2,2,2,2,2,2
45E5B6DE09E9,First impressions,"One of the most frequently debated questions in today's society is whether or not first impression are possible to change. Many people argue that first impression are almost impossible to change. They say that is not possible and inevitable. I disagree with the statement. I believe that first impressions can be can be changed because we cannot judge people just by looking at them, everyone has different viewpoints, and we dont know the struggles that the other people are going through. Words can also hurt!

The first reason as to why i disagree with the statement is because we cannot judge people from first impressions. The way people act or interact is not essential information to see the intellectual development and capacity of those individuals who are being judge. There is a famous quote that says, ""Our words can sometimes hurt even more than a punch."" We all can relate to this, sometimes the words that other people use to express are very damaging and hard to listen; even when is just a silly joke that one of your friends is saying.

Nevertheless, everyone has different perspectives and view points, but just because we may think differently, doesn't mean we have to get driven by our perceptions or speculations. There are millions of people in this planet, and every single one of us think and look different. We are all not the same. The complementary diversity we have nowadays is a great example of this. It is good to have a great range of diversity, but the race we all come from cannot define us, nor the judgments that other people make from us.

The last and final reason is that we don't know the struggles that the other person is going through. Sometimes, we may look tired, weary, or even depressed. Sometimes we are having problems with our families or with our own selves. The judgments we make can potentially affect those individuals life. Sometime we make decisions without thinking about consequences or how those decisions are going to impact others. Decisions, such as the judgments from different speculations we make.

As you have read, I disagree with the statement. I believe that the judgment from our first impressions is not inevitable. We are capable to change our own perception from other people that can potentially affect their lives throughout the struggles that he or she may be facing.",401,12,Male,Not economically disadvantaged,Hispanic/Latino,train,5,4,4.5,5,4,4.5,5,4,4.5,5,4,4.5,5,3,4.5,5,3,4.5,4,4,4
4744A861D13F,First impressions,"It has been said that first impression are impossible to change. Based on my experience, I totally disagree with this statement. Here is my reasons why I disagree first impression are impossible to change.

First, When you get to know a person, you always have a first impression on them. It could be negative or positive; however, it could change over time. For example, when I met my best friend for the first time, I had a bad impression on him. I thought he was serious and boring but it turns out he was actually fun to be around with and joyful.

Secondly, It's not the same knowing the person for the first time than knowing the person for a long period of time. For example, people don't have the confidence of showing their selves when they meet the person for the first time. Although they are cases that first impression stays the same; however, it could change depend on how the person treats them.

In conclusion, first impression could always change based on how you act. You need to get to know the person more to be able to change thier first impression. And here are my reason on why I disagree first impression are impossible to change.",199,12,Male,Economically disadvantaged,Hispanic/Latino,train,4,4,4,4,4,4,4,4,4,4,3,3.5,4,3,3.5,4,4,4,3,4,3.5
48292985CC59,First impressions,"Well I want to start saying that the first impressions about people can change but if the impressions change is because something happen. I'm saying it because of some of my experiences with other people that I met and change my impressions about them. Sometimes people don't change,instead of saying that people change your impressions about them maybe you need to know your self first and see what is happening also you need to known why that person change your impressions because maybe something sad or bad is happening on their life and you don't know it.

So let me tell you an experience that happen to me a few moths ago so I met this girl and she was very nice with me and I start thinking that she was that nice with everyone and no I was wrong she only was that nice with me so I decide to date her so I tell her if she want go to see a movie next weekend and she tell me, yes! and I say great so like 3 days before going to see the movie she start acting weird and I ask her if she was OK? and she tell me yes,so the next day I start talking with her and she tell me what was happening and she tell me that her mother was sick and she was sad,so she tell me everything that was happening and I understand why she was acting weird.

In conclusion my impressions about her it was starting to change but I decide to talk with her to see what was happening, before that I start saying that she change and my impressions about her change. is bad to change the impressions about a person without knowing what is happening in their life,because you don't know if that person is waiting for you to ask them what is happening. So I think you should ask that person what is happening and then you decide what are you going to do. These are some of the many reason why I disagree with the statement.",328,12,Male,Economically disadvantaged,Hispanic/Latino,train,3,3,3,3,4,3.5,3,4,3.5,3,3,3,3,3,3,3,3,3,4,3,3.5
49D2A80F1484,First impressions,"In my opinion disagree. Because some people said that is hard, take a lot of time. For example you gotta know how works all the processing, and people do not understand, so some time is very confuse. So in my opinion that first impressions, are very wrong because no everyone wants to be like different.

Secondly is very impossible to change because people do not have time to take care about that stuff. Also because they work they have boobies, shores, take care of their family so is very difficult to be part of that. But also people said that first impression is bad because is impossible to make right.

In addition, some people said that take a while to get used it because you need to be sure, to your goal come true. Also you have to work very hard, and if you do not have enough, time you not are able to get it so that mean, you have to work hard. Example like people said that impressions, are almost impossible to change well, for some reason it should be easy or hard we don't know.

In conclusion, I disagree because impressions, is not easy to take care too, many work in little of period of time so it will take me for ever to do it correct. But also people, said that is very hard and is total true so impressions are very hard to take care.     ",234,12,Male,Economically disadvantaged,Hispanic/Latino,train,2,3,2.5,2,3,2.5,2,2,2,2,3,2.5,2,3,2.5,3,2,2.5,3,3,3
4BE3F5DCD6C9,First impressions,"It has been said that the first impression are almost impossible to change. I agree that the first impression is almost impossible to change about this topic because it's logical and very important about the first impression to life, and a have my own experience to share about this topic to share.

when i was7 years old my first impression comes in my mind is to have my own car but its was impossible because i was seven years old and I was a kid but I decide to come in united state but, also its was impossible for me because my parents was poor of money three years later I get the same impression that day its was the most important to my life and the impression it can be easy or hard to achieve but i did it and I come to the united state.

The fist impression is very important but is not easy to change all people was one impression and sometime they think thats impossible but if they work hard they will get it because is important for them.

The first impression that all people have is the most important to life because they can have a different stuff on mind my impression was to come in the united state and i did it because I its was my dream and my impression to have more opportunity to have more impression in mind.

there is not only one impression that i have theres so many things that i want to do maybe make a lot of money or buy my own house but the first impression is not impossible.",259,12,Male,Not economically disadvantaged,Hispanic/Latino,train,3,3,3,3,2,2.5,3,3,3,3,3,3,3,2,2.5,3,2,2.5,3,3,3
4BF17A253013,First impressions,"I desagree whit this statement, because some people can change, how people look at them and given a good impression again, for example if the person dirend do well the first time, he would do better the second time, it is like given a second opportunity, second example is that the person who you are given the opportunity to change, is not doint nothing to change it, is better to not give them a second chanse.

For me the first impression is not to much important, because that firt impression can change at any time, and the the one how you diren t give him a second change, cand be better tha the firt one my experience whas one day i have do a poster, and my was ugly when the teacher say that whe have to do other poster in a group and nobody whant to join my group, and i finishet by myselft wen te teacher calify the poster, may whas te best one in the class.",162,12,Male,Economically disadvantaged,Hispanic/Latino,train,2,2,2,3,2,2.5,2,2,2,3,3,3,2,2,2,3,3,3,2,2,2
4E13812BC1ED,First impressions,"Meet new people and make new friends is fun. Having social relationships; is a good way to have a good community. Always, when we see new people that we are about to meet, we have first impressions- ideas, feelings or opinions about a person based on the superficial. For some people, first impressions are almost impossible to change. However, I disagree with this statement, because this can change by: introducing each other, know more about favorite things, and ask questions about their life, then our first impressions will change.

When a person is about to meet another person, they act differently as they are in their daily life, which is totally fine, because they are going to introduce each other and it will change. One day, when I was in my freshman year, I was really nervous and exciting at the same time, and this because I did not know anyone at the school, but I meet one girl; she was really kind and friendly. So, we introduce each other, and my first impression before introduce each other was, that she was serious and shy. The importance of this, is that our first impression can change after introducing each other, because we can have an idea of how the person is, based on their look or way to act, but this idea can be totally different after cross a few words each other.

Furthermore, a good way to change our impression is knowing more about the other person, know about their favorite things such as hobbies, sports, and others; putting this in practice it can change the way of thinking of both persons. In my way of thinking about the impressions, these can be bad or good impressions, and a personality is part of the impression because it shows the behavior of a people. So, it is important to know more about the person; about their personality and by this could have a clue about the personality of the person.

Finally, different person has a something important in their life, and that is what makes special to a person. For example, all my friends before they know me, they think that I look shy, calm and serious before they know me, but time later these impressions change for them. They told me now ""when we saw you for the first time, we though that you was so quite and serious"". And they said this, because they know more about me and about my life now, and they think that I am a fun friend and happy, so this is what makes me special, that I always look serious, but when the people know me, they think that I am friendly and happy. And I think that always, when we see a person that we never seem before, we should think to ask about their life, because details about their life can help us to change our way of view and think about the person.

Therefore, first impressions can change, they are not always accurate in the way of how the behavior of the people can be. We could think that people are as the way of their physical appearance, but that is completely wrong. In order to meet new people, we have to introduce each other, know more about them, and ask questions about their life, then we can have a clearly personality about the person. After this, our impressions would change to a positive or negative impressions. We should not trust in our first impressions about a person, we should meet the person and our first impressions will change. ",597,12,Female,Economically disadvantaged,Hispanic/Latino,train,4,3,3.5,4,4,4,3,2,2.5,4,4,4,3,3,3,3,3,3,4,3,3.5
5098F28A2EF3,First impressions,".

It has been said that 1st Impressions are almost impossible to change. This statement to me is wrong. Impressions can be changed not only because people always mature in life, but also people may change by others actions, and they way life treats one another.

Impressions can be changed because people mature in life. For example, my mother tells me all the time that I was not the same kid she raised because of my appearance and the way I act around others. So, it is because I have matured that I have changed, if I was 7 or 8 years old, I would be shay to talk to people and try to be polite to not cause problems. Also, people would never smoke or even talk back if their impressions matter like they did when they were little. So peoples impressions change when you get mature in life

Impressions can be changed because of the people around them. For example, my little brother may not do all the things that he does now if it weren't for my behavior around others, back then my little brother would be very shay to speak. Then he saw how I spoke to others; with security, courage, and calm. He learned that from me and now he talks to anyone he enjoys hanging out with. So, with people being and influence in someones life, you would make a good or a bad impacted on someone's life which would change someone's impression for sure.

Impressions can be changed because the way life treats one another. For example, a week from my birthday I was going to turn 14 my dad got arrested; I did not feel like I wanted to throw a party, I hated everything cause I said to my self life isn't fair, Then the next morning in school, every ones impression of was that I never felt sad, I was a happy young teen; Until the next day everyone was wishing me a happy early birthday. I didn't feel happy about it because my mind was all caught up on my fathers arrest. People noticed that and their impression changed because I never felt happy in my life, everything went wrong. Instead of everyone greeting me every morning, they just gave me space because they thought that I was depressed and I was for a good time. Now people take me seriously now because I didnt make jokes. So peoples impression changes ever since they saw the way life wasn't fair.

In conclusion, It has been said that 1st Impressions are almost impossible to change. This statement to me is wrong. Impressions can be changed not only because people always mature in life, but also people may change by others actions, and they way life treats one another. All of these reasons are true because no one really knows what life, maturity, and the people around you can do to affect someone's 1st impressions of you.",481,11,Male,Economically disadvantaged,Hispanic/Latino,train,4,3,3.5,4,4,4,4,3,3.5,5,3,4,5,3,3,4,4,4,4,3,3.5
52F0677ACD21,First impressions,"It is possible to change your first impression, because not everything is how you might see at first, lots of things are different then you may think they are, so many people think that lots of things are bad, just because that is what came to their mind when they first saw it.

We should never judge someone or some things on our first impression because we could be wrong, and miss judge things that we think is not right, we even have different first impressions on other people, without even knowing about them, or what kind of person he or she is. You could be wrong on some of the things that you may seee because it maight not be how and what we see,and you could have miss. In 10th grade I miss judged one of my friend because I thought he wasn't the person I wanna talk to. Even tho I had some classes with him I would not talk or be around him, because my impression was that he does not shows respect not only to other students but teachers too , therefor I won't talk to him so he would never know me and won't be mean to me.

However, Later I realize that he was one of my best friend and the nicest person I had ever met, who I can trust and hang out with. Even tho, you may think that you can not change your first impression if you think about it, it might change your first impression.       ",239,12,Male,Economically disadvantaged,Asian/Pacific Islander,train,3,3,3,3,2,2.5,3,3,3,3,2,2.5,3,3,3,4,3,3.5,2,2,2
535D427F9FF9,First impressions,"Yes, I agree with this statement because If you try your best to believe on yourself it will make impossible, like applying for you first job or anything that you wanna be for your career. specially you need it when you are going to college that will help you to save more money and you can get what ever you want. It will change your impression by how you get more skills like how to knowing yourself by finding jobs where you comfortable with. so that way when people wants to know you by personality they will know that first impression it has impossible to change because you have made yourself to make it and think that you can do it like other people do, then you will realize that you made a good experience. Not everyone has a same first impression because they had different personality and idea for their self, some of them is not changing of their impression the reason why is they do not trying them self what they believe that everyone has knowledge even if they can. The people who experiencing their impression that has already change their life, they are the one who having more self confident and they willing to sacrifices to spend time not for just wasting time. Based on this statement impression will change as impossible If they are being like kind a person do not really care about future career because they want to be useless as a person. They are not going to be successful with their achievement specially nothing can be change for their entire life. ",264,12,Male,Not economically disadvantaged,Asian/Pacific Islander,train,3,3,3,3,3,3,3,3,3,3,3,3,4,2,3,3,2,2.5,3,4,3.5
53633B5F5F15,First impressions,"Some people say that it is impossible to change your first impressions. You learn from your experiences because your action, words you use or say, and your appearance can show exactly who you are. People agree with this statement because you can change your appearance, words you used and your actions.

First of all, when you meet someone for the first time the way you act is important. Due to the fact that your actions speak louder than words is true. Your actions are things you can not change from your first impressions. When you start to act in front of somebody you just met, do not be mean or rude to them.

If you do that they will think you are not a good person to be around. You need to make sure you do not mess up the first time.

When you speak to someone you just met do not use bad words because if you do they will think you do not know how to talk to someone. When you talk ,you can use big words or just talk normal because no matter how many times you talk well to them you are gaining their trust. Make sure you do not mess up or stutter a lot I know you may stutter but you can always try your best not to stutter so much. If you mess up some people are nice enough to give you a second chance. Make sure you do not talk with your hands when you meet someone new.

In addition your appearance is the most important thing of first impressions. Your appearance is something you can not change. Your appearance is the way you look on the outside and inside . People always focus on people appearance the way you act and the words you say but mostly on your appearance. When you have a bad appearance they will think you are bad person and they will not want to be friends with you. If you have good appearance they might like to be friends with you, but it depends on their first impressions too.

If you like the way they act or the they talk or most of all their appearance. If their first impressions was good then you might want to be friends with them. Your first impressions are impossible to get out of your head and also impossible to change.

On the other hand you might be able to change people's minds. Some days you can have a bad day and other days you might have a good day. Some people appect that you are having a bad day and they know you are not like that. However, no matter what happens to you there is always a second chance at first impressions.

To sum up some people say that your first impressions are impossible to change and people agree with that. The important things are your actions, words, and your appearance. People will always learn from their own experiences. You need to always be careful of what you do, say and look like to someone. Clearly, you meet new people everyday.                 ",490,12,Female,Not economically disadvantaged,Hispanic/Latino,train,4,4,4,4,4,4,3,4,3.5,4,4,4,3,4,3.5,4,4,4,4,4,4
56E188D44884,First impressions,"The first impressions are difficult to change because is something special that forever goes to stay in our minds for example when someone go for the first time to the beach, it is the first impression and is as a picture taken in his mind that will never disappear,there are a bunch of impressions the people can not forget such a new father when he come in the hospital and look at his wife with the baby on her arms is something that is undelete in the mind,good impression are alike to persuase the mind of the people, a beginner political always is trying to leave the best remain in the mind of the people to later get their votes because he win because knew that leave a good first impression was the trick to convince them. The firs impression can be used to persuade but also many times to hurt a person that is why always consider to be carefully at leave it.

I am agree with the statement, never someone could have the capacity to change something have left recorded in his mind, I have examples for my opinions such as an inmigrant who just pass trough the border from mexico and the border patrol cath him up he always going to remember that the border patrol did that his dreams stop because he was an ilegal guy, everybody have different experiences no always the impression going to be to turn us in a happy mood,this stament is quite real, everyone have to think about leave a good impression ever.",258,12,Male,Not economically disadvantaged,Hispanic/Latino,train,3,4,3.5,3,4,3.5,3,4,3.5,3,4,3.5,3,3,3,3,3,3,3,3,3
5D2B8506EC4F,First impressions,"I agree with the statement because the first impression that we make can't be change complete even the try to change.

First impression is something no one can forget it can be attitude, love, feel but with all this impression we can not forget or change even we went to it will not be the same to impress someone with an ex we are attitude they ways we talk, walk even eat no one can change and someone try to impress his love to a girl he has be in love since children even someone come out of no where he will not be able to change the first impression of this person.

When we make the first impression to people even we know they will try to copied or change it will be impossible because everyone know the impression it is not something that we can change even we change it is not going be the same an example Generic_Name tried to impression Generic_Name with her food Generic_Name love it and went to make the same food it will be the same but it will not taste the same way because he don't known what kind of ingredient she put in and even she tell him it will not going taste the same so every first impression can not be change.

We known what it is a first impression are almost impossible to change because it kind like feeling no one can change because impression is something we do to impress people with what we have sometime is not even real or fake but some time we think it real, Generic_Name lied about her personality and family to try to impression hers friends in school they will believe her so impression can be sometime a lie but impossible to change.

We need to understand that first impression it something that it impossible to change and we need to believe to our self and not try to change other people first impression or copied them it will be painful to retry even to we known but it will not going to be the same.        ",335,12,Female,Not economically disadvantaged,Black/African American,train,3,2,2.5,3,2,2.5,3,2,2.5,3,2,2.5,2,3,2.5,3,2,2.5,2,3,2.5
5EC5534F533A,First impressions,"The first impressions is importance for people. It's almost impossible to change, I'm agree with this statement, for example, you saw an ugly food, you not eating it, anyhow it good eating or no. Next, if one person give you bad inpressions, maybe you not try to talk to him or her. Finally, if you want to shopping, you will saw the appraisal about the store.

First, when you go to any restaurant to finish lunch or dinner, you want a perfect food for yourself. you waiting for food like 15 minute, after 15 minute, the food coming, but, the food looking for squeamish, you will disappointment, because, you feeling it's a bad food and can't eating that. If are pretty food on you desk, you don't care how was food, just try it first.

Secondly, you parents introduce someone to you, this guy talking too mach, the mouth can't stop,

just like fly. however, you hate people talk too much and want quiet. Than,behave of this guy let you discontent. you will hate this guy also, want leave to him or her. This impression will let you apart to this guy.

Third, when you go to shopping with best friend, but, here are new place for your guys, just came only 1 day, you don't know anywhere to shop, than you will check to cell phone to find a store. When you find a store, the things looking for pretty, your want to go, however, your saw the all appraisal are bad, only 3 or 4 appraisal are good, than, you will change other one, because, your think the quality of needs are bad.

Finally, the first impressions is hard to change, looking for the people one time, first impressions will in you head. Regardless to change, arise in you head almost are first impressions, because an effect of first time to meet are unforgettable.",292,12,Male,Not economically disadvantaged,Asian/Pacific Islander,train,2,2,2,3,3,3,2,2,2,2,3,2.5,2,2,2,2,2,2,3,2,2.5
5FFB959ED7BA,First impressions,"I agree.

I agree with this statement, because I have impressions that I can't change in my mind. For example when my mom surprise me with my Play Station.

This Statement is based on my experiences, my first reason why i choose this was because the impressions is impossible to change,                                                                                                                                                                                                                                              ",198,12,Female,Economically disadvantaged,Hispanic/Latino,train,2,3,2.5,2,3,2.5,2,3,2.5,2,3,2.5,2,3,2.5,3,3,3,3,3,3
6134797D8497,First impressions,"It has been that fisrt impressions are almost impossible to change on your experiences. I agree with this statament for several reasons. I have many experiences,but some are impossible to change. When I came to this country and when I travel with my sister and my friends to Generic_City and my first day in the School.

First, when I came to this country. This is my first impression impossible to change. When I was in my country I was happy to came to this country to look my parents and sibling. I leave of my country in October 25, 2015. I was in Guatemala for 15 day. I feeling sad, because I don't know who are the other people came in the group. After I was in Mexico for others 10 days. I not eat anything, because I don't liked the food that they gived me, also i was for anothers days in a place called Matamoros is close to the river that with to cross to came to this country. After to cross the river a men of imigration take me to the imigration office and he start to call to my parents to ask about my imformation. I was happy to speak to my parents. My parents pay a ticket to travel to here. I cray of the emotion to see my parents after a few years.

Second, I went to Generic_City with my sister and my friends. This is my second experience tha is impossible to change. I was happy to share time with my friends and my sister in Generic_City. We wented to Time Squared. We take many pictures infront of the tower. After we walked to the red stairs we sit there to look anything and we continued walked to go to the anothers beautiful places that the City has.

Finally, my first impression in my first day in the School. I was happy to go to the School. I feeling sad, because when the teacher start to explain something in English i don't know what she said and I ask to my friends that they speak Spanish they start to explain me what the teacher explain in English. Every day in Schood I learned somenthing different and I feeling happy. Every day when I came to the house after School I speak in English with my lilttle brother than he born here. He teach me English sometimes.

In conclusion, this are my three impressions that impossible to change in my own experiences. I believe that the experiences that we has in the life are only that never past again is only one time.",436,11,Female,Economically disadvantaged,Hispanic/Latino,train,3,3,3,3,3,3,3,3,3,3,3,3,2,3,2.5,2,2,2,3,4,3.5
61471CA2532D,First impressions,"In my experiences be disagree with this statement because everybody have different personalitie, The person have one day bad, and the persona change.

however the first impressions can be change, Everybody have different personalitie becuase the people make much caracterist tha see different for example a person can have much cualidad that other people don't have, Also do not always other person have that be yourself.

The person have one day bad becuase something the people in the school can have stressful for example when have so much homework during in class , also the person in the job is possible that have problem for example the other person can cause conflict and making is mad.

However the people change becuase they can have a good expression of a manner that your attitude can be esplendi,

for example no every person have bad comportamient.

In conclusion every one can be different personalitie and not is imposible change our impressions have that be we yourself.",182,12,Female,Economically disadvantaged,Hispanic/Latino,train,2,2,2,3,3,3,2,2,2,2,2,2,2,2,2,2,2,2,2,3,2.5
622ECD91DA0C,First impressions,"It has been said that first impressions are almost impossible to change. This statement is false because you can't judge a person based on their appearance because sometimes people are just having a bad day and when you become friends with them you find out how that person actually is.

For example, you meet a person that has a lot of tattoos and you have a bad impression of them, but then, you interact with that person and you find out that he/she is not what you thought; therefore you can't judge a person based on their appearance. I think that how a person dresses doesn't determine the type of person someone is, but if you let someone to express their feelings your opinion on them will completely change.

In addition, when you become friends with someone and you talk with them, sometimes they tell you that when you met them, they weren't having a good day. Also, what a lot of people don't understand is that everyone have problems and they don't know what other people are passing through.

Sometimes you have a bad impression of someone because of what other people say and the opinion you have on them do not change until you start talking to that person, I think that this an error that a lot of us make, we judge a person without knowing how they actually are. For example, once I had a friend that talked really bad about a girl and I believed everything he said, but when I started talking to her, she was completely different from what this one friend had told me about her.

In conclusion, people are not always what they seem to be and you can't judge them on how they look. I think everyone should first try to get along with someone and then, they can judge. That's why I think that you can change first impressions.",309,11,Female,Not economically disadvantaged,Hispanic/Latino,train,3,4,3.5,4,3,3.5,3,4,3.5,3,4,3.5,3,4,3.5,4,4,4,4,4,4
63AB7F39EBC6,First impressions,"I disagree , because it's true the firts impression in a personis the most important when knowing a other's.

As humans depends of other's for the survivor;our's characteristics are for genetic of it's way. For this to treat the way of to attach in a group of people.

some people thinking that no it's neccesary because,no we depends of the opinion of he people or the world,for the opponent each person have the different way of interact ,each person have an different way of think,personality,character,and the way of to act. The stereotype's of the society of base in the system of that eachperson of the world is different not all aresame and that each individual have are world,the place were they it felling better and comfortable. Respect the opinion and the intimacy of the people.

In exchange of other people have an idea different...in a new job,in the university,and place's important's of any place;we obligation of the respectful and amiability. The people have the capacity to be good and refined,the impression of the people duty of be always of the better.

A manager to the to contract a people have that to see the personality of are people for know that is the person the found for the place of work.

In my opinion,I believed that all having different way's of tobe. And depends of as to trat a the other's people...We are people that wrong,in a household where are teachen valuesy where are teachen that our's impression duty to be the most important ,but not impressing the first time is the better. Something we do it error's but learn a change and a be different,change the bad things that did. Can change;maybe no now but with the time and us way of thinking,we having the possible of do.

Generic_Name have a different personality,and character,I think that my character no it's the best for it reason I need change not a everyone know this part of me,but i know that my impression depend of my values and my decision of be better. In the society that I to found ,I know my impression not a all people to it to gratify but duty dependencyof be better and that my impression depend of me and not of the other people.

In conclusion , the impression and the actual society;it's important in different factor's: the job,the school and place where I found ,but duty understood that allare different's ans somethingwe do mistakes and something wea have bad day;s ans our's characters not are a good impression,but I can change ,are humans and to do mistakes but the better that can do as humans is accept us mistake and change.",373,12,Female,Economically disadvantaged,Hispanic/Latino,train,2,3,2.5,2,3,2.5,2,3,2.5,3,4,3.5,2,3,2.5,2,2,2,2,2,2
66133AC6189A,First impressions,"On my experiences I think It would be impossible to change the first impressions becuase one different people have different types of characteristics traits. For example one of my friend who move to text,her characteristic traits I remember she was so nice to everybody when she use to live her in virginia and also she use to get along with everbody at the school. This shows that type of impressions that my friend Generic_Name has.

Another example is when I was in lunch line with my friend Generic_Name,a spanish girl touch my hair,I did not know that girl was the girlfriend of the boy that was in one of my class. Until then when I was going to my third class I ask that boy if he could help me find this class because I did not know where all my classes were,when he came up to me to explain the schuedule and told me and him had the same class,his girlfriend look at me mad. This shows that at first the girl of the boy was nice and then the girl of the boy was kind of mean to mean.

Last example everbody has different types of impressions,it could be in a good way or bad way. Sometimes people impressions might change or they might still be the same.",197,12,Female,Economically disadvantaged,Hispanic/Latino,train,3,3,3,3,3,3,2,3,2.5,2,3,2.5,2,3,2.5,3,3,3,3,3,3
683A4FE3661C,First impressions,"It has been said that first impressions are almost impossible to change. well i gree with the statement, because how your impressions is sonting you can not change like me when i see my familly my impressions are good because is the first thing i shod to dent, like when i see my mather i express my impressions to her are sonting diferent because i feel happy to see her or when i take to her and sonting i do to my bothers or my friends.

Tirst, the impressions is sonting almost not change, like my friends in school oneday i talden i liven the school the first impression they put waus sad becuase i live the school and they do not want to me live the school they want to me staing with thend, but i take to my friends i i sead to dent i have to go se my mather i my contry because i miss her like my brothers i have see my familly and 7 years the impression when i saed this to my friends was so sopraision.

Seccond, when i go see my mother and brothers in my contry for the first time the impressions they put in ther faese whas so happy to see me one more time after 7 years. My mother she was more happy to see me, but when my brothers see for the first time the impressions they put was so different then the impression my mom put to me they sead to me i do not looke nothing equal like bifore now i look like a big men and not like boy.

For example, how i expression my impression is sonthing special like when i do not see my familly or friends and 3 or 4 years i will be sad and my impression is going to be depress. Impression are so many way to expression like the time they tolk me my father was death i was 5 years old my impression was like nathing because i do not comprehend what my mom tolk me of my father.

In conclusion. the first impressions are almost imposisible to change the is true because how impression are is sonting ameising you expression things when you see sowant or people do you no see in aloge time like example in my familly i have not see my granfather but i now the firts time i ging to see my granfather my impression is going to be many. ",403,11,Male,Not economically disadvantaged,Hispanic/Latino,train,3,3,3,4,3,3.5,3,3,3,3,3,3,3,2,2.5,3,2,2.5,2,2,2
69C15737269C,First impressions,"We can't remove the impressions of the mind, and neither to change the impressions, Never again forget my first impressions, I can't change the last in my life, I remember the impressions in my life, when i was a children my mom, she also say: ""You have good impressions and bad impressions but remember, you learn new things with impressions of the life"" Would i like to change some impression, I have memory very bad, but i know it impossible my first impressions it was very painful, my mom and my father could have divorce, my life to change, it was my first impressions, but now I understand, the older people sometimes don't know the concequence, My second impressions it was when my uncle say: You want go to USA, that's moment was very happy, because i wanted to live in USA, always to change my life in my country, this is a good memory, all problem life's are necesary because we can to learn new things for the life, My last impressions it was the death of my best friend in my contry Guatemala, it was very impressions because he has a stranger disease, it was a moment very painful for me ever since my life is different

My position for this topic is, we don't change the last impressions, but we can change the impressions of future, to learn and understood the last things is a good reason for continue the life",234,12,Male,Not economically disadvantaged,White,train,2,3,2.5,3,2,2.5,2,2,2,3,2,2.5,2,2,2,2,3,2.5,2,3,2.5
6E842F21D6E4,First impressions,"There are people in every part of the world that, they can not be retract based on what they say, or on what they have done as a result of their acts giving in their first impressions. The first impressions can give to a people in a idea, feeling, or an opinion. A people can hurt someone else feeling based on their opinion, because they do not think what adequate words they going to say. And when they want to fix the problem may be too late. The first impressions are almost impossible to change, because people can hurt someone else feelings and cause people change.

First impressions can hurt people's feelings in fact, I did to my sister yesterday. My sister and I were talking about her wedding yesterday, her wedding is next year in April, and we are preparing for her best day ever. We have to look for her dress and all the things that she is going to use for that day. She is like my second mother, and I want to make sure she looks beautiful on that day. While we were talking and looking for dresses in the internet, she saw a wedding dress, and my first impression was like, no that dress is ugly, and I told her she was going to look like a real skull in dress, because she is skinny. But I never thought I was going to hurt her feelings in my first impression, the dress was ugly, even though she liked but I wanted for her the pretties dress for her wedding. I felt badly for her, because I did not think my words before I said to her. I told her sorry, but she was little upset about me for the words I said to her, as I always say, what people say is what they receive. Lately my sister did not talk to me, I was sad and I talk to her, I apologized for the words I said. She told me it was okay, that I did not meant to said it. My sister and I, we are happy now. In the following manner, my friend Generic_Name invited me on her birthday and Her friend told me that I was looking ugly, and that I was a ugly and slow girl, in front of her other friends, her impressions about me hurt my feelings. She retract based on what she said, but it was too late, I left from Generic_Name party I went home, and I was little sad, the girl went to my home she wanted to talk to me, she apologized and I told her she hurt my feeling but I was fine, and gave her some advises and she left with this, first impressions are almost impossible to change because hurt someone else feelings.

Additionally, first impressions can cause people change, as an example of my best friend I gave her an opinion about her boyfriend. I told her that he does not love her, because I saw him kissing with a girl in the school. She told me I was crazy, I was just jealous because she had the most handsome boyfriend in the whole world. Matter of fact he was cute, but he wanted just play with the girls. My best friend change with me a lot, she did not want to talk to me no more. About the things that I told her. Lately I realized that he had a twin brother I made a mistake, that my first impressions to him was a fatal mistake. After all, I wanted to apologize with my best friend, but she was mad with me. It was impossible to talk with her. I realize that my first impressions about the idea of his boyfriend had change my friendship with her. Today I just talk rarely with her, it was almost impossible to change my idea, but I did, but my friendship is changed. First impressions cause people change.

Some people may say, the first impressions is possible to change immediately, because is not a big deal. They may say that the other people, does not care about their first impressions from them. But this is not case, people always get hurt when they receive a bad impressions to them, they make them to change even with themselves. First impressions are almost impossible to change, even if the problem is big.

Thus, the first impressions is almost impossible to change, because what people say is not easy to retract. Is not easy to correct the mistakes, is not easy to correct the words that people do not meant say them. If people say their impressions without thinking them, and then apologized that is fine, but sometime is almost impossible to correct the first impressions, because people hurt someone else feeling. Also, there are sensitive people and they may not forgive people. People may change based on someone else idea, feeling, and opinion. The impressions are almost impossible to change.                          ",846,12,Female,Not economically disadvantaged,Hispanic/Latino,train,3,4,3.5,4,3,3.5,3,3,3,4,3,3.5,3,3,3,3,2,2.5,3,3,3
6F30733E6B4B,First impressions,"The first impressions are almost impossible to change. I disagree about that, cause me personal i don't have issues with no one around me. Maybe I can be a little annoying sometimes with my peers, but that doesn't mean that they don't like me. They hang around because they know how I am and what I do when they are around me. In the end of the day it doesn't bother me if they like me or not, because I know they are gonna come back and enjoy the day with me.

This first impression thing had me thinking about something that happen a long time ago. It's not based on my experienced, but one my best friend's that we go back a long way in middle school. He told me that he didn't like me that much so we didn't talk too much. He didn't even talked to me when we where around each other, but something happen that change our friendship. There was guy who always was there with him the guy had done something terrible and caught suspended for sometime. My friend and I started talking more, after the guy got suspended he told that he didn't like me because I was dating someone he liked that's what happen.

My first impressions where good cause everyone that I know are cool with me, but if it wasn't I could of make-up something to be good with them. This thing about first impressions is not that hard to if you have charisma or personality in you. I never had a hard time making friends, because I have personality and charisma this two things you need to have if you wanna be friends with someone or making a first impression. There was a time that I went to talk with my father-in-law that day I was super nervous to even talk to him. In the end my father-in-law was just a great guy we talk about every comment he had to talked.

I don't get nervous about nothing, but he was tall and looked like a hard-dude. Even thought I all ready knew him he still looked intimated to look at him. Her wife was the opposite of him she was pollute and nice with me, but I knew that all ready because I seen her in parties. It was a good impression in the end we broke-up in a few days, but we still friends her mom still remembers me that good. sometime it is hard to make a good impression with people you know.

It has been said that first impressions are almost impossible to change. My conclusion I disagree about that, cause me personal I don't have issues with no one around me. It's just that you need personality and charisma to make a good impression in my opinion. So go and look for that its's not difficult to have that. If you only have personality that good or have charisma that even greater to have, sighing out.                ",476,11,Male,Economically disadvantaged,Hispanic/Latino,train,4,4,4,4,4,4,3,4,3.5,4,4,4,3,3,3,3,4,3.5,4,3,3.5
71F12F9F01DE,First impressions,"I agree with this prompt many cases it is impossible say the people but i will tell you something we can, many peoples says is impossible to change the world, and you know what we can is something is on our head that keeps blocking, i think it is our priority number one, change the world, change our vision of watch our environment,

the people needs to change to see the real thing that is happening on our environment, change one little thing is a big change does not matter what but the change began, i would say among the world and our life, do you think our life are safe i say no because the global warning it is on us, and we can change it of course, the thing is nobody it is gonna get up until someone do, what we have been doing is not wright, the change is coming. We have been doing a lot of work every day and you know what for global warning, know let's talk about the people many peoples say can't change them self because is hard, it is impossible, no one will see change on my, and many other thing but peoples need to change their behavior, among the day peoples feels tired because they had bad day or they do many work. but i will never give up because as the tree can change the leaf to another color i can change the world one thing i can change myself but we can change it as a team with many other peoples, is better together than alone the change will even bigger and bring many others countries and join us, if i can change myself i can change another peoples to see the real life in what we live. I want to talk about me i really want to change myself because many other peoples needs me to help them be courteous, kind, responsible, on time and try to do better on what i do, change myself and the life of peoples it is my priority number one, if i know what is write and what is wrong i know what i gonna do change the impossible to possible nothing is this world is perfect nobody but we have to support other in what they need, we have to be happy of our self from the right thing we have been doing and up coming. I like technology and electricity those are the to matter i want to study with technology i would like to build a personal robot because everybody wants one and help in the day with the task of the home i know that will cause dangerous because can damage itself with an update or make it crazy but that can change the life yes everybody will be happy and peoples can rest better, with the electricity i would like to do the first smart phone that can charge with the sun because can not be generate a lot of energy. Is never too late you can make many thing as you can but if you make it you are right is not wrong make mistake i can tell you one thing is good because you can learn from them if you never make mistake you are wrong the mistake are the key to successful to change the bad thing to the right. You are my passion to live my mom say and you can change the world or may be not because in your head there is your world where you can build many thing to help peoples maybe you can not build a big change but one little thing is more bigger that i big thing, the change is coming very soon around the corner. but the change is not enough many peoples think the opposite and they never will change their minds that the bad thing are right and is very sad see peoples thinking about it they need to open their eyes and see what is really happening around their environment. It has been said that first impressions are almost impossible to change this prompt is easy to understand because in the actuality there are many impressions that can never change of course others can do it but not a lot will be agree, sometimes i don't know what to write i write what i see, i heard, and touch my experiences to change are really small but the dreams come true sometimes not in the real life but in your head yes if i could dream a big dream to change world and the life for the peoples who need a little help to make their dreams come true and they always will say thanks because you change my whole life and others now is is my turn to change other you did your part now i have to do my part thank you very much. The behavior in the school, in the house, in the community, in the country, in the neighborhood, and with the peoples who you talk those are part of the change, something ugly to something beautiful the change we have to bring it from the house and the teachers are those who change our self from the way to study and get a better future, The most part of everything is get started if we don't do that nobody is gonna get up until i make the first right thing, my teacher say it is important change the way thing are build and get the point you want it, i love the way i think to change anything but i need some extra help many cases i say if i could do one thing is make something like a video or video animation and upload to the social media will be great because many peoples will see the video and they are gonna say this is what i want it, this is what i was looking for and the hole word will see it, i like many others prompt but this is not difficult to say something nothing is impossible everything is possible if you never give up everything is gonna be right and the change you are gonna do is going to be the one of many peoples will be proud of you all, and i am going to finish with this last word, everything you think is wright is write if is the opposite you are right as well just never give up and continue strait, may be if every people can think and put the most of his part will be great at this point you change it, and i will tell you because you already have been change the bad thing to the right the only thing is wait until the process is complete, i make mistakes and you too and we know if we fixed we can change what you want and the make it possible the life is passing too fast and we have to live it like is the last day of our life and never give up. i will try my best the change is near to you.",1185,12,Male,Not economically disadvantaged,Hispanic/Latino,train,2,2,2,2,2,2,1,1,1,2,2,2,2,2,2,2,1,1.5,2,2,2
738112C600B8,First impressions,"Do you think first impressions are impossible to change ? In my opinion a first impression on someone or something change be changed, because you never know what the stereotype of the thing can be.

When you first meet someone your first impression on the person can be one thing but you never know what the person could have. For example you see a fat guy or female and you can be quick to judge them but you don't know anything about there life, till when you talk to them and get to know their true story that they medical conditions on why they are the way the appear and look like. You could meet a Hispanic, For example you might thing they came to US illegally, but you don't really know that some Hispanic are actually born in the united states and are legal citizens. when you see a Asian person you may think there smart because of your first impression stereotype, but not all Asian are actually smart and appear to who you really think they are.

Next is the type of thing you purchase or are going to purchase, it can look nice and be expensive but you dont know the background story on the item or thing you are going to purchase. For example when you want to purchase a car or house, you can be looking at it on the internet and like it a lot but once you buy it you start noticing strange thing. If it is the car you realize the its starting to give you a lot of problems that you are constantly taking money out you'r pocket to try to fix it to your expectations and what were your first impression on the car being nice and reliable. Second a house you're impression where ""oh wow this is a really nice house"", so you go on and purchase it the you start realizing that the house was making wired noises at night while you are trying to sleep, Then one day you go online and contact the landowner or research the history of the house and realize the house is haunted because the original owner past away their.

A first impression is just a stereotype or judgment that you think of someone or something before not know the background story on it. Before you go and be quick to judge some based on their looks talk to the person see why they are really the way they look before making fun of them of talk about them because everyone in this world isnt perfect and everything has a story behind it.     ",419,12,Male,Economically disadvantaged,Hispanic/Latino,train,3,3,3,3,3,3,4,3,3.5,4,4,4,3,4,3.5,3,4,3.5,3,3,3
746A0BFABA84,First impressions,"It has been said that first impressions are almost impossible to change. Why should first impressions defined who you are? Why are they so ""impossible"" to change? are first impressions really that important, why should something so small change the way you think about someone. First, no one is perfect. Everyone has very different personalities or ways of being. Second, it should't defined who we are. First impressions don't always go well, you should be able to change that. Finally, It could ruin your reputation. A lot of people care about their reputation a lot. To the point that it could be emotionally wrecking

First, no one is perfect. We aren't perfect beings, we all have different personalities. Different things we do that others don't and some people may think its weird or we are weird to do that. That's when first impressions come to play. Meeting someone for the first time can often be hard to manage since is the first time you are meeting this person. Truly anything could go very wrong. They could think they way you talk, eat, and act is weird because you are trying way to hard for it to not go bad and sometimes that comes out as bad. Life sometimes will go wrong and we can't change that or let it get the best of us because we aren't perfect and it's okay if sometimes things don't go our way of liking. if it goes bad we should be able to change it or try again.

Second, it should't defined who you are. Every human is not alike in any way possible, all of us are unique in our own way. Sometimes we make mistakes and theres cases where people don't like that. When you are on a stated of mind of anger, you could do something drastic but that doesn't defined who you are on your heart and mind. You have your own mistakes and flaws but that isn't you is just a part of you that doesn't think and does thing on impulse. When you are trying to make everything perfect that person it could stress you out really bad and anything could make you go off. when it's the first time meeting that person it can really tress you out bad but that's okay. First impressions should be able to be change because if that were to happen it could really damage a person if that certain person was important to them. You should be able to reschedule the date when everything is better and you can be normal. If they are truly your friend they will allow to you to that.

Finally, it could ruin your reputation. Let's say you are the most friendly person in your school and everyone likes you because of how fun or nice you are. you would love to keep that way. But one day a new student comes to your school and you introduce yourself but right out of the bat they don't like you without knowing anything about you. That thought could eat you up for the rest of the time, and you try and try to get that person to like you but they don't. Being able to change that first impression is all that you would like to do but it feels impossible. But it isn't impossible if that person wanted to get to know you they could but they don't want to and yes there's people like that all over the world. Having a second chance could change everything for you but we should't let it get the best of us that person will come around at their own time. We can't make people be our friend if they don't want to. If they want to get to know you they will.

Conclusion, First impressions are not important things will go wrong sometimes and that's okay. We can always try again another day, it should't get the best of us or makes us feel some type of way if that person truly wants to be your friend they will not care about the mistakes you make or anything around that. You are human and you make mistakes sometimes. And that's okay, it doesn't defined who you are;only you know who you are on the inside. First impressions should't even be a thing they stress you out and makes you over think. Being able to change the impossible is something we should be able to do always. Don't let anything like that make you think less of you. ",715,11,Female,Economically disadvantaged,Hispanic/Latino,train,4,4,4,4,4,4,5,4,4.5,4,4,4,4,4,4,5,4,4.5,3,4,3.5
74E468FCE398,First impressions,"It has been said that first impressions are almost impossible to change. Based on my experiences, I disagree with this statement, first impressions are made by everyone but it is not impossible to change. Your first thoughts of someone. Everyone makes first impressions of people before even getting to know them by the way they dress, and looks. Some first impressions can be changed and some can't be.

First impressions is a human thing, I believe that everyone has at least made a first impression of someone and their first impressions can be impossible for them to change or it can be changed. The way someone's appearances can be affected by first impressions by so many ways. That is a major cause that is first seen. The way you are approached.

My Experiences can be said some of my first impressions can be hard to change, or I can be wrong about someone and my first impressions can be way off,and that person turns out to be nothing like what I have thought. This statement can be argued from two sides. Sometimes it can be impossible to change what your first thoughts can but than other times it can be changed.

One major first thoughts of a person can be the way a other person dresses, the way they look they way the walk, the way they talk. There are so many things a person can have first thoughts about a human being and just assume things about before even getting to meet . There is a lot of people in this world whos first impressions are impossible for them to change and would never change. But than theirs many other people whos first impressions are changed.

In conclusion, I believe that first impressions can be changed by my perspective, It is hard for someone to change the way they think of someone, but thats why its called ''first thoughts'' because it can be changed over time the way you look at someone can start to be seen differently and your thoughts will change.    ",326,12,Female,Not economically disadvantaged,White,train,3,2,2.5,4,3,3.5,3,2,2.5,4,3,3.5,4,3,3.5,3,2,2.5,3,3,3
768FA278A16D,First impressions,It has been aid that first impressions are almost impossible to change. For me i think you can change from the first impression. First of all you can come off as someone who don't care about anything or any one but when you get to know them your mindset change on how they are in your eyes. the second reason is i had someone that i thought that was the one the person i thought i can spend my life with i know it sounds crazy but my first impression was she was a good girl then i got to know her and found out she's nothing but plane evil and has nothing but hate in her soul and always trying to find something to blame me for just looking for es cues for her to do what she wants to do and Little do she knows its making my love for her fading away every step of the way. so in conclusion this is why i think that first impression arent really impossible to change because people family even loved ones change that why i think first impression can change.,177,11,Male,Economically disadvantaged,Black/African American,train,2,2,2,2,2,2,2,2,2,2,3,2.5,3,3,3,2,2,2,2,2,2
77BB33DB5187,First impressions,"The first impresions

The next text is about ""The firts impresions can change with the pass of time"". The object is give information to the reader about different things that make that the first impresions change, and how can affect. The text is made with examples and support ideas, that help to understand more the theme. Then tell that the impressions can change anytime.

The first impresions is when you current know at someone or something. It is the first opinion that you mind create, but this impresions or idea can change when you start to know better. When we current know a person, our mind create a idea that can be false or true, but is something that only can know with the time.

The change can affect or can benefit, that means that sometimes we thinks that is good and bad, thinks that is bad and is good. A example of affect is when we buy a car, and these is look like beautiful for autside, but when a mechanical check inside descover that have many damage. A example of benefit is when somebody told you something bad of other person, and when you talk with that person you descover that is false.

The first impresions can change for many reasons that our mind create; for example, false opinion, dissapointment, angry, or autocorrection. All these can have influence when you change your impresions of someone or something. For example, when we are angry all is look like bad or annoying. Other example, when we make a autocorrection of something that we believed that was bad or incorrect.

In my conclusion the firt impresions it's very important, no always going to be good or bad, your opinion going to change. I think when you don't know at someone or something is better wait a litte before make a bad or good idea about it. If for that I think that the firts impresions can change while passing the time.",320,12,Female,Economically disadvantaged,Hispanic/Latino,train,3,3,3,3,3,3,4,2,2,3,3,3,3,2,2.5,3,3,3,4,2,2.5
81D266D94D6D,First impressions,"Do we get astonished when people behaviors change over time? This makes us surprised and wonder because of their first impressions to us. I disagree that, first impressions are almost impossible to change. People changes all the time just like how the world moves every second. First impressions are possible to change. A behavior is a conduct of oneself in a particular way. A person's character is similar to how a pregnancy grows. When a woman is pregnant, you may be unable to tell but as times goes on, it is definitely going to show.

People hide their true and real behaviors to get what they need or want.

In today's world, struggles and difficulties are playing a very huge role in modern societies. Needs are the most crucial things in life. Some examples of needs are shelter, clothes and foods. We need all these to survive in life and we are going to lack something necessary, desirable or useful when we have no one to provide all those needs. So a person can act in a good way when you meet them for the first time because they just want to accomplish some goals. Last time, I was watching a Ghanaian movie with my family. In the movie, a man named Mr. Bright was very poor. He couldn't cater for his wife and three daughters so, he decided to deceive every rich or wealthy woman he meets the first time. His first impressions to them was to act and brag as a wealthy man who travels to foreign countries to hoax the women and get some money to cater for his family. You see how poverty makes a person behaves? So first impressions are possible to change because some factors affect humans all the time.

Sometimes relationship issues and depressions makes people behaviors change.

Marriage is a union between two people in which no one can separate that. No one gets married to his or her nemesis so bad pressures from our partners affect our characters. Depression makes people sad, causes difficulty in thinking and concentrating. Two years ago, I met a girl called Generic_Name. She was so isolated and sad. I decide to ask what was going on. Immediately I began to talk, she shouted as if I was a monster but later on I realized she was being bullied by some guys in our school. So the counselors helped her out and we became very close friends. I realized she was very respectful, kind and good. So how we see people for the first time doesn't mean that is how they are. People change all the time.

Peer pressures and bad friends make people characters change to a different level.

You will meet a person who was respectful for the first time but later on, you will find the same person talking back and arguing with their teachers in a very bad way. Bad friends are the worst thing in life. They can affect your future and perspectives. A girl who was very shy to talk in my class became the most disrespectful student in our class all because she joined some five bad girls in our school and after that, she decide to live the life she wants which was very bad. Our teachers know the road to success so they have to be respected and treated in a very nice way. No teacher wants his or her students to fail and every teacher wants to be awarded by the good efforts of their students. First impressions are possible to change all the time.

""Every coin has two faces"" so, we must deal with people in a very pleasant, patience and respectful way. A person may be good at the first time but changes later whiles a person may be bad at the first time but changes later because some factors like needs, depressions and poverty are affecting them. How a person behaves the first time you meet them may change all the time. And if we understands how the world is moving every seconds we all going to get peace!                ",710,12,Female,Economically disadvantaged,Black/African American,train,5,4,4.5,5,4,4.5,4,4,4,5,4,4.5,5,5,5,4,3,3.5,5,5,5
82CCCAD3BA5B,First impressions,"From my view point im really sure that never would be possible to change it , because there a fiew factors that cannot make that possible . People can not forget the first impression they have from you . i went to play soccer a few years ago it was my firts time, that day i was knowing too many new people from every where around the world.

We were played soccer and they told me that i'm so good for soccer they like the way that i play it. Now every where when they see me they say to me '' hey you play really good for real ''. so here is the conclucion. People never going to forget the firts impression that they get from you those people still remember me the time goes fast i didtn meet them for a year and half and the impression still stay that they think that im really good for soccer .Some people say that impression can be change not matter if is good or bad impression but you gotta work really hard for it and its going to take a long time.",177,12,Male,Economically disadvantaged,Hispanic/Latino,train,3,3,3,4,3,3.5,3,2,2.5,3,3,3,3,3,3,2,3,2.5,2,3,2.5
84FC9651F650,First impressions,"First impressions is what I learn from many people. People have many impressions and yes it is hard to change.

Impressions are special to some people but it also could effect people in certain ways. Ways where your whole behavior might change or attitude or maybe your whole person. When we first meet people we see their first impressions and we see on how they are or we check on how their behavior is. We all have a instict on where we look at some people and judge but we also see the attitude in the people. First impressions are special sometimes because you dont know who you are going to meet next and on how they are good or if they have some bad in them.

Everybody is unique in many different ways. People do say that first impressions is impossible to change. I think it's impossible becuase people are very different everybody is different and sometimes we just have to accept it.

Some people don't understand that some people can't change even if its for the better or the worse some people will just always be the same. Impressions are something you can't change from people.",191,12,Male,Economically disadvantaged,Hispanic/Latino,train,3,4,3.5,3,4,3.5,3,3,3,3,4,3.5,3,3,3,3,3,3,4,4,4
86ECF13FEDEF,First impressions,"Why I disagree that first impression are almost likely to never change overtime? Well,In this world many people have experience bad,nice,and fake first impressions. Why because people have a bad feeling about you, you are not aware of what is happening in their heads, and maybe they just wanna take advantages of your personality or who you are.

One, First Impressions that I deal with everyday is give nice impressions with my friends. However, the person need to be interest on the topic you're talking about or just be goofy. People sometimes come up to you and smile and said hi or was sup because they know you're alone. If you wanna make new friends or have the respect that you want you only got to show them your nice impression. For Example: In the movie Everything,Everything the girl couldn't go outside because she could get sick,but the new neighbor his name is Generic_Name and he decided to smile and said hi through the window. She smile back to him and then she went to bed.

Two, I have experience bad impressions about people being rude for no reason. They bring a side of me that when they said bad stuff they think that I am going to stay quiet. I just give them the same energy back because nobody deserved to be treated on a bad way when you're trying to just said Hi or want a new friends. If your in pain or suffering don't take out your anger on others cause for a first impression you going to be looking like a bad guy. For Example: If a Hispanic kid decide to ask a person for the class room number and that person start to laugh in his face the Hispanic kid gonna feel oppress and feel bad. People don't realize that by first impressions you could win the whole world, but no people like to be hard and act childish.

Three,Fake Impressions make the person to take advantage of your opportunities and your personality. The person wants attention all the time but then start talking mess up things about you. I have experience people making fake impressions when they said Hi they look at you a certain way that you know is wrong. Fake Impression led you to think that the other person is talking behind your back. The person pretends to like you, but in particular the person don't care about your feelings or the friendship. For Example: My Ex BFF a year before we stop talking we meet and is was fun, but until I left to VA she decide to not care for me,text me, or call me. That hurt me so much that months past by an you even feel better without that friend because since the begging she was giving me fake impressions and I didnt catch on.

In conclusion, Sometimes you need to calm down before to start speaking to a person. Be nice and never let negative thoughts on your mind that are going to make you look bad. Let people talk to you first and then think about their first impression. I been nice, but sometimes I gotta get mad with people cause they don't even know you and start calling you names but is not worth it to think about that cause that said a lot about their first impressions. First Impressions will never change cause once you speak whatever come out your mouth is gonna stick to that person forever. You know that you when accomplish somebody smile or laugh that's everything to them is important that is their first reaction and by First Impression you can win the world by been nice all the time and make new friends or win the respect that you deserve or them.",606,12,Male,Economically disadvantaged,Hispanic/Latino,train,3,2,2.5,3,3,3,3,2,2.5,4,2,3,3,2,2.5,3,2,2.5,3,2,2.5
87669696162F,First impressions,"do you agree or disagree with the statement?

in my personal opinion i do agree that first impressions are almost impossible to change. its impossible to change because thats the very first time you meet someone new in your life. first impressions are very important. there is no way you can change first impressions its not like we can go back in time to switch our answer. making a bad first impression can go very wrong but thats that its done and you cant go back. for example like making a first impression at a job interview like obviously making a good impression is very important if you want a job.

i can also understand why some may say ""almost impossible"" because technechly you kinda can. for example if both of you say ""can we start over"" or something like that. your always going to have that impression from the first time you guys ever meet. so really it goes both ways how someone may take it. i personal dont agree with that because it dosent sound right or feel right. some may move on and ectually forget. while others may not and mentally remmber.

inconclusion it is all based on the reader and how they take it. like i have mention i personal dont think you can change your first impression. we cant go in time and change the past. it donesnt sound reasonablie theres no real reason. some may agree with what i say some may not. then again i can kinda see how someone may want or how to change there first impression. ",259,12,Female,Not economically disadvantaged,Hispanic/Latino,train,3,3,3,4,3,3.5,4,4,4,3,3,3,3,3,3,4,4,4,3,3,3
87694700310E,First impressions,"First impressions is always something that i pay attention to when meeting a person for the first time. I will always agree with the fact that first impressions are almost impossible to change. Why? imagine meeting a person and the only thing you think about when they cross your mind is the way they first greet you or the way that they introduced themselves to you.

For instance, in my opinion, i feel that people will always put on a different character for their ""first impression"". For example, calling a job for a interview is something you'd want to change your normal character into a more formal and nice responsible person. You can never change your very first thought of someone, it may change later but not the first second of your conversation. Another example could be is getting someone introduced to you from a friend. On the other hand, there's always an ""i wonder"" question in my mind about everyone, because it's totally normal. When meeting someone new there is many of ways people act towards you. They may act shy and make you feel awkward, or they may act friendly and make you feel welcome. So, with that saying, you can never change the way you first think of someone, first impressions will always be a permanent statement that your brain can't erase.

Accordingly, if you do have the abilities, you can always tell what type of person they are. With just one impression someone can teach you about themselves a bit, theres no doubt in that. It's fun of how our brains permanently label people from our first impression until it is changed to something else. For example, imagine seeing some person that is always quiet, always seems like their mad or doesn't want to be at the function. What first impression would you get from that person? I would honestly not even bother to talk to them, they could say anything mean to me, But with first impressions changing overtime, you never know once that person starts talking they wont stop smiling or talking. You never know truly about something until you experiment it.

In conclusion, the first day of school where you have to introduce yourself, or being at public place and someone asks you for something in a nice way, what do you think about that person? From first impressions, after seeing that person for the second time you would always go back and think about how the first time went. While getting to know them that same thought changes about them because now you truly know who they are. The first times will always be different than the regular times. I will always agree that it is impossible for first impressions to change because of our natural human traits.             ",463,12,Female,Economically disadvantaged,Hispanic/Latino,train,5,4,4.5,4,4,4,4,4,4,4,4,4,4,4,4,4,4,4,4,4,4
88006889B561,First impressions,"First impressions are not ""almost impossible to change"". They can be difficult to change, but they aren't almost impossible to change because there are ways that can help you change your first impression. A thing about first impression is to question yourself on is ""how can I change my own first impression?""

A lot of people say it's almost impossible to change your own first impression, but what they don't realize is that they aren't thinking hard enough to comprehend to understand why they aren't almost impossible to change, so they instead just don't even try and use more of their cognitive ability. What's important about first impressions is having to say something that will impress others.

When you use more of your cognitive ability, then you'll be able to come up with better first impressions. Once you're able to come up with a better first impression; you'll find it easier easier than what other people said based on their opinion. In conclusion, first impressions are a lot easier to change when you think about how you'll change your first impression and when you come up with a better one, but it takes time to develop

(also don't over think it because this can cause stress and also won't help you use more of your cognitive ability).     ",198,12,Male,Economically disadvantaged,Asian/Pacific Islander,train,4,3,3.5,3,3,3,4,3,3.5,4,3,3.5,4,4,4,4,4,4,4,4,4
880188B5EED8,First impressions,"People say first impressions are almost impossible to change. I think you can change someone by getting to know each other, spending more time together, or ask them how they feel.

If you start talking to someone for the first time and you think their personality is really bad try to know the person more. In my experience, when I see someone for the first time like at work or school right away I think they're mean from their face expressions and attitude. Sometimes they think the same way too, so they are mean back.

You should spend time together and go to places where both of you guys like to go. Their attitude might of changed because maybe they needed someone to talk to and go out more. There's people that their personality are just different and you have to accept it.

Lastly, People go through a lot in life and their personality starts to change. Also, you have to ask them how they feel because sometimes they feel depressed or angry about something and need someone to talk to. It's better to be there for them or help each other out.

In conclusion, people say ""Don't judge a book by it's cover"" because you never know why they behave like that. If you don't know them, still ask if they're okay. It is possible to change their personality and make them a better person.        ",228,12,Female,Economically disadvantaged,Hispanic/Latino,train,4,3,3.5,4,3,3.5,4,3,3.5,4,3,3.5,4,4,4,5,3,3.5,5,4,4.5
890FAF6F82FC,First impressions,"I agree with this statement because it's impossible to change this impressions. Some people have physical problem it's impossible to change. Lot's of people have mental problem with getting mad. If somebody have mental problem maybe they fight with someone. They have to go to hospital to check up. If they take some medicine maybe they get better. When they have physical problem they yelling on the street and running and lot's of people scared from them. They family have to keep them at home. If they didn't safe at home.

There family can take them to lunatic asylum because they can't stay at home they go out and did something to the people. People can call to Police and maybe police arrest them then they get trouble from police. There parent should protect them from this disaster. If they want to go out there parent go with them because it's safety for them. For parent this condition is distress. This condition of doing something badly for parent. If this kind of condition they have they do care for children.

They have frustration about children because this condition is very badly. They can't go outside they stay all the time at home. If parent go out maybe child go outside and again he/she did something badly in public. If they want to walk outside by them self they can't because they have to go with parent. Some parent they take them children into park they want to play but reason is there is lot's of kids playing. If he/she did something to kids is very bad situation. This mental problem very bedly.      ",219,12,Male,Economically disadvantaged,Asian/Pacific Islander,train,3,3,3,2,2,2,3,2,2.5,3,3,3,3,3,3,2,2,2,4,3,3.5
89863E1AF982,First impressions,"Should the first impressions care and show who individuals are? First impressions are almost impossible to change that is why people always have to worry about their actions because people can not go back the time, can lose opportunities, and can get on trouble.

First of all, people can not go back the time and try to fix what they had done wrong. For example, some individuals who gave a bad impression in their first time at work because they did not how to deal with the costumer and they had a bad attitude but then the next day they realized that they have to change their attitude it may be too late because the costumers already complained. All in all, people have to do their best the first time even if life is too difficult because time does not come back.

In addition, Individuals can lose opportunities by their first impressions. For instance, some people that apply to a job but they did not present on time will give their new boss a bad impression about them that he or she will want to fire them. All in all,people always has to make a good impression the first time and they will have better opportunities.

However, some people may argue that first impressions can be change because people may have regrets and they will try to apply themselves and do their best in what they did wrong in the past .This argument is weak though because not everything in life can be change easily. For example, some people may regrets how they were in high school with their teachers but they can not do nothing now because some of their teacher already past away. Even though, first impressions are impossible to change because no all the time people will have the opportunities to a second chance.

Finally, people can get on trouble for how they show the first time. For example,some individuals that deal with other people always has to give a great impression the first time. Additionally, people that works at a restaurant has to have a good appearance because if they do not have it they will lose costumers,lose their jobs. In a word, a good impression the first time will save people from trouble.

People always have to be careful in what they show or do the first time. There are great reasons for always make a good impression the first time because individuals can not go back the time,can lose opportunities, and can get on trouble. What would be if all individuals make a bad impression the first time?",416,11,Female,Economically disadvantaged,Hispanic/Latino,train,4,3,3.5,4,3,3.5,4,3,3.5,4,3,3.5,3,3,3,3,3,3,4,3,3.5
8A8CC7624410,First impressions,"I 'll talk about the disagree in many causes I have been paired with people who are bad they have their bad character, they are aggressive, discrminator, inpulsive ,in that aspect, however, one is at risk while being with bad people they even try to do things to one, for example they beat him, they mistreat him, they require him, to do bad things such as killing, rooting, selling druds, and much more in those causes, they usually happen bad today there is much evil sim embark they try to undo othres by giving them bad ideas so that they run the risk just as they do.

but what really the who harm what the please through a machiavellian emotional black mail based of fear of aggresion but under certain circumstances, evil acts can occur without the need of all of us. we have met peolpe who appear to be kind while they gain their trust and that is whea you realize that you are failing that you have been linked to bad people even in recent years,bad people there are people who have an evil background because of their environment can shape us to detect bad peolpe, the occurrence of very mediatic cases of munder or abuse of people make society silvery high because there are such people bad.

The virtues are the qualities we have and that provides a good for the same and for others is to say not knowing how to live whith another in my case, terrible things usually happen to me when I talked to my aunt, I did't know that she was aggressive discriminating well, not only does it happen to me, I have seen more people who go through terrible things that even their own family is bad with onw in case it is terrible to happen with bad people influence.

A

person with who, spoke and through the times, realized that he would be badly took him out of school so that the child would be unable to read and would fail to steal in stores how bad it is why he closed the doors and I take that great opportunity away from the boy now the boy is a boy, who is in perdition, because how his own mom did every thing to him now he is a bad boy who is stealing is aggressive all because of her mother's fault why she took that great opportunity from the boy.

that is why today there is so much evil bacause many and others were separated from their relatives making is not only one of the most bad people the propensity to the evil of these children is in the way it is conformed to detect so much evil today full give people with the smile in the mooth and the poison in the heart. ",437,12,Female,Economically disadvantaged,Hispanic/Latino,train,2,2,2,2,2,2,2,2,2,3,3,3,3,3,3,3,3,3,2,2,2
8C0C5CED34D5,First impressions,"I agree that its hard to Impressions is impossible to change because my First experiences and the example is that when i was 16 and my first day of working with my uncle and i work on delivered marble,materials to the person who needed something to fixing the problem As a result on my first day and experiences it went well and OK because i was a little nervous that something is going to be wrong that i may say something wrong and i don't know what to do when the person say you got the one materials and tools. On my second day at work my boss told me to go help the other workers and i did and i grab the big marble table and put it on the truck and tied the rope and rap tightly so it won't fell down but when i was going to jump out of the truck and rope was ripping apart and the table got broke in half the consequently that means we clean the mess and throw it away and grab another marble to cut it in a right shape and size and delivered and fast as we can to make it one time and that is one of my scary experiences because i was scared that my boss will get mad at me and the other workers it a good thing that we work together to finished the job and the mistake we had to fix. And boss tell my dad that he did a good job and impression like his dad use to do my Father was very proud that did very well at work for the past 3 days because i work there for 5 hours and very fun and a good experience and they teach me out to use the tool the right way and how to use it properly and those people help me a lot and a pleasure to work there on the marble shop as a worker and made few new friends an that job.",332,12,Male,Economically disadvantaged,Hispanic/Latino,train,3,2,2.5,3,2,2.5,2,2,2,3,3,3,3,3,3,3,2,2.5,3,3,3
92FFB3530304,First impressions,"I'm disagree with this statement, that the first impression is impossible to change, because, I have seen a lot of people who doesn't had a positive impression at first, but later they completely changed. They become to change themselves from what they were before, tried to forgot about the negative impressions they had before.

if you Have a negative impression at first, and you want to change it, it will be hard, but it is not impossible, if you really want to change it. Everything that you have control of them, and you want to change them, you can do so. It well be hard, but not impossible. First impression can also have a large effect in someone's life, if it is a positive impression it can lead to the success, they want to have, but having a negative impression will not only take away your success, but it will also keep you down in your society, you will not have the respect, that you want have in your society. For example; if a boy in a place or society have a negative impression, other people who live in there will not let their children s to play with him, or to go to school together, or even their parents will try to change their children s classes if they know that they are in the same class, because they don't want their children to be like him, or to have a negative impression that he has. As the boy grows up, and recognize that he should change the negative impression that he had at first, which kept him away from his friends or classmates. He will try to change it to positive impression, which will be hard and for him it will be a strange thing, because he never tried this before, but, as he continues he will realize that, how much he was bad with that negative impression, and how much he was hurt, by that negative impression. Having a negative impression at first, and changing it will take much time, but changing this will help you to reach where you want, it will help you to achieve your goals, and it will help you to find a good friends, everyone will try to be your friend, and wants to have a good relationship with you, so you not only help yourself, but you will also help your friends to reach their success or to achieve their goals. Changing the first impression is not impossible for those who have a strong trust on theirselves, and really want to change this, especially, if this impression is negative, because he knows or soon he will know that this can be very bad for him, and can keep him down in school, society, or in the place they live. As, he knows that how much a negative impression will hurt them, they will try to change it. It is not going to be easy, but that doesn't mean that it will be impossible. In the process of changing this impression they will also learn a lot of new about how much will a positive impression good for them what can a positive impression do for them. They will know that having a positive impression is not in everyone's luck, those who have a positive impression, on their society, school or etc will have a successful future. Most of the peoples want to change their first impression, because they haven't seen any positive result from it; they want to change it for a good future. Those who have negative impression can't reach their success, because having a negative impression is like a wall between you, and your success, that will prevent from you achieving your success. First impression is like the first step toward your goals, so if you have a negative impression it will be almost impossible for you to get there, because having this impression can also effect your lessons, but if you have a positive impression it will be much easier to get there, because you can have more success in your lessons. For most of the people changing their first impression looking impossible, because they are never going to try it, they never want to experience a new thing, or maybe most of them think that this is not that important, but, I think that first impression is also very important in life. It can bring a lot of changes on you it can change you future, your position in a place.

I think that those who want to change their first impression should know that, this will not be easy, but if they try, and keep this in mind, that if they bring this change in their life they actually achieve a very big success. Changing this show them that everything that they want to change in their life is up to them, however, it will not be easy to do that, but that doesn't mean that it is impossible. Everything in your life is in your control, and you are the only person that can change what ever you want to change in your life, it just depends on you, that you are going to handle the situation. If a thing come to your life, and you know that, it will have a negative impression on your life try to keep them away, because they can make problems for, they can pretend you from having a good future, they will try to destroy you, so you are the only person who can keep all these things away. For most of the peoples it will be hard to forgot about their first impression, because they have a good knowledge with that, and they think it is good even if it is a negative impression. This kind of people will have a hard time to forgot their first impression. When we try to find new friends we always try to find about their impressions in our life; how can they help us to solve our problems, or how can they help us to achieve our goals. Having friends with positive impression in life will help you to take over your problems easily, but if you have friends with negative impressions, they can put their own negative impressions on you too, they will make think like a loser, because they don't want to reach your success.

In my idea those who want to change their first impression, first they have to think why they want to change it, what negative result they have seen with this impression, after they reached the position to change their first impression, they should start working for. ",1084,12,Male,Economically disadvantaged,Asian/Pacific Islander,train,3,3,3,4,4,4,4,3,3.5,3,3,3,3,3,3,3,3,3,2,4,3
935A26E2610C,First impressions,"Do you think that the first impression can change my statement?

some people change the statement with the impressions for to made best result or to have a bets answer, therefore not all people can make this possible,

but while the people always try the bets.

i'm disagree because, based on my experience some time i said my first impression, and its hard to change, but is not impossible all is possible if you try the best, my mom said that you always have to change the first impression if is not correct.

My mom said that you always have to change the first impression, because you will be more secure of what you doing, and your life will be more better, and safe, I remember that she always toll me becarefool of what you choice, because that what you do in the present will affect your future.

Some time you have to think of what you choice, and i choice that i'am disagree, because i said if you think two time your impression your impression will be better if you said a best impression, so you have to think what you said because if is not correct you will have a big problem.

Should the people said the first impression, but if you see that you first impression is not correct you have to change the first impression, and make a better impression, because two is better than one. ",221,12,Male,Economically disadvantaged,Hispanic/Latino,train,2,2,2,2,2,2,2,2,2,2,3,2.5,2,3,2.5,3,2,2.5,2,2,2
9551DA943B01,First impressions,"First impressions are very important because that is the way people know you. It has been said that first impressions are almost impossible to change and I agree with that statement, because it is hard to change people's mind and the way they think about you.

When someone know you or see you for the first time, the way you act, speak or the way you look is what they use to create an idea of how you really are. And when people already have an idea of how you are it is very hard to make them think different. Sometimes when you tell them you are a different person, they won't give you a chance to demostrate if is true, and they will just keep the idea they already have. People who knew you time ago and did not see you again they will keep the idea that they have about you, even if you already change.

Sometimes you meet people in the wrong moment, and they get a bad impression about you. Then they just keep their distance or go away and you can not do anything to change their opinion. First impressions are very hard to change because the majority of people judge you on the first thing they notice about you, it can be your appearence or the way you act.

Although I think first impression are almost impossible to change there are people who thinks that it is not hard to change first impressions , and they may be not wrong also, because there are people who give you an opportunity to start over and show them that you are different; However even if there are some ways you can change the impression that someone has about you, there are more reasons why it is almost impossible to change first impressions.

To conclude first impressions are almost impossible to change and people should be more carefully about first impressions. Because it is very hard to change the way a person thinks. and also it can affect your reputation.                   ",356,12,Female,Not economically disadvantaged,Hispanic/Latino,train,4,4,4,4,4,4,4,4,4,4,4,4,4,4,4,4,4,4,4,4,4
9715AAF5B952,First impressions,"Have you thought about your first impression of someone and did it change or not? because our first impression are possible to change when you are making new friends at a new school and when you go to an interview for job.

First, first impression are possible to change when you are making new friends at new school because people can look at you by the way you are quite, shy, and serious. But once they start to get to know you they start realizing that you are talkative, loud, and fun to hangout with. Their first impression of you starts to change. For example, when I met Generic_Name I thought she was ignorant, rude, and selfish but when I started to hangout with her I noticed that she was a sweet and caring girl. And we became really good friends even my first impression of her from the beginning changed.

Second, first impression are possible to change when you go to an interview at work because when you arrive at the interview it may seem that don't have the courage to work by the way you act. Meanwhile those impressions start to change because they notice that you actually want to work and you want to put an effort on the job. For example, When I went to an interview for a job the manager thought that I didn't actually wanted to work and that I wouldn't take it serious just by the way I look. Later on he realized that I actually wanted the job even that I would take it serious. In other hand some people think that by the way I talk or my face impression, people think that I won't get the job because I would not take it serious but they are wrong because once they start to get to know me. They start realizing that I actually want the job.

In conclusion, first impression are actually possible to change when people are making new friends at school and when you get an interview for job because we need to get to know each other better, instead of letting our first impressions be right. So don't judge a book by it's cover!",358,11,Female,Economically disadvantaged,Hispanic/Latino,train,4,3,3.5,4,3,3.5,4,3,3.5,3,3,3,4,2,3.5,3,3,3,4,3,3.5
98DE8992E379,First impressions,"I'm agree because your first impression it will be the one that represent who you are and it will show your personality, and the people will judge you becauseyour aparience and your actitude, for example, when i was looking for a jod at chipotles restaurant for the first time, they where looking at me strange like i was a bad person or a criminal.

The next day i went to popeye's restaurant with different type of clothes, and they didn't look at me in a strange way, and that was because i was dressing properly, and because my friend tell me to dress better because in the first time when i went to chipotle i was dressing as a bad guy and that make me look inapropiate and i did get the job.

After that i went to chipotle restaruant just for fun to prove if my friend was right and he was, the people from chipotle didn't look at me in a strange way as the first time, i think it's because they didn't remember me but when the manager comes he said, ""hoo hellow you're back,"" then he leave.

The manager was the only person who remembers me and he did not change his opinion about me, i didn't care because by that time i did get the job at popeyes so i decide to leave out of there.

In conclution that day i learn that the first impresion metter and it could affect in your life.",232,12,Male,Economically disadvantaged,Hispanic/Latino,train,3,2,2.5,4,3,3.5,3,2,2.5,2,3,2.5,3,3,3,3,2,2.5,3,2,2.5
99BA9BABB1A5,First impressions,"It has been said that first impressions are almost impossible to change. Some poeple think the impressions is impossible to change. There is some poeple is not impossible for them to change the impressions. I agree that the first impressions are almost impossible to change. I believe that impressions for the first time is herad to change it.

The first reason that I agree for the first impressions are almost impossible to change is because,

the first impressions is impartant for the poeple. Some poeple think the first impressions they can change it

,but the first impressions is almost impossile to change or forget it. For some of the poeple impressions is impartant. Also, for some of the poeple impressions is not impartant. Impressions is effect of someone has thoughts about a person.

The second reason is that I agree for the first impessions are almost impossible to change is because, of the feeling. If the poeple has the first impressions or the first feeling is almost impossible to change. Some poeple can change and some poeple can not change it. However, Some poeple think that the first impressions is head to change.

In conclusion, I believe that first impressions are almost impossible to change. Some poeple think is head to change the first impressions. But some poeple think that is essy to change the first impressions. An my experiences I think that is almost impossible to change the first impressions. Some poeple think that first impressions is when a person thought or feel about someone.",237,12,Female,Economically disadvantaged,Two or more races/Other,train,2,2,2,2,2,2,3,3,3,2,2,2,2,2,2,3,2,2.5,2,2,2
9A9924C0CA97,First impressions,"Of course the first impressions are almost impossible to change, when you meet with someone, you are waiting that this person can be nice to you, it depens on how you are as a person, sometimes people can make you think good or bad about them , that doesn't mean anything bacuse you dont know how somebody really is as a person until you start knowing about them or start talking with them by any way, you can get information about them from friends or someone who already know this person in case you really want to know about them. It is okay to look over the person you will meet because that way you are feeling sure with yourself about what this person can do or say about you.

Your personality is something that can define you as a human. If you want that people talk good about your personality when you meet them, you will have to give good impressions by doing things like saying hi when you arrive to some place, talk about the good things you have done, sports you play or any healthy activities you can achieve.

If you are a socialist person you know people will look at your personality when you meet them because they want to know if you are a pleasing person, the minds can change, imporessions never do, even if you know a person for a long period of time, you will never forgot how they was before you meet them for the simple fact that the first time is something that almost nobody can forget.

Another reason or example can be when you are looking for a job, you can give good impresions to your probably next boss and the people you will be working with, not just by how you acting it can be by how you are dressing too, your underwear many times can show much about you.",309,12,Male,Not economically disadvantaged,Hispanic/Latino,train,3,2,2.5,3,2,2.5,3,2,2.5,3,2,2.5,3,3,3,3,4,3.5,3,2,2.5
9B3F1EFA8AAB,First impressions,"It has been said that first impressions are almost impossible to change. Some people think that are impossible to change, because they had been said or think that you cannot change your first impression, when you at first meet or start knowing someone, that is not true because clearly you can change your first impression, even though it can be the same or different as the first impression you had at the beginning of everything, but you may also be insecure or confuse of your own thoughts and feelings.

I am in disagreement with this prompt that it has been said that first impressions are almost impossible to change, because just imagine clearly your first impression it may not be the same when at first you start knowing someone, when at first you meet someone, or even when at first you look someone by the first time, people may also said that is impossible to assume your first impression at someone, because your perspective of someone may be different from another perspectives of others, you may have the same perspective or also different from other people.

The day when at first came to United States it was really hard for me and for my family from Mexico, I was really nervous and also a little scared, it was one of my dreams that became real, I was so impressed and surprised of everything, the first impression that I used to have of United States changed, now that I am living in United States, the impression is different because now I know how is to live in a different country. Not always is going to be how you thought it would be, but it can be even better, even thought your impression was different or was the same at the beginning.

The day I came to this school Generic_School, my impression from when I meet my counselor Generic_Name were different from my impression after I meet her, I thought she was going to be really mad and mean counselor or I even thought she was going to be a counselor that doesn't like Hispanic people, but all my thoughts were wrong, my impression was really wrong because my thoughts about her were wrong, now that I know how is my counselor, my first impression and perspective changed from the one that I used to have and believe.

In conclusion, as the end of this prompt that it has been first impressions are almost impossible to change is wrong, that is not believable because your first impressions and your own thoughts can be wrong, even though you thought it was going to be something at the end is not how you thought it was going to be, first impressions are possible to change because they can be wrong even though your perspective can be true, or it can be also wrong. Don't let first impressions to trick you because they may be wrong, you can change them if you want, but make sure to be secure.         ",491,11,Male,Not economically disadvantaged,Hispanic/Latino,train,3,3,3,4,3,3.5,3,3,3,3,3,3,3,3,3,4,3,3.5,3,4,3.5
9BF2607D4878,First impressions,"The statement is ""the first impression is almost impossible to change"" which is a different feeling for everybody, but for me, I disagree. In fact, the first impression is really important and sometimes true, but I think the first impression does not define a person, an object or a situation. Having a first impression is a human reflex, like having an opinion or a judgment. We are doing it unconsciously.

The first impression is most of the time not real, you need to search deeper to make an opinion and when you really have an opinion, then, the first impression is not important anymore. For example, when you meet someone, your first impression might be that you think she is supercilious and even a little bit mean. Therefore when you really get to know her deeper then you will find that she just had a bad day and that she is nice and sociable. Sometimes it's the contrary, a person seems really nice but in reality she is not, so your first impression was wrong. It is not good to stay on a first impression because most of the time it's wrong.

Moreover, the physic, behaviors or attitude can change an impression. If the person do not smile and seems to be rude but in reality is the nicest person, then it will be awkward for you because you thought she was bad. Sometimes a person can have a bad reputation because of the first impression he shows and it is not his fault, some persons just don't smile every time. Sometimes you can be disappointed because you didn't get to know the person because of your first impression.

The first impressions is not only for people but also for a situation or an object. For example if you are in a library and you want to buy a book, the first thing you are going to do is looking at the cover of the book. If it's pretty you will more easily choose this one instead of a book with a black cover and only the title, because it is your first impression. But your first impression is wrong because you didn't take time to read the resume and you will find soon that the pretty book is actually boring instead of the black book which is really interesting. An object can look nice but have a bad quality. The first impression is the color and the shape of the object, like the physic and the attitude of a person.

In conclusion I would say that the first impression is sometimes right but most of the time it's not. In my opinion, you must not keep in mind your first impression of a person, it's most of the time wrong. You have to get to know the person to build your own opinion. It is normal to have a first impression, like judging, but you must not take the habit to stick with your first impression.      ",481,12,Female,Not economically disadvantaged,White,train,4,5,4.5,4,5,4.5,4,5,4.5,5,5,5,4,5,4.5,4,5,4.5,4,4,4
9D9B85A82575,First impressions,"As teens mature, they form opinions about issues that affect.

Not is a good idea to said that first impressions are almost impossible change.

Not is a good idea because all can be change, maybe we are expressions don't be nice.

Is possible because to change because you don't feel that people you begin know take a bad impressions of you can and you can change.

is very nice that people said he/she is very nice person and respectful.

you can are more friendly.

Is nice the have have good thought of you.

Is possible because maybe you demonstrated you face sad or angry and you don't are like show you can change.

You don't demonstrated when you don't are happy or have problems because nobody help is better you are always happy.

When you are express in front someone said or do good things. you can be happy face.

You personality is first thing the people are the first impression have of you.

While some people that is possible because only for the people think you are friendly and maybe you don't are not only for this reason you need to change,Others argue that is possible to change because the people you begin know take a bad impression of you and you can change , because it possible because you want work in a place where you need demonstrated are friendly and smile and don't are like this they need in the job , you need change because so, the people don't want you attended.

Is good demonstrated that we are nice person for what the people have good impression of we.

It good that people think you are a person friendly and don't have any problem for this reason.

Is good you first impression any job be nice because you form for treated the people is very important in any job.

In conclusion not is impossible change you first impression that other people have you but you can demonstrated that you don't are the they think.         ",303,12,Female,Economically disadvantaged,Hispanic/Latino,train,2,2,2,2,3,2.5,2,2,2,3,3,3,2,3,2.5,2,2,2,3,3,3
9DF267887BEB,First impressions,"I disagree with this artical because is not always how you will see first impression is how you will see the person in general. Is not a great idea to change how you are to impres other people. Like for example I'm shy meeting new people but sometime I don't know what happen to me that I talk to people like I meet them before. Not all what you see is who it is sometime the apparance lies. People sometime lie to get something or someone. Other people do it to get attention because they fell alone and they change to get attention.

Other people do it to get attention because they fell alone and they change to get attention. I sometime do it to but only because I fell left out of the group so sometime I act diffrent. I don't like it but is the only way that I can get people attention. Some people will like if they are them self because you don't what to date sameone and that person is not the person that you see in the pictur. Other people like to deceive other poeple only for the money, to play around with them or be bad with you.

Like for example I'm shy meeting new people but sometime I don't know what happen to me that I talk to people like I meet them before. Sometime when I act crazy is becasue I like someone or because I need sleep but most of the time is when I'm in love. I am very weird to be around. I like to jock a lot but that dosen't change me who am I.

Is not a great idea to change how you are to impres other people. There are sometime that you have to impres other poeple like when you are trying to get a job. You have to look impresing so they can higher you for the job. Sometime it will need more then changing who you are. But most of the time you don't have to impres the people with the look you can impres with how good you are with the job. ",348,12,Male,Economically disadvantaged,Hispanic/Latino,train,3,3,3,2,3,2.5,3,3,3,4,4,4,3,3,3,4,3,3.5,3,3,3
9F7E189A2DCF,First impressions,"Do you believe to know a person through one impression? Some people believe that most of the people's personality will depends on their presentation or the way that dress up, they think that your knowledge or your personality is base on how you look. I believe that the first Impression could change for the following three reasons; Your clothes or how you look do not show your type of personality, the kind of person who you are will depends on knowing the person and through knowing the person your idea about the person could change.

The majority of people classify the type of person base on how they look, What I believe is that your clothes and how your look do not say or show your type of personality or the kind of person who you really are.

Base on my short experience to know a person takes time and the first impression could be unfavorable in strong relationships or friendships that's why I believe that who you are will depends on knowing the what kind of person you are.

Most of the strong friendships or relationships that I know they were enemies or they did have a good impression about the person at first time but through the time they had the privilege to know the person and they found a good kind of person.

To conclude the first impression is good way to present ourselves but through knowing the person we will find that the first impression does not care when knew the kind of person that's why I believe that first impression could change through knowing that person.",262,12,Male,Economically disadvantaged,Hispanic/Latino,train,4,3,3.5,4,3,3.5,4,3,3.5,3,3,3,4,3,3.5,3,4,3.5,4,4,4
A0B2BF94231C,First impressions,"First impressions are almost impossible to change. I disagree because when you look at a person for less than 6 seconds you think you know that person. Until you have a coversation with that person at least for ten mintutes. Your impression will change. However i disagree that first impressions is almost impossible to change. The reason why is that the way a person looks,personality, and their communication skills are always that change your whole point of view of that person. From your first impression, when you look at them.

However the way a person looks from your first impression isnt always who they really are. Your observation on someone aren't truely who they are. The person can be good looking person you've ever seen and you really want to meet them. Until they are the wost person, that you hate so much. This also works the other way around too, the person could be the ugliest person you have ever met, but you never gave them a chance. Thats when you realize that, that person is really good. Its also like dont judge a book by its cover. Until you actually meet that person and get to know them.

Personality can change your first impression. Personality is mostly who you are finding out, who that person is, can be life changing. For you not knowing who someone is can have a big change for you. You really dont know who you are really meeting. Personality gives great insights in that person and who they really are. Also however they want to come out to you.

Also communication is key its really important to have communication. Communication gives confidence to the other person who you are communicating with. That shows that you understand the other person and feel comfortable with them. Having good eye contact and hearing all the information of the conversation that they are giving you, makes them open more up to you.

Additionally, i disagree that the first impression is almost impossible to change. Their personality, the way they look, and communication skills can always change your whole point of view on a person. Looks can be looks, personality being honest no matter what. Communication skills are you by listening, can help you on your first impression. Therefore by taking the time, day, hours , and effort to get to know someone can benefit you from not judging a book by its cover. First impressions can change ,by getting to know that person and who they really are.             ",410,12,Female,Economically disadvantaged,Hispanic/Latino,train,4,4,4,4,4,4,3,4,3.5,3,4,3.5,4,4,4,3,4,3.5,4,4,4
A18B82F7407B,First impressions,"When you first meet a person for the first time, it is good to have a positive attitude towards the person so that they see a good impression of yourself and how you are as a person. meeting someone for the first time is a way to show them who you are but that impression never changes because they know that you are that person of character. theres many ways of having a good, bad, and persuasive attitude when you meeting a person, businessman, and even a friend. i think that the first impression towards a person can be like how they view you as a whole. it doesnt always have to be about character this could go for anything even including: movies, video games, and television shows. they can have a strong impact on you, even little kids that are growing up that watch TV, those television show have a first time impression towards them.

Meeting a person with a bad attitude/ impression can show you that they are not good for you or even around the people that you hang out with, many people tend to have the impression of a cool and awesome person when in reality they arent that person, many people try to put up an image so people think that you are ""awesome"" or ""cool"". leaving someone with a bad impression can have a big or negative impact in their life for example when you first meet a person you wanna date they could leave you with a good impression but over time that person can change the way they feel about you and you see that a they are changing as person which many people arent comftarble with change of a person. also having a bad impression on the job you are trying to get, wont get you the job because of how you are behaving or using words or even body posture says a lot about a person.

Good impression that you show the first time to a person meets you be kind and just have a good attitude so people will have the same to you. being good to people in life can alway have a positive outcome. dont always be god to people that treat you bad and run you over and over again.

i think its best to havea good frist impression to anyone you meet in your life because those people will like you and some will not like you at all, but being the best of yourself to your potential can be amazing at times but always have a positive mind set about impressing other people and its not always about impressingother people its also about having that thought of being your best at all times.",450,11,Male,Not economically disadvantaged,Hispanic/Latino,train,4,4,4,4,4,4,4,4,4,4,3,3.5,4,4,4,4,4,4,3,3,3
A2957D006D28,First impressions,"It has been said that the first impression are almost impossible to change. I disagree because when you look at a person for at three seconds you think you know that individual already, Until you have a conversation with him/her for at least ten seconds your whole impression will change with a ""blink of a eye"". However, I disagree the first impression is almost impossible to change. The reason why is that the way a person looks, personality, and there way communication skills are all ways that can change your whole point of view of a individual. From your first impression when you look at them.

However the way a person looks from your first impression isn't always who they really are. Base on you information on someone aren't ever really true. Meaning looks can be deceiving. Ex. The guy/girl could be the cutest person you ever seen and you really want to meet them. Until they were the worst nightmare and you hate them with a passion. This also works vice verse. Ex. The guy/girl could be the ugliest person of the time, but you never gave them the time of day. Until you met them and started talk to each other. That's when you realize that this person is the one for you. It's like saying don't judge a book at its cover. Until you opened it and read it. That's when you really like this book. Sometimes a personality can be a huge factor on your first impression.

Neverless personality can change your first impression. Personality is mostly made up of whom you are. The basic qualities, and beliefs you have on a individuals. Find out who someone can be a life changing event for yourself not knowing who someone really is can have a big affect on you, because you really don't know who you are dealing with. Personality provides great insight into individuals and their lives. Being honest no matter what with someone can build a strong first impression on yourself and the person right in front of you. Showing the courage to do what's right in those situations, being loyal at your friends and love ones are good ways to boost you relations with another individual. Having the drive to keep going can rise-up your personality and your first impression to a different climax. Communication is key to your first impression.

Furthermore, communication skills consist of verbal and non-verbal by transferring information to another individual. Communication involves displaying confidence, and passion to show that you understand the individual topic by being eye contact and hearing all information that they are telling you. By you giving your honest opinion on a situation can grater your chances being with that individual, when keeping an open mid and resisting to give your quick judgments are clear signs of good communication skills.

Additionally. I disagree that first impression is almost impossible to change. The reason why is that the way a person looks, their personality,

and their communication skills are all ways that can change your whole point of view on a person. In other words, looks can be deceiving personality because being honest no matter what is key, and communication skills are caused by you first impression. Therefore by taking the time, day, hours, and efforts to get to know someone can benefit you from not judging book by its cover.            ",555,12,Female,Economically disadvantaged,Hispanic/Latino,train,4,4,4,4,5,4.5,4,4,4,4,4,4,4,4,4,4,4,4,4,4,4
A366CC7B0D05,First impressions,"Are first impressions impossible to change? No, I believe that first impressions are not impossible to change because when you typically meet someone for the first time many people just try to "" fit in "" or be someone who they really aren't but within time the perspective of how you are viewed can be changed and the first impression you made of yourself the first time won't matter. Also, when you first meet someone , typically you are nerves and you can be seen as a quiet and closed person when in reality you are really outgoing but it just takes you time to adapt to someone and many people don't act like themselfs.

A example of why I disagree with ""first impressions being hard to change"" is because the first time I met my boyfriends mom I was really shy and nerves and I thought was giving off a bad vibe and making myself look "" bored "" even though I was just trying to be careful and not seem so crazy with what I said or did. After a while of me being around her she started to see me as a different person/much better person than i was and she started to see how outgoing I was and how I was nothing like the first impression I gave her and her view of me changed.

Another example I have of how first impression can be changed is the from the first time i met one of my best friends. I first met her through a mutual friend we both had and when we got introduced to each other i thought she was annoying and that she could never be serious but with the time that went by I started to see how she really was and that was her personality and maybe i judged to fast. So when we started to become closer friends my first impression of her changed because now i love her and the first impression of her didn't affect me after all.

So in conclusion , no , I don't think first impressions are almost hard to change. But it is also not something that can be changed within hours but with time the impression you give off can definitely be changed for the better or for the worse based on your actions as well.",379,12,Female,Economically disadvantaged,Hispanic/Latino,train,4,3,3.5,5,3,4,4,3,3.5,5,3,4,4,3,3.5,4,3,3.5,4,3,3.5
A68AABEAAB4B,First impressions,"Dear diary today in the English class my friends were saying that in sum point in life the first impressions are almost impossible to change and I asked to other people and well what I think is that they should not say that because the person can be in a bad moment of there life and they arent doing good, it also can be that they don't treat everybody the same way and one person told me that they could act in a different way I thought that it's a good reason of that person and I said thank you for your answer.

My first reason is that the person can be in a bad moment of there life and they arent doing good because they just moved to another place far were they lived before and left there friends or family, someone in the family died, they feel lonely,for example I have been in this situation a lot of times and my situation is that I move a lot because of the places were my parents need to work and in some point they told me that we were going to move each year and I changed how I felt, I felt upset and not wanting to go to school anymore I only wanted to have fun; this year I havent moved but my parents are seeing what house to get 1 hour from here we may move in January and I don't feel good thinking about that because here in Generic_School I feel like in home they treat me good, the teachers help you if you need something or if you have a problem in or out of school they also tray to help you in any way, and another reason is that I made a lot of friends and I really don't want to leave them (the people here are great).

In some reasons the people don't treat everybody the same way because each persons sometimes are treated differently by the person; it hap pend to me one time and I really didn't like it; it was one time that I went to a party and I was going to meat up with a group of friends wen I got there they didn't want to talk to me I wondered why but I got to know by a girl that sow me wanting to talk to them and it was because they told them something that I didn't even know that I did; I went to talk with the girls and explain that I did int do nothing and told them that I had a twin sister and that I didn't tel them that I had a twin and that she was the opposite to me so things got fixed and we went to party all night and to have fun.

The reason that the kid gave me was that they could act in a different way because some kids are special in some part of there life; they can be aggressive or nice because they can't control there feelings sometimes or most of the time kids with a disease one of the example that he gave me is that he knew a kid and that he will help and be nice but sometimes he will be very mad and say things to the persons that he knew; he can't control his character but they were teachers that will explain what he had and they would be better and not say things about hem.

Well now that we sow all this I think that I am correct people don't always be be perfect, everybody makes errors in life or someone causes them. Thankyou for hearing me today!!

Have a great day!!",611,11,Female,Not economically disadvantaged,Hispanic/Latino,train,3,3,3,3,3,3,4,4,4,3,3,3,4,3,3.5,4,3,3.5,3,3,3
A6A6C7852F05,First impressions,"I say no becuase you cannot jude somonw by there first impressions has a person. It would be nice getting to know the person and if their imature its fine from first impressions. Getting to know who the person is by askin them about them self not just be like of there not good enough. For a example if someone is tired and your gunna be like oh their lazy you cant just base them from there firsr impresstions.

Is it impossible to change no its not impposble because it i ur mentality. In life nothing is inpossible you can easily chnage to a whole diffrent lets say, your a very mean person you can always change and be super nice to everyone. You can always change for who you are and for me i was very quiet i would never wanna go talk to poeple because i was really shy with people but now i like to talking to everyone else and i dont care who the person is i always introduce my self.

So i strongly agree with this statement you cannot jude someone by their first impressions some people thought i was really mean when they first met me bcause i would be tired end of the day and i wouldnt walk people because i was lazy and i didnt have that enery to talk. Thats why i changed my mentality so people would not call me lazy because its anoying so thats why i changed my whole life around i didnt wanna be so the same so i just changed, that made me super happy just for having a new life style.

When someone says it is impossible to change their wrong because they dont belive in them selfs that they can change has a new perosn i didnt think i was going to be a whole new diffrent person. and now i do really like who i am always smileing. Back then i would not like to smile i was a really boring person. I wont lie i have based poeple have their first impressions and be like dam there not cool people and end of the day they are cool people. So it is not good juding someone to fast so in my opion i say yes i stronlgy agree.

from Generic_Name                                                                                                                            ",489,12,Male,Economically disadvantaged,Hispanic/Latino,train,3,3,3,4,3,3.5,2,3,2.5,3,3,3,3,3,3,3,3,3,2,2,2
A9544F0E8868,First impressions,"First impressions always count no matter what and sometimes even impossible to change. Because,when meeting a new person or family member people judge on how people tend to act and speak. For example,if a women would like to apply for a new job and talked to the manager in a rudely manner her way of speaking and acting would affect her opportunity of working. So maybe think before what you're going to say because it affects your life. But,not only you but the others in the surrounding Therefore, being nice and kind to others helps the way people look and act when they show their first impressions to others.

First of all, first impressions not only are by judged by the person of a face but ,can sometimes leave a good mark or bad one because the way people look and the attitude they give. Sometimes that's why when people are going to give a first impression it has to be a clear and nice way so that the other gives back to people. Otherwise, when meeting with them later in the future they will regret to have spoken and talken to you because lack of behavior. So maybe think clearly andi treat others the way they do to others. Next time think of what positive things to share around and impressions to others.

Secondly, sometimes its impossible to change impressions and thats why we think before we speak. One way by noticing is when meeting a new person and by their first impression. Its says a lot by just looking at their behavior and attitude not only because the way they speak but interact with others. For example. when meeting a new employee at my job employees have to introduce themselves to each others so that they can create a long-lasting relationship. But, when meeting a new employee there was a guy and I introduced myself to him and he had just passed by without saying anything and was shocked when that happened.. Because, when meeting new people you have to introduce yourself to others like any other person in the world. Not only because their new but it helps people interact with each other.

Lastly, being able to give the first impression to others means a lot because it represents who you really are and the person you want to be. Therefore, people will comprehend the way you feel about others and how you treat them. So that your family and friends can be proud of who you are and realize who you've become as a person. Then, treat other with respect and kindness so that many others can spread positive things in life. maybe so later in life you can become someone and treat others the way you treat yourself. Then realize that first impressions always count as a good way to introduce yourself to others.

To summarize, the person who you are today is the person that can be later in life. Thats why first impressions always count no matter what and where you are and how you act as a person. Not only that but it also say a lot about people and you. Being kind and generous to others can affect the world by a lot not only by being kind but can help the people around you. Just by having a good impression of yourself people can take it to other good ways in life. So that's why we as persons have to be the that lead the next generation and with a good personality.",566,12,Male,Not economically disadvantaged,Hispanic/Latino,train,4,4,4,5,3,3.5,5,4,4.5,4,4,4,4,3,3.5,4,4,4,4,4,4
AAF42F8A396F,First impressions,"I agree with this statement because its hard to change your first impression. If you meet someone and you do something weird theyre gonna remember you as that one weird kid. it can be bad when someone have a bad impression of you when your trying to be their friend. Sometime you can change people impression of you if they get to know to know you.

if your first impression isnt good it can messed up they stuff you do in life like a job interview if you dont a good impression you may not get the job. If you move to new place and your going to a new school, your going to need to have a good impression to make new friends because if your new and a lot of people dont know you and if you do something weird or dumb everyone at your new school is gonna have a bad impression of you and that may cost you to make new friends and sometimes someone may bully you for being weird. Some kids at school have bad impression and people talk about them behind their back and their made fun of them for being weird. Like if your in a sport team and your that one kid who always bragging about how good they are, people around you wont want to be around you if they know your always bragging and they will spread rumors about you and people will stop talking to you if they know you like talking about yourself and people wont want to be your friend. If you wanna ask out the girl you like and she heard you did something to a another girl, shes going to have a bad impression of you and she wont even want to talk you and your tried to ask her out shes gonna reject you.

First impressions are sometimes always hard to change if you dont try change it with the people you had a bad impressions with. Sometime they people you had a bad impression of are usually the people you want to be chill with. In life its best to have a good impression because it can help you through life with people you met before. Good impression have a lot of good benefits with your social life. So the next time when you meet someone new its good to have a good impression.",400,12,Male,Not economically disadvantaged,Black/African American,train,3,3,3,4,3,3.5,3,4,3.5,3,3,3,4,3,3.5,3,3,3,3,3,3
AC3111702C95,First impressions,"First impressions are always important and can really effect how you are looked at but they are not impossible to change. They impact whether you get the job, make that friend or even if you get service if you are somewhere. I believe that first impressions are not impossible to change, they are hard but not impossible. Firstly, because someone could always forget, people can change, and you could receive a second chance to redeem yourself.

I have met people a second time that either I had a bad first impression with or they did and we forgot all about it. When you forget about somebody, the first impression with obviously not matter. You will forgive and forget. Also when I say the word ""forget,"" I do not mean completely lose all knowledge of the other person, but I mean maybe you did not care or maybe the first impression was not terrible that it was easy to block from your memory.

I have changed and many people in my life have also changed. Your first impression or somebody else's first impression might change if you meet them again in five to ten years. Over a period of time if let's say somebody who had a bad job interview wants to change and really wants the job, they will change and they will ask for another opportunity. Even if you have a bad encounter with someone the five times you have met them, your opinion about them will change with just one good impression. People change and when they do, so do impressions.

Second chances are also very important with impressions. Redeeming themselves is something a lot of people tend to do. Chances are not hard to ask for, and when making it up to somebody for a bad impression, you need to make it count. I have asked several people for second chances to redeem myself for bad impressions and now, we are friends. When I first applied to my first job, I was late to my interview and that is why I did not get the job. Then I asked my boss for a second chance, he gave it to me and now I have an amazing job.

In conclusion, no, first impressions are not impossible to change because there is forgetful people, people change and second chances exist. It is not hard to be on your best behavior or to be well dressed when meeting someone new, especially if they are of higher authority. First impressions are not impossible but are difficult to change, that is why it is good to try and make a good first impression to save you from trouble.",439,12,Female,Economically disadvantaged,Hispanic/Latino,train,4,4,4,4,4,4,4,5,4.5,4,4,4,4,4,4,4,4,4,5,4,4.5
ACAE11A04F63,First impressions,"It has been said that first impressions are almost impossible to change. I agree with this statement because it gives a perspective of how you are in your life, demonstrate how your personality is, and shows your live conditions.

It gives a perspective of how you are in your life because it shows the type of person you are, if you are irresponsible person or a bad person, and the manner of take the problems that came forward in your life. For example, if you have a job and you are constantly absent for work, it gives a bad impression because it demonstrate you are irresponsible, and the people can think bad things about you.

Demonstrate how your personality is because it shows how you can be with the people and demonstrate how you really are. For example, if you are honest and kindness with the people, they can trust you and have possitive thoughts about you.

Shows your live conditions because it demonstrate if you have personal cleanliness, if you care of your self etc. For example, if you go for a interview for apply in a job, and you not take a bath everyday, they would have a bad impression of you and maybe they not accept you in the job, and that led to the people bad comments about you.

Clearly, the prompt is correct because is how you shows how you are in your life, how is your personality, and your live conditions.",238,11,Male,Not economically disadvantaged,Hispanic/Latino,train,3,3,3,2,3,2.5,3,2,2.5,4,2,3.5,3,3,3,3,2,2.5,3,2,2.5
AD5621D2A958,First impressions,"First impressions will always change bceuase you dont know the persons true color's yet. A lot of people act so nice on there job interview, but later on that first impression is going to change. On the first day of school teacher's act to nice but, later on in the school year the teahcer's first impression is going to change.

For example, when you first meet the person they act so friendly and so nice until you really get to know them, they start changing. you will see the persons true colors if they act the same and do what they first did when you met them. Finally, first impressions going to change because some people just act to do good on thier first impression.

For example, people dress and act good at there job interview. When they finally get that job, first impression is going to change because they are going to keep calling off and not work hard enough as they said in the interview. Finally, when the manager see's that you changed your first impression you will get fired.

For example, on the first day of school teacher's act so nice and tell you how the year i going to go. After that, the teacher's start getting tough on you and giving you more assignments. finally, its a proven fact that teacher's change thier first impression.

In conclusion, I agree that first impressions change because its a proven fact and anybody in this world can tell you first impressions change because you dont know there true colors.",243,12,Male,Economically disadvantaged,White,train,3,3,3,4,3,3.5,3,4,3.5,3,3,3,3,4,3.5,4,3,3.5,2,3,2.5
B3145EA3395B,First impressions,"To see someone impression, that might be possible to chang. Because the majority of people might be mad when from somthing when we see them from the first time, I disagree with this statement because most people chang there impressions when they're in a spicific mood, Some might change after a proplem has been solved. Because when I was yonger from now my dad allways use too tell me

""too mach agreement kills a chat"". Many peple chang thier imperssions after the first time we see them.

So I have a frined who allways chang her mood by any time, some times she would come to my house and knock on the door even if we were just argued about something, but when I saw her the first time when we met she was very nice and my parent invited her to my house and her first time her impression was very happy and intersted to see us and learen about our culture, so when I saw her the next day we were so happy that we met. and I told her my trip how we came to the US, she was so impress to know more about us, But some time she woluld change becaus of her parents and when she's sad she comes to my house and tell me how she has been and how her family is with her, and I was listen to her as she tells me every thing, But when some one come to our house and see's her like that they say that she's wired from how she acts, but her first imression was't like that, she changes with what impact throw her life, and we're a teens also, Every day my parents sees her they say that she's very talented because she has a very good voice and I use to be so happy to see her singing because she had a good voice, but her impreesion changed after I saw her how she reacts with others, and I use to get surprised of how she's diffeent with methen others, but now I found that people are like a door each person need a spacial key to open them and understand how they feel and think. To see people's impression, I have to look at them when they are in thier good time that will chang the ideas. and to affect especially forcibly or deeply to some one's mind when they see some one impressions for the first time.

I encorage everyone to change thier opinion about the first impression are almost impossible to change. Because the majority of people impression can chang etheir over time or by the area sourounding them, and figer out how make time to understand how it goes and how people thier features from influence by the socity around us and how I said can give the impress with your senserity follow people's impressions, and literally the word impression is the sence of feeling in how someones feeling from sirten situation.

Seeing the reality, Most humans have their way of reactions to react to every thing they can show or chang by somehow in their life, In this period of time no one like to listen to someone's story, Real people who shows their impressions by the area sourounding them it effects us as who we are and the time that we are in, So the place that we are often been can effect our impressions, The place that we been raised in can impact on our impression. People's reactions might chang after an accident happen to some one's in the past It can be a very big and huge chang for some one's reactions if we see them the next time or day. Places and moumints can be on of the reasons why people impressions are mostly can change by this way, This kind of things might be wired to be impossible. Emotions and there behavioral changes in some bodeis deppend on how they think by a word or emotinal apperance can be changed with their behavioras, and some might be in need so bad for somthing and that can also shows their impressions behavioral chang.

When I was in my country many people came to the area where we live there was so many that your mind can't relate to what we see and we all were very nice to them and we gave them many of the things that we have and as much we can, There was so many kids from them I use to be realy sad when I see them like that I refused to give every thing I can to them but some of them was vrery hungry and some are mean but I said to my self in my mind that their impreesion won't be like that if they weren't in need like that. So to see people impression we have to see thier past and what they been throw, Many of them change there mood, and some might change after a prolem has been solved.",823,12,Female,Economically disadvantaged,White,train,2,3,2.5,3,2,2.5,3,3,3,2,3,2.5,2,3,2.5,2,2,2,2,2,2
B950C326FB77,First impressions,"First impressions are always the most important thing when you meet someone you want them to think good of you so you do your best to make them feel comfortable around you. If you make a bad impression the first time with probably that person It is going to think that you are like that forever. There is no way you can change what others think even when you have not talk to them,people think what they want to think and it is hard to change their thoughts. You can do a couple of thinks to make them trust you and change their perspective about you: like be kind,ask them about what they like,etc. Start a conversation that makes them feel they can talk with you about whatever they want,however sometimes things like that do not work and simply you just can not change what other people thinks that is why you should try to make a good impression the time you talk with a new person that is the reason why first impressions are important. ",172,11,Female,Economically disadvantaged,Hispanic/Latino,train,4,2,3.5,3,2,2.5,3,3,3,4,3,3.5,4,3,3.5,4,3,3.5,3,3,3
BB8A59BA8C61,First impressions,"I disagree that first impressions are impossible to change because, at first they could be shy, there personality could change, and they can come off rude in the beginning.

The first time ever meeting you they can just be shy because there getting to know you. That's how some people work. It happens a lot in the work area. When I first went to work for my first day I was really shy and didn't talk to anybody, but now that i've been working there for 3 months and i've gotten so much comfortable with everyone there.

Once you have gotten to know the person there personality changes thought out your friendship. It makes you think who you probably met in the beginning. Sometimes they could just be lying to you just to see if your a good friend or just to make them sound better about them selves.

When you first meet someone they can for sure come off rude but then after you get to know them its like there another person. Thats how I really am, I just come off as a really mean person.

You could bump into someone and th ey probably get mad and start talking to you so rude. You'll never know they could become your best friend.

In conclusion, a first impression is possible to change because they might come off shy at first, They could change thought out the friendship, and they could come off rude at first. ",224,11,Male,Economically disadvantaged,Hispanic/Latino,train,3,3,3,4,3,3.5,3,3,3,3,3,3,4,3,3.5,3,4,3.5,3,2,2.5
BBFEBE9529A1,First impressions,"I am agree that first impressions are almost impossible to change. Because all the people are not easy to get a good impression, and also are not easy to change the mind. In my experience most the time when a impression come up to my self, it is impossible to change the mind, because if I don't like something my impression is very bad, but it is impossible to change my impression. Most the people do the same things I do, because we are people and we almost have the same feelings.

The first impression is always something has too much that we can talking. Most the time the first impression is hard to change is like a decision; when you took a decision is impossible to change, because is something the human have never goes down always up. this mean that the person when the have a impression about your car, picture, family, or friends they never will change the impression for them, but if the change should be impossible like a decision.

Based on my experience the first impression is impossible to change, pretty much on the humans and the animals. why I says on the animals, because long time ago, I had a dog this dog was very intelligent he do every thing I tell him, but sometime he had some impression that was impossible to change. Always I give to him good food, but something a give food that him don't liked, and his impression was very bad, always was hard that him change his impression.",259,12,Male,Economically disadvantaged,Hispanic/Latino,train,3,3,3,3,3,3,3,2,2.5,2,2,2,2,3,2.5,3,2,2.5,3,3,3
BC1F1C37721E,First impressions,"Is it possible to impress someone at first time? Based on my experience I am extremely agree with this statement. It's possible to impress someone based on what we are, what we are doing, and what we want from them to do, because now days which everyone is fully educated and knows what is wrong or right, believes on their own. We can impress people towards our religion, towards our government party, and towards out country to visit.

We can impress people towards our religion by giving them the ideas of what is it about. How it will change up your future, how it will impact on your kids, how to treat with others, and also the idea of understanding someone better. Take them with us to the place where we practice our own religion, tell them the truth and advantages of it, and also show the religious cultures.

We could impress people towards our government parties to support us by voting us. Promise them that we would not let them down, we will accept their wants and help them to advice it, we will make their education department strong that everyone can get education, and we will make sure that we provide them their dream jobs after they graduate college.

We might impress someone to visit our country by telling them about the situation of our country, and tell them how cheap the things are. Show them the beautiful places, historical temples, culture, different kinds of foods, clothing, also about the rights of people.

To conclude, impression is something that people do for others to get their attention for a specific thing, such as impressing people to convert to their religion, motivating people to vote for a specific government and choose a good leader for their country, and also impressing people towards their countries situation to persuade them to visit their country. ",330,12,Male,Economically disadvantaged,Asian/Pacific Islander,train,4,3,3.5,4,4,4,3,3,3,4,3,3.5,4,3,3.5,4,4,4,4,3,3.5
BEE8F91F40E7,First impressions,"It has been said that first impressions are almost impossible to change but that is not true open minded people and second chances help change the first bad impression that was given accidental.

First, people with open minds for example a teacher may see a student as a troublemaker but after the students second impression the teacher sees that the student after all isn't a troublemaker but a respectful student. An employer with a open mind may see an employee's first impression as someone who may not be worthy for the job but as the employee processes throughout the job his employer sees' that the employee after all is worthy for the job. Some may say that first impressions are impossible to change but that is not true first impressions can be changed by open minded people who are willing to give the second chance to change their impression,

Second, people who give second chances to others so they can show second impressions for example a father giving their daughters friend a second chance to show their impression again of not being a bad influence to their daughter. A business boss who gives a second to a employer to prove there a good influence to the job who can help grow the business.

To conclude, first impressions can be changed by open minded and second chances. First impressions will always be possible to be changed for a better impression. ",231,11,Male,Economically disadvantaged,Hispanic/Latino,train,4,3,3.5,4,3,3.5,3,2,2.5,4,3,3.5,4,3,3.5,4,3,3.5,4,3,3.5
BFB07811C92D,First impressions,"It has been said that first impressions are almost impossible to change. Some people think that they can control there first impressions at any time that they wanted to, but thats is not right, first impressions are so fast that it does not let you think, or express in a different way they are faster them a second, there are impressions that can be change, but it depends in the situation that you are in, and other can not be change no matter what you do. I agree with this statement, because impressions are an affect, feeling or image retained after an experience.

Some impressions had a really bat affect in our lives, less say there was a time were maybe the only impression that some had was really not the one he wanted, but was the only one he could do, for example let say that there is a student in a classroom, maybe he is not feeling good, and he fart that it makes a realy loud some, and that everyone in the class hear it, his first impression will be to act normal but he could not act normal, because he knows that it was so loud that everyone heard him, so his going to feel shame of him self, his face is going to get red, and his hears and but thats something you can not control.

The feeling that some get at the firs impression is almost like something you don't have every day, well if you have embarrassing moment every time them you may get the wired feeling every day. Went you get the firs impression and is not every day situation is almost all time shame, confusion, uncomfortable, some times pain. But when is a every day thing, them is almost all the time happynes, like the feeling I get went my family ask me embarrassing questions or we have embarrassing moments. Is almos all the time happiness. Because it is a very day thing that they ask me things that it makes me uncomfortable.

The experiences that people get went they have a lot of firs impressions, are so impressive that they can act normal in a lot of situation,

for example went they were use to act embarrass or shame now they are capable to act normal, because of the experience that they had. Like I personable had a lot of experience that now insted of feel shame or embarrass I only get happiness. like went my mom ask me if i had a girlfriend I only smile or answer her that i do not and it is all normal, or at school went my friends ask me if I'm dating the girl I like, the answer I give them is yes or not, like a normal student, I dont get shame or anything. Because I had some experience during my life that it make me feel normal now.

I hope that in the future one day, when someone ask me something embarrass, and make me get a moment when my first impression is shame, or embarrass my feeling don't show up, and my experiences take place, for it not to have more affect in the moment, and make it more embarrassing than what it is already, because I dont want it to make me lost my mine, and make the moment the worst one in my life.                ",524,12,Male,Economically disadvantaged,Hispanic/Latino,train,2,3,2.5,3,3,3,2,3,2.5,3,3,3,2,3,2.5,2,2,2,2,3,2.5
BFB53ACD3DD5,First impressions,"Have you asked to your-self what might people think about you or what impressions they have about you? That's a hard question to answer, but I guess everybody does it. First impressions not always are positive for our-selfs, it can make you doubt about your-self, look for people's approval, and get a low-esteem. First impression not always come into your life with good intentions.

As first point, first impressions make you overthink what to do and what to say, making you doubt about your-self, and loosing your confidence. Nobody should wonder what others think about them, because each person have their own life and their own problems.

In high schools, mostly the 90% of students look for the approval of their friends. Teenagers are the most affected. Essentially, this teenageers do not have their own life.

In facts, first impressions affect all people but mostly the teenagers. They get a low-esteem, all because the system in what now we life, first impressions.

I remember my first year of high school, I was afraid like a little chicken as we said in my country with no idea what to do or what to say, wonderig what they were thniking about me. There were a few days that I din't want to go to the school because I could felt tha the other students had bad impressions about me.                                                                                                                                                                                                                                                                                                                                                                                                                                                                                                                                                                                                                                                                                                                                                                                                                                                                                                                                                                                                                                                                                                                                                                                                                                                                                                                                                                                                                                                                                                                                                                                                                                                                                                                                                                                                                                                                                                                                                                                                                                                                                                                                                                                                                                                                                                                                                                                                                                                                                                                                                                                                                                                                                                                                                                                                                                                                                                                                                                                                                                                                                                                                                                                                                                                                                                                                                                                                                                                                                                                                                                                                                                                                                                                                                                                                                                                                                                                                                                                                                                                                                                                                                                                                                                                                                                                                                                                                                                                                                                                                                                                                                                                                                                                                                                                                                                                                                           ",2554,12,Female,Economically disadvantaged,Hispanic/Latino,train,3,3,3,3,3,3,4,4,4,3,3,3,3,4,3.5,3,3,3,3,3,3
C02F3803D0D1,First impressions,"People think that first impressions are almost impossible to change. I disagree with that because impressions is just what you think, always make you think different things, and you never know whats gonna happen.

Impressions is like when you thought somethings, its just what you think about someone or something. For example:My impression is that she is not telling me the truth. you think that she's not telling you the truth but you don't know the truth.

Impressions can make you think different or bad just because how you look at someone or something. For example: If you see someone that has a bad looking, your impression is that he might be poor but, you can change your impression if you see that he has the Iphone of the year, or he has a Lamborghini, so it can make you think different.

When women get pregnant they always get impress and trying to guess what the baby is gonna be. For example: When my mom got pregnant and she had me, her impression was that it was gonna be a girl, and she wanted a girl, but here i am, 18 years old, a big boy and she was impress and sad, but when she see that i was very handsome her impression change she's happy now.

Some people believe that just with their impression you are what they say.

Next time you think that the first impression is impossible to change, you have to think the first impression does not say everything about a person or something.

I hope you never impress by something or someone, that can be different that you thought, thats why we dont judge, God is the only one who can judge.",262,11,Male,Economically disadvantaged,Hispanic/Latino,train,3,3,3,2,2,2,3,3,3,3,3,3,3,3,3,3,3,3,4,3,3.5
C09D3287E6AF,First impressions,"i in introduce the reader attention?. it has been said that first impression are almost impossible to change. how it change with the first in precision that is impossible to change my central ideas is support witch specific information and example that will persuade my reader;it has been said the first impressions are almost impossible to change. the content of my paper relates to my central idea and addresses counterclaims when appropriate. base on you experience do you agree or disagree with this stamens? i agree with this stamens because this stamen talk that impression to change no all change like example no all people has impression or change some one change' but not all..

are positive attitudes that key to success your life?

yes. that positive altitude is the key for life. for example if people had been unhappy the negative things is are they are ruing everything from them and also if you are one of them if you altitude is good things are beside if you good person. like god blessing you in addiction in everything you need positive altitude are good to live good life and peacefully on every singles place there are going to be people they have negative altitude they going to try to hurt you that people are angry all the time is not them fault is just because around of them just they has a negative and all that people want to hurt you you must be strong and show that they don't has to be negative and all way has to be positive to have a better life in the future. that is why altitude is good. not for you for the people that they around you to cause you don't hurt them's in conclusion the positive altitude is the best choice you can do because negative altitude just attrack that bad things and positive not and that that key to success in the life....",291,12,Male,Economically disadvantaged,Hispanic/Latino,train,2,3,2.5,2,2,2,3,2,2.5,3,3,3,2,3,2.5,2,2,2,3,3,3
C270D47D709B,First impressions,"A first Impression is the key to succes, because that is the first time a person is going to see how formal you are and makes in idea of your personality. Is very important to give the best, to let people see that you are a person capeble of making good decitions and for that, a first Impression is always good. A first Impression is more then how a person looks and talk, is telling others that you can do anything to fine a better future. A first Impression is very important because is your opportunity to let a amployer know that you are a good person for the job you are looking for.

When you are looking for a job or trying to aply for college, the first Impression is the important key for you. That can help you to achieve that goal and make a better future for yourself, it can open many job opportunities, sometimes with out needing to do a lot of work. No knowing how to give a good Impression, is something that can affect your life in a negative way, like clossing job opportunities something that is really important to achieve those goals.

For example if you talk to a employer for a job interview and you give a nice impression, that employer is going to call you back, but if is the other way and you totally did bad he or she is not going to call you back, and you will be waiting with out getting any call. Lest remenber that Impressions don't always change, and sometimes is very important to put your best and always give the nice impression not matter of who, because sometimes those opportunities can come from someone that you will never thing. Having a possitive attitude, is one good way to give a good first

Impression to someone, because having that you can show that you are happy and you will enjoy to do almost any job.

In conclusion, first Impressions are important to develope a good image about yourself, and it's the key to open many doors. People who gave a good impression the first time, are more capeble of achieving there goals, because they show that they can be responsable and there life, but those who are the opposive is a different story, they have issues finding new opportunities or jobs that they love. At the end the first Impression is always the best, to show more about you and let people know that you are a person with a positive attitude that can make good decitions and capeble to achieve your goals.",428,12,Male,Economically disadvantaged,Hispanic/Latino,train,2,3,2.5,3,3,3,2,3,2.5,2,3,2.5,3,4,3.5,2,3,2.5,3,3,3
C4A5B0BAEB44,First impressions,"In my Driver Ed class there was a boy who would always make natsy or rude jokes, fight or bully people, and disrepect teachers for no reason. He's known as a jerk and self-center person in school. When he's alone in class he's a quite and nice person to be around. One day another classmate of mine told me that she saw him having dinner with his family at a restaurant and wasn't acting out. One time I saw him help a old lady at the family food market at school;carry her grocery bags for her. First impression can change because people actions speak louder than words, your just getting to know someone, and you think know someone better than anyone else.

Actions speak louder than words because you may think you may know someone by what they say to you,but their actions their are as important as well. For example colleges are not only looking at your grades but they also look into what clubs you join. Because colleges want to find interesting people to recruit. Our president is also a prime example because he kept on saying ""Let's build a wall."", and he did it. It shows what kind of person our president is. When people ask a upset or angry person ""Are you okay?"" the person always reply with ""I'm fine."". Even if there body language shows their not.

Your just getting to know someone,If your trying to get know a new student in school by you saying hi to them, but they don't say hi back. It doesn't make they a rude person once you try to talk to them. Just image being a new student; who move to a school that everyone knows eachother since they were kids. Its much worst for the students that don't speak english as their first language to make a very good impression as well. People who choose to get a pet have to get know your pet in order to know their pet's wants,habits, personality and needs, also their dislikes. If you want a loving relationship with your dog, cat or anyother pet. It all starts with getting to know them first and giving love to them.

Inclusion, first impressions can be change because people actions speak louder than words, your just getting to know someone,and you think you may know someone better than anyone else. Everday you meet new people and some leave powerful impressions or terriable impressions. Overall we're all humans and on one is prefect.",380,11,Female,Economically disadvantaged,Hispanic/Latino,train,2,3,2.5,2,3,2.5,3,3,3,2,3,2.5,2,3,2.5,2,2,2,2,2,2
C5E45F477A84,First impressions,"Have you ever met someone, or an interviewer, and show a good or bad impression to them? People think that first impression can be changed because everybody has a second chance. While others think that first impression can not be changed because it shows who you are. I agree to the motion that first impression are impossible to change because it shows your personality, your attitude and who you are.

Firstly, first impressions are impossible to change because it shows your personality. I had a friend, who dressed inappopriartely to an interview for her job. But to her surprise she did not get the job because of how she dressed. Also after a while, she couldn't get any job elsewhere. This means that whenever you go somewhere, you should dress appropriately, check how you use your tone with others, so people will know that you are a good person, respectful, can take responsibiliy for your actions and shows how mature you are. Not only does first impressions show your personality, however, it shows your attitude.

Additionally, showing your attitude is most likely impossible to change. I remember I used to disrespect, fight and insult others when they did something to me I didn't like or even if they needed help from me. I met this old lady and she asked for my help then I told her that I didn't want to and insulted her, then she said to me I am going to have a hard time in life but i didn't take what sh said seriouly and left. As a result of what happened, as I grew up, I tried to change but couldn't because when something goes bad and I knew it was not me, they will all mention my name. And I wish there was someone there to offend me. And thats when I remembered what the old lady told me, I wanted to go ask for forgiveness but unlucky for me she went to heaven and now am left with her curse. Which gives me this conclusion that always respect everyone you see even if you don't know them.

First impressions also shows the kind of person you really are.

Furthermore, your impressions shows who you are. Not long ago, this was this lady on the news. When i heard the news it shocked me because she went to a store, picked an ice cream from the fridge, licked it, and put it back in the fridge without paying for it. This obviously shows that, she ruined her reputation in public and everywhere. Now everyone knows who she really is. Not only did it ruined reputation but she brought a shame to herself, her family, and also her native country. First impressions are impossible to change.

Lastly, it is valid that first impressions can be changed because everyone has a second chance. But not really because sometimes your impressions towards someone stays the same even if you change. Others will think you are not your self today and also others will think it's a good thing but not everyone depending on what impression you made on your first time meeting. So I say that first impressions likely impossible to change.

In a Nutshell, showing your character, who you are, and your behaviour are impossible to change on your first impression. Mostly first impressions are not easy to change. Would you on your first impression be respectful or disrespectful, appopriate or inoppopriate, and be willing to take responsiblity of the concequences of you on seeing someone older than you, are you?",575,12,Female,Economically disadvantaged,Black/African American,train,4,4,4,5,4,4.5,4,4,4,4,5,4.5,4,4,4,3,4,3.5,3,4,3.5
C65705E1E072,First impressions,"Human has been said that first impressions are almost impossible to change or influence the character. Does human can believe that first impression are almost impossible to change ?Based on our support ,we going to discuss it.

Peoples' influences can almost change your altitude of understanding,many people are contaminate by their own environment where they live , certain believe on God whatever the type of believes ,they cannot change their impressions even the way they go through.

Human being uncontrolable in the Earth ,that affect the rate to make the problem grow up .The first impressions can be change if human wants to change to another impression more classifiable . The life knowledge affect also impressions , the education is the biggest issue to make you better ,parents can change the way you act by your impression . They play a huge rule in your life even in the future .

Based on science fiction on National Geographie they test humans' impressions can change depend to your own enviroment which you are in .All supports surround for exemple , money, education, parents , drogue, environment can affect your impressions.",198,11,Male,Not economically disadvantaged,Black/African American,train,2,2,2,2,2,2,2,2,2,3,3,3,2,3,2.5,2,3,2.5,3,3,3
C76DBCE18AF0,First impressions,"Many people think that first impressions are almost impossible to change. I agree with this statement, because first impressions is something that is hard to change in your life. And when someone tries to change their first impressions they always fail. First impressions are the reasons why people don't get along because they think different about each other.

In my experience on first impressions are always bad, because when I'm going to talk to someone and the first thing I do before talking to them is judge them in good way. For example, if I'm going to a new school and I go my first day of classes, and I don't know no one in that school, and I want to talk to someone or be friends with someone, I'm going to have to talk to people in the new school, and before I talk to them I always think if they are good people or bad people. And if think that someone is bad, but in reality she/he is a really nice person. That is an example of first impressions.

I think that if you're trying to change your first impressions is going to be difficult, because you can't change something that is going to happen before you meet someone new. First impressions is something that every human has in their lives and they can't change it, because is a part of their lives. Even the animals have first impressions, because when you are trying to buy a dog, the dog is going to have a first impression because the dog is getting an owner. So that's why First impressions are almost impossible to change.",259,11,Male,Not economically disadvantaged,Hispanic/Latino,train,3,3,3,3,3,3,3,4,3.5,3,4,3.5,3,3,3,3,4,3.5,4,4,4
CA3EB3AA11FC,First impressions,"yes, I am agree with that ..

Because it's true the can show the the act of our felling in this three words ..

1.. be anxious

2.. Felling 3.. not to Belief the are self

...

1.. Be anxious .

in the world 99% of population the have a lot of staff going on in the are idea or concept , to how to do the are work , how to do the are staff , and how to do the are poraplem self .

,, and the have lot of pressures on the thought

. an effect feeling or image retained after an experience . A mark produced on a surface by pressurre and the can show the felling thaey have . the did not seeying the are felling cuz the are sedition the are fell and the don't want to tell anyone and the are worry about it .

that why the can not change they are are life .

2. Felling. .

All the copies of the a pubilcition printed at one time from the same set of type.

some people did not showing the are felling . the are state of being withe the are self and the can exp lean what the have wane what the have need to do in the live the are confuse for anything and the are scyer for that to tell anyone.

same time the are thinks if the do sorting wrong it,s never gonna right and never gonna right.

3 . Not to Belief the are self.

sometime the not blivet or respect the are self and the are urgent to someone else to do the are work and the can impressions the are felling. some time the sending a person to do somting for it .

like they are sending the a person to giving for something the are need it cuz the shameful to to something by the are self . and the are can not doing the staff the .

In the life everything in impossible we can do anything in live we can do the best we can go the way we want to go. over time everything is going to change the live , the friends, the staff , the feeling . the every secant . don't be shay for samthin you really when it or need it you can not Chang you can not be the beast you never be porfect in the live . be porfect in live if you not make your miss tikesa you can not be perfect in the feucher . if you take the right way you you be the best in the all live thake the good posittion and do good live witout the any impressions fell ......  ",396,11,Female,Not economically disadvantaged,White,train,1,1,1,2,1,1.5,1,2,1.5,2,1,1.5,2,2,2,1,1,1,2,2,2
CAA2C4C4E79C,First impressions,"Do you think first impressions are impossible to change? Some people say that first impressions are possible to change by getting more in detail. I agree that first impression are impossible to change because first impressions are negative and peoples thoughts don't change.

In other words, first impressions are usually negative. For example, if you see a person and he or she just has a serious face, your first impression ""that person has bad vibes''. Or a type of food that looks strange to you, you automatically start saying negative things about it.

Also, peoples thoughts never seem to really change you will always see that character or thing the same way. Why? Because nothing changes everything it remains if something does change ,it changes in negative way. As an example, people get more cruel or companies start inventing products that shouldn't be together. Your mind won't change unless that person ,place or thing changes in a positive way.

So, first impressions are almost impossible to change. First impressions can change by getting more involved and finding more information about that subject but, it is impossible to change that. In the futures lets hope this world and the people and objects in it will change in a postive way so our first impressions can be possible to change. Things should be possible to achieve not impossible.        ",219,12,Female,Economically disadvantaged,Hispanic/Latino,train,4,4,4,3,3,3,4,4,4,4,3,3.5,4,4,4,4,4,4,4,4,4
CB892FB55B59,First impressions,"How do you want people to see you as a good or a bad person? In my personal opinion I want to be the good one; to make it happen I have to show the best of me at the first time. It has been said that first impressions are almost impossible to change, I think that it is true. There is no second impression, once is enough to show the kind of person that you are. There are three reasons why I agree. I will not be the person that no one would like to believe in, I will not get help from anyone, and I will not have friends.

To begin with, I will become the person that no one would like to believe in. For example, if I show myself as a liar at the first impression, everyone will know that I am not the one or the incorrect person to believe in. Even though I am saying the truth no one would trust me, but the first impression can change it. My mom told me that doing the best since the begining will help me the rest of my life. She was right because of what she thought me, and I apply it in my life I see myself as the person who you can believe in.

Secondly, I will not get help from anyone. In my life I will need help from others because I am not able to do everything by myself. That's why I should make people to see me as a helpful person at the first impression, otherwise I will not get help. I heard someone said that ""what I give to others is what I will recieve back from them"".

What I understood is that if I do not help others, they will not help me. I always like to be the kind of person that help without waiting something back. I think that it makes my impression as a good one.

Finally, I could lose friends or I would not have any friends what is even worst. Since the first time when I

met my friends and showed them that I am the type of person or friend that is always with them no matter what. Furthermore, I have never betreyed one of them but if I've would did it when we met, they already kick me out of their life. As I said before one of the things that can make me the best friend is my first impression, show them that I am loyal.

In conclusion, first impressions are almost impossible to change. However, you can change them but it takes a long time and you will lost your patience waintig until it change. That's why giving a good first impression will prevent problem for you such as; to not become the person that no one would like to belive in, to not get help from others, or to not have friends. A simple good impression would make your life better or would make your life worst.",498,12,Male,Economically disadvantaged,Hispanic/Latino,train,3,3,3,4,3,3.5,3,2,2.5,4,3,3.5,4,3,3.5,3,3,3,3,3,3
CBF103FE58DD,First impressions,"I'm agree with the statement, because in my experience everyone likes a job clean and professional, i think that is important when you witting something, it's good to take the attention from the person who reading, support the main ideas, need to have professional facts. is important the piece of statement have a good title and one of the important things when you writing a statement is that you need to use quotation marks. The reason why all this are important is because is easy to reader to under stand what do you want to transmitting in you writing.

For example, if i want to write about a a book about story, i need to have scenario, characters conflict and conclusion. i need that story make sense, ideas that support my story, and double check all my work to main sure that my story have specific facts, in my story i need to use quotation marks. if i want that my book cause a impact in that people, needs to have a professional title and cover. i think this the main important things that anyone need to do a professional work when it's time to make a statement or a story or anything you want to write.                                                                                    ",230,12,Male,Economically disadvantaged,Hispanic/Latino,train,2,2,2,2,2,2,2,2,2,2,3,2.5,3,3,3,2,3,2.5,2,3,2.5
CE7E3C75BAF8,First impressions,"This statement says that ""first impressions are almost impossible to change."" I disagree with this statement because it is possible to change anyone impressions. Like if they are having a bad day and someone walks up to that person and does something to make them feel a little better. They can also do that to other people by making new friends and making their day better. By getting positive with them they would feel a little bit happier around you and people.

It can impact on how that person day changes from bad to good. Knowing that is helps that person out a lot by having a good mood now. It can change other people mood as well. They can share the positively to other people making sure that they feel alright. By doing that they can share with there family as well.

Getting other people happy will make you even more happy by how you were showing other people. It doesn't have to be random people it can be your boyfriend/girlfriend. By doing that you can meet a lot of new people in life that can make you happy. It can bless you by other things in the world. Other people can make you feel better by sitting next to you if your alone and talk.

By showing being happy they could be friends and get well with each other. Also if they are gonna be friends they can show each other positive mood if they are feeling down. Having those types of friends would be nice to have around with you that make you laugh and smile. The attitude that they give you could change as well by how they talk to you. If they talk to you aggressive then it would change your mood.

Making sure you have the right people to have in your life is important beacuse you don't want to feel down all the time and if won't make you feel sad.",316,12,Male,Economically disadvantaged,Hispanic/Latino,train,4,4,4,3,4,3.5,4,4,4,4,4,4,4,3,3.5,4,3,3.5,4,4,4
CED4F9C63B9B,First impressions,"The first impressions are almost impossible to change because when people meet new person, their personal information is only what is she or he looks like, so it is hard to change their first impressions, and people do not often change the first impressions.

Firstly, they find the first impressions and guess the person who is she or he because that is what human does every single time when people meet new person. For example, student meets new person who does not look healthy body and the student guess the boy cannot play any sports by seeing his body, but people says that he is the best player on the team. Even if the student watch his game and he plays really good, it is difficult to change the first impressions because he still does not look like athletic person and the student knows how unhealthy he is.

Secondly, people do not often change the first impressions because it is individual opinion so they want to keep it in their mind. For example, there is a man who is very shy and show people that he does not want to talk to anyone, so people decide that not to talk to him. Some day, he talks to his friends and find out he loves talking with people. But his first impressions are shy and not talking with anyone so people cannot talk to him because they are not able to change his first impressions.

However, some people could change the first impression as long as making a good relationship with a person who talks to. For example, there is a man who is really big and angry face. Everyone afraid of talking to him, but a student tries to talk to him and the student find out he is a nice person to talk. Sometime, people can change their first impression which makes the person feel better so the student can talk to easily.

In addition, it could be possible to change the first impression by showing difference between now and before. For example, a student who is being mean to some friends. But some day, the student realize that it is not good to being mean to friends, so he shows the difference which is being nice to friends and helping people instead of being a mean person. Although, the friends change the first impression of the person which makes both of them happier and be able to make better friendship.

In spite of these issues, it is still almost impossible to change the first impressions. So everyone should not focus on the first impressions too much.",427,12,Male,Not economically disadvantaged,Asian/Pacific Islander,train,3,3,3,4,3,3.5,3,3,3,3,3,3,4,3,3.5,3,3,3,5,3,4
D01F88C1F2A0,First impressions,"I believe that when people have their first impression on something they can change, people can have different impression and different changes no one has the same attitude as others

.Sometimes they don't even change because they don't care about it, and some of the people they get altered on something or on someone, it's based on what experiences people already had .

Some people don't even change when they have their first impression because they don't even care about it and people can change when they really give them a bad impression about them. Sometimes they keep doing the same thing every day and they don't even care about other people who are talking about them. But when they get another impression they start to think on what they did wrong and they analyze it. People start to change when they really need to change who they are. And to change takes time some people don't change quickly because they can commit the same thing without thinking it.

People can get impress on relationship about betraying each other, they can get altered on something or on someone . In a relationship their are always going to have problems it could be jealous, toxic, and bad influence. Many adolescents are dying just because they give them a impression about her/his boyfriend betraying them with another one and they don't even think about how hard is goig to be to that person knowing that they betraying them in that moment. Being on a relationship is not to impress others that they can get jealous at, sometimes changing is hard but it's a good way to have a good relationship.

In my experience, when I had my first impression I think that it was impossible for me to change myself. In that moment when they told me that I was a girl who disappointed other people about my attitude, I really feel very disappointed in me that I think negative everyday. And that I can not do what other people are good at. It was impossible for me to change my attitude because I was use to things that it was good for me but for others was not. So one day I say that I was going to change who I'm no matter how hard it was but it was going to be possible for me to change with or without help.

I believe that when people have their first impression on something they can change. changing is a good way to show to everyone that you are not the same person you use to be, and that every impression that they going to give you is going to be a way to try and to not commit the same thing in the future. People can say that it's impossible to forgot what we did in the past but when we try every day to forget it, we can get better to it. Everyone are not perfect but we can get better at changing our attitude on not trusting people who we think that it's not the kind of people were are going to trust.           ",510,12,Female,Economically disadvantaged,Hispanic/Latino,train,3,3,3,2,3,2.5,3,3,3,3,3,3,2,3,2.5,3,3,3,3,4,3.5
D0A5FF29C338,First impressions,"First impression counts the most and it's impossible to change. A person point of view on someone can never changed because of the many thoughts that go throught the mind, after getting to know that person because no one would want a friend like that. Having a serious face, not taking care of yourself and dressing wrong can lead to having a bad impressions, thats when people think of you in a different way and get things wrong that are not true,but due to the bad first imprsssions it change everything.

Having a serious face all the time can mean lots of things, say for example you're life is horrible, your ready to go fight someone or it can mean I hate everything around me, thats not what makes a good first impression and it makes it impossible to change that. People now days don't want to be friends with someone who is always mad and is ready to fight someone, and because of that particular time you had serious face it led to you not having a girlfriend or a friend that was going to be with you for the rest of your life. First impressions can be hard to change and its impossible because once you had that one chance you waste it all due to that one serious face that everyone was intimidated and now people don't want to talk to you because all it would've took was a smile.

Then,not taking care of yourself can make people not wanting to talk to you. Hygine can can change everything and lets people know about who you are and it makes people wanting to talk to you. Having a bad odor can lead to people running away,can make you look like you just don't care about your'self why would you care about others. Hygine is really important if you want to impress because otherwise it would make a bad impressions leading you not having friends or a girlfriend because no one wants to be around a person who smell bad and doesn't take care of themselves. The smilling comes in quick too, because you have a friendly convertion with people around you and people wnat to be your friends and it may not be because you don't smile. Your breath also counts becasue people like to have a conversation without having to smell what you ate for dinner or what you had for lunch, so is important to saty up with all those things beause people take notice of all those small things and the see that is woth talking to you.

Therefore having the proper clothes for the proper time can change the way people look at you and it can make you have friends and be known for dressing good and people now days want friends who dress up good, for example is the homocoming dance and you go with your friends and you're wearing jeans and shirt and you have your friend all dress up for the occasion and theres you now no one wants to take a picture with you or dance with, dressing the proper way can make a difference on how people see you and is somehting that is a proven fact. When my satrted working as a chef people in the streets would see that her clothes would be all dirty with food stains it would make people think that they don't know how to cook and what is funny that she was making lots of money making food for important people and people was thinking of a different way when she was making more money than the people judging her, but when she started working as a nurse people would respect her for the way she was dress, eventhought she was not making the same amout of money, but people people saw her differently. Those all cahnges that you make in your clothes can make a difference and they don't have to be expensive of from a popular brand because all it is clothes is just how you use them and what makes it good that the clothes can be cheap but how you use them for the proper ocassion can make a difference.

In conclusion having a serious face,not taking care of yourself and the way you dress up can make people have diffent thoughts of you. When being approche or even if they don't talk to you they will see that your not worth talking to and after they know who you are and your way of life style can make people hard to change that first impression of you. All this small things can chenge your life because I have been through those situatioins where people look at you differently and it makes it hard to change someones thought of you and that first impression that is important. Having a diffent mentality can change everything and peoples way of thinking.",778,12,Male,Economically disadvantaged,Hispanic/Latino,train,4,4,4,4,4,4,4,4,4,4,4,4,4,4,4,4,3,3.5,3,3,3
D1769512AB23,First impressions,"When I said to my first impresion for to change is. When I live youselt in your future you need to woriking so much is your responsabity to pay your bill,rent and, the food. You need to do help your family when is necesary when you have your money is ther you need to have traspotercion for you move you youselt, in whatever state.

By you need to Finiched the School firts for you have a good work, that its very important for everyone. if full one to work when I go to the College I with like to study to doctor because I like to helped another person when I need the one I like the Medicine when I working this programa I need to impresional to my family this is to simple world.

To be as a good person to change and response with your reasons, do you need to are change before you due something bad, You need to suppor another person to cause danger something peolpe change for more danger because sometime is don't have a family to trotencion her or dont have one home,

If full need to change you need to teachable, In important person in your wolrd.

You will need to due talking a person if you have and somethings problems with another person in your world you need said that were are happedened before to cause more danger I thinkg you have Opportunity to focus, in your work whatever type ther work you will be asked to recomencion to fined the somenthing due .

The more importante part is you need to find everthing for you graduction in ther to be extra work and the don't be star alone because this it not good I Agree when something person to prefer to due in your work before that school her don't no the firt part is to study for a good futeure to finid the college her need to have more money that are a pay in the oder work

I need to Preparecion because do you to for painter do you need to do finid the college firts their its so much type for your future in your simple world you need to do.            ",312,12,Female,Not economically disadvantaged,Hispanic/Latino,train,2,2,2,3,2,2.5,2,2,2,2,2,2,2,2,2,2,2,2,2,2,2
D250DB9080E0,First impressions,"I agree with this prompt about the first impression, based on my own experience and for what I've seen in myself is related or better said similar on my every day life, and what I really mean by that is: First impression that we show it won't change that easy as many people expect to change between one month to a year, not because we couldn't change it but because this is who we are, also because this is how we act and it won't change because is part of ourselves.

In addition to this prompt i think it might be impossible to change our first impression not because we can't change it, but it'll be because is part of our personalities, in my case should I say is part of how I really am, how my culture distinguish me, that's what makes me unic and by trying to change a part of me it would make me feel empty, because first impression means a lot to me and is all thanks to my past experiences that I've been through.

In conclusion to this paragraph i think that first impression is important, it helps you to understand how a person is, also it helps you to analyze that one person, and most of all i think it helps a lot when you're patient when trying to understand others at the first time, sometimes or most of the time people would judge others by their first impression without seeing what's really their intention, this is what I think about it, we shouldn't judge just by the first time you meet someone even if you think that person is an stranger, just give them a change to prove you're wrong with their actions and their way to treat people, thank you.",279,12,Male,Economically disadvantaged,Hispanic/Latino,train,4,3,3.5,4,3,3.5,4,3,3.5,4,3,3.5,3,3,3,4,3,3.5,3,3,3
D25F59B6DC95,First impressions,"Although some people say that first impressions are impossible to change, nevertheless I think that first impressions can sometimes change because you get to know thaht person, how they act, and that can sometimes change what you think about them or they can sometimes not change.

In order to think about something about that person you have to get to know them because if you don't know them you won't know why are they being like that. You can't just think something wrong just cause of how they dress. If you get to know that person you will know what they been through. Sometimes people judge just to judge or to think someting that is not true about them. For example when I first saw my guy friend I thought he was wierd, but when I started to talk to him he was totally diffrent from the guy i thought he would be, he is fun to talk with and hang out with.

Some peoples' first impression about someone they are not good. Some people jugde you in how you act and how they dress. The way people act is how sometimes how they are actually are. But I mean if you talk to that person they might be fun to hang out with 24/7. Talk to that person then you will see how first impressions are not always what you think they are.

If you talk to the person and you get to know them, then you will see how first impression about someone are not always true about them. First impressions could change if you decide to talk to them. Don't juge someone if you don't know them

Always be nice to people even if you don't know them. You don't know what they been throught, in oder for you to judge them. It's true sometimes first impressions are not always going to change. But first impressions are not always true about someone be careful on what you say or do to them.",322,12,Female,Economically disadvantaged,Hispanic/Latino,train,4,3,3.5,3,4,3.5,3,3,3,3,3,3,4,3,3.5,4,4,4,4,4,4
D4490C9F73B9,First impressions,"It has been said first impressions are almost impossible to change, but I'm not agree with it because people always change and the first impression doesn't define who you are.

The people always change to good or bad. For example, I met someone that in the first time I saw him he was mad, he never smiled, and he was very shy. And at the pass of the days he was changing, he started to smile, and he wasn't mad like the first time I saw him. Now my impression changes and now I can see that he's different and the first impression I had about him changed at all. Another example could be that in the first days of classes your teacher is nice, doesn't give you homeworks, and he is patient with the students. However, He is changing every day. Now he's always mad, now he gives you a lot of homework, and he's yelling in class. At this time, the first impression you had about the teacher totally changed because he's not the nice teacher that you met in the first days of classes.

The first impression doesn't define who you are because first impression is like a front of a book and the front of the book is nothing comparable to the that is inside of the book. For example, I have some friends that told me that the first time they saw me they didn't like me because they says that I'm always mad and I was a boy that don't talk with anybody just with my friends and they told me that they never thinked that I'll be their friend, but they were knowing me and they saw that I was different from their perspective and from the first time I met them, so they changed their first impression about me and their point of view about my personality. Another example, is that some people thinks that you're like they think just because they have a bad first impression about you. I mean sometimes we don't have good days and we are not like always. Let's go to suppose that in those days you met a person and you're having a bad day, you're mad, and with problems, so that person will think you're like that because that person will have a bad impression about you, but if that person have the time to know you better, he will see that you're not like he thinks you are just because the first impression about you is bad. If he is knowing you better, he will change his impression about you compare to the first time.

Clearly, the first impression always is going to change because one impression doesn't define my personality and how I am and I can change that impression. It have to be like more than two impressions to know a person because it will be hard to changes those impresions.",472,11,Male,Not economically disadvantaged,Hispanic/Latino,train,3,3,3,3,2,3,3,3,3,4,4,4,3,3,3,3,3,3,3,3,3
D5A110D65134,First impressions,"Changing first impression is easy and for some people its, because they do not think nor care about it they just do things that makes them feel good about themselves so i disagree with the statement. We have all meet people we did not know and got introduce by someone else and we would start talking to them to get to know their background. First impressions are the biggest factor in the world we live in right now, because we all want to have a good life, so we have to present our self properly. When you do not show manner the first time your meeting someone they will think you do not have home training and you do not care what people think about you. We meet new people everyday in our life because of the environment we put our self in. The people i have meet in my life have changed their impressions real fast around because when they get attached or close to you they show their true colors and personality. Always put yourself in a good position to succeed in life because when others see that your respectful they will put in a good word for you to feel like you earned that prize that you are being awarded for. I always tell myself that first impressions tell the person everything about yourself right there and now because you do not know what they can do for you in the long run. Take every chance you get and do good for your self and others because if you act like a clown what are you gaining from that. Like all say do not be the one to ruin your own life because you do not care take action and do something good for yourself and it will take you to far places.",306,12,Male,Economically disadvantaged,Black/African American,train,3,3,3,3,3,3,3,3,3,3,3,3,3,4,3.5,3,2,2.5,3,3,3
D5C7212A31FD,First impressions,"20/11/2010

Mr. reader`s how are you?

This statement it`s made for informe to you ,

we are sure based in the prompt called; THE FIRST IMPRESIONS ARE ALMOST IMPOSSIBLE TO CHANGE , we undertand that because is very important for everyone is this world, and sure we are agree with the statement and we want knowledge to you how we expresed.

its very important remember sometimes is very hard forget the firs espresion because is one of the things what make to you in the life , like marked in your hart , and we know that is not easy for each person , example; when you was a little boy you almost haved 6 years old and you see a new toy like spiderman and your's parents really buy that new toy so you was very happy and you never gonna forget that day because was very especial for you and ,therefore; that make a big impresion to you and its almost imposibble to change.

the central idea in this statement is what how much impotant is the first impression what happend to you, because is very important how you feel in the inpression , you feel very especial when you do the thing what do you like. and they do that one when is really appropiate for you or whent is the rigth time for doing with the inttention enpressed to you.

The First Impression are almost impossible to change because ,we really know that is one thing what marked your life for complete and is impossible change that because, the firt time what you feel that is when you know how important make to you the impression.

this writing is very importan because, im let you know how we expressed the firts impression make to you and its impossible forget that day or special thing.

mi opinion in this statement is im empressed with this because that happend to me one time when i was very young , and that one make to me very happy and inpressed because it's feel so good , i never gonna forget that day, its marked in my hart for the rest on my life.

The conclusion is bring ideas to the peoples who's are disagree with the statemet , because they need see how important is the FIRTS IMPRESSION IN THE LIFE and is very hard forget that one. by that we are knowedge to you is very important know about that one . so we wanna give to you some ideas, examples; when your's parents buy to you the firts toy that's make to you very happy and impressed , or when you go by your first time to the beach you see a lot water you make impressed rigth . or your first day of school maybe not was very good but you never gonna forget how that was, you see now , how important is that one , we now that make to you a big impressed in you don't gonna forget, now you can undertand better the things , you can do a big expressed to other peoples how you change your opinion, and how important is for you life, do the best you can good luck.

This information is made for see how important is the statement called THE FIRST IMPRESSIONS ARE ALMOST IMPOSSIBLE TO CHANGE. therefore im agree with the statement because is really interstering in important for everyone in this world.

sincerely Generic_Name.",533,12,Male,Economically disadvantaged,Hispanic/Latino,train,2,2,2,3,2,2.5,3,2,2.5,2,2,2,3,2,2.5,2,2,2,2,2,2
D99C71A15BA0,First impressions,"Society said that the first impression are almost imposible to change. But, I am totally disagree with that because there many people in this world that when they go to their first interview they don'tknow how to dress up for a interview and they may not have have someone to show or teach them how to act, how dress up or how important is to be on time when they have interviews or when they're going to meet someone important. It could be a girl or a boy that they're interesting on and their first impression may not be how his/her boss want it to be.

But if they're really interesting on that boy or girl who want the job or went to meet them they may give them a second chance to make their really good impression and that man/woman that like or want to obtain or to meet they will work really hard to get what they want ,they will search or obtain imformation on how to be presentable or to act in their interviews or when you're meeting someone you are interesting on. For example,If i want a job that is really flexible and easy and that's my first time getting a job and I am don't no nothing about how to be dress up, how to act infront of your future boss or future or girlfriend/boyfriend and how important is to be o time because it's how it works,If you're late to an interview or a place when you will going to meet with that girl/boy they will left or they may not interview you. However, If explain them what happend at the first date or interview that i wasn't presentable or on time they may gave me a second chance to do it and that's where I'm going to be at least 10 0r 20 minutes before on that interview or on that date that they gave me and be presentable and known how to act infront of them. They will like it and there you will gave them a second impression and they will gave you that job or you will have the chance to meet more that gir/boy that you like really bad. In conclusion,there is always a second chance to show or gave people a second impression that they may not believe that you can do it.

Finally, people can not judge people at the first time,they may gave them a second chance or explain them how to do it an that way they can be successful in life and they can make you happy if you get love each other.",405,12,Female,Economically disadvantaged,Hispanic/Latino,train,3,2,2.5,3,2,2.5,3,2,2.5,3,3,3,3,3,3,2,2,2,2,3,2.5
D9FB5E411A4F,First impressions,"I'm disagree with this statement, that first impression are almost impossible to change,there are so many examples, but some of my examples are these, for example:

First, in my case if I see a beautiful girl, I start getting in love of that girl and having good impression about her, but may be I see something wrong that i don't like of her, I start changing my good impression that i had of her.

Second, when somebody watch YouTube videos, then that person person watch a publicity about the new amazing iPhone 11, he has good impression about the amazing iPhone 11, but when he buys the iPhone, he looks that the battery is not that good as he thought, so he change his opinion.

Third when I go to fancy restaurants, I see a lot of delicious food coming throw the tables, I have good impression and expectation about the restaurant, and I think that the food is delicious, but when I try to eat one of those plates, the food was disgusting and it didn't taste that delicious as it looks,that's because my impression change totally.

In conclusion I think that first impressions are possible to change, not just me it could be case of people that I don't even know, people that I know, and me.",202,12,Male,Economically disadvantaged,Hispanic/Latino,train,2,2,2,3,3,3,2,2,2,3,3,3,2,3,2.5,2,2,2,2,2,2
DA92389BB8F0,First impressions,"PROMPT

Prompt is somthing that can we done everything but some times somthiny bad can happen, we have to thik fisrt, before to do something.

First in my opinion, for me is bad, because no all time yo can be lat, also if you have excuse or a reason why you are lat, but we have to be prompt, for instanse some times people are lazy, and is not good, por example if you going lat in your job probale lose your work , or if you get up 7:30am in the morning and your bus raisin

7:35am again you lost the bus, according how you are, especially we can be lazy.

Especially always we need to be prompt because is necessary, in different place where you go. you need to be the first person, but no't the all peron are prompt, some people have a excuse,

but we can accomplish if you want, and if you can, also some people have a lot of things to do, but we can meke a calendar, and be more responsible, we can take the time for different things to do, also looking you watch or clock.

Then we can give a good example, prove a good prompt, also one thing in the life, and more important is the promt, but for mi some times is impossible, when I lose the bus school, one thing how to change this, for this get up more early, and take the time, aslo we have 24 hours is so a lot of, we can do the all things, depend how you want to live, if you can't to live runing all time, is because you are lazy or other reason.

For intsanse the prompt, all time you have in your life, when you have a appoiment, when you need to go in your job, also when you need to go in the school, when you need to go in the church, when you need to go in the court, you can lose that things. in other words alwasy you need to be prompt, is very important. we need to do the all things. ",368,11,Female,Economically disadvantaged,Hispanic/Latino,train,2,2,2,2,2,2,2,2,2,2,2,2,2,2,2,2,2,2,2,2,2
DDC3C4A828DA,First impressions,"It has been said that first imperssions are almost impossible to change, do you agree or disagree? In my past experience, I would highly disagree with this statement. When first meeting somebody, you don't always get the right thoughts about that specific person. Once knowing somebody personally your thoughts start changing, your mind starts messing up on thinking ""What should I think about this person?"". Due to my past experience I always have luck to my first opinion changing to a good opinion after getting to know them. I always ask my friends what were there thoughts of me when they met me for the very first time and all of my friends would always tell me that I look like I was mean and not very kind. After, they're opinions later changed once they got to me personally, knowing my personality and knowing how kind I am. My friends were very suprised.

Second, I would insists of not always having a first opinion on when seeing somebody for the first time because that usually is never how the person actually is. First imperssions always depend on the person on how there feeling or just based of anything that can be said.

Second impressions always get more better once they seen each other at least ones.

Third,

I would like to speak on my past experiences with this statement on why I disagree with this reasoning. When I was a couple years younger I had some very means thing said about me in middle school due to a couple of very mean people. Due to those sayings and rumors a various amount of people knew about me and the stuff that was said about me. People thought they already know me through thick and thin but in reality they really didn't. Once, I wanted to meet new people they never actually really wanted to speak to me or actually meet me because they already had there first impression because of the sayings. Later on, years started passing by and a few people started meeting me more and started speaking to me and once they did they noticed that I was very different person then what people would say about me.

In Conclusion, In my past experience I would highly think in my beliefs I would defiendely not based my first impression on somebody I'm just meeting. I like to get treated on how I treat others. First impressions are never good that's why it's never good to get based off that. You've read my about my past and now know why I don't go off that. If you ever decided to go off first imperssions and not change your mind about your first impression then good luck to you.",462,11,Female,Economically disadvantaged,Hispanic/Latino,train,4,4,4,4,4,4,4,4,4,3,4,3.5,4,4,4,4,5,4.5,4,4,4
E033F3B6B044,First impressions,"The first impressions can change depends of each person; Each person have different reaction when they see something the first time, but after that your thoughts can change when you know more about the life of the other person. The first impressions are important because is the first reaction of each person; First reactions sometimes can change after 1 hour or 1 day.

When a person have a bad impression about a class the first day because the class is bored; But the second day the class is fun your reaction can change. Some times the firsts impressions depends of your attitude because if your have a negative attitude your first impressions are negative too. First impressions sometimes are bad and if a person react bad that can show what kind of person you are.

Sometimes impression are impossible to change because many persons don't change the first reaction.

When you have a good impression about somebody your through can change if a person do something bad.

The first impressions change , when you have a good impression about a work because you thing is easy and fun a you make friends but in the second day know your boss and he have a bad attitude with you your impression can change and your through about the work change because you don't like the attitude of your boss. A first impression is a important moment because your first thought about a person or something and that is important because if you have a good impression about somebody you can make a good friend.

In conclusion the first impression can change depends of each person and depends of your attitude too but no always the first impressions change because sometimes many person don't chnage their thoughts about something. Do you imagine if the first impression don't change? that is bad because when your impresions don't change just because you thing the another person is not cool; you can't have that thing because you have to know more about the life of the another person.",310,11,Female,Not economically disadvantaged,Hispanic/Latino,train,3,2,2.5,3,2,2.5,4,2,3.5,2,3,2.5,3,3,3,3,2,2.5,3,2,2.5
E0538F7AB083,First impressions,"I agree with this statement, first impressions with people or places are difficult to changed.

But first the definition of Impression is a lasting effect, opinion, or mental image. Is a belief of understanding of sth. Here is a example in a sentence,

I made a bad impression by arriving late for the interview.

I always see the bad and good things in each person and in each places too. But sometimes the impressions can change, It depends on the person. Now I'm gonna make some examples about the first impressions in people and with places.

For example, If I'm going to a restaurant the first impressions that I'm looking for, are If the local is cleanly(floor, chairs, etc..), the bathroom they aren't dirty, the employers(making sure that they are using gloves when they touch the food and when they prepair the food, Plague(rats, cockroach, etc..) that's very important because we don't want to get transmit a bacteria or something like that). Another example, If I'm going to a friend house, my first impressions that I'm looking for, are typically the same of the restaurant, instead of the part of the employes(obviously), but if the house is dirty, for example: (the floor, the kitchen, the bathroom, etc...) that impressions can change for me, because they probably clean the house everyday, but just that day they don't clean it.

And now I'm gonna make some example of first impressions for a person, the first impression that I saw in a person is the personality(vibes, etc..), the education level(respectful, responsable, etc..), the way of she/he dress it(outfits) that's when the phrase ""dress to impress"" takes place,

if the person is comic, etc.. Some person do the same, but some person just talk in the bad way of other persons, and sometimes they don't know them, they don't talk to them, and that's too bad impression for the person that is doing that, they are wrong :/

So my point, is I just said before, the impressions can change and it depends on the person. ",306,12,Male,Economically disadvantaged,Hispanic/Latino,train,3,2,2.5,3,2,2.5,3,2,2.5,3,3,3,3,2,2.5,4,2,3.5,3,2,2.5
E0A8EBEE657B,First impressions,"First impressions are almost impossible to change. Yes, I agree based on my own experience for me first impression is important. Because of how I see someone and feel someone by their energy.

For example I met my best friend other friend, the first time I saw her other friend I instantly like her. She was so sweet always giving me a good energy that I want for a person. She was so kind and love to smile, and she dress neatly. Her smile effect me she makes want to me smile, from that moment on I know that her and I could get a long.

Another example my seatmate, my first impression about him was a good one. Because he was just calm and his attitude is the same as mine. I see myself in him, him and I just get along well and his giving a good energy that I like for a person.

Another example first day of our club meeting, my club teacher paired me to someone that I don't know, For us to know who are other club members are to know each other. My first impression about her was not good, because she did not talk to me when I tried to talk to her. She gives me a bad energy that I don't like to a person.

Some people might disagree with me that first impressions are almost impossible to change, and some people might agree with me. I agree, because first impression are important to me it helps me to know instantly if I like the person that I just met or not. Some people might say or think that first impression does not matter, because you should know the person you just met more. Before you decide that when ever you like that person or not. And I would agree to that, but for me first impression are almost impossible to change, for my own opinion.",316,12,Female,Not economically disadvantaged,Two or more races/Other,train,3,3,3,3,3,3,3,3,3,3,3,3,3,4,3.5,3,3,3,2,3,2.5
E0EBA1995BCB,First impressions,"First impressions works as a normal form to react to a person, the impressions will depend how scary or funny it is, and how people feel in that moment. Impressions are almost impossible to change, they come instantly, people can not have control of it because first impressions come naturally from the human, the maind sends the first impressions when people are impressed, and people are not prepared to the first impressions. It is impossible to change.

First reason, impressions come naturally from people, they can not have control of it. For example, when people meet with other people, they automatically have impressions of the new people that they are meeting, do not matter what type of people they are, but the impressions naturally come. Second example, people usually move around the country to live or visit, every new place that they are arriving, the impressions come by itself. Third example, during the school year, the students are exploring more about the classes, they even have been not thinking about it, but they already have impressions what the classes talk about, and the students did not can change those first impressions about the classes.

Second reason, the maind has an important work on the first impressions, the mind sends the first impressions to you. For example, when people go to shopping to a marked, they are looking and comparing the prices from other marked. People are having impressions about the prices and their minds are working sending them impressions and also information from the other marked's prices. Second example, people who work on hospital, they are constantly seeing people with cancer, their minds are prepared to make impressions and send them without any difficulty. The type of impression depends how their minds are prepared to react on that situation. Third example, people who come to the U.S from other country normally they are having new impressions, their minds are having a big change. The mind is who make the biggest work to give the first impressions and adapt to the new type of live.

Third reason, people are not prepared to the first impressions that they have during they are discovering new things, it come by itself. For example, when people go to the cinema to see the new movie about the world, they do not have any idea about what is waiting for them, they just infer that the movie is about the world, but stating the movie they start to have impressions. the impressions come without notice them. Second example,when people got 18 years old, they are not prepared to do everything by himself, they start to have impressions on how hard if the life outside with more responsibilities and without their parents. Impressions always surprise people because they never prepare for it. Third example, people who are starting new job, they are learning how to do it. They are having impressions how the job is, they were not prepared for those impressions that they are having during they are learning the new job.

In conclusion, first impressions are almost impossible to change, because first impressions are naturally from the people, it come instantly as result of a new thing that people learn. And mind has an important work on the first impressions, the mind is who send the first impressions to the person. Also, people are not prepared to the first impressions, it come as a surprise. People just explore new things and impressions come as a result.",585,12,Male,Economically disadvantaged,Hispanic/Latino,train,3,4,3.5,4,4,4,3,4,3.5,3,3,3,3,3,3,4,3,3.5,4,4,4
E21038BEF290,First impressions,"Could Impressions Change

In this prompt statement i disagree sometimes impressions can change time after time, but some people need help of how to control it ,or they may not know how to express them selves in front of people some impressions change by you trying to say something,a person maybe happy one day and the next day mad, or the person may not like you.

Impressions could change in many ways we as citizens, have so many expressions of how we should confront others. Some of the popularity of the United States don't like people because of their impressions, but some citizens hate it when they have the same impressions too. Even though people have problems of how their impressions work also they say that citizens may need help of how to control their: sadness,anger,happiness,and fear when they give impressions to others. Teachers in schools say they have problems with kids attitudes this year of how they approach others, and of how they approach their teachers too. We as citizens can't help of how we express, give impressions,and how to put our emotions out their even so you can't trust your parents,friends relatives for help nor the teachers the government can't help us or the president .

People can change their impressions;in so many ways of thinking they can: ask for help, ask for advice,and talk with someone about it.

Impressions can be held in different ways of being they can be held by trying to go for something at the store,eating ice cream, talking with someone close.

Parents think that their kids or others won't change their impressions towards others even though they think that there can be a possibility that can happen you can try and approach your kids by sitting down with them,giving them time to help them,trying to understand them.

Impression can change in many different ways,but it's not impossible to make that change sometimes impressions can be helped by others some of the people in the U.S. have problems trying to say good impressions about how they feel,wanting to confront a person,but others just might dislike that person they might also have hate in them,but they might not.

Into today's economy people are the same of their impressions,some citizens have the problem of dealing with those impressions,although they have the same emotions but also the same expressions. Everyone has a different background, so they may have different impressions of everybody around them. Impressions can be changed nothing, is impossible to do unless you give in the effort to do it or not try to have confidence of who to trust let impressions change or not nothing is impossible to do unless you put your mind into it.          ",452,10,Female,Economically disadvantaged,Hispanic/Latino,train,4,4,4,4,3,3.5,3,4,3.5,3,3,3,4,4,4,4,4,4,4,3,3.5
E312449DF480,First impressions,"I think, first impressions are more effected than other events. Because first reactions are usually hectic. We will not know until we feel something. Somehow, recollections can give you positive or negative effects. If a person had a bad impression, it can gives you anxiety, which is a person needs to get help about negative satiation. It doesn't matter how bad or how good the impressions are, it is important how people get effect.

Second, I remember when I was first grade in elementary school, I did not want to go to the school. It was the first day I wanted to stay at home. On that day, I was a little bit bored, I took the big pillows from armchairs then put them together. I was trying to jump from the pillows to the other sofa. The first time I jumped it was successful. After a moment my mom caught me. I was kind of scared, she told me it was dangerous, and I can hurt myself with that.

After she left, I put the pillows together like I did it before, then I jumped to the wall. The walls corner was really sharp, and I hit to the wall. I realized I hurt my self so bad. Then I went to my mom, I was holding my head and crying. She was so mad at me, then I took my hands off from my head, it was bleeding so much. She called my dad, then we went to the hospital.

In conclusion, I agree the reactions, impressions are impossible to change the consequences. It is really important what people felt or lecture extract.  ",266,12,Male,Not economically disadvantaged,White,train,3,3,3,3,3,3,3,3,3,3,3,3,3,4,3.5,4,3,3.5,4,4,4
E501D2D7FC83,First impressions,"According to the prompt i would have to agree because impression is something you get when you get to see a old picture of you when you was a kid, or when someone makes a surprise for you, you get that impression , you start crying or just smiling .

For example,one of my experiences was meeting my whole family for the first time in my life, when we came to the united states my first impression was that i saw a lot of new things , a lot of nice cars , big houses , and a lot of people.

We stayed in texas for 2 days, we call my uncle the first day we stayed in texas, he told everyone in my family that we made it , we took different buses like for 3 days just to get to were my family was.

When we get there they went to pick us up , my first impression was to see all my family back again and that impression i will never forget it , and it will be never be change.

We went to my grandmother's house, i was nervous because in that day i haven't see my dad for more than 8 years, and when he came through the door i got that impression of seeing him again, i was so happy to see him again.",207,12,Male,Not economically disadvantaged,Hispanic/Latino,train,3,2,2.5,4,2,2,3,3,3,3,2,2.5,3,3,3,3,3,3,3,2,2.5
E52ADC86DFFC,First impressions,"Based on my experiences i would say that is not true because people always can change.

Im my opinion i think people say that because with the person that they are talking to or they are meeting does not show interest on them.

The first impression is not the best sometimes, but that it does not mean that it can not be changed. You can not classify or judge a person for their first impression because that person can change.

One reason why you do not have to say that first impression is almost impossible to change is because if the person that you are meeting is not having a good day that can affect the first impression because he/she is not going to be comfortable talking or having a conversation in that moment.

If i would have to give an example it would be the history of me and my best friend.

The first time when i met him was in my math class, He did not even wanted talk to me and be my partner, when i asked him about problems that i did not understand he ignored me and he did not answer.

To conclude If i would have to to take a position on this issue i would disagree, the reason why i would disagree is because in my circle of friends there is 2 of them that they did not give me a good impression and if you look at us today we are good friend and that is why you do not have to say that the first impression is literally impossible to change.",275,12,Male,Not economically disadvantaged,Hispanic/Latino,train,3,3,3,3,2,2.5,2,3,2.5,3,3,3,3,3,3,3,2,2.5,2,3,2.5
E587CBD5D1E4,First impressions,"How we know the first impression is important and not always it's impossible to change it with our actions, and attitude, it depends of the situation.

Sometimes the first impression can be good. For example if I going to meet my girlfriend parents or if I go to meet my friend parents I need to have a good appearances to give a good impression but we can have a good impression but that can change. However if we do bad things like with our girlfriend if we treat bad her the parents are going to have a bad impression and that can change or with our friend if we don't help or if we give bad adviser to him the parents can think bad about us even if the first time we get a good impression.

Sometimes the first impression can be bad. For example in a job interview, during the interview if we don't use the correct language or if we go with bad aspect we can't get the job. However even if I give a first bad impression that will change if in the same interview we use a good language and if we respond the answer properly that can help you and finally in my own interview a give a bad aspect but I use the correct language in the interview and I get the job that's why I think that can help you in a interview when you get a bad impression.

In conclusion the first impression not always It's impossible to change if we know how to deal with it.",252,12,Male,Economically disadvantaged,Hispanic/Latino,train,3,2,2.5,4,3,3.5,3,2,2.5,4,3,3.5,4,3,3.5,3,2,2.5,3,3,3
E6122E9ABFA3,First impressions,"Are first impression almost impossible to change? Most people would say no, but actually it is possible. You just need willingness, hard work, and a litle of confidence.

First of all, if you want to change any first impression, you have to will it. You need to have a vision of how you want to change it. Most people try to change their first impression, but the thing is they don't have a vision. Without a vision you are going nowhere, you most have a vision. Lots of people give up but I know you can do it, because failure is not an option. Always remember will is power.

Second of all, willing something is just the first part to change our first impression. The hard work is probably the most complicated, becasue is where you gonna find some challenges. Challenges are part of life, so don't see them as impossibles, but see them as oportunities. You have to work hard to reach your goal, no matter what. Keep this in mind life is not fair, so you better keep doing and don't look back of what have you done. Always have a clear vision og what you do.

Finally, this is probably the most importamt part, confidence. Confidence plays a big roll to change our fisrt impresion. If your not a cofident person, it migth be hard for you to change but not impossible. You can take classes to gain cofidence like me which is helpful. I'm not cofident person but took the JROTC class which has help me to be more confident amd not olny that, I have learned to be a leardership too. If I can do it, that mean you can. Don't let anything to stop you.

Inconclusion, think about your future is very important. Changeing your fist impression is a good start. You never know if that will affect your future. Just will it, work har for it, and be confident.        ",315,12,Male,Economically disadvantaged,Hispanic/Latino,train,4,3,3.5,4,4,4,4,4,4,3,3,3,4,3,3.5,4,3,3.5,3,3,3
E770240CAEE1,First impressions,"The first impression that is impossible to change,is surpise. Because in the life always we learn somenthing new,for example,when I start in the first job and don't know anything, I need to learn the things that,I need to do rigth. One example,when I work in the kitchen,so I need to learn the ingredients,the plate name and how to make. After that I can start. Then, I want to change the work,because I tired of the chefs,fire,bad manager or bad pay, and I can look for another job.

Now I start again,because I take a different job like a Secretary. Now I to learn new things,because I not work with food again, now I start with papers, computers and minister calls.

So this is the Surprise,the life change all the time,but we need to have positive attitude and face up to all the bad things that coming.

Is the same with the school, some times the attitude change,because is impossible that somebody knows all the information about one class or two. We have differents impressions impossible to change. Because some people hate some class, for example math, but some liked. Normally I hate this class, because is just number,equations,square rules. I disagree with this class, but I know that in the future I need. But all we have differents positions, because some people love the numbers and others love another class for example, I like History why. The reason is that I like learn new things that I don't know, is very interesting.

But, I agree with one thing, all the class are very important for my life, because in the future I can take any job because I know differents things for differents carrers and I can help to other people in any class.

We are agree in one thing. Wherever we going always the school is very important in our life. I know that we can disagree in differents things,but I think that is impossible to change the scary impression why, because always we scary to fail but, I agree that we can fight for change the future and achieve everything that we want.",302,11,Male,Not economically disadvantaged,Hispanic/Latino,train,3,2,2.5,3,2,2.5,3,2,2.5,3,3,3,4,3,3.5,2,2,2,3,2,2.5
E8B0698217A3,First impressions,"They say the you should never judge a book by its cover and, especially regarding people, its true. In this case, the cover is not necessary meaning the appearance, but the first impression of another person. Like the cover of a book, first impressions are not always as appealing as what is really there. its not until after you start ""reading"" or get to know someone, when you really find out that what you see is not always what you get. There are several factors that can affect the first impression that one receives from another. Differing personality, situations and representation of a person, make impressions often the worst means of judging people.

A person's personality has a big effect on the first impressions that they emit. Everybody is different but when it comes down to it first impressions are really based off of whether you are shy or not. I met my best friend after moving during my junior year, at my new high school. Before i knew her, she never said a word to me or anyone else in the classes that she was kind of odd, but then realized that I was the same way, i didn't talk to many people either because of my personality. I knew that I was shy person and after I get to know someone, I put down my front and show my true colors. I thought that maybe she would be same way. After starting to talk to her a little more each day, our friendship grew and I learned that she wasn't odd at all, but just like me an outgoing person hidden by their shyness. Some people like me and my friend, are shy and put up a reserved and quiet front when facing new people. Based on my first impressions of my friend, I thought something that was far from the truth. One who has a shy personality might in reality be outgoing, but uncomfortable showing it at first, making the first impression of that person a mistaken one.

Your first impression of someone is not suitable because you do not know the situation they may be in. When seeing or meeting someone new, you have no idea the kind of day,

difficulties or kind of disappointment that person may be experiencing. They may have have recently lost someone, or could be someone new and yet still have to deal with the routines and stresses going through out their day. All of these situations can create a barrier between themselves and others, and setting of a good impression is probably not at the top of their list of important things to do.

On my first day of senior year, I walked hurriedly to my first class, even thought I had plenty of time to get there. When I walked into my class, the only thing on my mind was to find a seat right away, no matter if it was by another person or not. when the time come to eat lunch, I sat by myself and ate it quickly so I could proceed to my next class. I was so worried about being late for a class, finding a seat and just doing things right, that i didn't have time to try to leave any good first impression, on any of my peers. It wasnt even on my mind to do so. My peers received the impression that i was nervous and not a sociable person, when really I was acting the way I was because of the situation that I was in.

There are many factors that lead to someone's first impression of another. Someone;s personality, current situation, or the way they happen to present themselves all influences the way someone thinks about another when seeing or meeting them for the first time. Since what they think is based off of these judgments, their first impressions is usually wrong. If all friendships were based on first impressions, there would be a lot less of them in the world. First impressions are more often worst means of judging a person because its not until you get to really know a person, you are better equipped to understand what kind person they truly are, and really know the individual based on real values, rather than their first impression or ""book cover"".",699,12,Male,Economically disadvantaged,Hispanic/Latino,train,4,4,4,4,4,4,4,4,4,4,4,4,4,4,4,4,5,4.5,3,5,3.5
EAB299C6ECED,First impressions,"First Impressions are almost impossible to change this is true but they can also slightly change a little bit over time. I personally agree that is almost impossible to change an impression about someone so lets say that I agree and disagree because the statement is right but not everyone is the same, your thoughts and the way you think are different from everyone else, so the way you feel about a person could change over time. The first impression of a person about you could change over time just like your first impression about someone you've never met before could change as time passes and yall get know each other and hang out, go out to eat just like in a relationship, when the girl meets the guy and he looks so handsome, respectful, polite, nice, generous, very responsible from her point of view, when his at school, work, even when his home or even to the point of calling him sexy even if he is the skinniest guy ever you would tell him ""Wow baby, you're so sexy"", even if his not you would say it because you wouldn't want him to feel bad or anything to ruin that bond but when you guys start talking even more, start to hangout more often that bond will start to grow stronger in confidence and trust so when that time hits, It gives us a whole 360 degree spin now you start to be more open with your partner and you actually start saying the real things, Im not saying you have to lie but people in specific try to cover their lies with other lies and some times it dont even work or it don't add up at all but what Im saying is that when that right time actually hits you start being more open and you're not afraid and for the same the reason, you guys develop your ways up and work it out to the point of building a really strong trust, that confidence in you guy's eyes, that key to your heart and let everything be free.

It will take a while for you to see the prove but probably not to long but the results will come at one point and don't doubt it. however, with your first impressions you will represent yourself to the people or the way you act or the way you act in the beginning it will make them know if your child dish, immature, or the opposite.

If you put that respect and honesty in the beginning people will treat you with respect but if you like to mess with people yell at them without respect don't expect something else because it will come back to you and there's this verse in the Bible that I like that says "" what you plant, thats what will grow"" I don't think i wordily got it right how i said so what its meaning is if you're a lair don't be mad or don't ask God why is he doing this to you because that's what you planted in the beginning. When you meet a person what are the first impressions you get of that person on how they look, act and talk. When I first came in Generic_Name class and actually met her, my first impression was she's very nice, knows how to properly talk to students and as time pass I got my points proved right. Sometimes it is almost impossible for first impressions to change but its never to late it could come to the time it does.",566,11,Male,Economically disadvantaged,Hispanic/Latino,train,3,2,2.5,3,2,2.5,3,2,2.5,3,2,2.5,3,2,2.5,3,2,2.5,3,2,2.5
EF47AB98271A,First impressions,"Do you agree or disagree with the impression are almost impossible to change?

Many people in the society are taking several changes in the life of them, this will be a form to improve their goals in the future, some people thinking that made changes might be completely complicated for many reasons that they cannot do this, sometimes would be for some issues that we have. Also, each one we have different purposes but anything is impossible in this world made some changes that even more will be like a window with many opportunity. Opportunely sometimes we don't take the worst to start made certains changes that this will be big chances. In my own opinion this might be to begin a new style of life with the propose to change and improve my goals that will be the beginning of new opportunnity increase my ability to achieve my dreams that I have in my mind, open me in the future with new goals in the mind and never give up till that my dreams can be successful. The impressions never can be impossible because, can be new opportunity in the rest of the life, to improve our goals and dreams in the future and to make plans to increase our ability of achieve our ieas.

New opportunities in the rest of our life, will be a opportunity that are certains change that might be like a door with new offer of jobs, that this will allow change in our life to increase our knowledge to put in practice and improve our ability in create new ideas that would be a big help to develop in the society in any job that we will do, each day the technology advance. This means that, we have the opportunity to learn any more and to achieve different kinds of project to develop at the society.

Improve our goals and dreams in the future, will be the best form to change and improve our ideas or plans that we have in mind to develop ourself. To discovery new ideas and be capable to do that and put in practice our knowledge and to get excited in achieve our goals that is the better for us, each day put more dedication in improve our mistakes and made certains changes about theses mistakes that we did. Sometimes happen that because some people don't follow their work for some mistakes that they did, the most important is to learn of the mistakes that we did and trying to improve it.

Make plans to increase our ability of achieve our ideas, this is a form to thinking about it and made a list of things that we would like achieve to improve our knowledge, to learn and create projects that we have in mind to realize. Thinking about different ideas and plans that might be the better for ourself in our develop in any area. Also, this will be a big idea to realize our ideas to increase our economy if we have good work in any job that we do and each day trying to be more better in the society with our family.

In conclusion, all this definitely is the better for us in made some changes that we know will be the form to create and realize our plans that we have in our mind, sometimes can be so hard to do some changes in our life, but everyone know that is the better to improve and increase our abilityin the develop of different plans and ideas that we have, even more this will be better opportunity in the rest of our life, we can achieve all our goals if everyone start change for a better life.  ",610,12,Male,Economically disadvantaged,Hispanic/Latino,train,3,3,3,3,3,3,3,3,3,4,4,4,3,4,3.5,3,3,3,3,3,3
EFE2BC73A573,First impressions,"You think first impression would change a person or not? Some of are stuff that we have right now is because of first impression.

In this essay I will argue about First Impression. Let's said that you go to the store and see something that you fall in love with at first impression and you buy it, but is not what you expect to be as you saw in the store because the commercial lie about the product . Now you don't think the same about the product that you fall in love at first impression.

First, I disagree about First Impressions statement. The feeling of first impressions everybody have it, but is not impossible to change it. I would give you a example of how your first impressions can be change. For example you see a nice car for sale in you way home and you stop by to see the car because you are in love with the look of the car. The owner of the car let you try it and when you get inside, car interior is ruined and a lot engine problems. Now your first impressions is ruined just like the car you thought look nice. Next weak you see another car for sale close to your house, but this time the car does not engine problem and ruined interior like the last car you try. Your first impressions from a car for sale change.

Second, this is my experiences with first impressions. When I was 13 years old I thought that my sister phone have the best camera ever and best software ever. Now in 2019 the new IPhone 11 come out and my first impression with the camera and software was a lot different from my sister phone.

In conclusion I think first impressions can be change. Just try other placer where you can find the same product with best thing. Your first impressions about last change.                                                                                                                                                                                                              ",397,12,Male,Economically disadvantaged,Hispanic/Latino,train,3,3,3,3,3,3,2,3,2.5,3,3,3,3,2,2.5,2,2,2,3,3,3
F167D1995565,First impressions,"It Has Been Said That First Impressions Are Almost Impossible To Change.

Do You Agree Or Disagree With That Statement?

People don't know everything by born. They have to learn everything by culture and family. Every culture has different impression but we have to caught it because we are human. Everybody has a lot of impression. Many people would have different opinion about this statement. In my opnion, I am disagree with that first impression are not impossible to change because all people are live in culture, practice can change anything, and they are adjustable.

First reason, I believe that first impression are not impossible to change because all people are live in culture and culture change impression. One person has more than one impression and different culture has different impression. People make comfortable with new impression. For example, I born in bangladesh but I live in USA. I have a different impression than before becuse now I am live in new culture, they have new impression. Almost I forget my old impression because USA culture change my impression. People help us to change our imression because whatever we see around us we can hold it.

Another reason, I am not agree with that first impression are impossibe to change because practice can change anything. People don't want to do whatever they don't like. But if you do everyday whatever you don't like oneday you will like it because practice can make anything perfect . For example,

my friend who came from bangladesh without family even she disn't know anything about this place. But she have to do everthing her ownself. Everyday she is practice new culture that's make her to learn new impression. Now she doesn't remember her old impression becuse if you practice everyday new things. You will forget old impression becasue she doesn''t preactice her old impression.

Finally, I disagree with that first impression are almost impossible to change because people are adjustable. In the world, people are the only things who can adjust themself to any other new things. When we went to the new place we have to do lot of new things. Even we have to change our impreassion because every place has different kind of impression. And people can adjust themself with new impression. For example, people impression are like water. Doesn't matter where you put water it will be shape like where you put water because water is liquid and people mind is changeable. When we go to the new place we have to have change our impresson and it does't matter who you are and where you are.

In conclusion, people have to say that first impression are not impossible to change because people live in culture, practice can change anything, and people are adjustable with new things. Most of people wouldn't agree with that statement. We don't have to believe that whatever other people said. People has a right to say whatever they believe. Human beings are adjustable with impression becasue we are changeable. Whatever we can imagine we can do it. Everything is possible for human. Even I believe that first impression are not hard to change but we have to be faithful about our opnion.",562,12,Female,Not economically disadvantaged,Asian/Pacific Islander,train,3,3,3,3,2,2.5,3,3,3,2,2,2,3,2,2.5,3,2,2.5,4,2,3.5
F1AAB82CE621,First impressions,"yes impression can be change based on your experiance or your attitude that you show to the people around you, we know everybody have a different impression, but in the different ways. you can be impression if you respect your self, be nice.

and to love other,example celebrity they do good things to impress us, after that they start have a impressoin to people, but if they acting badly to people they impressoin start finished, but if you be good or nice impressoin will come to you it not just to be famous that mean you gone have impressoin even if you not famous you can have impressoin, just you your kindness or help other nobody can,t take you impressoin or change it if you used it. in good ways, you can,t be impressoin if you fighting with people oall the time you can,t impressoin if you don't know how to talk nicely with people impression, person always is cool with people show people your impressoin prove it to them let thems see your impressoin because you can be success because of you impressoin nobody can't take you impression, nobody can't change exspect your self you are the only one can make your impressoin go away you can make people not to trust you but if you keep show tthem your good, impressoin in good way don't acting mean to other because you have impression, just you peole or the one you make that impression work to you...

impression c an't be change because i know if you have impressoin you impress people around you even older people friends in school your coworks you will impress them because of your impress but if you use you impressoin to make other feel bad that impressoin can be change based your ways you are acting impressoin it good many people wish to have impressoin because they can ipmress other's people with it person have have a impressoin can say anythings and people will still agree with that person even he say bad think if you have a impressoin and you use it in good ways you will be a king because of your impression impression is good sometime and bad because people will alway want you to do good things just remember you will face alots of attatoin because of impressoin that mean you need to be nice kind and careful because many people want to have a ipmressoin they need attatoin that why your impressoin can't be change based on your experiance or your attitude in same ways used your impressoin. as Gift because if you mess with it you will neverhave a impresssoin even celebrity they have too many attatoin bacause of the impressoin they have that wht people buy ticker to see them it because of the impressoin if you don'thave any impressoin nobody will buy a ticker to see you, used your impression in good ways it one chance you get use it as Gift many people need it, your impressoin can't be change if you don't use it in the right ways because impressoin it axample of famous if you have impressoin you are famous in same way ",506,9,Male,Economically disadvantaged,Black/African American,train,2,2,2,2,2,2,2,2,2,3,2,2.5,2,2,2,2,2,2,2,2,2
F2029DDE1D2B,First impressions,"Do you think first impression is difficult to be change? Some people said that first impresion is difficult to change in a person. Firs impression can be change in some people because you can related to the person, You can talk to the person if is having a bad time, sometimes you can change the first impression to a person.

When i was in middle school i meet a girl, her name was Generic_Name, i didn't like her first impression and i noticed that she didn't like my impresion too. She was my neirbor for 3 years and she didn't talk to much and she was always angry. One day i notice that she was having problems with friends, like me. We were relatived to some things and our first impression.

Sometimes people can be having bad times and that is why their first impression it seems difficult to change. I had a friend that it was having a bad day at work the first time i meet him. Generic_Name was angry and he didn't talk to me that day. After that day i was surprised of his impression . Days after he explain what was happening to him that day.

If you meet a person more closedly you can change their first impression. You can be come a friend to the person, sometimes they change. You would like more that person than the first time. LIke i said before , they can have bad times the first time you see their impression. Not everyone is happy every day.

First impression is not difficult to change , people can due it and people can change it. some said that is impossible to change first impression , but is not , if i can due it with some people , you too can change it.

In the future we will see that first impression is not impossible to be change.  ",295,12,Female,Not economically disadvantaged,Hispanic/Latino,train,3,2,2.5,4,3,3.5,3,2,2.5,3,2,2.5,3,2,2.5,2,2,2,3,3,3
F2C012ECBF9C,First impressions,"I agree with the statement because when you get your first X box game the impression you have is almost impossible to change. that impression can be almost impossible to change because you are so happy that you could burst into tears but that impression can also be embarrassing, when you realize it you can change your that impression and make a different impression to an impression that is less embarrassing and the could be OK for you but the first impression is the best impression of you being happy about having you first X box game and that impression can be OK for you if you like. You can chose not to change that impression because it is the impression that makes you feel good about your self even if that impression can be embarrassing it is no problem for you because it's your impression and no one else impression. So I agree that first impression are almost impossible to change.",159,12,Male,Economically disadvantaged,Black/African American,train,3,3,3,3,3,3,3,4,3.5,3,3,3,3,3,3,3,3,3,3,3,3
F44D5A636C2F,First impressions,"Generic_Name

Generic_Name

Octuber 23, 2019

English 11

Enviroment of Impressions

Two million years ago a person named Jesus arrive to this planet to dwell for a several amount of years, an history we all have been told about witch it takes us to it's death, he spoke to us saying he was our Father. However, he was killed becasue of whom he show up to be, and it's here where we see that it does not matter what impression ypu show up with, people don't mind about it, we all live in a world thst only care for our own good, our onw benefits.

I don't agree in frist impressions are impossible to change, I've meet people that I use to hate now they are part of my life their my family. Independence day, you have an job interview, the first thing they get about us it's first impression no matter what we do and pretent to be someone that we obviuosly aren't they only care about your eargerness, charisma, garment, manners, etc. The popular one meeting new people at school at the beginning we can hate everyone but untli we don't meet that person we won't change our perspective about it personality. In fact, most of us guide by first impressions, and thats the same towards us.

Primaly get can easily get impressed by someone or completely disinterested. we are humans it's imossble to represent our reality we are just like social media when we are with our frineds or at a public place, we fake we act we pretent and thats a common thing we aren't realistic with us and thats where we are given first impression. In conclusion, we are who we choose to be and who we deserve to be, we are in the place that we a re supposed to becasue thats what we deserve, whatever we give it;s what we are going to recieve, and we shouldn't be worried about what we're going to get, what matters it's what we give and judging people woon't tkaes us to the highest place.    ",349,12,Female,Economically disadvantaged,Hispanic/Latino,train,2,3,2.5,2,3,2.5,3,3,3,2,4,3,2,3,2.5,3,3,3,2,3,2.5
F6886170FAA3,First impressions,"I agree with first impressions are almost impossible to change, because this is one of the things that only happend one time, well it can happend again, but not at the same way than the first one. So you can not change it because that is what you felt at the moment when you experienced this feeling in your life and you will not want to change it because you liked what you felt and you might probably want to repeat it again.

Then it is like when you see someone on the street or in the city that is wearing completely different clothe or extrange clothes than you or than everybody around you, and he or she inmediatly is catching everybody's attention, because probably they never have seen someone like them before or they not normally used to see people wearin like that. Sometimes people might probably start talking about them like given own opinions, or some people just judge them because of their dreasing, others just are corious because they might probably want to know something about this people because they or their culture seem interested to them and the want to experience sort of activities with this people or have fun with them.

Constantly people experience this kind of impressions, because they normally are around so many people like their family, their friends, or even with people they not even not at all. So that make them to experienced this type of circunstances and because of that, is that they are exposed to experience this feelings at any time or anywhere. It do not matter because you going to see so many things and those things are going make you feel this way.

Inmediatly it do not matter where you go or where you are with, you are going to experience this, even with yourself bacause this always happend and you will want to go and to be talking of that with your friends or you might be probably get a clue and put it like an example and your life. Sometimes first impressions help you to be even better in life, because you will be thinking about it and you might start making something different on you because you saw something special on someone which you got first impression.

In conclusion first impressions normally will be impossible to change, bacause it is unique and you can not change that. You might can change the way you think of it and probably if you experience it again it will not be the same because you will know what it is already, and it will be like it is not making sense and you will wondering the reason why is this happening. Sometimes first impressions will help you to understand people or their kind of life they have, it do not matter the race because people have something different something that we might need.",485,12,Male,Not economically disadvantaged,Hispanic/Latino,train,3,3,3,3,3,3,3,3,3,3,3,3,3,3,3,3,3,3,2,3,2.5
F6B1E10F02C8,First impressions,"The first impression does't mean that you are like your look, or because your look angry you are a bad person.

One day in the morning my dad show me a picture of my grandfather, he was a tall and stronger men, more later my dad come to my room and he tell me ""We are going to know you grandfather"", i was scared but , when i see hem, he was adorable and so loving with me, when a know my grandfather more, i change my opinion of the first impression, he was not a rude men.

When i see for the first time a girl that i never seem, the first that i see is how the girl look if she look angry, i think is that she is disagreeable, but in the future, when i know more about that girl i know that she is not how i was thinking in the first impressions, is not good to judge people for how they act, it does't care the color of the eye, the color of the skin or what language they speak. Some people look bad, sad, happy, angry, or evil but that's not mean that they are like they look.

In conclusion the first impression it's possible to change, because the people can not act how you think they act or they can change the attitude in the future, when i know more about this person my opinion of the first impression change.",332,12,Female,Economically disadvantaged,Hispanic/Latino,train,3,3,3,3,3,3,4,2,2.5,3,3,3,3,2,2.5,3,3,3,3,3,3
F6DEF203DCD1,First impressions,"First impressions is what the person show you. The first impression is almost impossible to change. In my opinion I'm agree with this statement. Some people can think in a diffent way for they experiences. Most peoples can think the same way that I think. People can change with time not at the first impression when you meet someone. People can deside is they want to know the person better. People can change in there own way, or if they really want to change they need to deside to be better in life. The first impression is impossible to change. They need time,effort, and dedication to change. Most people can said that you do not need all those things to cange. The people at the fist impression. The first impression is what the person make you feel.

The first impression is what the person show you. The person can not change at the first impression, they most need to have the specific time to change. One of the most important fact to change is time. For example, is a person is fighting with a employee at the Ice cream story, you can not can change that person that way the he think. Maybe you must wants that. He need to realise what he is doing is something wrong .The person most have his reason for the fight. The person need time to change not at the firt moment the you meet. Most people can determine that they need time to cange. Another example of that is someone have a really bad adiction to do someting that do not have none benefict for his life. You most want to change that person. The first impression that this person make in you most be the most terrible impression. First impression is impossible to change.

First impression is actually what the person make in you. Sometimes is not the best impression that the person make .Sometimes you must want to change that at the same moment even is you do not know the person. The person can change with effort is you talk to the person and let her know that what is doing is not right. Maybe the person can change but not at the first impression that need take time. For example is a student is copy in a test and you realize what the student is doing you must want to change the way the he is thinking. The student need to have effort and act of actitude that he can do anything in life and have the effort to do it .Another example of that is you meet someone for the first ime in the attitude is so bad you most want to tell the people to change. The person need to have the effort to change is the person wants that. The first impression are almost imposible to change. First impression is what the person show you. Some people are more complicate they do not want to any effort to change. The first impression is the way the you most guess the personality of the person.

First impression is what the person show you. A good first impression is what the person guess of on you. First impression is what the person wakes you feel. You most not espect the negatives accion of the person, because you do not really know that .The specific time you most know that person is it something that you do not like of the person with dedication can change. For example is you meet someone at the park for the firts time and you and the person start talking. Most one of the two person want to change something in you or oppsite. The people can not change at the first time they need time and dedication. The first impression is more important when you meet someone for first time. For example is a father leave at him son when he was a baby , and when they meet for first time the father have to have the best impression for his son. The son wants to espect how his father is he most want to know that. The first impression is the most important for that father. That father have to change is he have something that his son do not like. He need to have dedication to achieve that. The first impression the more imprtant when you meet someone for the first time.

The people can not change at the first time. Many people think that we can not change a person with the first impression. A person need there own respected goal to change. The person need the time, and effort and dediaction to change. Nobody can not change people at the first moment they need time to analyze what they want.                                                                                                                                                                                                                                                                                                                                                                                                                                                                                                                                                                                                                                                                                                                                                                                                                                                                                                                               ",1444,12,Female,Economically disadvantaged,Hispanic/Latino,train,4,3,3.5,4,3,3.5,4,3,3.5,4,3,3.5,3,3,3,3,3,3,3,2,2.5
F792FE4DCF1A,First impressions,"I disagree with this statement because anyone can change their first impressions if you just give then time and a second chance instead of just seeing them mess up.

The first reason that you can change your first impression is just by giving them another chance that they can change becuase everyone deserves a second change when people mess up their first impressions you should be able to let them change it because even you might of mess up on your first impressions on a buissines meeting or even on a date and you do want them to remember your first impression they want to remember the time you changed your first impression to a better one to show people what you are really like.

The second reason is because it can be about a really important meeting and you messed up on your first impressions and the other buissines people would be like ""wow he messed up really bad on his first impressions"" and you want them to give you another chance so you can fix your first impressions so they so they can be like ""wow he really change from the first time he was here"". So give peolpe to change their first impressions.

The last reason is that your at your girlfriends house and you are eat with her and her parents and you mess up and the dad says

""his not the type of guy you should be dating"" just because you mess up now the dad does not like you anymore cause you mess up and we you go again you must change that first impressions that you showed them the first time and make it better so the dad doesn't hate anymore.

So inconluson you should give everyone a second chance to change their first impressions and make it better so they can see the person you really are. ",303,12,Male,Economically disadvantaged,Hispanic/Latino,train,3,3,3,3,4,3.5,3,3,3,3,3,3,3,4,3.5,3,4,3.5,3,3,3
FBE180CF324E,First impressions,"To begin, what are your thoughts on first impressions through peoples point of view? When two people interact with one another the impression is not always dependable because People are probably not themselves, People opinion change, People never have the same intellectual connection. For example Generic_Name went to the movies with his girlfriend Generic_Name, his mom Generic_Name, and his sister Generic_Name. Generic_Name tells Generic_Name to invite her boyfriend Generic_Name. Generic_Name interaction with Generic_Name was unpleasant, based on what Generic_Name saw their was a different perspective from one an other. Days later at night the family reunites and the perspective change from what Generic_Name thought at first and what she thinks now.

Secondly, periodically all around the world people are not themselves when we first interact with them. Their is always a fifty- fifty chance that people, will get to meet their real personality. Why? First because they are starting to get to know new people. Second they have no idea what to expect from people. Third, some people do above and beyond to impress. Now in days many people try to make a good impression to belong to a certain group. Sometimes they are so use to doing it that they dont even recognize that is not their true self. Society has a huge impact on how people have to impress one another that it make others be afraid to show who we truly are.

However, peoples opinion change from time to time. Visualize that we are going to the store just to buy one item. We end up buying more then one item what does that mean ? It means that are mind changes to what we want it to change to. We might set up a scenario in are minds to have very high expectations to those surrounding us ,when we are self don't have that confidence. For example Generic_Name was mad at Generic_Name for not going to the bank with her. So Generic_Namea said that they would no longer be friends. The next day she text her and said what time am I picking you up. Their was a change of opinion from night to morning.

Lastly, people never have the same intellectual connection. When you first meet someone and we are aware we want to make a connection ,we try to have some conversation to talk about. For example when people have a right there connection is because they are interested and the same things as one another. When two people dont have the same to things to talk about other might think this person is not interesting enough. People would make comments like no , your not qualify to join this group, or anything that involves having to impress another person.

In conclusion, first impression arent usually trustworthy because People are not themselves, People opinion change, and People never have the same Intellectual connection. Peoples thoughts will change eventually no mater if they had a good impression at first. First impressions never counts because we never know who might be fooling us for a job , friendship, or to be a partner. Society now in days have to look out more to make sure everythig is in order. Thats why we have people who do research and look back to records, thats why jobs and people have a process of doing things.                                      ",558,12,Female,Not economically disadvantaged,Hispanic/Latino,train,4,3,3.5,5,4,4.5,4,3,3.5,4,4,4,4,4,4,3,3,3,3,3,3
FC7F226294EE,First impressions,"I

highly agree with this statment, first impression are a big thing to most peolpe because it shows them how you act around diffrent people. My experiance with first impression are quite because i get nervuos around new people, However people aren't always going to base you of there first impression of you, Even though you can't change people minds on first impressions you can still change on how they look at you later on in life, just on your behavior around them and how you carry yourself around them.

First imression are big key to finding new jobs because it shows the manager how you'll act on the job and it will tell him/her if your worthy enough for the job, sometimes first impreesion are the reason you might even get the job like my brother exprienced with his job he went to the interview with a positive atitude and went in with the mentality of getting the job, I really strognly agree with first impreesions because people really will base you on first impressions.

People first impresison on me are werid and funny, im not even that weird most of the time i dont really care about first imprssions becuase i dont base people of first expressions, i really base them on how they act after you look at them closer.",222,11,Male,Not economically disadvantaged,Hispanic/Latino,train,3,3,3,3,2,2.5,3,3,3,3,3,3,3,3,3,3,3,3,3,2,2.5
FE3F2F729D98,First impressions,"To whom read it.

First impressions are possible to change. how to change from your first impression? what if you give a chance to yourself?

The exactly reason to proof this, its possible to change, First, you learn exactly from your mistake, or your past. Next you become differently. Finally, you extremely findÊmore positive about yourself.

Learn from your mistake is not the easier problem that you can solveÊbut, trying is the key to change your impression, when you give your best try, and then you success in your situation now you positively learn from your mistake.

Become different does not mean to modify your personality, actually that is mean you lean from your mistake you do not want to make the same mistake over again, you pull yourself together, and gather your peace from your past , confidenceÊ,respect from others.

when you extremely find yourself, positive thing on the way for example,

when you extremely find yourself, positive thing on the way for example, have trust in yourself, you know yourself better now, you ready to face what is coming because you have been through it.

this is a hug favor for me talk,Êmy pleasure to whom read it I hope you find a peace thank you for consider me for this I really appreciate your timing.",199,12,Female,Economically disadvantaged,Two or more races/Other,train,3,2,2.5,3,2,2.5,3,2,2.5,3,2,2.5,2,2,2,3,2,2.5,3,2,2.5
FEA2C3FB45D1,First impressions,"My first impressions was when i come in on this country. Because i did't know nothing me and my brother. We didi't know how are the think, or how work, we did't know how to speak the lenguage

But one day i say no more for everything no mero sad etc. And i say in my own i can do that to. Because I am a person, if the another people can do that, i can do that too. So my first step what i did to star. Was to learn the lenguage, because the lenguage is the most importenthing. Because you can deffend your self.

If you learn the lenguage you can do a lot thing.

Like for examplo you can go to the store, and buy something that you like,

or you can go to a restouran, and buy whatever you like of food etc. Another thing what you can do with the lenguage. Is to get a essy job, or you can meet a American friends. And had a normaly converseation.

For that i agree, that nothing is impossible because if i change my setuation you can change your i know that is not essy but not is impossible all of that is going to help you to overcome your self for that you has to nerver give up.               ",220,12,Male,Economically disadvantaged,Hispanic/Latino,train,2,2,2,3,2,2.5,2,2,2,2,2,2,3,2,2.5,2,2,2,2,2,2
FF4CBDA0E418,First impressions,"It has been said that first impressions are almost impossible to change. In my opinion first impression might be possible to change because people are different human with different habits and it depends on ourselves how we act and treat the person that we want to impress.

For example Generic_Name wanted to apply for a job in a clothing company named Dior which is a popular,expensive,and fancy brand he prepares himself for his first interview,he wears black suit and black shoes and starts heading to the office with his CV he have enough expeirence to be one of the employer in the company he impress his boss and thats how he gets his job.

In addition to this statement the reason why the first impression is impossible is because the people did not met each other more than once they do not know their habits what they like about each other or what they do in their daily life or what they like to do like their expeirence.

In conclusion I would say this statement is kind of equal disagree or agree becuase like I said people never know each other habits and what they like for example: what is their hobby, what they eat,what they like to wear, so at the end my opinion is I am disagree with this statement.   ",213,12,Male,Economically disadvantaged,Asian/Pacific Islander,train,3,2,2.5,4,3,3.5,3,2,2.5,3,3,3,3,2,2.5,3,2,2.5,3,2,2.5
FF7FE6BD8509,First impressions,"I agree that first impression is almost impossible to change. No matter what you always want to stand out of the crowd and show the best of you. People are always going to think of you of how you first were when they met you.

The first impression isn't just about you acting in a certain way. Its also about you showing them your character but most important to get them thinking good things about you. I have three examples of why first impression is important. My first example is that Generic_Name want's his parent's to meet his girlfriend. He thinks thats her first impression of how she acts or on how she greets her self toward's them is something his parents are going to be looking at. Most Guys like Generic_Name want their girlfriend to have a good first impression so their parents like her. Then second example is on the first day of school teacher's always want to give their student's a good first impression about them. Either on how they teach or how smart and fun they are or anything so the students like them. Last but not least my third example is when a school goes on a field trip to a museum or to another school. They want to have a good first impression on any other school that's there or anyone one because, you're representing your school.

There are people who believe that first impression by a person dosen't always show how they really are. For example when you're on a date and you might be dressed in a way or talking with a different type of slang. But that dosent trully demonstrate that if the first time you guys went on a date. That on the second date you can give a better impression than you did the first date. You cant always judge someone by their appreance or on how they are. Another example is that if you're best friend thinks that you want to be with the prettiest girl in school you might want to step it up and change the way you are. You can change the way you are and the first time you meet her you were rude but you're best friend thinks she will like you if your sweet and friendly. Not everyone thinks the first impression is hard to change.

However,I still believe that the first impression is the most important no matter what the situation is. I also still believe that the first impression is hard to change. Some people are different then others they don't all believe the same thing but in my case it's hard to change how people see you the first time because,after that they are going to always look back at that and remember how you were. You always want people to think he best of you because,there going to be a situation that if they need someone they are going to look for you.

To the people that think first impression arn't important they really are. You always want to show people the best of you no matter what. It dosen't matter who you're with or where you are it's always about showing the best about you so people can always look back see that you stand out in between so many people they will look at you. For example If your getting a job and you have a job interview at a certain time; You either might want to be there earlier then the time they gave you or on time. You have to impress the boss or the person interviewing you and blow their mind and why you would be a good person to be hired for that position.             ",607,11,Male,Economically disadvantaged,Hispanic/Latino,train,4,4,4,4,3,3.5,4,3,3.5,4,3,3.5,4,3,3.5,4,3,3.5,4,3,3.5
2.89E+11,First impressions,"Have you ever looked at someone and thought to yourself wow their kind of great or the opposite of that? Well I know from my expirecnce people tend to see me as a bad person because of the way I look, but when you get to know me it like you had it all wrong this hole time or maybe you just might keep it the same, and think i'm the bad one . Do you think like this or is it just me? Do you agree on people keeping the same opinion as they first lay eyes on you, well some researches say it almost impossible to change, but what do you think?

Almost it a lot , but would you agree on this, theres some pros and cons to this matter and it kind of brings the good and the bad to this. For example, people look at you and automatecly know how you are , i'm not going to lie but i'm just the same way. I see people and think "" ewww their awful"", but it's okay to be honest. Also , you haven't meet that person so why judge them by there appearance but , maybe they where just the way you thought them to be like. Furthermore , i'ts your opinion about that person and it your own set and time when get to see them other people might just think the opposite of it and it okay.

Know to where my head is set too , i disagree on this, i know people say ''love at first site"" but come on know do u really believe that. I truly think people can change and maybe you can be that change , because so many people think so badly about them or mighty think their so perfect. We are all humans and we all have the same emotions and it just bad to make people feel bad about them self even when it good or bad. People can change for the better or for the worst but dont we all? We might just judge someone that can be having a bad day and dont have anyone to talk too because people think so poorly about them. Also, get to meet someone first and get too know them before jumping to conclusions. It better this way i think i'm not going to say it wrong nor right because we all have our opinion of people. overall, never judge a book by it cover, we all heard this as kids and they taught us but, did they know ? know that we all grown up and we think poorly of people it like picking up a book that looks all gross and u dont even want to look at it but you make the effort and read it and it turns out to be your favorite book. Also , like making a last minute trip and it turns out to bet the best trip of your life.

In conclusion, in my own opinion it better getting to know someone first then just looking at them from the far. Some people might get the wrong sigh and take it the wrong way and make it seem that you dont like them and them giving you the wrong look and you thinking poorly because both part of the party thinking poorly of each other. But is it impossible to change that opinion you got on someone , no one will ever know until you changes it. This my way of opening some eyes and making a change because i know i have. I might seem as a bad looking person because of the way i look but really it just the day it is and just people staring at me and making me feel bad about my self. So that why i say i dont like judging anyone because i dont know hows their day going or what their going though sometimes it just better to give them pat on the back and say everything going to great or simply smile and wave hi.                    ",684,12,Female,Economically disadvantaged,Hispanic/Latino,test,4,3,3.5,4,3,3.5,4,4,4,4,4,4,4,3,3.5,4,4,4,3,3,3
032EA260523C,First impressions,"Do you think is impossible to change are first impressions? is changing your first impression possible some people agree that it is hard to change your impression base on the experience you had.

The type of experience does change the first impression because of the type of of person you are. Everyone has different personality because one person could have a personality that is boring, shy or funny. All these personality define of the first impression that you show the people. the effort has a big statement of the type of first impression you give on people . is the most ethics way to show your professionalism.

The type of expressions you give to people. you could have experiences sometimes people judge by the way you look or based on what you do for example if you go to a job interview the boss would see your manners and your body language. because the boss would make sure are a good member for the job in a job they kook for people who can be nice with costumer and have good manners. Every experiences could be different for other people you may have graduate from high school and college it could tell the boss you have good experiences that you have witness in your life that your life that you live in.

your appearance means everything expression and experiences in the life you probably can be wearing dresses, pants and dressing nicely . people would always judge you and assume a lot of thing about you. having a great appearances has the could change the impression .

one time i was at the mall wearing a blue dress and people where starring at the asking them self why is this crazy girl wearing a dress at the mall. they were judge en me by my appearances with out know where i was coming from. Everywhere you do people will think you are this and that just because of the way you look not everyone is a bad person just because of their personality you should first get to know that person get along with them because the appearances are not always right.

first impression are impossible to change base of the type of expression that some people disagree that it is isn't impossible.

at the end of the day we have all had one experiences where you judge someone just by their personality or the way they look but when you get along with them you realized that you where Wong. be aware that not everyone would be like you act like you or do the thinks you do because we are all different person and we all have different personality  ",414,12,Female,Economically disadvantaged,Hispanic/Latino,test,3,3,3,2,3,2.5,3,3,3,4,4,4,3,3,3,3,3,3,3,3,3
0513BFE67A44,First impressions,"The first impressions are always in our memories, almost impossible to change. People always says that the fist impression is the most important thing because people can know who you are. I disagree that the first impressions are very difficult to change.

There is no thing impossible to change. Sometimes it takes long time to see if the first impressions was right or not. For example, I met a person two years ago at school. She spoke the same language of mine. I was very excited to meet her, but she wasn't that much excited. She didn't talk to me. She was just steering at me without saying anything. I had a awful impression about her. I thought she is not friendly, and serene. The next day of school, I was sitting in the cafeteria by myself, and suddenly she invited me to come and set with her. Also, after I moved to a different building next to her building, she walked with me every day to school, and helped me to understand the system in school. Now she is one of my best friends. My first impression about her was wrong.

On the other hand, my first impression of an old friend of mine was amazing. I thought she is smart, nice, and helpful. One time, my art teacher liked my drawing. I draw a boat in the sea and it was fantastic, my teacher told me to finish it because she would like to take it. I was very happy because I am not good at drawing. My friend asked me if I need help to finish it faster, so I can give it to my teacher before she leave. I didn't hesitate to accept her offer. Unfortunately, she ruined my picture by highlighting the sea in a black color. After that I figured out that it wasn't by mistake because it is very obvious that sea shouldn't be black. she was jealous because she didn't draw anything and she heard the teacher saying good things about my art work. Because of theses two examples I believed that judging people based on my first impression was not enough and fair.

First impressions aren't necessary humans, it could be places, animals, or country. For instance, I obligate to leave my old job to work somewhere else for better income and experience. My first day of my new job was very difficult, as a cashier it requires me to memorize a lot of vegetables and fruits cods. My impression was this job is difficult to handle, and I will not be able to make a friends like my old job. I was sorrowful and disappointed, but I remembered that my first impression can be wrong. I might need to understand the job more, practice, and I will be fine. Honestly, I realized that the employees are very supportive. It was not that hard to memorize the cods. I start changing my first impression about my job. I learned to give a second chance to myself and to everyone.

Some say that a lot of time the first impression is your image that you want to presented to people. Also, it is impossible to change it, but over time people can change their idea. A lot of times people forgot the first impression about someone because of their actions and their ability to do something. If someone want to change the first impression about them, they have to change first.

To conclude, It is never impossible to change the first impression about someone. If someone trying to change others about their first impression, they need to be patients and the situation will prove to them that they were wrong. Believing in ourselves and trying our best is the best thing anyone can do to change their first bad impressions about them.                             ",633,12,Female,Economically disadvantaged,White,test,4,3,3.5,4,3,3.5,4,3,3.5,4,3,3.5,4,3,3.5,3,3,3,4,3,3.5
0582CA46C6C9,First impressions,"Hello, my name is Generic_Name. I'm desagree with the statement about that first impressions are almost imposssible to change, in my opinion I think we can change many things in our file, if we find the right way how to make better. Every single person have a different way how they live they own life, some people they really care about how they look, they really care about themself, but not everyone is a perfect person and we do mistakes that we think we can never be a better person, but that's not right, and here are some reasons why I'm desagree and how we can change the first impression if we do wrong.

First; If you are a students who always get less grades in your classes, and your teacher is tired to talk with you that you have to focus in her class but late she decided not say nothing more, and in that point you decided to change and learn hoow to be a good student, get really good grades, and feel good with your self. You have to pay attention in classes, do all your homeworks, if you not understand something you have to look for ways that can help you, your teacher will be noticed that you are working hard in your classes and you will be proud about your self, proud that your change the firt impression about you.

Second; When you are a new student in a new school, but you do not talk with nobody, and everyone think you do not like them, you can change that impression about you, you can look for groups were you can get close with more people, groups like sports, treate, dance, that will be help you that the people change that you do not like them, now they see you are a great person, and you like make freindships.

Third; You are a very young person, and you are working in a companie, but your coworkers think that you are very young that you can not work good or you do not have the experiences necessary, but you want to change that, you have to work comfortable with your self, let know that you can do wherever you want, that may be you are very young, but that's not metter, years not defined want you can do it...

First impressions can be changed, anytime, not metter what, you can be a better person in anywhere, you just have to look for apropiate ways that can help you how to do it.",411,12,Female,Economically disadvantaged,Hispanic/Latino,test,3,2,2.5,4,3,3.5,3,2,2.5,4,3,3.5,3,3,3,3,2,2.5,3,2,2.5
062211CEDBAA,First impressions,"My first impression on people always changes when i start getting to know them better. I have to disagree with the statement that said's, first impressions are almost impossible to change. Ive had so many bad first impressions on people that are now my best friends. I believe that when you first meet someone you judge them on the way they look and you dont want to be their friends because you think they might be mean,weird, or do drugs all kinds of bad things. I feel like a lot of people change their minds about someone after they get to know them. Ive also had good impressions on people that when i get to know them i see that they're the opposite of what i thought they were. I have so many friends that when i first saw them i thought bad stuff about them and it turned out i was wrong. I thought good things about other people and when i get to know them they're mean, negative about everything and just a person you dont want to be around.

One of my best friends that i have right now his name is Generic_Name, when i first saw him my first impression was that i thought he was weird and just a pain in the butt to be around. I didnt want to meet him or even think about being his friend. The only reason we became friends with him was because we went to the same church and my parents got to know his parents and they became friends. One day my parents made plans to have dinner at there place and they wanted me to go but i was refusing to go. My parents already knew i didnt want to be Generic_Name's friend so they made me go so i can meet him and to give him a chance. When we got their i had to talk to Generic_Name, he showed me his room his play station four and it turns out he plays soccer like me so we played a little talked about interesting stuff. After that day we hanged out to play soccer, video games and we were on the same soccer team for travel and we also played indoor soccer together. So i was completely wrong on my first impression on him he was fun to be around with,wasn't annoying at all and he was not weird,not one bit. After all that we became really close friends.

This new kid showed up to my school and my first impression of him was that he was nice and good to hang around with. The reason i got to meet him was because he met some of my friends. When i was with my friends and he was with them he started saying negative stuff about people. When we first talked he asked me all kinds of stuff he started saying racist stuff about me because i was different. It made me really mad but i didnt say anything to him. After sum days he was in my lunch and he kept saying jokes about me so i got up and started yelling at him why he was disrespecting me like that and he better chill out before i hit him. He just told me to clam down and that he was joking but i told him i didnt care and he better stop. He didnt speak at all for the rest of the lunch period and he never apologize for everything he said but he never talked to me again. So my impression of him at first was very wrong and it changed complete,he was mean and was not pleasant to hang around with.

I believe that first impressions are tricky. I have learned that i shouldnt judge people when i first see them without knowing them. It has taught me a lot and iam glad all my good impression about people are right. Thats why people should never judge someone for their looks. So i think first impressions always change ",655,11,Male,Economically disadvantaged,Hispanic/Latino,test,4,3,3.5,4,4,4,3,3,3,3,3,3,4,3,3.5,4,4,4,4,3,3.5
08FE13761B3D,First impressions,"Today,first impression are important with our live. It appear when we make new friends, apply for a job, talk with someone, or just walk around could may get first impressive with a person. So, what is first impression? First impression are an effect on feeling in the first time, and it almost impossible to change.

First of all, the felling of first impression could be positive or negative, it create a ""root"" in human mind. That ""root"" remind person about first impression in the first time. like: ""that guy was bad"", or ""she was good"". For example, when I walked around in the park, I saw a boy who helped an old lady got over the crossing. At that moment, I knew that he is a good person. Next day when i saw him, the memory about him yesterday reminded me about him, a good person. that impression is hard to change.

Another reason is when we hear about something bad, we get a negative first impressions about that thing. By anyway we gonna try to avoid it. Because that avoid make us can not empathy and it's impossible to change the first Impressions. For example,

when I was in middle school, I had a classmate , she always went to school with a sad face. Nobody in the class knew why. Neither they friendly with her, nor me. If someone came to ask her why she always sad, maybe they get a sympathy and change different attitude with her.

When a person misunderstand other person, it lead a ton of mistake and trouble. If someone got bad first impression with someone. When they lose something, they would think about the person who got bad first impression.

First impressions are almost impossible to change. but if we have a good attitude with other, first impressions will be good. don't left it's became bad to change.",298,12,Male,Economically disadvantaged,Asian/Pacific Islander,test,3,2,2.5,4,2,2,4,3,3.5,3,3,3,3,2,2.5,3,2,2.5,3,3,3
09A44D53EEAA,First impressions,"It has come to my attention that first impression are almost impossible to change. Most of the people keep the same impression when they meet some one for first time or when they see someone after a while. Also, people keep the same impression when they are noticed about something that it going on and when they receive something new. Based on my experiences, I am completely agree with this statement and that the first impression are impossible to change.

One reason why I am agree with this statement is because I feel really happy when I receive something new that I probably wanted, or when I get noticed about good news. One example of my experiences is when I traveled to the United States and when I met my dad for first time after 17 years. I was really excited because I was about to meet my dad for first time, after I did not how he looked like. Also, because I always wanted to come to the United States and meet my step brothers, my uncles, my cousins, my aunts, and two sisters. I felt happy when I saw my family waiting for me at the airport, when I saw my dad with my three little step brothers. When I saw my dad I hugged him, I cried since it was my first time hugging and meeting him. Now I live with my family here and I am living in a country with many opportunities where I can make my dreams come true and be someone important for the society.

Another reason why I am agree with this statement is because when someone gets a gift, good news, clothes, or any other good things, he or she feels happy or excited about it and those are impressions which ones are hard to change. Another example of my experiences will be when my older sister gave my birthday gift last year, it was the IPhone I wanted to have. When I saw her holding a gift, I knew that it was for me since it was my birthday that day. When she gave me it I opened without waiting to much because I wanted to know what was it; when I saw the little apple icon on a box I got so excited since I knew it was a phone and also I was about to have the IPhone I really wanted. I felt thankful with her, I hugged her and I said thanks to her because she gave something that I was waiting to have. It is one expression I will not change, I still have it and I take good care of my phone.

Thank you for considering my opinion on this matter. Please let me know if you have any question.

Sincerely,

Generic_Name ",456,12,Male,Economically disadvantaged,Hispanic/Latino,test,3,4,3.5,3,4,3.5,4,3,3.5,4,3,3.5,3,3,3,4,4,4,3,4,3.5
0AD29D4C0225,First impressions,"first impressions does matter but it is not impossible to change them. First impressions matter to the point they can make or break a business, relationship. First impressions are fine when they are positive; they are not so fine when they are negative. First Impression can decide people's lives,careers. It is important to give people good first impression about you and you get a good first impression about them as well.

For example if you apply at some kind of job and you show up to the interview with bad looking suit. The manager is going to think inside his brain that this person does not take care of himself he is not going to care about the job, but you might have a reason that you were sick and woke up late so you did not have time to get dressed for the interview;The manager is not going to hire you because he had a bad first impression . In a different scenario you show up for the interview but the manager notices that in the way you talk it is kind of rude. The manager is going to think in his mind that this person is rude and is not going to be able to communicate with his coworkers or customers. The person who had the interview he might have had a bad day, and this is not they way he speaks but he did not get hired because the managers first impression was bad.

In my freshman year of high school in the second semester a new student had moved from a different school to my school. The kid was good looking and he seemed to be a nice person, I started talking to him and we be came friends. I got closer and closer to him and he did not have really good personality, he would talk about me in my back and say bad stuff and then this stuff got to me. I decided that i wont be friends with him anymore. My first impression about him changed . The first impression can be foolish sometimes.

In my junior year of high school i met a beautiful girl I like her style I liked the way she looked,communicated. The girl,s name was Generic_Name.

Generic_Name did not like me in the begging she thought i was annoying person. Her first impression on me was not the best in the begging. But she got closer with me she started liking me her first impression changed about me. She got closer to me she found out more stuff about me. I asked her out and she said yes and we are dating for almost two years now.

First impressions matter, they might stay forever but sometimes first impressions does not tell you who the people really are. I am sure they are important but the closer you get to people the faster your first impression is going to change about them. Always try to give people good first impression about you and be yourself so they can see who you really are from the first time.                                                                                                                                                                                                                            ",594,12,Male,Economically disadvantaged,White,test,4,4,4,4,4,4,3,4,3.5,4,4,4,4,4,4,3,3,3,4,3,3.5
0B8E5B049106,First impressions,"Another day of October, already thinking about 2020 and all that comes with it. I recommend myself that is better not to think about time, but how to avoid everything that is going on around the world. Unlucky that we are trying to divide or at least keep a difference with people in certain ways that is more recognized as judging. We are not perfect of course, but now days in our society too many people focus into be more than whoever is in front maybe because of religion, economic status, or just because of bad education that they had when they were kids.

People in general is what I mean; if there was a question about who do I mean with people. From Kids maybe around 4 years old that can be judging other kids without even have the intention. And what I think is that we are like this because we decided to. After our evolution and thousands of years laters; the cognitive revolution, we started to interact with another Sapiens and we were influenced by the way of how we introduce ourself for first time with other people.

Right there is where we started our way to here, to what what we are and who we decided to be as society. The beginning of writing brought the religion and another way to somehow let the world and whoever is in the cosmos that Homo Sapiens has a difference with any other species and even between us. Maybe through paints in caverns or draws in walls. But that is only when we talk about spiritual or cultural difference, if not called judment.

That is more than just impressions. I'm not only focusing in how do you look like but in who you are and all that comes with you. This is how we think and it will be difficult to change if you want me to be generous with the generations that are alive now and the ones that are coming. We wont be able to to stay away from our religion or even racial difference with other people. Maybe just because we were tought like that from our parents and the way that their generation growed up. Being specific Im completely agree, we are really good judging people and trying to make ourself look better at any price. We don't care anymore about our spiritual energy and how do we suppose to treat to each other. In conclution the system that we live is worldwide, and until the day when Science can explain where we come from and who we really are we will stay in the same place with the same toughts.",435,12,Male,Economically disadvantaged,Hispanic/Latino,test,2,3,2.5,2,3,2.5,2,3,2.5,3,4,3.5,2,3,2.5,2,3,2.5,2,3,2.5
0E4EFCB6507C,First impressions,"It has been said that first impressions are almost impossible to change do you agree or disagree with that first impressions are almost impossible to change .

I agree whith that firtst impressions are almost impoosible to change .

why I agree the impressions have probable to change .

My first reason why I agree that impressions have to change because the impressions its very importance in the life if you have a good impressions you will make your life easy ,and beutefual , like in the job if your impressions good that's gonna make you a good worker ,or in your school if you have agood impressions you will be a good student ,and the teacher's they will respect you . but if you have a bad impressions thats will change your life from easy to hard ,and bad my almost important reason why I agree that impressions have to change you'r habit, or manners :like the humens at the work like the employeer or on ,streets , at the market, and the home with you'r family whith you'r parent's if you change all these manners from the bad impressions to the good impressions that's will make you a great person whith happey life ,and easy.

these all my reason's why I agree that impressions impossible to change.                                                                                                                                                                                                    ",287,11,Male,Economically disadvantaged,American Indian/Alaskan Native,test,2,3,2.5,3,2,2.5,2,3,2.5,2,3,2.5,2,3,2.5,3,2,2.5,2,2,2
115B8E45C92F,First impressions,"How does the the first impression can be change? The first impression can be change if something is seen over and over or tasted something at first. The first impression can be change in many ways for example buying a new pair of shoes, when fall in love, and the same food.

Buying a new pair of shoes. When a buyer go to the mall or some other place where the shoes will be available for sale, and the buyer sees a beautiful shoes which will look pretty well if wore by a person. The shoes style, and the design of the shoes will grab the attention of a buyer, and the person will buy it because it looks good . The new pair of shoes which will look antic in the beginning, but over the time the first impression that the buyer had on it gets change gradually. The first impression changes gradually if a person wear shoes everyday or twice and thrice a week. The shoes that were looking pretty good at first would not look as it looked before. If a person who bought a shoes and liked it at first, but if that person use it for months and months, and after few months that person buy a new pair of shoes then the impression of the first shoes a person had would change. The value of the shoes a person had before would no longer be a valuable, and the impression of that shoes will no more look pretty as it was looking before, because the new pair of shoes grabbed the attention.

Some people fall in love without knowing each other. Best thing to do is to find out someone's character before falling in love. If a boy or a girl does not has a good character, and they already fall in love then the love might turns into a cheat love, because the boy or a girl would love for their personal benefits. The impression of the lovers would change after knowing each others character. The love would no longer be a love it would change into a hate. Not all people fall in love when sees each other, but some people hate others because without knowing them and this first impression also change after spending time with each other, and find out the character of others. Spending time with each other tells how a person character would be. Spending time with each other is the best way to know the characters of each other.

When trying a food for the first time the food taste delicious. Some people always try to find different food to eat, because these people's impressions on food changes. The impressions on the food changes, because the taste of the food is the same as it was. Nobody can eat the same thing for months. People always find something new to eat, but at first people love it and over the time the food does not taste good, because of eating it many times. People always love the food when they eat it for the first time, but then they get tired of the same food and goes for the new kind of food.

This is not possible that the first impression would not change. The first impression does not remain the same. Something always change the first impression such as liking one thing but when something else comes the impression that had on the first thing would change and now the new thing would grab the impression to itself.

The impression changes on one thing to another. Many things grab the first impression of a person. The impression of a person keeps changing, because people find new things and forget about the old ones. The impression always get on new things. If there were not new things the impression of a person would still change, because people get bore from one thing. ",651,12,Male,Not economically disadvantaged,White,test,3,3,3,4,4,4,4,3,3.5,3,3,3,3,4,3.5,3,3,3,3,4,3.5
151ADAD693F8,First impressions,"Impressions are always possible to change. In today's day, we decided what to do or not. Also, we can change impressions based on others experiences. Another thing that you can do is ask for help. Some impressions can made you to do bad decisions or good decisions. First all of, We need to think, and than we need to act. Do not act before thinking because you can do something that is going to be imper durable. ''Characteristic trait or feature resulting from influence''.

Many people believe that impressions are almost impossible to change. But, I believe that impressions can always be change because we are humans and we can feel little things. At this time, Some many people had die because they do not know what to do with they impressions.

Impressions are one thing that everyone in this world have in their lives. Without impressions we are going to be something else. Sometimes others people impressions can be so hard that we need to ask for help. Impressions are influence by effect on feelings.

To change impressions based on others experiences can help you more to become a better person. Do you think can you be a better person with others experiences?.Others people experiences are not going to make you the same us them. Everybody are unique and they have their own methods to solve their impressions. Solving impressions is one thing that we always going to do to feel much better. Some impressions can effect you more than others. For example, fouteen years ago, I was really affected by an impression that I saw on the street. There was a girl and her boyfriend having sex where the bus stop and I was there and they did not care at all. That affected me because that is not one thing the people have to do in the streets. Also, I was only seven years old. At the time I did not what they were going. In addition, I was not the only one who saw that, there were many people walking around seeing what they were doing. However, two days later I talked with my mom Generic_Name about that and she help me to understand why they were having sex on the bus stop. She told me that they were using drugs. Three months later, I become the same person who I was before that impact.

People can do unfavorable things by getting an impression that they did not like. Sometimes people do things without thinking. That is why, I always say that before you do something, we need to think and than we can do wherever we want. Anyways, bad things are not going to help you to get out of the impression. In my opinion, when we are in an impression that it really affect us, find a person to talk with and maybe that person helps you to feel a little bit better. Good things and bad things are always with you. But, ONE thing that you have in your personality is that you can decide which one you want. Those two thing can not get you as you do.

It has been said that first impressions are almost impossible to change. But, based own my experiences I can tell you that; Yes, you can change an impression. Our lives are made it with two personalities. You choose which one you want. One of those is friendly and the other one is cocky. I choose those two words because friendly represent a good person and cocky represent a bad personality. Not everyone in the world can get out of a strong impression. There are some people that they can not be who they were. Are you want of those?                                                                                                                                                                                                                                                                     ",739,12,Male,Not economically disadvantaged,Hispanic/Latino,test,4,4,4,4,4,4,4,4,4,4,4,4,3,4,3.5,3,4,3.5,3,4,3.5
1E5ADEC9926E,First impressions,"Yes I'm desagree because somen times when for example one friend he talk with you about one gril and he thinking she is ugly but one day you walking and you see that girl your firts impresion is she its beautiful she it's not ugly my friend it's not true because he told me about she it's ugly but not she is not.

One day my father he told me about one salvadorean and Hondura's restaurant, and he said in this restaurant they make the best food. One day I say hey father I need to go to this restaurant because you told me one day about they make the best food so I gonna know if is true and he said okay let's go and when we are readdy for buy food I go to the casiller and I say can you please get me one baleadas please and the casiller say of course. And 5 minutes later the food is readdy I eat the food and when I done I say yes father this food is very good. So my impression not change because when I see the food i say omg this food is look like very good and I true.

The first impression its somenting personal is when you see somenting and you can felling if is good or not good this it's the first impression.      ",216,12,Male,Economically disadvantaged,Hispanic/Latino,test,3,3,3,3,3,3,3,3,3,3,3,3,3,2,2.5,3,2,2.5,2,2,2
226F1296FE54,First impressions,"First impressions are vital when meeting new people. Eye contact,manners and conversational tone are all things that people tend to look when involved in a first encounter. When meeting someone for the first time, you should always be on your best behavior and act with respect and dignity. Eye contact is very important to ensure that you are being attentive and are completely immersed in the conversation. While first impressions are important, they are not impossible to reverse if one does not go in your favor.

One can easily make a good first impressions only to act disrespectful later, which in many cases, overpower the good first impressions. One can also make a not so great first impressions but turn around for better. While it may be difficult to recover from a bad impressions, it can be done. The idea of ''never judging a book by it's cover'', would appropriately fit this scenario. Since we are each own individual character we cannot immerse ourselves in the minds of other to truly understand what they are feeling or thinking. Many people may become nervous during the first impressions putting avoid between eye contact and such.

Usually one counter with someone is not enough to judge them off of or to determine kind of person someone is. Until a person is comfortable with their surrounding and the surrounding or other. It is very possible that they may not act as friendly as they would in a situation when they are at ease. furthermore, it is not an entirely fair assessment to judge a person without a few encounters.

It is wise never to judge someone off of their first impressions,however, there are exceptions, if someone in a cynical, sarcastic, rude or arrogant during a first encounter, this may be typically behavior. Someone who attempts to belittle you or acts as if they are one higher level, is most likely always this way. A person who preoccupies themselves while in a conversation by things such a texting or listening to others things that are not a part of the conversation or interrupts is most likely displaying their normal behavior. Doing such things are rude, disrespectful and will be hard to recover from.

Even if some portray themselves to be rude individuals, a judgment should not be made off of one single encounter. People should be given more than one change to display themselves as they truly are. Judgments should made after a few, lengthy encounters to ensure that true characters is shown. Give everyone a few opportunities to prove themselves as good minded individuals.",423,12,Female,Economically disadvantaged,Hispanic/Latino,test,5,5,5,4,5,4.5,5,5,5,5,5,5,5,5,5,4,5,4.5,4,5,4.5
22CDB1CA3D44,First impressions,"Is it possible for people to forget your first impression? The first impression is the most memorable thing that people never forget, which stays with you for your whole life. People always judge you based on your first impression, whether it is good or bad. People may forget all your other impressions, but never forget your first one. I strongly agree with the statement that first impressions are impossible to change because it is the most memorable thing, people judge you from that, and it stays with you for the whole life.

People always recognize you from your first impression, even if it is bad. If you are mean to the person for the first time you met, that person will never like you because of your meanness from your first meeting; which stays in that persons mind forever. For example, I worked in a store called Diamond Beauty and did not know much about the beauty products, a customer came up to me asking for a ponytail, but I could not recognize the color of her hair and she started argue with me. So after that, whenever she meets me, she always recognize me from my first impression. So always think before you do or say something to someone because people will remember you based on your first impression.

People always judge you based on your first impression, even if you try to make person to forget it. If you are nice to the person when you first meet, he/she will say good stuff about you or if you are mean to the person he/she will say bad stuff about you. Your first impression will stay in peoples mind and never change. For example; when I first came in America I was quiet and shy, so people always judge me from my quietness. People always forget most of your impressions, but always judge you from your first one even if it is good or bad.

Your first impression stays with you for your whole life because that represents your character. For instance, the people ,who I am nice to on my first meeting, always makes me feel special and says nice things about me and the people, who I am mean to, do not talk to me very much. People never forget your first impression, even if you put all your effort to be nice and try to change their mind. Even if you apply for a job, the people who hires you always look for references and feedback from your previous job. Always be nice with the people and never give them chance to judge you from your first bad impressions because it will stay with you for your whole life.

In conclusion, people always remember and judge you based on your first impression because it will stay with you for the whole life and after you die. Your first impression represents your character and you will be judged from that. Based on your first impression, people always make some news and spread it quickly. If you are nice to the people, they will say nice things and if you are rude, they will say bad things about you. Always give your best on your first impression because it will stay in people's mind for your whole life.",543,11,Female,Not economically disadvantaged,Asian/Pacific Islander,test,4,4,4,4,4,4,4,4,4,3,4,3.5,4,4,4,4,4,4,4,5,4.5
25787D933FD7,First impressions,"I agree that first impressions are almost ipossible to change, because people will always judge based on your first impresson.

I was watching a movie one day, and the main character was acting like a bad guy when he was saving some peoples. the fact that he was acting like a bad guy made some of the people he saved judge him like a criminel, they even forget that he saved them once.

The main caracter was a nice men who wanted to save, help, and protect peoples around him no matter what, but they still judge him like a bad guy because of the first empressions they had on him.

There was a men who gave a good firt impression of him to poeples ,but he had a bad way of living, he wanted to kill everyone who's in his way; he killed alot of peoples just because he didn't like them.

No one was suspecting him, because he gave them a good impression of him, they were thinking that he was a good guy, but he was a killer.

Our first impressions are really improtant because it's almost impossible to change the way people will see you after it, that's why we must acte like our selves, so peoples won't see us like someone we are not.

I think that first impressions are almost impossible to change, because even if you do some good or bad things peoples will always judge you based on your first impressons. They will not change the way they see you.                                                                                                                                            ",664,11,Male,Economically disadvantaged,Black/African American,test,3,3,3,3,3,3,4,2,3.5,3,3,3,3,3,3,4,3,3.5,3,2,2.5
287CAE92D7EB,First impressions,"I agree because your first impressions to a person or something should be you. Whatever you do and say will stay stuck to whoever you meet with for the first time. If you're going for an interview your first impression be soemthing that the person that interviewd you should never forget. You shouldn't go out there in the world and not show an impression that nobody is going to remember.

Let's say that you met this one person, and she loved your first impression the first time you guys met. She wants to meet up again and hangout. The next time you guys meet up and hangout. She feels a different type of vibe. That is why you should always be yourself towards everything. Because that is how you will make a goof bond with someone and will always remember there first impresssion.

There was trhis one time i really liked this girl, and we talked for a while. One day we just made it official and started going out. She was amazing but one time i really messed up. We were planniing to end it before this all happened. She had to go to college and we eneded. But the last night we hung out, I saw a girl earlier that day. I didn't want to tell her because i was a little punk. The next day we decided to end things. A few months passed and i texted her ""imy'. And i told her that i needed to tell her something. So i told her what i did; she wasn't very happy. She wrote me a whole paragragh, which i expected. And blocked me on every social media platform, which i expected. Then a few months passed and I texted her that if we could meet up somewhere and talk. She said 'ok'. The next day i picked her up at her house, it was really awkward. We went to Generic_City, got ice cream and talked for a while. But her vibe wasn't there anymore like how it used to be. Her first impression was different. She lookeed like a whole new person. She told me that she's been hooking up with alot of guys since we broke up. That's when i got up and left her at Generic_City. Till this day i haven't talked to her or seen her.

First impressions can never be changed no matter what. Once you show yourslef its done. They will almost remember what kind of person you're. Your first impression must be you and being polite. Make them remember you. Make them want to see you again and multiple times. You can't dissapoint. Iv'e seen people not get a job or a girl just because of there first impression. You must come with energy and ready to be yourself.

This one time, my bestrfriend really liked this girl. And i told him to go make a move and make a good impression that she will never forget. When he went up to her, he got so nervous that he got stuck and the girl just walked away because she felt weird. But i wasn't surprised because he was never good at talking to girls. I had to help my boy out so i told him that to just be himself and make a good impression. He doesn't have to be shy, he doesn't have anything to lose. Except maybe the girl. But i told him to just think positive. The next day he saw walking past and i told him that it's time. All this training, all this hard wokr. The time has come, my bestfreind did it. He got himself a girl. Because he was confident about himself. I guess you can say that you change your first impression. It all depends.",603,12,Male,Economically disadvantaged,Hispanic/Latino,test,4,3,3.5,4,3,3.5,3,3,3,4,3,3.5,4,4,4,4,4,4,3,4,3.5
29595ADA257B,First impressions,"To begin, I agree that first impressions are impossible to change. First impressions is like you see or meet a new person and think about them. First impressions affect how people think of you. Its also important for a new job you are trying to apply. My other reason is you dressing a certain way that people like or dislike. Last reason is how you speak or talk to other people.

My first reason is people think of you differently. If you see or meet a new person and did something bad on accident they wont like you. Now they see you as a bad person because you did one bad thing in front of them. You can't change what people think or feel about you. People will also mistake you for someone your not. Being someone your not makes you a liar and a disappointment that people will see in you.

My second reason is the way you or others dress. Fashion shows the way people see or make them feel about you. Having nice clothes show good impression to you and others. If new people see you wear a suit or a dress they think your rich or shows how responsible your are. But if you dress like a homeless man they think you are poor and shows how irresponsible your are.

My third reason is first Impressions are also important for a job. Show your employer how good you work so you can get the job. If you mess up on your first day he probably wont like you and fire you. Be nice and responsible to your new boss, make him glad and happy that your working for him. Ask your boss questions if you are stuck or need help.

My last reason is how you speak to other people. If someone new hears you yelling or saying bad words they think you are not polite and disrespectful. Be polite to others and never say bad words in public so people won't think your rude. To make new people like you, say nice things to them, tell them things that will make them happy. Be smart and dont be a bad mouth, have nice things to say don't get in trouble.

In conclusion, first impressions are impossible to change even if you try to change them. People think of you differently, Important for jobs, if you dress a certain, and how you speak or talk to others. ",394,12,Male,Not economically disadvantaged,Hispanic/Latino,test,4,3,3.5,4,3,3.5,3,3,3,3,3,3,4,3,3.5,4,3,3.5,4,3,3.5
29B0D696566A,First impressions,"I think is impossible to change the first impression because we cant take a position to other person i belive is really disagree. some people is diferent and we cant change to impression, i have to many experiences , about this team. and some times people told me they want to change my personality. but is really sad because you want to make good impression for everyone and when you look for first time how is the person you dont make position about they selfswe cant do. but we can to change the impression we self, and some people told me they like my impression is good . we have diferents ideas and we are diferents if we dont have good impression we need to change but we self because you need to has good personality . for example you need to have a job and you have bud impression you never take the job we need to take position but we self. and my opinion is we dont has to said other person we dont like how is the impression. because we cant to change somebody is impossible i have good experiences and bud about impression. and i not i agree when same people want to change my self is impossible to do the first time. I belive we never make laws for other person how need to do the impressions. we need to work for we selfs no for other person,

we have diferent life,opinion, perssonality and ideas. it has been said that impressions are almost impossible to change yes is impossible.",243,12,Female,Not economically disadvantaged,Hispanic/Latino,test,2,2,2,2,2,2,2,2,2,2,3,2.5,2,2,2,2,2,2,2,2,2
322B89BDF743,First impressions,"Are first impressions important ? Many people might not think a simple, ""hello"" can determine a lot of things about someones personalty. But little so they know it can say a lot of things about a person for instants people might first look at someones smile to see if they have a good hygiene. and to see if they are clean and well organized person. First immersions say a lot like a job interview, meeting people, and a first date.

Firstly, Is a job interview. In a job Interview the most important thing to have a very good first immersion, so they would want to hire the person. For example just by the clothes someone is wearing can determine the seriousness someone has for the job. For Instants if they show up with unwashed clothes on and the most messiest shoes, and the most rudes attetude. The interviewers will think they are not really serious for the job they are applying for. Some people might think will what if they can not afford nice clothes like other people, however if they really serious about the job they will do the best the can and empress the interviewers.

Secondly, when meeting new people just by doing a simple action, someone can tell a lot about the person they are meeting. For example just by giving a person a big, tight, warm hug can say that they are very outgoing and friendly. But also by giving a mean look or comment to somone can mean that you are sometimes rude. People might say or think that some people can give warm tight hugs and be very friendly but once you can get to know them they can be very rude. However, not every one is like that their are many people that are nice when you meet them and all through out the friendship.

Lastely, when going on a first date people try their absoulute best to imperesse the other person, for instants they can try to make funny jokes to give the imperesion that they are vey funny. Another example can be politeness so they can seem polite and intersting. but many people might think what if they lie and try to pretend that they are some one else that they are not, However not every one is that crule to do that and they will proply try to act much like them who they are.

In conclusion, first imperesion are very importsant for people to see who they would like to get to know and meet new people that can be important in their life. Job interviews, meeting friend, and a first dates are the three reasons why I think first impressions are important.          ",451,11,Female,Economically disadvantaged,Hispanic/Latino,test,3,3,3,4,4,4,3,3,3,3,3,3,4,4,4,3,3,3,3,3,3
33E098BC4A83,First impressions,"First impressions can change over time. People believe that we can't judge people only by looking at them for the first time. Everyone has different ways in how they interact or develop with people. Sometimes people tried to show a good impression when you meet them for the first time, but your opinion can change over time when you interact more with them. The first impression is important, but it dosn't mean that if you had a bad impression the person is going to be bad. First impressions can change if people are respectful, resposable and hardworkers.

The feeling you have when you meet a person for the first time can change. Some people are respectful others are not. For example the first time you when to school you meet more students there, your first impression was probably that a student that was next to you was disrespectful, but maybe your opinion changed over the time. The point is that everyone deserves a second opportunity because we can't judge anyone. Another point of view is where the other person is going to judge you too and is going to have an impression about you. Maybe the other person has a bad opinion of you and dosn't want to give you an opportunity just because of the impression that he has of you. We can't do to others things that we are not going to like that people do to us. First impressions can change if you are always respectful.

First impressions can vary. People who are responsible give good impressions. An example is if you didn't turn in the first homework of the year on time your teacher is going to think that you are not responsable. Sometimes even the people who are very responsable can made mistakes. It could be that you did your homework but you forget it at home or get the wrong binder. The rest of the year you are going to have homework you can change your teacher opinion if you give your homework on time and show that you are responsible. Nobody is perfect everyone can make mistakes sometimes and it dosn't mean that we are bad or irresponsable. First impressions can change if you show that you are responsible.

An impression that you have when you meet someone for the first time can change. Sometimes people try to be the best in what they do and we call them hardworkers. For example when you work in groups for the first time at your school you are going to have an opinion of your partners based in how they work. What if one of your partners didn't work, you are going to have a bad opinion and the next time you have an assingment you are not going to want to work with him, but if you have to work again with the same person and the second time this person do an excellent work your opinion is going to change. The person who was working with you maybe was having problems or wasn't feeling good that day. Everyone can change not always the first impression is the way people are. Firsts impressions can change if people work hard and do their best to develop a good relationship.

The opinion that you have when you meet someone for the first time can change. Everyone deserves a second chance because everyone can made mistakes. Is possible to have a bad opinion when you meet someone and changed over the time. It is also possible to have a good opinion for the first time and changed over time. First impressions are possible to change if you are respectful, accountable and responsable.     ",626,12,Female,Economically disadvantaged,Hispanic/Latino,test,4,4,4,3,4,3.5,4,4,4,4,4,4,4,4,4,4,4,4,3,4,3.5
353B54DDC133,First impressions,""" I agree that first impressions are almost impossible to change"" The first impressions that happen don't always go away really fast, For example memorizing something in childhood period can stay in your mind and you might keep remember it for your whole life, For example I have an old grandmother she is 85 years old and she has a disease that makes her forget a lot of stuff but she keeps say her mom's name all the time because that something she had learned when she was a kid, also when people learn their religion,culture,tradition and faith, it also can be about if someone tells you something you in school like a teacher to do your homework or something it will stock in your mind or like for example my first day in U.S public school when I saw everyone stands for the flag this thing never change because we do this every single morning in school so that wouldn't be forgotten. The reasons I believe that make first impressions are almost impossible to change are the first thing the mind accept will be easy to remember and hard to forget, and first things always important that's why people focus on it.

The first thing that mind accept is easy to remember and hard to forget, like when you're young or you wake up in the morning you wouldn't have lots worries and stuff to think about like you have a clean or new fresh mind which that help a lot for impressions to not be getting change. and also that make it impossible to change because it should be making you thinking about it.

The first thing people hear or listen to or effect them that always make them focus on it and that make stuff get in their mind easily because as I think important stuff always be in beginning for example when people do a racing matches, the first one who run faster in the beginning is the most one who has chance to win the race and there maybe will be possible forecast for him or her to loss but it always show that the first one who run faster who will win because of the distance he/she made in the beginning can help a lot.

In conclusion I like to add how important the first impressions are and almost impossible to change for example from my experience in the wrestling team in school I've seen my opponent always try his best in the first round so he can win easily for the second round because if he makes me tired in the first round I'll not be able to be strong enough to complete the match or to show up my best.        ",455,12,Male,Economically disadvantaged,White,test,3,4,3.5,3,4,3.5,3,3,3,3,4,3.5,4,4,4,3,4,3.5,3,3,3
37F461B99305,First impressions,"The first impresion makes a relly big impact on you peronality. Like when we apply for a job the firts impression makes a goog impresion in any company or anywhere you apply for a job. For example going to the job interwe with a big smile dressed properly thats a relly good first impresion and it also makes a big impact on your personality.

If you give the wrong impresion to someone(boss,new friend, or anyone) is possible to change that but it will take time because they dont know anything about you yet. That's why i desagree because there stil a way to fix that. I think we should get to know more about people before judgin them with the wrong aspects like the way they dress,talk and race etc. Based in my personal esperiences i acn tell you that is posible to change that because you just need to let people know how you are and they will relly that you are a relly cool perspon.

In other cases the first impresion doesn't work for every vody because the second they mess up they don't get a second chanse to prove that wrong. In the world there is no body that has bad impresion we have them we just don't like to use them or we never practice them.

In conclusion yes they is a way to change to change the first impresion we only need a second chance but not every vody gives it but there is people that do.",225,12,Male,Economically disadvantaged,Hispanic/Latino,test,3,3,3,3,3,3,3,3,3,3,3,3,3,4,3.5,3,4,3.5,3,2,2.5
3930575684EB,First impressions,"I can understand why people's first impression are impossible to change, because on how you talked to them the first time, they might've talked to you in a bad way such as in a rude manner, attitude, ignore you, etc. That'll just make a bad impression on yourself. Now on the other hand if you have a positive vibe and attitude your first impression is going to be good, people will think that you will be willing to work hard and set good standards. Thats what they look for when you take interviews during jobs.

First impressions are impossible to change, the reason i say this is because no one likes a negative person. If you walk into a job interview with a bad impression they're most likely not even going to hire you; when you meet someone for the first time are you going to be negative about it or positive? Most people if not everyone is going to say positive why you may ask? because they don't want to make a fool of themselves. If you chose to be negative you'll regret it. Because people will not just wanna talk to you, they'll talk bad about you saying, he's not a ""good person"" or ""he has a bad attitude"" etc.

Now lets say you have a positive attitude while meeting new people they'll like you instead of not wanting to talk to you. That's what you call a good first impression because you did not have an attitude, you did not ignore them, you kept a positive vibe while you were talking to them. And if you keep that same attitude they will want to talk to you again because you didn't treat them bad. Another thing on first impressions is that many people are going to ask what do you do for a living, and that's a good thing because you can have a humane and chill conversation with them. Many people just ask questions and you give them an answer that's not really a conversation. A conversation is when you actually get to know each other and share what you like to do and what are your hobbies etc. So in conclusion have a good first impression it'll take you so far in life. As bad on how your day went just smile because there will always be another day.",370,11,Male,Not economically disadvantaged,Hispanic/Latino,test,4,3,3.5,3,3,3,4,4,4,4,3,3.5,4,3,3.5,4,3,3.5,3,3,3
3C20C195AF66,First impressions,"First impressions are not impossible to change because maybe when they were trying to meet you for the first time, they got really nervous or they tried to act like someone else to make you like them. Also when they try meeting you, no second chance was given for them to correct their mistakes.

For example, Lets say that you are going to your girlfriends house and you have to meet her parents for the first time. You start driving to her house thinking to yourself ""Alright man you got this just got to be smooth"" and most of the time we get nervous because we don't know what to expect from them. After you give yourself that little talk that your're the man, you get to her house and at the last second when you're walking up those stairs you decide ""hmm i'm just going to play it like the bad boy"". Never try to act like someoe else just to please other people because the one you're hurting is yourself. He gets to the front door and he rings the doorbell. The girls father opens the door and immediately what you have to do is shake his hand and say"" Hello sir, nice to meet you"". Usually what us boys do is get nervous and start studdering which is totally fine because we are nervous, we don't know what to expect and all we want to do is just give a good impression to her parents because we truly care about our girlfriends and we want to create that bond with her parents so we can all be in one page. One mistake that the parents do is just judge someone when they first meet them by either what they are wearing or how they act. What the parents should do is try and get to know the guy because he could possibly end up being a really nice guy.

Lesson of the day is don't ever try to judge someone off their first impression because if you do, you will never get a chance to know how he/she actually is as a person and also you never know, maybe he/she can end up being the one who marries your daughter/son and you were to arrogant to give him/her a chance in the first place. One last thing, I know that it's true what the parents say about ""Parents are always right so listen to me"" which i agree with 100% but sometimes parents can be wrong in certain times. Usually where the parents are wrong is that they start judging who their kids bring over to their house and they don't really get a chance to get to know them, so please, who ever is reading this, just try and get to know the people that your kids bring over because they can turn out to be truly amazing or if you are a kid reading this try to meet new people because it's always good to make someone else feel welcomed and loved.",486,12,Male,Economically disadvantaged,Hispanic/Latino,test,3,3,3,3,3,3,3,3,3,3,4,3.5,3,3,3,4,4,4,3,3,3
422E3DF5F244,First impressions,"The first impressions are imposible to change, beacause On your first impression. You have to give it your best. To show who you are, and what you can do.

I agree with that.

The first reason, its like going to a job, and they ask if you can cook; then you will have to give it your best and do what you have to do.

When i was working at a landscaping company they asked if i had experiance; i said yes they paid me 15 an hour.

when i started working one of the manegers told me to cut a fileds and do nice lines and i did. He was impressed woth how good i worked.

second reason, is that you want to eran a spot on what you are going to do. For examplem, if you want to be on a soccer team; the first tryout you have to give everything no matter what. The coach is going to look at you and you have impress him. If not your going to be sitting on the bench and no playing time                            ",183,10,Male,Economically disadvantaged,Hispanic/Latino,test,3,3,3,3,3,3,3,3,3,3,3,3,4,3,3.5,4,3,3.5,2,2,2
48CFF85660F4,First impressions,"The first impression is important because is how you meet a person for first time, sometimes is not important at all, depend in what are you looking in a person, in my opinion the first impression can always change, passing the time you will learn more about this person and if you had a bad impression of them at the time you meet he or she, now after this time you see the person from other perspective, thanks that you learned more about personality, actions, hoobies,points of view and more little thing that can change all.

The change in your first impression of someone is when you now know more about this person and you have this new point of view of how is the person, maybe you can like the first time you meet this person more than now, but, this person is the real, first impression do not tell you all about one person, changes in how you see people are really important, how I said when you like the first time more than after, all depend in what are looking and what you like about people, how they think, act or they talk to other people, change in the impressions come when you see something different in the person, an action, vocabulary, opinion, but all is on you in what you want to heard, see, learn, and that is how this work ,not every time the people is what we think they are, I had friends that just with one opinion, mine, can start an argument with me because they did not like what I said, so the first impression always change.

Always the first impression can be good or bad, like when you know someone in the wrong moment and he or she been doing something bad, giving you a bad impression of them, but there comes a change of your opinion, that person is not like that, it was in the wrong moment, maybe was not the best time to know her?, sometimes is hard to change a impression of someone when you do not interact with tht person and that bad impression still being the same as the first time you meet the person, also, you can have a good impression of wrong people, you see them as good people, good friends, and that is wrong because they are not like that, all can change by the time you have meeting them, in my life I had a lot of friends in my country and a lot of good impressions of people that I should not have a good one, one of them is when you know a person in a party and you see this person dancing, being cool with you, talking about really good and interesting things, but, after some hours you see the person drunk, does not looking good, walking around looking people to figth, coming to you and saying bad things about you, when you only have like 6 hours knowing this person amd this happen every time.

Personality in a person has a really but really important paper to play, this tell you with who are you talking, playing, sharing time together, this is other thing that change all your first impression of someone, actually is telling me how is the person with the people including me as his or her friend, is thankful?, from the personality I will know about the person in how he respond to comments from people, what can he or she do for me when I need something, I'm getting all about the person in how he or she imagine their life, is like the personality tell me the truth of people, when i knew my best friend, he is a person with a lot money, his family has a lot of business around my country the first time thet a meet him, he was a like those guys that know who are their family with money, cars, houses, the best of the best, so he live where I live and i thought "" this stupid rich kid"", but, he started play soccer with me in my academy, so he been taking the bus with me and I knew him out his family, Generic_Name was a good guy who think in others first than himself, all those days he became my best friend for like 7 years and I am thankful for him, for all he did for me as a friend and more than friend.

In conclusion first impressions changes, for me that will happen ever, you can not say that you know this person because you talked to him or her ones, when you are looking for the best part of the people go with the long way until you learn of his needs, favorites place, favorite food, and more about him or her, because you do not know about people with the first impression of them, change that, go and look for his personality, what he likes, what he thinks about the world, and be positive that never fail.         ",839,12,Male,Not economically disadvantaged,Hispanic/Latino,test,4,3,3.5,4,4,4,3,3,3,4,3,3.5,4,3,3.5,4,3,3.5,4,4,4
4F66168C7DF8,First impressions,"To impress some one from first time you see them is a really hard task to comp lit. I think it is almost impossible to change the first impression on person. I truly believe, the first impression is the one you will be remembered by. This is the reason why people are trying to be nice and polite when they are introducing their self.

First of all, I just want to point out the fact that when people are introducing their self they are extremely careful with it they know that it is hard and I would say impossible to change that first impression. For example, when I first met my friend Generic_Name I thought he was selfish and disrespectful person by the way how he introduced his self but I was wrong he is very polite and I would say he has more respect for the people around him than I thought he does. Although, I know my friend is absolutely respectful and nice person but I will never forget the time when he introduced his self so that is how I will be remembering him.

Secondly, I think impression can be made by the way how a person acts too. For instance, one of my classmates came late to our group discussion I thought to my self this is not the person who I would like to work with he seemed a irresponsible peron but then I found out that he was late to his bus stop and he had to walk all way. I now know that he is a very responsible and task completer but I will remember that he was late and just for that reason I think people are careful with way how they talk and act for their first impression.

Some people might say that first impression is not that important because you don't judge a book by it cover. I agree but you will remember book by it cover. This is one of the reasons why I'm personally careful with choosing my words and actions. The first impression that you make on people that is going to be the cover of your book.

In conclusion, I want to say that the first impression is going to be the one that people are going to be remembering you with and it is important to look good in their eyes at first place. So just be your self and show the best of you that exist out there. ",398,12,Male,Economically disadvantaged,White,test,4,3,3.5,4,4,4,4,3,3.5,3,4,3.5,4,4,4,3,3,3,3,3,3
51554EF59AC0,First impressions,"Have you ever had a first impression on someone? It has been said that first impressions are almost impossible to change. I agree with this statement because, everyone says something when they meet you. Impressions are a good way to look at character traits. Your Thoughts count when meeting someone.

Everyone will always say something when they meet you. For example, some say you can be nice or funny. Stating impressions are a good way to keep a conversation going. Some times impressions lead to a good relationship. Have you ever stated your impressions on someone? Has someone ever told you what they think of you?

When you look at someone and have your first impression. You are looking at their character traits. You determine if they match your traits. First impressions tell plenty about a person. First impressions is a prime example of character traits. This is how you make new friends. Have you ever made new friends just by saying your first impression on them?

Before you meet someone you always think to yourself. Have thoughts on someone. Some people can say stuff about you without you even knowing. This happens when they do not say it aloud. Those people say it in their mind. It is okay for people to do that. It is only a first impression. Sometimes people do this only because they know little of you but, assume things of you which they do not want to tell you.

I agree that first impressions are impossible to change. People will tell you what they think of you. What your character traits look like. Some will simply just not tell you but think it in their minds. Some say first impressions are possible to change, but they are wrong, because your first impressions on someone will always show even if you just think about it. In the future, I think first impressions will become something common. Especially when meeting new people.   ",320,12,Female,Not economically disadvantaged,Hispanic/Latino,test,4,4,4,3,3,3,4,4,4,4,3,3.5,4,3,3.5,4,4,4,4,4,4
57FFFFAE9A1E,First impressions,"I agree, in my opinion and with my experience, I belive that the first impressions are almost impossible to change because you show to the other people your education, semblance, and who you are; For example today is your first day in a new job but you have a interview with you boss, he goes to check your behavior, but your impression are really bad what your boss going to think about you?

he won't give you the job because he have a bad impression of you.

Is important prove always good impressions,

because is part of the life, and your semblance is amazing when you see a kind people with good education, your expectations are this person have a good education, Is true you can change the first impression but is almost impossible because the people make a idea of you if you act with bad actions they will going to judge you, and think that you are a bad person because they have bad impression of you but is not good when the first time you prove a good impression, and with the time you changes. You need be honest with you and with the world.

For this reason I agee with this prompt, I think that everybody are a mind different but with the same capacity, so you are responsible of your actions and your impressions for the world, but is important that you take the time and think what will be have if you have a bad expression the first time, and why is almost impossible to change i my opinion is because the world make ideas and expectations of you and your actions because you show that, and for they is the first time that they see you they not know nothing about you.

you can make a good impression for the world everithing is in your hands.",321,12,Female,Economically disadvantaged,Hispanic/Latino,test,3,3,3,3,3,3,3,3,3,3,3,3,3,3,3,3,2,2.5,3,3,3
5AE56FFF7789,First impressions,"Why we need to change the first impressions?

It's a bad idea to said that first impressions are almost impossible to change. Sometimes with not have time to dress formal or occasion or we don't know what occasion is. Nevertheless, people need to complete with specific dress to the occasion. The experiences do I have is when take my first job I look formal.

When you have your opportunity to change the first impressions you can but not just for your dress you need to represent with you intelligent your capacity to work with other people is who you are.

People need to dress appropriate for different occasion. When you go to your first appointment for a job your dress need to be a formal. The first impressions is the people remember when pronounce your name is the first impression. It's really hard to person not want to change for new opportunity for the future. Most people are disagree with this because not one thinking the same things. Is hard to want to make decision with people not want to helping you because your first impression is really bad. Some people have different opinion in my own opinion your dress is how you are and your emotion do yo have.

The experiences in my life. When I woke in the morning I dress appropriate to go to school, because when you need to be a good person a good students but when your dress is appropriate and make bad thinks or verbal actions affect your first impressions. The first impression is like your ""photo is your first impression"" is who you are and who represent, but nevertheless you ""photo"" came be change with your actions. My opinion is you need to represent like whatever you personality is or if you have a good leader in your life and you want to be like him or her it's fine. My personal opinion is when I grow up I want to be like my grandfather and my mom, because He have strong opinion about life and work. My mom is a good women who have more experiences and she always be good and her work and very responsibility that's a impression is a good ""photo"" to people remember her work and her life.

Intelligent come be more that how you look. It's not impossible to change. People change different things about to people who not believe that is not possible to change the first impressions. The world have many selfish and critical just for how you look or where are you from. All person have different culture and habit some people actual like culture is or habit. The people critical some book just for front of the book. Intelligent is the base of entering world but if you first impression a was terrible is bad you need continue and work for you give better impression to others people.

In conclusion is a really bad idea to been said that first impression are almost impossible to change. It's possible to change for example my life, when I start in my job in the first appointment you have nervous but I want to make good impressions to my boss, I work in the restaurant sometimes I need to talk with the costumers my first impression and my verbal impression that's important to improve and work better to other type of people. Your impressing also make people judge for good or bad your impressions it is important for different reason. My own opinion I disagree with this and I agree to people thinking different have more self-esteem the other and change the first impression. Try to be yourself.",551,12,Female,Not economically disadvantaged,Hispanic/Latino,test,3,3,3,3,2,2.5,3,2,2.5,3,3,3,3,3,3,3,2,2.5,4,3,3.5
5D5ADE18BC61,First impressions,"It has been said that first impressions are almost impossible to change. Do not take left by first impressions, because people change , everybody have different personality , and the people raisin for a bad day .

Do not take left by first impression , The people to change , because every body always see first impression that no good , people change for not have bad reputation of his first impression , Nevertheless always people think that first impression is impossible of change , a self change for desmostrade that every is possible to change .

Do not take left by first impression , Everybody have different personality , because the people make much characteristic that see different, any people have different expression Although the people have many different character is possible to change , no always look the personality of outside because when know see the difference of people.

Do not take by first impression , The people raisin for a bad day , because arrive to house and have many problem make that our impression not wonderful, the job also should a reason of bad impression can't stressful , Nevertheless the stressful no is a motive for no change our impression, the stress should a reason a pass for bad day too.

I disagree ,

because people judge me for the first impression that see in me , but at know of my self look the different reality that true it is , the people judge without know how its the people, the better solution is know first before of think that can possible to change .

In conclusion it has been said that first impression are almost impossible to change , But is possible that people change for make different person to said others people us self , always the people raisin for a bad day but always a solution for its better each day , it is impressive that people look the first impression of self and dont look the inside version how in reality it is.                      ",373,12,Female,Economically disadvantaged,Hispanic/Latino,test,2,2,2,2,3,2.5,2,2,2,2,3,2.5,2,2,2,2,2,2,2,3,2.5
601ADE3B6048,First impressions,"You only get one first first empression; but your first impression ins't your last impression. Yes, impressions can be change over time.

The first time you meet someone can be hard to especially for shy people. The way people used to be in the past doesn't define them as a person now;pwoplw change. The way people look also doesn't mean they act a certain way. The longer you are around someone the more you get to know them.

Your first impression is most likely going to be your wosrt impression. It shouldn't be that important because they can always change. I am a really shy person and one day my friend Generic_Name asked me if I needed a ride home.

I almost say''no, I can walk'' because meeting new people stress me out and when I dont know the outcome of things I usually just avoid them. But I got in the car and her mom, who I have never met before asked where I lived and I completely forgot and struggle with giving her directions. She probably thought I was stupid, but now she considers me to be one of her own sons.

A lot of people judge other people on their past. Maybe someone you have heard of has gotten in a lot of trouble before and does a lot of bad things and you don't really know them. you might as well think they still do, but that is not alwaystrue. people change and once you actually meet them you will probably think differently on them. The way people look doesn not mean they act certain way.

You should not judge people based on appareance. In middle school I had a class with an african boy, He wore big and duty clothe every day. A lot of my friends didn't talk to him because they thought he was in a gang and he probably didn't speak good english. At the end of the year, In a class that we all had together we har to write a description os ourselves without using any physical characteristics. Like thing we like to do during our free time and why we do them. You had to put your description in a bag a another person would randomly pick it and try to find out the person who wrote it. Nobody could find the boy that liked to play soccer and write poems. Maybe it would have been easier if one of my friends would have tried talking to him. He was a very cool and interesting person.

First impression are hard to, but they should be easier knowing they will change. It may be harder for some and others. The past isn't the now and people change over time. Also you shouldn't judge people by ttheir appareance. Once you really get to know someone is when you find out who they really are.",486,11,Male,Economically disadvantaged,Hispanic/Latino,test,4,3,3.5,4,4,4,3,3,3,4,4,4,4,4,4,3,3,3,3,3,3
60A495340620,First impressions,"When you see someone what are your first impressions? Is it possible to change that? Many say it's impossible, but is it? I agree with this statement because a first impression is basically judging someone without meeting them. You're judging them based on what they are wearing or how they look which triggers your mind to have a first impression.

First impressions cannot always be a good one so it is not necessary to change it. For example: Somebody first impression towards you can be, ""oh she looks like a mean and a disrespectful person"", but you know your a very caring and a kind person. Lets say you went up to go talk to that person, the person who gave you a a bad impression. They get scared and a little nervous when you approach them. You notice it. Their first impression towards you changes their emotions or the way you act. Sometimes having a first impression about someone isn't a good idea to be thinking about. You need to learn if they are really what you think they are. It is possible that your first impressions are correct, but theres a higher percent chance it's wrong

Changing your first impression towards someone you haven't even met or know nothing about them is impossible to change. Your mind is your mind. You are controlling it. You tell it what to do or what to think about. You cannot change anything in your mind that you've already thought about. especially your first impressions towards people. Changing your first impression about someone is like changing a light bulb that works with another light bulb that also works. Changing it doesn't change what you had at first. You already thought about your first impression about someone. You cannot change the past or change what your already had thought about.

Some people might say it is possible to change your first impressions, but they are wrong because how can you change the past when it already happened. For example: you see a girl and in your head you say ""wow she looks like she steals"", but later on you say, ""oh I don't think that she steals anymore"". Your first impression was that you think she steals, but your mind finds out your first impression was wrong because you started to learn more about then, so your mind shifts to a different point of view towards them. Your first impression will always be your first impression. It's like having your first relationship. Whether you don't like them or not that person will always be your first relationship.

To conclusion changing your first impression is impossible. It's in the past. If it's impossible to change the past then it's impossible to change your first impression.                                           ",465,12,Male,Economically disadvantaged,Hispanic/Latino,test,4,4,4,4,4,4,4,4,4,3,4,3.5,4,4,4,5,4,4.5,4,3,3.5
670D39CC0F2B,First impressions,"The fist impressions should be change because we do not know anything about this person. For example, we never know how the person can truly can be with you. Many people think they are disagree with someone that is able to change your impressions they might need to know the content of the issue. However, impressions are steps over the life. That can be change to you because this person can be different with you later, and The impressions could be able to make you do faults in life.

This person can be different with you later. some people might said impressions do not effec their life, or My personality, but also first impressions are able to make you do things that you never imagine. The fist impressions with a person are the most important fact in your life. some the most communes impressions build a several ways in a future. one of my close friends was telling me about a person that he meet four year ago. He start talking about his first impression what he had with it person. He through that person mean everything to him, but by the way this person that he meet was pretending to be with him. when he was absolutely interesting on it. that is why we think some of those impressions can be change in different steps. This is why this statement is the best.

The fist impressions could be able to make you do faults in your life. The impressions are just a type of thing, or felling that we are focus all the time. it doesn't matter if we are going to hurt someone, This's how we make a lot mistakes in present,and people that they do not deserve something like This are some of the most popular people who tried to be professional with their responsibility about impressions with other people. How some of us do not think how the consequences of our families can affect you. On this time a very few people take care about hurt someone else. This is why we do not have to believe, or trust in the first impressions that someone told you, or a history what they invent.

If you has been impression for someone this should be change or should not be change. The only position on this prompt can be your decision. In the other hand if you believe in the first impression, it had you probably motivate or frustrate you. This is why you can be agree with this statement, but also this people as such they think first impressions should be change they said it because everyone are different to think about it, and in this world. The only reason is what type of impressions do you are going to have it's with who is going to be your friend or your favorite animal, it can be your pets, The only mistake that you can do is fall in impression with someone that you do not know who can be that person. Many students what l know shared their own experiences with people what they never has been in a first impression with someone. The students was tried to tell them, how can be the first impression in life. Some of they said we do not believe this students because they do not know more than us about it. but also they was doing their job. ",554,11,Male,Economically disadvantaged,Hispanic/Latino,test,3,3,3,3,3,3,4,3,3.5,3,3,3,3,3,3,3,2,2.5,3,3,3
688A392FC20B,First impressions,"People all over the world are having problem because of how a single person view one another. It has been said that first impressions are impossible to change. While some people believe that first impressions are impossible to change because people do not change that easily; however, first impressions are possible to change because spending a long amount of time with people can change a persons attitude toward someone, some people gives second chance, and it is a human nature to forgive and forget.

Spending a long amount of time with someone can change a persons attituted toward someone. If people spend enough time with one another it can change how a person view someone. When spending time with someone people develope a strong bond in a long period of time. Spending a lot of time and having fun with someone can affect a persons or change a persons characteristics.

Some people gives second chance. People give second chances so that someone could redeem themselves. Giving someone second chance can make a person change personalities. People that has been given a second chance can show who the person really are.

It is a human nature to forgive and forget, no matter who the person is or what someone did. A lot of people are emotional towards something that involve a persons closest friends or family. Forgiving people gives a person sense of decency. For the longest of time now when someone do something unforgivable, it takes a long time for people to forgive a person; although, it take time to forgive someone in the end the person still gives the people a second chance.

It has been stated that people can change with enough time or influence. Most people believe that a persons first impressions are impossible to change; however, first impressions are possible to change because of how people spends time with one another, how forgiving people are, and it is just human nature to fogive someone even if a person had done horrible things. With so many people that a person encounter everyday, and how that person look someone it is not really that impossible to change peoples point view.",353,12,Male,Not economically disadvantaged,Asian/Pacific Islander,test,4,3,3.5,4,4,4,4,3,3.5,4,4,4,4,4,4,3,3,3,3,4,3.5
68B41C3AD2D5,First impressions,"Although the first impression or effect is not going to change you; otherwise, it makes you disagree however you are right or wroung about what you have, neverthless the first effect will change you the most because anything that effect you in the first time, it will cause you to change, the first impression is like the first warning for you, and first effect is the first expriance that makes you to go forward for better results or poor results.

The first impression on you is like the most effectable warning for you because it makes you active. imagine that you are in classroom and you forgot to do your home work and your teacher asking you Hey! where is your homework? and you will saying that you forgot to do that. so now it is time for her/his to give you warning that you should to it for next class. it is when you said that you aren't going to do that, but your teacher makes you to do it.

First time prusure on us, is the most change able time for us because the investigaton which taken last mounth shows us that anything effect us in first time, it will cause us to change too. it doesn't matter if it change your idea, your goal or anything else but it will effect on you in a time which cause you to change.

The first effect or impression is like the first experiance that makes us to go forword for better results or poor results. the better results and poor results are your choices that depend on you, that which one you are going to pick and both can change you based on your knowlege.

As a result first effects are possible to change us. it is based on our needs that how we are going to select them. if you're using something for first time that is better than what else you had before, makes you to use the new one that you liked more than the before one. so now it is a change on you that makes you to have new ideas and new items to use something. the first effect is our new choices, that make us to get change and pick some other new things that is going to make our live easier and comfortable in the future. changing will cause us to get stornger and makes us to find our cons which is good for all of us to know where did I made mistakes and what are my own problems.",413,12,Male,Economically disadvantaged,Asian/Pacific Islander,test,3,2,2.5,2,2,2,4,2,2.5,3,2,2.5,3,2,2.5,3,2,2.5,3,3,3
69331F728144,First impressions,"To begin with, had you ever imbarrassed yourself by incident on your first impression? Do you remember a time when someone ask you to make a great impression of yourself and recall what happened?. It has been said that first impression are almost impossible to change. In my oppinion i agree with this statement and i have reasons why i agree with this but i know most people wont agree but yet again im just stating my opinnion.

Further more,

my first reason why i agree is because you can't change what had already been done. For example, when i went to visit LOCATION_NAME i believe they did not make a good impression of them self that i dislike the trip when i went there. And when i went there the second time i was introduce by them again with the same impression i dislike. Because of this you cant go back im time to change what happened in the passed bacause they might treat you the same or give the same impression as the first. In addition, first impresions can define who you are. For instant, if your friend expects you to give a good impression of yourself and you ruin it, i'll show who you are and can ruin relationships with other people if you do it wrong. Famous companies uses good impressions to show that there product are good and try to persuade you to buy there product. Leaving

a good impression is a good thing that most people attend to do. More of, people

will always look at you the same way by the way they remember you. For example, When i went to another field trip to LOCATION_NAME i lest with a good impression of them. For this reason i want to go back to that University and see them again and see if im able to apply. Lastly, people disagree that it has been said that first impression are almost impossible to change.For instant they say your second impression can most likely be your best. In conclusion, i believe the opposite i believe that there is no way you can go back in time to change that has been done. People will always remember your first impression no matter how hard it is to try not to.",387,12,Female,Economically disadvantaged,Hispanic/Latino,test,3,3,3,3,4,3.5,3,3,3,3,3,3,3,3,3,3,3,3,3,3,3
695E2F1A9D50,First impressions,"The first impressions are almost are impossible to changue the first impressions is no important because sometime l work go late. The next morning I don't wants to get up and go to school ,but I need to work because I want to go collage and I need to start working now go I cant savemoney. I need to work to becuase I need to pay my rent and my iphone and other example.

sometime I donn't have a good day because like I sald I have problem with my sister and the next morning is my first day of school. I want talk with no body beacuse I feel angry. The other thing I don't like to talk to no body because I am a shame person who don't like to have a lot friend in the school. I think the best think I cant do is be shame so I cant be save in don't be with bad people who like to be in problem I am girl who like to go to church go that is why, I don't like to talk with everybody.    ",178,11,Female,Not economically disadvantaged,Hispanic/Latino,test,3,2,2.5,2,3,2.5,3,2,2.5,3,3,3,3,3,3,2,2,2,3,2,2.5
6A3C37AD876C,First impressions,"It has been said that first impressions are almost impossible to change. I believe to an extent that is true, but you also have to determining the circumstances of the situation. Not always will you be able to change someones opinion about you, especially if you REALLY represented yourself very poorly. If you really would like to change someones thoughts on you, i believe you can with some work. You can always apologize for giving a bad first impression and start all over, but it all depends on what you did to leave such a bad rep for yourself.

I myself can confess that i've had my fair share of bad first impressions, but how I would see it as is a lesson on what not to do when meeting someone new. For example, you go for a job interview and not only are you not prepared to fully represent yourself but you're also late. The employer doesn't know you yet and its his first time meeting you; you showing up unprofessional defiantly won't leave a good first impression. Everyone makes their mistakes at times when it comes to meeting new people and or a new job employer; you either acted a curtain way thinking it would be okay to come off as or you said something that you thought would be harmless when really it wasn't. When it comes to meeting new people, you have to understand that some things are okay to say in the moment and other times it'd be better to just stay silent.

Many people say it almost impossible to change first impressions. I say nothing is truly impossible if you try your best to do whatever it is you want to do; if its correct a miss step you made or to simply just change someones mind about something. You can always correct mistakes even if it is a pretty big one; things might not go as planed or get resolved how you would like it to but its better to try than to not try at all. So i say i disagree that it is almost impossible to change first impressions made on someone, because i think it is possible if you're determine to get it done and done right if given a second opportunity.",369,12,Male,Economically disadvantaged,Two or more races/Other,test,4,4,4,4,4,4,4,4,4,4,4,4,4,3,3.5,4,3,3.5,3,4,3.5
6A4C8D0B9034,First impressions,"It has been said that people are already born with impressions, and that they will never change that.. Honestly, impressions can hurt people; even the one we love the must, sometimes we don't notice it. I totally disagree that first impressions are olmost impossible to change.

First of all, impression is another word for saying that things that we like, or we dislike. For instance, when people see a nice car their first impression will like wow! now, what is really happenig is that people are admiring the nice car. Now, what if they see a old car from the 80s!? well, their impression would be different, and they will probably dislike the old car. But actually it is the same car, both of them have four wheels, both of them can take you to one plece to other place... So, honestly all that they see in the nice car, it is all a illusion! In fact, people tend to be more secure in a old car that was created for the safety of people. Because actually people in the 90s, or 80s they did care about people drive safety.

Second of all, a lot of people think that impressions are something that we cannot change. Well, in my experience I had avoided some impressions that were really damaging me, and people who was around me, too. For example, my dad one day he took me one of his meeting with his bestfriends, but when he took my there, he didn't tell where we were going; until we were on our way there. So, I asked ""dad where are we going?"" and he said "" we are going to one of the meeting with the young boy's."" when I heard that I laughed. Because that weren't young, they were so old. But my impression was like don't want to go there! I hate going to those meeting. Because whenever I go there, I never stay in the meeting, I rather stay in car. But that day I wanted go, and see why he liked it so much going to his friends house. When I got inside of the house they were super nice to me, they gave me food, we laughed. It was good. But what I really mean by all this is that impressions is something that we decide to change, or not. It is not something we as humen can change.

Some people say that your impressions are impossible to change, that an impression are needed. But If people can't change their impressions it will have consequances, wheter are good or bad. Another reason, people when they feel impress they don't think how other people are going to feel about it. When a member of your family gives you a gift, and it is a simple gift. But the person that gave you that gift, he/she gave it to you with so much love, and you just thank you. And the other member of your family you a brand new car your impression would like crazy. So, other person who has given you the simply gift he/she will feel bad because may be that person can affort a car. This is a fact, that expression could be change a in a different way.

Indeed, why some people care about if impressions are olmost impossible to change, or not? Why would I care? Well, because impressions is more than say words. impressions can show who you are. Also, your impressions can motivate other people. If we as humen have good impressions about other people personality the world nowaday would be less cruel. People would see each other as a nation, not as enemies.              ",596,12,Male,Economically disadvantaged,Hispanic/Latino,test,3,3,3,3,4,3.5,3,4,3.5,3,3,3,3,3,3,3,3,3,2,3,2.5
6BA47B76E65C,First impressions,"I agree about first impressions are almost impossible to change, because what you feel, go through and experience when you see someone you haven't seen in a long time or when you see a person and you fall in love with that person, like that person or even if that person reminds you of someone you love or someone that passed away, your impression it's one of a kind.

I remember when me and my family first came to the United States, I left Generic_City when I was ten years old, all my family from my mom side stayed there and just me, my mom, my dad, my two sisters and my brother came to the United states. Eight years later my grandmother, my aunt and my cousin came to visit us, so when we went to the airport to pick them up, when I first saw my grandmother I started crying and she did too and that was an impression that couldn't be changed.

Another example is the first time I saw my girlfriend. I was walking in the school halls with my friends and I saw this girl, I wanted to talk to her and just tell her how I felt about her because when I saw her I just liked her, it was love at first sight. So i decided to go talk to her and when i walked up to her and said ""hey, how what's your name?"" she smiled and answer me i was feeling very happy.

In conclussion, I think first impressons are almost impossible to change and im pretty sure I'm not the only one that thinks the like this, I have friends and relatives that either been through the same situation or are going through it at the moment. ",295,12,Male,Economically disadvantaged,Hispanic/Latino,test,4,3,3.5,4,3,3.5,4,3,3.5,3,2,2.5,4,3,3.5,4,3,3.5,4,3,3.5
6C8F3164A8EF,First impressions,"I am positive agree, that the first feelings are hard to change. Especially when a person, is super shy to talk or have an idea, that can be one of the hardness thing.

It's hard to understand the first opinion for example; I can't change my first thought or what i think. Also if i think something first i will not change my mind just because someone else, is telling me to change my opinion. I always have to believe in my self to be successful in this world.

However sometimes we have to impress some people to believe in us. But is difficult to do it because sometimes we don't have enough skills to impress others people and that's why is impossible to change impressions of other persons.

In addition this can be a problem that can happen in a lot of people for example; people who did not like to show in from of the assembly, it will be more difficult to present or talk in front.

In conclusion i am completely agree, that impressions are almost impossible to change we have to lead with this for the rest of the life.",182,12,Male,Economically disadvantaged,Hispanic/Latino,test,2,3,2.5,3,3,3,2,2,2,2,3,2.5,2,3,2.5,3,2,2.5,3,3,3
6ECBDFDD395D,First impressions,"Are first impression almost impossible to change. I agree based on my own experience they can be hard to change because when you go to looking for a job you have to have a impression. The first impression is very important to some people like if your looking for a job you try to show your best side of you. if you would just show up like you would at home they would probably think different of you and not hire you.

When I started looking for a job, I told them that I was a hard working guy and that has a few experience and that would love to work for your company. While we where talking he was saying that I was good at everything they need me for the job, they ask me when can you start working i was like ""as soon as I can"" even tho it was my first job my first impression help get me a good job. those words the said made him understand that i was ready and that I was ready to work hard.

Therefor if I showed up at the job with a really bad impression like all dirty and not all dressed up for this job. They would of probably look at me differently. Also if I walk in asking im not really ready for this job yet im going to need like 2 week to work and I have all these things like excuses. Then they would probably not want me working at there company . They would probably say ""This guy is not ready for this job he doesnt dress up,doesnt want to work ,and have so skills to work. Then I would still be looking for a job.

Anyway do I really think first impression is impossible to change yes I think its impossible to change, you only get one chance to show who you are like I at this job. If you say or do something to the first person you meet they might not have the same impression for you anymore.",335,12,Male,Economically disadvantaged,Hispanic/Latino,test,3,3,3,4,4,4,3,3,3,3,3,3,4,4,4,3,3,3,3,3,3
7015373A0E0F,First impressions,"I believe that first impression are almost impossible to change. Because when you did something that is good or bad you take a impression that might be can change. In point of view, I think you can change the impression depend what you do or you want to do. So depend what you doing in your job, High School, and family, the impression can change.

First, I believe when I realize my dreams the impression in my life can change. For example, when I graduate from High School my mom gonna take the most important impression. So when I realize and achieve my dreams, impression can change in my life.

Second, I believe that if I'am a positive person I can change things in my life and this things going to be the major impression in my life. For example, If I do exercise and achieve a fitness body that's going to be the most beautiful impression. Furthermore, if you are positive person you can proponent whatever you want to achieve.

Third, somethings never change impression in your life. For example, when I knowledge that I had to come to the U.S.A I and to leave my sisters in my country. So sometimes I reminder my impression when I leave my sisters and it was so sad, and things that I know cannot change in my life.

In conclusion, some impression are almost impossible to change. When you realize your goals in your life or dreams your impressions going to be the most important in yor life. And you can change the impression depend what you want to do in your life. So there things that we can change in our life that could be a good or bad impression.",275,12,Female,Not economically disadvantaged,Hispanic/Latino,test,3,2,2.5,2,2,2,3,3,3,2,2,2,3,3,3,3,2,2.5,3,3,3
70B3579057D8,First impressions,"First impressions are given to get a basic idea on what a person is like, also to be aware of the person characteristics. For example; When I'm approaching a person to introduce myself and I say "" Hi, How are you? "" and the person I'm introducing myself to ignores me.. he/she just gave me a bad impression. Many people receive first impressions on the daily and it shouldn't be changed because everyone has different thoughts on how things are and you can't change their perspective on how they want to think about or see about the person they're giving a first impression to.

I disagree that first impressions can be changed because you cannot tell someone how to view a person at their first thought. They can only be changed by talking someone for a decent amount of time. But a impression cannot be simply changed because a first impression occurs at first thought as well. People ask why first expressions are given, they're only given because the person really knows nothing specific about you. First impressions shouldn't hurt your feelings well because they're only a persons thoughts and action.

First impressions are what usually makes a relationship grow and they also help people come out of their comfort zone as well. People can be nice, rude, talkative or they can be really sweet with words as well. But also people don't always have to give you a positive first impression they can always give you a negative one as well so don't always expect a positive outcome out of someone's first expression. But majority of the time, people will usually give a positive first expression.              ",286,12,Male,Economically disadvantaged,Hispanic/Latino,test,4,4,4,4,3,3.5,4,4,4,3,3,3,4,4,4,4,4,4,4,3,3.5
755EC4B2172D,First impressions,"First Impressions

Do you agree or disagree that it's impossible to change your first impressions? I believe that you can change you first impressions, But not everyone is the same some people think differently, That its impossible to change your first impression. Im going to write a prompt showing my point of view and other's point of view to see if it is impossible to change your first impression.

My point of view is that I agree that you can change your first impressions, But it matter on the person you're first meeting. For example your going on a date with a girl you just started to talk to, But only through the phone so y'all decide to meet up and go out to dinner. let's say you being planning the perfect date the whole day, But then you get to the date and something goes wrong like you get nervous and say something stupid and she gets mad and leaves and you think it's all over but it's really not. You need to text her and say sorry tell her that you were nervous and also tell her that you want to forget is this all happen and start over by having another date and if she agree there you go you change your first impressions. Another reason why I agree to changing first impressions cause I had done it before. One day this girl came up to me and said why you always looking mad I told her what is she talking about I am mostly happy all the time, She said I don't know its just you look mad and mean every time I see you. I told her im not mean ,so we started to talk more and she got to know me better for who i am happy,kind and nice. See what I am talking about it's not hard to change your first impressions.

Other peoples point of view see it differently,They see it as once you mess up your first impressions you can't change it. You might as well move on and give up,But like I said before it matter on the other person to,If they disagree then yeah you can't change your first impressions,But for me I don't like to give up easily but other people are different. People need to stop giving up just cause they messed up he first time. you can get a redo it's not the end push for what you want. I had almost given up on someone cause i thought I messed up but i didn't give up I tried one more time and it work she turn out to be the love of my life so one day someone had told me that the girl had a crush on me I thought she was really cute too but I thought there was no way I was going to date her she was way out of my league so I tried to be someone else that wasn't me but that didn't work I was lucky she already knew how I was so she gave to a another chance on my first impressions and it worked we have been dating for 1 year and 4 months now but not everyone gets lucky and find someone that is willing to give second chance.

In conclusion I still believed that you can change your first impressions but it matter on the other person too, If they agree or disagree on giving you another shot on your first impressions, So you shouldn't give up. Just cause you messed up on your first impression. I hope this changes the mind of peoples that disagree that they can change their first impressions.                                                                                              ",698,12,Male,Economically disadvantaged,Hispanic/Latino,test,3,3,3,4,4,4,3,3,3,4,3,3.5,3,3,3,3,4,3.5,3,4,3.5
7704594734CE,First impressions,"The first impression of someone who you have never met is always nerve wrecking their presence overpowers yours and began to reel you in. The questions that grow in your head continue to grow quicker with no slowing down who are you? were you here the entire time? have you always been here?

maybe we were so caught up in the life you've cultivated for yourself you simply needed to slow down to smell the roses that have always been there a little push was require to show you.

I believe that first impressions are impossible to change due to it becoming the introduction of who you are as a person move forward together in life from that interaction possibly learning the way they handle those stressful situations, those days when they truly feel the weight of the world on your shoulders, or when they open up about past events that have shaped them into the person they are today all that can be discover through those first impressions whether insignificant of significant.

The first impression I received from you impacted life, your name was Generic_Name you were my guidance counselor in my sophomore year of high school,because I had never met you prior all I knew of you was that your my assigned guidance counselor .My home life wasn't doing doing so great at the time the stress started to become weights that were stacked on top of me higher and higher so much so that everything simply became too much to handle alone. I wanted help from someone anyone who could help so I turned to the guidance counseling center for help of any kind, thats where Generic_Name and I gave each other our first impressions I gave her one of a kid struggling in life while she offered one of a beacon of hope through my cloudy day

The reassurance she gave me was like no other I had known so I wanted to visit her again and thank for the help she provided for me. I ended up visiting her 8 times be nonce to me every time the head of guidance counseling would say that

Generic_Name was out receiving treatments and would be back before soon I kept hopes of seeing her once she came back to school little did I know my first interaction with her would be my last..The school ended up releasing papers detailing that Generic_Name had passed away from cancer the students of my high school were all invited to her funeral to pay their final respects I attended alongside her family with a few dozen of her students all telling stories during the service of how Generic_Name had changed their lives for the better even taking in a student who had a difficult home life risking her career if caught.

The impression that Generic_Name gave not only me rather everyone was reassurance that you don't have to go through it alone that taking that small leap of faith to meet someone for the first time can leave an impression on you, for that being said I do a thousand percent agree that first impressions are impossible to change whether it be helping students leave a not so good home life or securing them a full ride scholarship to their dream college. Everyone in life can be affected by that special first impression of each other whether it be speaking to each other for years or just meeting one time in a small officer, but I do know one thing for sure in those small powerful 15 minutes a first impression is one thing that'll never change for me.",557,12,Female,Not economically disadvantaged,Hispanic/Latino,test,3,3,3,3,3,3,3,2,2.5,4,3,3.5,3,3,3,3,3,3,3,3,3
78CDF59834F5,First impressions,"The first impressions are almost impossible to change? I'm Generic_Name, And I have a lot of impression are almost impossible to change. If some people have impressions are almost impossible to change they don't have to change it if it's good impossible, But if some people have a bad impressions they have to change it beacuse it's bad impressions.

I agree that, The first impressions are almost impossible to change. why? beacuse I know a lot of people, like some of my friends they like: Drugs, Smoking, Drink alchool, and all these things are wrong and bad things, But they like it beacuse they tryed these stuff before, And it's so hard and impossible to change one of these impressions.

I was having some bad impressions that I can't to change it, But now I did change it beacuse i was having bad impressions so anybody having bad impressions they need to change it, But if it's not bad thing they don't have to change it.

Example: My brother had a bad impressions like 2 years ago when he was 12 years old. He was like to play Video games or play on his Computer a lot. Almost 15-20 hours per day, And he is not good enugh in his school, Beacuse he was spending all his time in his Video games and computer. That is 100% wrong, and also he was'nt sleep a lot and he cannot change this impressions.

Finally, My brother after 3 years he did change his impressions, Beacuse after 3 years he knew that he was wrong and he have to change his problem, and that was so hard for him to change this problem. How he did change his impressions? He was trying to quit from Video Games and Computers, And he did QUIT. He was looking for a job and he did aplay for a lot of jobs, And one of them called my brother and they did for him an appointment for his enterview so they accept him to work with them and he did the enterview and he did great, and after a couple days. He start to spend his time at work or school and that's said. I hope for my brather to have a great life and i hope for all the people to change their's impressions if it's bad.        ",370,12,Male,Economically disadvantaged,Two or more races/Other,test,3,2,2.5,3,2,2.5,3,3,3,3,2,2.5,2,3,2.5,3,2,2.5,2,2,2
79DC9D618403,First impressions,"Well it depends on the person attitude and the way they are if they have a bad attitude than they have a negative attitude. But sometimes the bad attitude person can change because they don't want to be a negative person for all their life's and if they want to change it. Than have to go talk with a doctor if they have a problem with their life's or they have to talk with someone who can help them with their problem and they need to be calm down because they can hurt someone in their life's also or they can do something bad to them self. But sometime's they can do active's to help them calm down. They can go hung out with their friends or with family to calm down or for active's because if they don't calm down their attitude will get more negative and never change their life's. It will be hard to change their attitude. On the other hand the person that has a good attitude they will have a great life's in their future. But mostly in the person has a bad attitude is going to take a long time to become a positive in their life's. They need to try work it out or work something out. But it depends on them if they will change their attitude. But they always need to calm down and talk with a doctor if they have a good health or a bad health. If they don't do that than they will be always a negative person in their life's. So they need to go hung out with their friends and family. Or do some workout with your girlfriend, wife, friends, sister, brother, family, and cousin so they can lose their negative and be more positive in their life's. person attitude and the way they are if they have a bad attitude or have a negative attitude. But sometimes the bad attitude person can always change only if they don't want to be a negative person for all their life's and have a better attitude in their life's. If they have a problem with their attitude than they have to calm down. But it all depends on them if they want to change their attitude. They can do some active's like go to a gym, go for a walk, go to the mountain

, or to a mall to get destination to help them calm down. This is my summary the person attitude and the way they are if they have a bad attitude than they have a negative attitude.      ",408,12,Male,Economically disadvantaged,Hispanic/Latino,test,3,2,2.5,4,2,2,3,2,2.5,2,2,2,3,2,2.5,3,3,3,3,3,3
7CFD8BCE6346,First impressions,"Yes, i agree with this statement ,First impression are almost impossible to changed. Most people said first impression is the last impression. Your first impression shows the people how your parents raise you, spending time with family and friends, and your job.

The first thing most people see in somebody,the first time they meet is nature. The nature is considered as how your parents raise you and how is your friends. People said, the old people recognize somebody nature at first time, when they meet with them because they spent their whole life with meeting different people. They spent their life to gain experience with working different people and they tell you the difference between them. The other show your impression in front of somebody is your friends. Your friends matter most in your impression . They reflect on your impression and as a friend we reflect on their impression with somebody.

Your impression shows your activities, that means how is your relation with the world. Activities are considered to be as religious, and time spent with family and friends. Your's activities shows what you did in life. If you are going in a religious activities ,spent time with your family and friends and help others it consider be in your impression. It tells everybody that how you manage your life. How you are living your life as a respectable person in society.

Sometimes, your impression helps you getting the job. It depends your impression on other person. If you meet somebody with no attitude and respect, it helps you one day getting the job. It develop your impression on other and remind them that you are in a list of job. Impression help in every field of life. People said many times first impression is the last impression and it true. It helps you grow. Your impression shows how you grown, what activities are you involved in? and what are you doing in your life?",295,12,Male,Economically disadvantaged,Asian/Pacific Islander,test,3,3,3,3,4,3.5,3,3,3,3,3,3,3,3,3,3,2,2.5,4,3,3.5
7D4E376FFB20,First impressions,"On a sunny Monday as I was walking to unknown, my hands were shaking and my heart was pounding twice as fast. Although it was a hot sunny day I was shivering. As I get close to the place I was heading my stress goes higher and higher. Finally, I reached my destination. School. My counselor showed me all my classes and I was trying to remember the class number and the way to get there. It was lunch break and everyone was going to the cafeteria. I was lost. I went to ask one of my classmates to show me the way,I asked her and she didn't answer she started using her phone. I didn't like what she did. I thought she is a mean girl and I went to find it myself. The other day she came to me and showed me her phone. I read what was written there. She said that she can't speak English also that last day she used her phone to translate for me but I left before she could even tell me.

First impressions are more likely to change after you get to know the person. If you meet someone the first time and you didn't like that person for some reason, as you get to really know her/him and talk to the person your perspective will change toward that individual. Sometimes the person will proof you right and they are as you thought. But I personally, believe that first impressions will change after you get to know someone.

Unfortunately, we live in a society that we are always judged by our race, religion,gender and or physical appearance. We are not suppose to judge people by their physical reactions or by their appearance. I remember my first day of school in America three years ago. I was the only Hijabi in my class and everyone was staring at me. Some would come to me and ask me random questions and some would just give me a weird look and pass by.

There are people who have no self-confident and it's hard for them communicate with people around them. Being anti-social is one of the reasons for not making a good first impression. Some people don't make a first good impression because of the lack of confidence. They are shy, and don't know how to start a conversation or to project their voice while talking to someone for the first time.

All human being have the habit of making pictures of the person they meet for the first time in their mind before knowing a single thing about the person. The first picture could be a good or a bad one. Overall the picture will be based on the person's physical traits. Judging people is never a nice thing to do. As someone said "" Don't judge a book by its cover"". People should not judge people or make a bad impression about someone they know nothing about. Everyone is different and have their own kind of difficulties.             ",449,12,Female,Economically disadvantaged,White,test,3,3,3,2,4,3,2,3,2.5,3,4,3.5,3,3,3,3,3,3,3,4,3.5
7D82E6C4B46A,First impressions,"No always it's the like. Some people say that a the fist impression is impossible to change. I am think that the fist impression can change when de other people see in you a good apparently, a good action , and a good altitudes.

As rule, some people apparently some that not are. Maybe for the ambient o for some people that they rode ate.

Only for make a different impression. For regular no always Show how are real. At will the people make this a a pareses for many razors how work, or time. For example some employers stores no can speak with the customer for cuentiones of work

Second is the actions make the people. No always the actions Show how are you o how you are. Many people that can see on the city Show rut and bad but are good people with a good actions. No is import de physics and how you see, es import the that you make for other people. I am think that when make a good actions change de attitudes that and the think form of some ones. A good action help to people to create new friends and and make confidently.

As well as import a good attitude. People dependent of good attitude for base a personality.

Some times the aptitude change the firs bad impression, but the attitude change too for time, space,or people.

Some people need a good attitude for work some people that are server need a good attitude for make customer server, en other example is a some stores that no permit that people speak whit people or for other razor.

Other the razor that attitude change is how you fell because if you have a bad day, or a tiring day the actittud change. A good tip is a work in the a good attitude an good actions and there have a good impression the other people

In conclussion if you need change for a good fist impression can change when de other people see in you a good apparently, a good action , and a good altitudes.

No always it's the like. Some people say that a the fist impression is impossible to change.",343,12,Male,Not economically disadvantaged,Hispanic/Latino,test,2,2,2,2,2,2,2,2,2,2,3,2.5,2,3,2.5,2,2,2,2,2,2
7E549E5E5C19,First impressions,"First impressions are imortant but you can still change how they think of you by talking to them and when you talk with each other then they will learn about how you think and about your oponions. I have met people that completly hated me because of what their friends said about me but when me and them talk, they will see that I'm actually a good guy. For example me and a whole group of people would play football in the park and we would say hi to each other casually but one day I relized that this one kid doesn't have any friends and so I invited him to come to my home and to eat dinner with me and my family. I later found out he was stealing a $20 bill from my wallet and I caught him red handed and then I took all of my money back and I asked him 'Why are you stealing from me"" and he said to me ""I'm so sorry, I just really need money for my little brothers school lunch, my family is really poor' and so I apolgized and gave him a $40 because I saw the look in his eyes and he was not lying to me. After three days he payed me back saying 'I got a job, I really appreciated that extra $20 it helped me get a haircut and look more presentable and overall helped me pick myself back up"". After that day me and him became best friends even after he attempted to steal money from me because he did it with a good motive/reason. This story is a perfect situation where my first true impression of someone was as a theif but I put myself in his shoes and I would have probably done the same so I shouldn't judge his as much.",303,11,Male,Not economically disadvantaged,White,test,4,3,3.5,5,4,4.5,4,4,4,4,3,3.5,4,3,3.5,4,4,4,3,3,3
84618D2B60E8,First impressions,"I honestly don't know what to right about really but let's do this, I like many things. My favorite things are my room, phone and my console. You wondering why I like these things I'll tell you why. The reason why I like those things so much, because that's my entertainment whenever I get bored. I'm always home doing nothing in my room and I realized that but theirs really nothing to do in Generic_City and I don't like Generic_City in my opinion. Everything is so far apart, you need to walk for an hour to go somewhere if you're walking but in a car is no problem you can drive and not be tired. The point i'm saying is I have a boring life and I have depression at some points. I also just never try ever since I got here. I've been miserable in everyway, not wanting to go to school, not trying in classes and not talking to anyone. I barely even have friends they all left behind back at home.

I also work here that's the only good thing I've done since I came here. I work at McDonald's by route 1. They pay at least 9 dollars an hour which isn't bad. I get along with my co workers, once a while theirs fights but everyone gets along with each other pretty well but sometimes that's also a struggle. They will be some customers just arguing with you or just mean because they want to be really. The managers they sometimes annoy me, want me to get everything and do everything since I know everything pretty good but everything in life is hard and you have to work for it. Nothing isn't easy I wish it was but it isn't, I make it hard on myself by not trying. I legit regret how my life is going so far. I know this is an SOL really but this is the only way to show any feelings or stuff I have on mind. Everything i'm typying so far is off my mind right now.

I wanted to become a professional soccer play but it got ruined. I used to do travel when I was back at Generic_City but ever since I moved I had to stop because my mom wouldn't take me because it was far. My practices will be at Generic_City 7:30 PM and they end at 9:00 PM, I just started slowly losing my way to play soccer because I didn't play at all. It was a struggle really for me because I lost everything but I know the reader that's gonna grade this is gonna be saying ""oh it happens, you just need to learn how to be comfortable with the place you're right now"" but it isn't that easy. I lived in Generic_City my whole and got raise there, went to school there, started playing soccer there when I was little and met new people I still talk to them til this day. I know I have talked about this in my last writing SOL but hey i'm here talking about it again because I miss everything I had and that's the only thing I have in my mind. Until this day I haven't been able to feel comfortable in place where I am now, I don't think I ever will be to be honest with you.

I really don't have a positive attitude, I try to be really bc I used to be a happy kid but now i'm really not. I miss the only motivitvation to wake up and try in life but It's gone and it will always be until I move out from my mom's house. I also never really gotten along with my mom since we moved because I was overall upset like the schools here are just bad and I don't like how they're it isn't the same back in Generic_City. I told my mom that specifically ""I don't like it here and I never will"" but she doesn't care. She thinks I'm over dramatc that I will like it soon. 2 years have gone by and I still haven't gotten used to it. I honestly don't even think i'm gonna graduate either bc of the school I am right now but I know it's on me. I will have to pass the classes I am right now, go to summer school and finish the last classes during summer school then I will be able to graduate. That's a lot in my opinion. I have 7 classes that I need to pass and right now i'm failing half of them. Already bad start to the new year of High School. I still have time to change it around but just the motivation is just not there.

The only thing that keeps me going and still kinda trying is my Girlfriend Generic_Name or Generic_Name as a short name. I've known her for 2 years now and I met at her Generic_City just before I left. She goes to Generic_School and during that time I met her I was going to Generic_School. I truly love her in everyway but sometimes she can be hard headed but it's fine I love her and I will always. She will sometimes come to my house and visit me whenever we have have time to see each other. I text her 24/7 every single day until we need to sleep but overall she's been there and I appreciate it a lot. So has other people but not as much as she did. She will help me every time I needed help on anything i'm struggling, she is really smart. I hope I can have her for a long time. I hope eventually theirs some hope honestly. It will come whenever it's right, just not right now at the moment.",991,12,Male,Economically disadvantaged,Hispanic/Latino,test,4,3,3.5,4,4,4,3,3,3,4,3,3.5,4,4,4,3,3,3,4,3,3.5
858F00F1B16B,First impressions,"Do you think first impressions are hard to change base on the type of experiences you experiences? Is changing your first impression impossible?

Some people agree that its hard to change your first impression base on the experiences you had.

The type experiences does change the first impressions because of the type personality you have.

Everyone has different personality like one person could have a personality that is outgoing, shy, Funny, boring, energetic. All of these personality defines the first impressions that you show to people. But not just other people also to your boss the work forces has a big statement of the type of first impressions you put on, work is the most eithc way of showing how professional you can be during an interview or in work.

Experiences brings the first impressions to people you could have experiences all of things and it could tell what kind of person you are. You could join the army and people could tell by the way you look. Every experiences could be different for other people you may have travel our world or graduated college and high school it could tell on the experiences that you have witness in your life that you live in.

Your appearances means everything in experiences and first impressions in life you, probably could be wearing baggie pants or long shirt people, your hair could be messy, wearing shoes with holes on them , might judge or amuse lots of things about you. But having a great appearances has the could change the impression i'm wearing a nice beautiful dress with nice black heels, my hair is nicely done. people could look at me and think "" oh where did she get that dress"" or "" her hair is looking very pretty today."" people judge first impressions by appearances.

First impressions are impossible to change base on the type of experiences that some people disagree that it isn't impossible to change your first impressions by experiences.

In the Future peoples experiences are still going to change their first impressions no matter what because that is what life is people experiences defines your first impression.",329,12,Female,Economically disadvantaged,Asian/Pacific Islander,test,3,3,3,2,3,2.5,3,3,3,3,3,3,2,3,2.5,3,2,2.5,3,3,3
86C3D3947EEB,First impressions,"It says that first impressions are almost impossible to change. Some people say that our first impressions are i't's something that we can't change, while others say that our first impression it's easier to change. I think, that our first imprssions are literally impossible to change, even when you know that it has have impacted in your life.

It's really hard to change something like the way I am, how I interact to other people is something that my parents has teach me since I was little, most of the time I happy I love interact with good attitude to other people.

For example, I always like to show up good expression for all the people.

those are things that I never going to change. In fact, I always like show up same personality.

Sometimes change expressions or for get expressions are impossible. For example, when you really love someone, it's really hard to even that everything is done but you still in love with that person your expressions still the same with that person. in fact, sometimes even that we want to change our expressions we can't.

In conclusion, sometime i'ts really hard to change the way you are, and is more hard when you usually act and do the same every day. In my case I never will change my expressions my personality and I always will be the same.    ",209,12,Male,Economically disadvantaged,Hispanic/Latino,test,3,2,2.5,3,2,2.5,3,3,3,3,3,3,4,2,3.5,3,2,2.5,4,2,3.5
87160DE4128C,First impressions,"Yes, i'm agree whit that because you know sometimes you have the opportunity to meet peoples and some of then are not good persons you have a bad experience whit them.

example:

If you meet a person by first time and you dont feel comfortable whit he/she you are not able to spend a lot of time whit he/she.

.In life you meet all kind of people and when you meet then very well you try to spend the more time is possible and thats how you get hard friendship.

Meet people is the best you can do to be satisfy because there is no way that satisfy you more that meet people and get friends.

thats wy always you have to be the same and never give other impression

So my point is you are not going to change the first impressions but always you are going to get the chance to try to do well and all going good and never get afraid of meet other good persons as well bad persons",151,12,Male,Not economically disadvantaged,Hispanic/Latino,test,2,2,2,2,3,2.5,3,3,3,2,3,2.5,3,3,3,2,2,2,2,3,2.5
87A4F7727EFE,First impressions,"The first impressions are almost impossible to change. If you are looking to get a job you want to to make a good first impressions because if you don't you pobrably are not going to get the jod. First if you are not dress like you should they are going to look at that. The second reason is if you don't talk the you should talk is hard to change their mind after you are finish.

First impressions are hard to change especially when you are looking for a job you have to dress aprobiadamente. If you are not dress like you should the employer proboly is not going to give you the job. For example if you are a student and the first day of school you come with a bandana the teacher will have not a good first impression of you and it will probaly will stay like that the whole school year. For that reasons the way you look is important to make a good first impression.

If you are in a job interview you have to talk lady or like a gentleman if you want to make a good first impression in your employer. For exampe if you are talking to and autiancia you have to be carefull of what you say because you want to make a good impression becuase you want the to listen to you. That is why you have to be careful of what you are saying to the people around you.

But however some people think that the first impression is not that important and it easy do change. For example if you are in a bus and somebody look at you and do't have a good impression of you you can go talk to them and change their mind abount who they think of you. That is why people think first impression is not that important but I think first impressions are important.

When you see some want they way you see then is not going to say that is way you have to make a first good impression to the people around you.",343,11,Female,Not economically disadvantaged,Hispanic/Latino,test,3,3,3,4,3,3.5,3,3,3,3,3,3,3,2,2.5,3,2,2.5,4,3,3.5
88EF61EA84E7,First impressions,"I desagree, because first impression is almost possible to change; in my opinion their had been changed. I have some experiences, I knew some people, and my firts impression about them was kind of weird my thoughts and impressions hurt them feeling, but I changed once a started to talked with them, we have some common things. I think we should have the firts impression bad or weird about someone or someting, but it is almost possible to change in my position and experience it changed.

I have an especial experience about impressions. I knew this person on my second day of school and my impression about her was so bad I thought she looks like a bad and races person. We didn't talk each other for the rest of the class, but my teacher made some grupos for a preoject so she was in my group. Then we started talk each other about some things of the project, since the point my impression about her changed. She was so nice person, friendly, always helping me, given the best advices, and now she is best friend.

In conclusion, I can say first impression is almost possible to change, for example you can talk with the person, see what things you have in common, that way we always can change our first impression. First impression can be whatever you think, but you can do whatever you want to change it too. That is my experience and my example about that first impression is almost possible to change. We should always talk with different persons and get a better imperssions about them, because is no always what we think. ",274,12,Female,Economically disadvantaged,Hispanic/Latino,test,3,2,2.5,3,3,3,3,2,2.5,3,3,3,3,2,2.5,3,2,2.5,3,2,2.5
8BA09C4011C7,First impressions,"It was a girl named Generic_Name likes to spend time with her friends but they all boys one girl first impressions about Generic_Name was that she likes to be with boys, Generic_Name went to talk to the girl abd tell her that she is not like that the girls impressions was change. People said the first impressions can change because most people are not the same as people see and people can sorprises them by they action.

First, people said the first impressions can change because most are not the same as people see. For example, Generic_Name it a quiet girl when she not know the people but when she can trust the person she is different girl. people in the first impressions seem a different person as when people know the person. people can impress by they way they are change personality when they know and trust the person. Most people change they personality and being a different person.

Second, people said first impressions can change becuase people can sorprises them by they action. For example, Generic_Name is not that social boy don't talk to others boy bur his action speak liek telling other that he is social jsut that don't trust the others. Generic_Name were not felling cofident with the others boy he is friendly but when he don't trust he being other person. Starting his action changes being a quiet boy when he don't know the person. The first impresions can change by sorprises them by they action of beign other person and don't having trust.

Some people may argue people said first impessesions can't change becuase people are the same as they believe people are. For example, at first day of schools Generic_Name was a quiet girl and new in the school Generic_Nameis insocial she don't have friends Generic_Name first imperssion saying at the first time he tought she was social but it was impossoble to he believe that. Generic_Name was not impossible to change others mind of her impressions. However, people can change their impressions if they turst that person then people are going to think different of others. people can change people mind by the way they are.

People said the first impressions can change because most people are not the same as people see and people can sorprise them by they actions. people are not the same but they can change impresions and being others. A person can change people first impressions by the action or the way are they.",391,12,Female,Economically disadvantaged,Hispanic/Latino,test,3,2,2.5,3,2,2.5,3,2,2.5,3,3,3,3,2,2.5,2,2,2,3,2,2.5
8D3B7420BD7A,First impressions,"It has bee said that fist impressions are almost impossible to change. based on your experiences.

I agree that has been been said that fist, impression are impossible to change based on you experience.

because, he is speak, the experience impossible to change ,why he is the different people have a different thing or experience.

In my opinion that has bee sand that first impression are impossible to change , i think what important; is a impression are impossible to change. is important knowledge, my central ideas? is what impossible to change, as send on you experience, you need change, the experience most important the livery,

a life preserve in the form a buoyant belt,

has been talk the to admire your experience the your position what your a worm and you strong in every day in you experience is most important. believe in experience,

I grew that at doing stag the impressions are most impossible the impression is what sin mas with host fur the or more ado.

I think been sad that fist impressions are almost impossible to change based on your experience. is important think, because you use this questions for you life is a good man why writhing this verbs examples; he speak the what is impossible change first impressions i think yes change in other things.

is moth important thing the genetically is most important this agree whit the contends impact is expanse every day when you speak a adult you, explain the your expanse what you need in the school in your job or you family what you think what is most importance impression been said?

The has been said that first impression are almost impossible to change. based on your experience, do you doping with the experience in this pass in most important your expanse, impression are almost impossible to change. expanse the impossible to change based said you what important is help the person whey you expanse what you help de you expanse is most importance, a thing the people.

This is a sport has been said first impression are impossible to concentrate, the big poblemam is respite the same question impressions are almost impossible in the communicative is relation the USA conclusion living ' he works as a teacher s much money /car explain: what is importance thing has been said that first impressions are almost impossible to change. base on your experiences... take opposition this is true deceases in important the disorganization the a DEA first impression are almost impossible, to change . base on your this issue. support your response with reasons and specific examples; to make over by reversing the material and reserving a collar or es turbo or balance reserving extra the balance.

I agree because is great question, the most never is subordinate deficit magnet centimeter clippers in the combination based support .

god bless you.                                                                                                                                                                                                                                                                                                                                                                                                                                                                                                                                                                                                                                                                                                                                                                                                                                                                                                                                                                                                                                                                                                                                                                                             ",1077,11,Female,Economically disadvantaged,Hispanic/Latino,test,2,1,1.5,2,1,1.5,2,1,1.5,3,1,1.5,2,1,1.5,2,1,1.5,2,1,1.5
8EC926036A45,First impressions,"Are you one of those who thinks that first impressions are almost impossible to change? Well, let me change your mind. Since some people think that first impressions are impossible to change and sometimes they cannot be change, and some people think that impressions describes how people are, but that is not always true. People might gives us a bad first impression sometimes, but that does not define how they really are. Or some people might give us an amazing first impression and we might think that they are good people, but sometimes it does not be like that, and that is why I disagree with this statement. Therefore I personally think that first impressions does not matter because people might act different when they meet new people, maybe that person was not having a good day the day you met that person, or maybe you did not like that person at first and that person did not like you either, but now that person is your best friend.

Most of the people will act different when you first meet them. You might be wondering, why is that? and I think is because some people might be afraid to show their real personality very soon and they need time to get in trust with new people, and that is why think sometimes they can give you a different impression. Or some people just act different because they trying to give a good impression of them self. For example: When I meet new people I always try to act serious and I give them a serious impression of me, but when I get in trust with them I start to act myself and then its change the first impression I gave them. That's my first reason why I think that first impressions can change.

Maybe that person was not having a good day, the day you met that person and it can happen. Sometimes we don't know when a person is having a good or bad day and maybe the day you met that person, he/she was not having a good day and maybe the first impression that he/she gave you wasn't the best. People needs to understand how others feels and I know you might be asking to yourself, but how do I know if he/she was having a good or bad day? And let me tell you that is not hard to tell when a person isn't having a good day, you can see their face or eyes and tell if that person is having a good or a bad day. For example: The first day of school you met somebody new at your table and that person did not gave you the best impression, but with the time you become friend with that person and he/she tell you that the day you met each other he/she was not having a good day. And that's how the first impression can change.

Or maybe that person did not liked you at first and you did not liked that person neither, and the first impression wasn't the best. Sometimes it can happen you might don't like somebody but with the time they can change your mind with the way they are. People like that can surprised you and can impact your life with the way you think that first impressions are impossible to change, because they can teach you that first impressions does not define what they really are. For example: When I met my best friend I did not liked him and he did not liked me neither, but with the time we found out that we have so much in common. There is when I found out that first impressions not always are the best, but with the time first impressions can change.

If you were one of those who always thought that first impressions were impossible to change. I hope I changed your mind to make you understand that first impressions can be change. First impressions can be change with the time and the first impression not always defines somebody's personality. First impressions cannot always be the best but with time they can be change. However, the day you meet a new person, there are going to present a lot of scenarios at the moment you meet that person, and you are going to get a lot of first impressions, and don't worry sometimes the first impression is not always the best and with the time, it can be change.",726,12,Male,Not economically disadvantaged,Hispanic/Latino,test,4,4,4,4,4,4,5,3,4,4,3,3.5,4,4,4,4,4,4,4,4,4
91D667A03FB6,First impressions,I agree and disagree because every impressions is meaning full for every word to describe your character and it can also show a lot of things when someone is trying to show you something or give you something it is very important because you dont know how much time that person spent doing that or planing that. Because it is very disrespect full and also in a few years when ever you pick up some old stuff or seen a movie that ill remind you of the good old day when that person give you something or shown you something and I know this from experience. Now for the other part it is very different and some people dont like showing emotion or share their feeling and some people likes doing by them self and of course nobody is gonna tell you to share your emotion or feeling because is something you wanna fegurout by your self unless you like to share but thats not point the point is some people dont change when you change something and also some people likes the way how they remember it the same way how it was before.,194,11,Male,Not economically disadvantaged,Hispanic/Latino,test,3,3,3,3,3,3,3,3,3,3,3,3,3,3,3,4,4,4,3,3,3
927D06466966,First impressions,"People say that first impressions are everything and are almost impossible to change,

that if you are aggressive with someone and you just met someone new, the person you just met will think your violent and will end up not wanting to be around you. But others that know the person can say that the person isnt aggressive nor violet and that they were just excited and it was just their form of reacting and that the person their calling aggressive is actually kind and lovely to be around.

I believe that first impressions are just first impressions, that they will just be what the person first thought of when they first met you, weather its bad or a good impression, i honestly believe that after the first impression you have to get the know and interact with the person first,

to be able to judge and decide if you want to be around the new person and keep having their presence in your life or decide to not get to know the person and part ways and have nothing to do with their presence in your life.

some say that first impressions are almost impossible to change because it just cant be done like for example if the person thinks poorly of you when they first meet you and will continue thinking poorly of you or if they think your a bad person they could take cousion to prevent something bad from happening to them and be abel to stay safe or when you meet someone new and the energy they give you is bad and you decide not to see the person again because the first impression they gave you was bad and later on you find out thrum others that the person is toxic and mean and your glade you went separate ways with that person before you got to close to them.

But what if a friend of yours talked bad about someone you haven't met and told you the type of horrible person they were from their bad experience and you automatically have a bad impression of the person you haven't even met and don't know personally how the person is until the day you meet the person your friend talked so poorly about and turns out that the person you had a bad first impression about turns out to be a nice, kind, and incredible person you wished you never thought poorly about because of what your friend told you, and you find out the reason why your friend disliked them so much, but turns out not to be true and very idiotic, so you realize why you should have gotten to know the person first before thinking poorly because of someone's else experience.

In conclusion i believe that first impressions are just first impressions because it's something you could be wrong about by just judging them by the way they dress or the form they react to something and later find out that they have a good heart with no flaws.            ",483,12,Female,Economically disadvantaged,Hispanic/Latino,test,4,3,3.5,4,3,3.5,4,3,3.5,3,3,3,4,3,3.5,4,3,3.5,2,3,2.5
999F3229AC57,First impressions,"It has been said that first impressions are almost impossible to change. It's impossible change the first impression because is a things that you have done, and is impossible to fix is because when you get impressed by something you will never go back and change it. The effect produced by impressing is a result of a physical contact. a characteristic trait can get it by sense, feelings, and mind I agree with these statement because when you get impress by something you cannot go back and fix it

The first effect produced by impressing is sense, specialize or mechanism as sight hearing, smell, taste or touch. That involves the action and the effect that makes your brain to imagine things that you are not seeing around you. Feeling response to a person or thing that moves around you, and applies any response response or awareness that your body feels, like a sensation specify through the sense. Your mind can reminds you something that you have seen before, and you make an impression when you reminds the person or things that you saw before, and whats you seeing.

The second thing of impression is characteristic trait, like feature results from influence that makes a characteristic effect of change or improvement, how your body is going to react so you have to think before acting to cause a good impression and some people make a bad impression when they meet someone and that makes the person look bad, because you was thinking images that you have seen before and you compared to the a person, and you create images in you head impress on the sense or the mind.

When you get impressed by something, is because you either have seen it before or a person who looks nice and good, like when you see it you get impressed by how they look. Sometimes you mind looks the past like a material printed in photo and makes you remind a copy when you remind it makes an impress, because you seeing others people doing it before. Depend on how you make or react in a impression, you will never go back and change it,

because is something that you have done it either make the person look good or bad, in past and you can never go back and fix what you did,

In conclusion I think that all people should think first and the act,sometimes our brain make things that we have done before and your brain image.

all characteristic traitecause is how your body reacts when you meet someone, and your mind compare an image from the past. so I think that expression something that is impossible to change because you cannot go to the past and fix the problem  ",434,12,Male,Economically disadvantaged,American Indian/Alaskan Native,test,3,2,2.5,3,2,2.5,3,2,2.5,4,2,2.5,2,2,2,3,2,2.5,3,2,2.5
9A1897B5D29F,First impressions,"Generic_Name was the new girl in school. On her first day of school she tried to make friends but there were some rumors circling the school of Generic_Name fighting with a girl. Suddenly a boy sat with her at lunch and they talk and talk and became best friends and everybody in school give her second chance to fit in.

These is why first impressions are possible to change or be forgotten,

People should be able to change first impressions with getting to know the person and second chances.

Getting to know the person is one of the most important things. Sometimes people judge by the appearance and it really hard to deal with that. Imagine these girl being judge in her job just because shes always late but the real story is that she dosen't have car and she haves to walk to her job everyday and nobody knows what shes going through. That way u can help her or just relate through the things shes going maybe console her. Imagine going to a job interview and they judge you by the way they look like but that person is a really hard worker, Intelligent and very passionate. These person has tried so many times to work there but the agencies only cares by the looks and not the skills. This is very sad since they let go people that really want to work and give it all to these type of work. That's why you need to get to know the person before judging.

Giving second chances is about people trying to see who you really are and what can you give. People sometimes giving a first impressions they don't have the best luck. Imagine being on a TV show and you where nervous and your first impression was super bad but the judges give you a second chance because sometimes being nervous dosen't show what you are really capable of.

Sometimes people try to be someone their not to impress the people but that dosen't work all the time. These friends called Generic_Name and Generic_Name stopped talking to each other because one of them was really fake. One day the Generic_Name decide to give Generic_Name a second chance and everything work out really well since then. Thats why giving second chances is very important in life since people can change. In pass of the years people can changes that's why first impressions dosen't matters.

I disagree, I think that the first impressions can be changed and forgotten. People first impressions can be changed with a second chance by letting the other person show who they really are and getting to know the person before judging . ",422,12,Female,Economically disadvantaged,Hispanic/Latino,test,4,3,3.5,4,3,3.5,4,3,3.5,3,4,3.5,4,3,3.5,3,3,3,4,3,3.5
9C7E63994A83,First impressions,"I will said i'm agree because, the impressions if you do something really bud you can't change. for example, when I'm looking for a job, my impressions have to be the best for the job I'm looking for, when you have a interview with the person or manager attendant for restaurant,

or wherever is the job can be.

The impressions on myself have to be positive, cooperation, friendship, like when you want that position in the job.

The impressions, when you visit the family of the girl, you want to be date with that person, have to be really respect, kindness.

The impressions in real life, we can change but almost everyone on this world have bud moments, or problems in home. But in this case we can know sometimes we have bud moments in good moments, like in the real world.

I will said the impressions in home or tow home have to be different special when is children in home.

When you are outside home you have to be respectful, with the people because they can be angry for that, because maybe they are religious, or they have children, or maybe are children around that place. If can say bud words because the children can listen in them they are going to repeated.",195,12,Male,Economically disadvantaged,Hispanic/Latino,test,3,2,2.5,3,2,2.5,3,2,2.5,3,2,2.5,3,2,2.5,2,2,2,3,2,2.5
9DCB6309A010,First impressions,"Forgetting first impression its almost impossible to forget.

It has been said that first impressions are almost impossible to change. Base on knowledge and scientific research, it is impossible to forget the first impression someone has had for something or somebody. People forgetting an important event in their life like their first job or their first trip, its similar to forgetting the first impression someone has had. There are two main reasons why people cant forget the first impression and why people can forget the first impression.

To begin with, having the chance to forget the first impression does not exist. To preserve a memory means to keep it as it is, and dont leave it. This is in everybody's life and it also depends on the strength of the impression it made in the person's life. Demonstrating how strong the memory is to not forget it applies to what does it mean in the person's life. Normally, first impressions are always impossible to forget but there is there is one chance of not remembering because of how important it is and the impact it makes in the person's everyday life.

Furthermore, to forget the first impression means lots of distractions are affecting the person's life or new and stronger impressions are getting into them. For example, an student with high level of academy in school just got an F in one of her exams, she could not assist because an important member of her family has had an accident and was interned to the hospital. When she first saw the scores she did not care about the exam or the first F she has gotten, she only care about her important member of the family will be. This example proofs the reason, someone cant keep the first impression if another impression is stronger and more hard to forget.

In the other hand, people believe that first impression are easily to forget. They say it is easy to forget when people stop thinking of it. Many people agree with this statement and another portion disagree because they understand the fact that it will stay forever if they start thinking of it again. They argue that stop thinking is the best way and the only way someone can forget their first impression because they understand how hard it is to forget something that you didnt expect it to happen, so they strongly support their position and people believe them because there are not other solutions that can help forgetting the first impression that a person has had.

In conclusion having a memory that will stay on peoples' mind could not be a good thing. First impressions are impossible to forget but there are ways to not think of them and one of them is to have an stronger and good impression that will help to not think of the non-liked impression. People affirms that stop thinking is the best way and the only way someone can forget their first impression and they take an strong position on the issue. Saying that first impressions are almost impossible to change its true and it will stay like it until people find a better solution to forget it.",530,12,Male,Not economically disadvantaged,Hispanic/Latino,test,3,4,3.5,3,3,3,3,3,3,3,3,3,2,3,2.5,3,3,3,2,3,2.5
9E59DA563201,First impressions,"I must respecfully disagree with you on the first impressions are almost impossible to change. I feel that human behavior is very impossible to hide and sometimes to behave inappropriate can have a very bad judgement. However to show a bad experience infront to other person can reallly help you to have a point of view on what you can grow and progress, This point of view will help to must maintain a good relationship between them. Eventhough impressions can really affect some people in interviews and as far as know people use to get nervous and not have chemistry in both parties, But this do not means you can change their manner of thinking about you, showing them how is your development in your work will be.

First of all I strongly believe that impressions are just an small thinking from other people to your personality, which reflect how your behavior was in the pass, people who will stand their opinion in the future if they are still around you to tell. impressions that will remark you as many ways for example: when Generic_Name interview his new employee Generic_Name. He was very happy and use to talk a lot, but now everthing has change with him, He become very quiet and not always happy as he was in the beginning in his interview.

Secondly based on what i know people always have certain characteristic about one to another. it is like saying a got stop from a police officer, what would be my firts impresions about my officer? when i think about ""police"" what comes in my mind is that they will arrest me or put me in yield. which i know that situation is not going to happend, Regarding i just going to get a ticket to disobedie the authority which makes my impressions wrong.

Equally important first impression are not going to show who really you are. when a person meet any other persona at any places. this person is not going to have an idea how the personality of the other person is, Because every person is very different in their on way, Your impressions are going to be what you see and not what the person really is. Speaking for myself I use to salute with a simple ""hi"" and even said ""whats up"" to my teachers or any older people, Which i learn and gives me an upper hand how important is to use the corresponding words to be more cordial to them. My teachers now are very proud of me because they see how i have change.

In conclusion impressions is not only what you see, It is a judgement too, This arguments became from people when they first meet you. Behavior is a huge part of this situation which can be inappropriate or appropriate at any moment, and it will be a mark as a good or bad experience. I definilly believe humans have the power to correct their actions in every single form. ",490,11,Male,Not economically disadvantaged,Hispanic/Latino,test,3,3,3,3,2,2.5,3,2,2.5,3,3,3,3,3,3,2,3,2.5,3,2,2.5
A0C5D3BB735F,First impressions,"First impressions are extremly important in today judgemental world. researches and other experiments show that is takes less than thirteen seconds to judge someone based on thier first empression, that includes hairstyle, dress, generally anything they can see from your apprenance in thirteen seconds. Its also been said that It takes meeting a person twenty times in different occasions to change your first impression judgement on a person. Eventually, I can relate to this topic and I agree that first impressions are almost impossible to change. I agree with this statment because its time consuming, thier will be lack of confidents, and people tend to stick with what they get to know first.

Lets begin with time consuming, as I said in the beginning it takes more than twenty times meeting somone in different occasions to change your mind after thier first impression and that can take more than a month. For example, as we all know when approaching a girl or a crush, first impression is important. So by the time someone goes and talk to a girl she already has her first impression on you in mind on how he approached her, how he dressed, and how he smelt. So if the boy had a bad first impression he would have to meet the girl more than twenty times to make her change her mind and if they boy gets a chance to meet her atleast ones a day it would take him atleast twenty days so now that boy has lost his time managment over changing his first impression. so In my opinion, first impression is a hard thing to change it can also make and indiviuals like terrible.

To continue with, their will also be a lack of confidents because after having a terrible start or first impressio, people tend to doubt thier self and start thinking that they might not just be good enough.

For example, when I first tried out for Generic_School soccer team in freshman year I had a bad start or a bad first impression for the coach. Even though I worked hard enough for the next try out, I still kept saying im not good enough for that team so I never went back to try out. That shows how I lose hope on making it to the team.

last but not least, people tend to stick with what they get to know first. this is something common that happens on the daily base while meeting someone new or at an interview. For example, At an interview if they empolyee comes in ten minuties late the interviews will think that that persons has no respect for thier job if he comes late so thats a quick lose of a job, some places won't even want to hear what that person has in store that can help thier company. Another example, I meet a guy at the beach named Generic_Name so few minuties after I meet him I heard him say that he is number one at anything again and again so iI didnt even bother asking him to show me what he was number one at, I just cutted him loose. That shows that some people tend to stick with the behaviour they see first then decide if they want to continue thier life with them.

Somesay, first impression are impossible to change becasue everone makes mistake in life and deserve to get a second chance to correct thier self. For example, when trying out for you soccer team, a player can have a bad start but they deserve more chance to show what they have in store.

I strongly disagree with that because its a high competition and from everone trying out only twenty two players get to make the team so it would be impossible to get plenty of chances in this kind of situation. And aslo in life we don't always get a second chance.

In conclusion, first imprssions are one of the things that are hard to change so people need pratice more on that specific skill.",659,12,Male,Economically disadvantaged,Black/African American,test,4,4,4,4,4,4,4,3,3.5,3,4,3.5,3,3,3,4,4,4,3,3,3
A309FD0EF7E0,First impressions,"Its isn't impossible to change the first impression of a person. Because an impression is an idea, feelings, or opions that can effect and produce on someone. First impression can be a good or bad way to meet. Humans have many ways to react for a good/bad first impression. This first impression could be like going on your first date, going to in interview, or going to perform your first concert on stage. Feeling is a great part of a first impression. its can prevent worse stuff from happening.

Stay calm and have your feelings in check. For example stay calm when talking or meeting a new member, don't be nervous, and always be happy to be there. For some of us it is difficult, others just have a great and positive energy. For those who does't. Creat mistake and start asking themselves why is there first impression came out as a fail.

Always check your mistakes. For example check your clothing is on check and no stains. Their is always a second change and hope for a good impression just give out a good enough effort to it. Give out good vibes. And before going out to whatever you are going to attend always double check it is important cause you don't want any bad impression while going out.

Have a nice and great attitude. For example having good manners is great for a good impression this could change of what people could be thinking of you. Be excided and polite to others. there are so many ways to change a first impression even if its a good or bad.

Some people have agreed that first impression is almost impossible to change. For example what you did was already made, and you can't change or go back to it. But for this i would say you can go back to it. And yes you can't go back and fix it, but you can always check you mistake for is. Ask anybody for help, or just remember your past event and tell yourselves what did you do wrong.

We all have our own thoughts and opinion to deciding if we can ever change are first impression. i have decided we can. It all depends on our reaction to it and most importantly your manners. Think twice before you do something. And if you have decided you still can't change your first impression all i got to say is give it all you got. Make this a goal of yours. stay calm and don't be nervous and a great positive attitude.                     ",430,12,Female,Economically disadvantaged,Hispanic/Latino,test,4,3,3.5,4,3,3.5,3,2,2.5,4,3,3.5,4,3,3.5,3,2,2.5,3,2,2.5
A871678F9C06,First impressions,"Would you like people to think you are a bad person when your not? Have you ever been judged just cause of the way you look? Some might argue saying first impressions are who they really are but it isn't really true. I was once that person who everybody would judge. Just cause of the way I dressed , looked and rumors. At some point they would call me harsh names like beaner. When it comes to first impressions you should just be yourself. If you lie and try to be someone you aren't it makes you look like a horrible human being. Some times first impressions aren't always perfect, but then again no one in this world is perfect.

I remember when I used to walk in my neighborhood I used to always get harassed by the police thinking I was sinning. Just because I have tattoos and wear big baggy clothing . Until they started to notice that I had manners and wasn't no trouble making kid. Just because they look like a trouble maker doesn't make them a trouble maker. Another example would be when my Assistant Principal hated me. I would be in his office every week with endless referrals. Until one day I noticed I was making myself look like someone am not. I was hanging out with the wrong people. Generic_Name sat me down and had a talk with me saying he could tell I was a sweet kid with manners I was just in my teenager phase. After that Generic_Name started noticing I was a good kid with manners who wanted to graduate. He gave me a second chance and has liked me ever since. We shouldnt judge a book by its cover.

I've had personal experience with people. I disliked this person who is now my friend till this day. I judged him by the way he looked and talked. He would try to be someone he wasn't but little by little he started showing his true self and it made me realize to never discriminate someone by their looks. Always give people second chances even if they really made themselves look bad the first time.

Its the same thing meeting someone online. You don't know the persons attitude and personally till you meet the real him. So, dont be a stereo type and judge someone cause one day somebody is gonna judge you and your not going to like the feeling of knowing there are rumors of you knowing they aren't true.

A lot of people judge one another on their pass. But, people change throughout their life. Although they did crimes or you heard rumors doesn't always mean they can be true. We should always give each other chances to get to know one another.

I absolutely disagree with are first impressions impossible to change. Not everybody is perfect. Not even the person judging one another. We are all human beings who should be treated equally.

Even if somebody does judge you, you should always be the real you and not care what one another thinks. Dont be a hypocrite and judge someone knowing you yourself makes mistakes and isn't perfect. Someone is going to dislike you off your first impression and you wont like the feeling it comes with it.",553,12,Male,Not economically disadvantaged,Hispanic/Latino,test,4,4,4,4,4,4,4,3,3.5,4,4,4,4,3,3.5,3,4,3.5,3,3,3
A90B2C92134F,First impressions,""" It has been said that first impression are almost to change."" I should to said that when we start something new sometimes the change sometimes hasn't. Trying do it as a begging start be care full are think about before do it the don't need change later are change mind most of times that we damage our self because we learned new the that we did which is good mistake.

Interdiction, I should said"" it has that first impression are almost impossible to change."" the impression is the act or prose of impression. The effect impossible mark of feeling or image retained as a result of experiences . All indistinct nation, recollection, or belief. All the copies of the publication printed at one time from the same set of type.

Paragraph#1 I would said i'm not agree with this statement because we are human obviously we sometimes we doing mistake. As said first impression impossible my oppion not all the time because for some people is hard to the have a difficulty with a lot of problem that take time. for some people is easy for some people is hard might be make disopionte the hut feeling that each person is different methods different way are different personalty. any thing we doing that we learn experience.

paragraph#2 As said the first impression which really nessary in life we face a lot of difficulty we have to be strong and be self confidence that effect our life. when we starting new before start i have to be care full if in the begging a start with confidence show our personality.

conclusion, "" it has been said that first impressions are almost impossible to change""

we never give up in the life always be self confidence trying our best we starting thinking be care full that never disappoint about what did first impression which is really important life is hard we face with difuclty time we have to be prepare our self and face with them if we give up never engage in are resive achievement.    ",311,12,Female,Economically disadvantaged,Asian/Pacific Islander,test,2,2,2,2,2,2,2,2,2,2,2,2,2,2,2,2,2,2,2,2,2
A95281B6AAF0,First impressions,"First impressions are hard to change. I agree that It's important to have a good First impression. you never know who you're going to meet in the real world.

Your future life depends on it. First impression are every important .

Base on my own experiences you always got to make a good impression no matter what. That's how my mom raise me.

The reason why is you never know who you're going to see and meet in the world. It could be your future wife or your new boss. Things like that you have to look decent. that's what my mother told me since a young age .

Until now I take her advice serious. Also I tell my friends the same advice that my mother told me. I have this one experiences when my boss went to the store. While i was working and,I havent meet him so it was my first time meeting him. I approach him first and said hello with manners. Right from the start I made a good impression on him.

I have a friend who wakes up late in the afternoon and sometime doesnt brush his teeth from time to time or showers. His parents get angry when him. When he doesnt listen to them. when they tell him to shower or brush his teeth. He throws a fit at them and argue with them.

Im the friend who tells him the advice my Mothers told me,But he's hard headed and doesnt listen . He's not really successful in life.

First impression are a huge part of life. It's like your life depends on it. that's how you get people to approach you or talk to you. However if you don't take my advice your going to be just like my friend unsuccessful. I learn from my own experiences. First impression are every important.",288,12,Male,Economically disadvantaged,Hispanic/Latino,test,4,3,3.5,4,3,3.5,4,3,3.5,4,3,3.5,4,3,3.5,4,3,3.5,3,3,3
AC641CBD4DE7,First impressions,"Hello my topic today is if the first impresions are inpossible to change, well on my opinion i think it is but it really depents on some type of details that i going to tell you, well at frist fisrt impression rether it was good or bad impressioin both of them can change. How they can change it well lest said for example is a good impression like love example: you be walking around of a mall and you saw a person it can be female or male and your heart start beating so fast and in your brain you think of getting her or his phone number so yuo can tlak to that person. but what about if that person show you that don't want anything seriuos with anybody and you see that peson kissing and playing with others differents people, from that time you will think and your heart will stop feeling the same feeling that u feel before for that person,and now you not longer feel the same impression as before.

There is many types of impression for example; good impression,bad impression,and more is is importan to know on which way does the impression are because sometimes feelimng can be bad intepretate with action,and we end uo lossing our self.

is ismportant to know what kind of impression you going to recive and wich you going to give be cuase you don't want to give a bad impression to a someone that you may not know and like it,but is really good to give great impressions to others people that way they don't said anyhting about you and you will have a good pesonalty.

keep trying to give just good inpression that way people be close to you and you can socialze with other more,given a good imoression is not always good aswell given good impressions is not aways good either. but yeah impressions can be change ys they can it just depent on what kind of impression you give and what kind of impression you recive.",324,12,Male,Economically disadvantaged,Hispanic/Latino,test,2,3,2.5,2,2,2,2,3,2.5,2,2,2,2,2,2,3,3,3,2,3,2.5
ACCB25B78915,First impressions,"The first impression is the most important part, when we are going to met one person for the first time that maybe is impossible to change, because is one of the first thing that people see of you that maybe you can change in the future and demonstrate who you are, because if you tried to appear something that you are not in that moment later always the true come out.

I am disagree with this statement because not always is impossible to change your first impression, maybe the first time that you met someone was not the best or you was scared about what others going to think about you,

but that is not mean that you can not change everything, if you start again and let others know your characteristics and know who you are that is going to change, the first reason is why people pretend to be different is to convince others to be someone else at first, and let others judge without know anything about them and make their own conclusion.

for example when you apply for a job, your trying to impress the boss of the job because you want the job but at the same time you try to make he thinks that you are one person that you are not, when the time pass, he saw your true personality how you are, that is where you have the opportunity to change the first impression of you and demonstrate your abilities and how you can be there, everyone has the chance to change everything and start again.

Based on my experiences, when i know that i am going to see one person for the first time i try to look good and be myself, because the first impression that i want to let them know is that i am secured of myself and i do not have to pretend to be someone else, but when i am going to met someone try to make them to be them self and if they pretend to be another person, i can give it to that person the opportunity to to change.

In conclusion,

The first impression is important for someone people but not for everybody, i think that if we make a mistake the first time we have the opportunity to change everything, start again and demonstrate who we are, that is why i am disagree with the prompt about that is impossible to change the first impression because everyone is nervous that day and they can make a lot of mistakes, but that is not a reason to do not understand and do not give another opportunity to demonstrate who they are in reality.",426,12,Female,Economically disadvantaged,Hispanic/Latino,test,3,3,3,3,4,3.5,4,3,3.5,4,4,4,3,3,3,3,3,3,3,4,3.5
ACFF5D0AA57C,First impressions,"It has been said that first impressions are almost impossible to change. Whether it's on the way you feel or see things first impressions always come to mind whenever you meet someone, or see something that caught your attention. It is almost imposible to forget what your first impression was when you first saw and meet that person. Many ideas could've crossed your head on how you felt until you got to know him or her better. Whether they are positive or negative thoughts they always show up. ""he/she looks mean"" or ""I don't think im going to be friends with him/her."" This are one out of many ideas we all have ones thought about.

Through out my life I've met people that I thought I should keep away from, people that when I First saw them I didn't wanted to hang out with because of the way they look. Like many people I start to judge them in my head on whether this person seems nice or this person is just not the type of person I want to have. Many times without me knowing nothing about this person I start making up ideas on why I should hang and not hang with this person. But after getting to know this person and start to hang with this person, I realize that he/she is not as bad as I thought it would be and that it was me all along confused on how I should really feel about this person. I've learn that first impressions will always come up no matter what and that those are there to alert me in case this person is bad or nice.

Many of my friends always come to me complaining about this person they just meet and how they both feel like they do not like each other because of the way one looked at each other or because he or she didn't talked to them. Always have in mind that if you just met somebody they might be shy to talk to you or some people are just not the ones that like to talk a lot, but that does not mean they don't like you or they don't want to talk to you, always understand them before you make a comment. For example: One time I went to the store to buy some products for my hair, while I was walking around trying to find a good product I came across this conditioner for my hair, and I open the bottle and took a sniff at it, it smelled so bad that I did not wanted to buy it, but my mom told me that not just because it doesn't have the smell I like means that it sucks, so I took it home with me and I started trying it on my hair and it turns out that is the best product that best works for my hair and until this day I still use it. Not just because something doesn't appear good to you means it sucks. Always give it a try.

First impressions affect you in any way, good or bad, they still affect you and all of us. First impressions always change in a good way or a negative way. Some good ways came be you thought you wouldn't like that person but it turned out you both have many things in common, or when you buy a product that you don't think it's going to work or you just don't like but it turned out being so good for you. A negative way in which it can affect you is in the way you see things, that person can be very nice and quiet and you can confused it as she not wanting to talk to you. It can affect you in many good ways but it can also affect you in a bad way.

eighty percent of the people agree on first impresions being almost impossible to change because they haven't fully meet this person. They don't know nothing about each other so it's always okay to have a negative or positive thought in your head about this person you just met. But it does not mean that you are right.

Some examples are: You don't know if this person is good and its trying to be your friend. Another example: you probably think this person is bad but you never know until you really get to know this person and who they really are and that can easily change as soon as you get to know them.

Lastly another example is: this person can be helpful and supportive and you thought this person had other intensions. First impressions are always the ones present. Not everybody is the same, not just because you thought something, makes your thought right but it doesn't make it wrong either.         ",784,11,Male,Economically disadvantaged,Hispanic/Latino,test,3,4,3.5,4,3,3.5,4,3,3.5,3,3,3,4,3,3.5,3,4,3.5,3,4,3.5
AD969002FA6C,First impressions,"So its been said that having a first impression are almost impossible to change, but why? I feel that once you give your impression towards something it shows basically what your probably thinking or what you maybe feel about that certain thing. Trying to give a first impression is not also easy , you have to make sure everything that your doing is correct and that you know nothing is going to go wrong, because thats something people won't forget .

Job interviews is one where you have to impress the owner or show the owner that your capable and that you are perfect for the job. Also when you go on dates , you have to show that partner of yours how interested you are of them and also show that you care and would like to be together with that person . So that the significant other could feel that you care for the relationship and that you would do whats best for that relationship, in order to get that good impression .

Impressions are a big part in life because that's what people look forward in seeing that you do great . Once they have that impression of you, they won't change what they saw . There's always someone that looks up to you that you may not know, but they expect the best from you. That's why its always important to think and plan things out before you do it because you never know who is watching or where it could get you .",243,12,Female,Economically disadvantaged,Hispanic/Latino,test,3,4,3.5,3,4,3.5,3,4,3.5,3,4,3.5,3,4,3.5,4,4,4,4,4,4
AE31275EE38F,First impressions,"It has been said that first impressions are almost impossible to change. The first imperssion live inside the people, until if the people move from Society to other. Some people said that first impressions are the measuring of people's behaviors. When someone lived with something, he can't change it because it was keep inside him. First Impressions are almost impossible to change because it living inside you, it keep on you, it create by you.

First of all, the first impressions living inside you. For example, when someone live in good society, he will growing as a good person, and the good will keep inside him. First imperssion will be your behaviors. Another example, if you growing in family that love the peace and love to discuss about any problems without anger or fighting, you will own a good behavior and people will respect you. The person who live with something as first impressions, he impossible change it.

In addition, the first impressions growing with you. For example, if you grow with something, you will not leave it or change it. It is difficult to change something you know it along your live and you have relation with it. The first thing you grow with you will never leave it or change it. For example, when you grow with your dogs from you was kids, and your dad said change this dogs or leave to go you will do it? No because you and your dogs have a strong relation in this like the first impression which growing with people.

The most important, the first impressions created by you not by one else. For example when you create your special impressions inside you, you impossible change it because it ran inside your heart. When someone create something inside him it is difficult to change or remove as first impressions you can't change it or remove it. Some people said when you create something, you will describe in the best way and will never change it. The something you create inside you like first impressions is the most things you will pride for it.

Some people argue that first impressions possible to change. They say Impressions change if the person move from place to others and the experiences during his life. This may be true;however, if the person still in his place and he not move from place to others. In addition, the first impression never change if the person live his life in one place and he not move to others place. The first impression impossible change because you always remember it.

In conclusion, first Impressions are almost impossible to change because it living inside you, it keep on you, it create by you. First impressions living inside you. For example, when someone live in good society, he will growing as a good person, and the good will keep inside him. the first impressions growing with you. For example, if you grow with something, you will not leave it or change it. the first impressions created by you not by one else. For example when you create you special impressions inside you, you impossible change it because it ran inside your heart.                                                                                                                                                                                                                                                                                                                                                                                                                                                                                                                                                                                                                                                                                                                                                                                                                                                                                                                                                                                                                                                                                                                                                                                                                                                                                                                                                                                                                                                                                                                                                                                                                                                                                                                                                                                                                                                                                                                                                                                                                                                                                                                                                                                                                                                                                                                                                                                                                                                                                                                                                                                                                                                                                                                                                                                                                                                                                                                                                                                                                                                                                                   ",1984,12,Male,Economically disadvantaged,White,test,3,3,3,3,3,3,3,3,3,3,2,2.5,3,3,3,2,2,2,4,3,3.5
AEDCDED235E6,First impressions,"based on my lived experience, I disagree with this statement because there is always a way to change your appearance. Impressions are easy to forget but hard to remember.

First of all,

some people believe that first impressions are almost difficult to change but, they are incorrect because there is always a way to change my appearance. For example, if today I sold everything at my restaurant.

I'am so happy because I get a lot more money than yesterday but what happened if I would not sold nothing. my impressions were different, my mood maybe were sad,worry,mad that is why I think my appearance are not the same every single day.

Secondly,Impressions are not difficult to change because I can be sad right now then I can be happy that is why i think there is not way to impressions are impossible to change also sometimes the appearance lie, I can be a good person helping homeless,building schools,give money poor kids. but, what they do not know is that I'am a bad person in my city, i drink alcohol, I do drugs. for this I said that impressions lie.

Finally,I showing the people that I'am a good person when in reality

I'am not, because I can be two face. For Example, Generic_Name and I are friends but I like Generic_Name's girlfriend and I want to make Generic_Name broke up with her. so, I'am not a friend . for that I'am argument this statement, us as people we have to understand that first impressions are easy to change.

in conclusion,some people believe that first impressions are difficult to change but in reality I do not think it can be hard to forget because some people feign what they are not. I can be two face. Generic_Name and I are friends I like Generic_Name's girlfriend is might a good friend no because I'am loosing my appearance.     ",274,11,Male,Economically disadvantaged,Hispanic/Latino,test,2,3,2.5,2,3,2.5,3,3,3,3,3,3,2,3,2.5,2,3,2.5,2,3,2.5
AF300B6AE444,First impressions,"Generic_Name

Generic_Name

English eleven

It has been said that your first impressions are almost impossible to change. Your first impressions are what people seen on you and that is what they will always remember of you. Based on my experiences as a worker, traveler around the world also as a soccer player. I agree that it is impossible to change your first impressions. But, some people think that you are capable to change your first impressions.

First, it is impossible to change your first impressions. Because in the businesses world, when you apply for a job, must of the manager or owner require an interview. Your first impression, your dress and also your personality will determine if you will be hire for the job. For example, when I applied at Pancho Villa Mexican Restaurant I have been interviewed by Generic_Name. Generic_Name hired me as a server because I dressed appropriately (white long slim, red neck tie and black shoes). Few months later I was promoted as an assistant manager.

Second, most of people recognize you from what you have showed them at your first impressions. When I moved from Generic_City to Generic_City, most of the people recognize me because they have been amazed by my soccer skills, the first time they saw me. From there, people started talking about me because I speak three languages and about my magical soccer skills. Good impressions can provide you lot of friends and fans.

However, some people disagree about the fact that it is impossible to change your first impressions. They believe that it is possible to change it, Because we have the ability to change and to improves every day and learn from our mistakes. I don't agree with them, because no matter in a good or bad way people will always remember your first impressions that is how they knew you and it is impossible to change that.

In conclusion, your first impressions are how people will remember you, it will give you more chances and opportunity to find a job and to be hire. Your first impressions are what will determine how people will react with you and support you when things are going good or bad. The keys of your success are your first impressions. ",370,11,Male,Economically disadvantaged,Black/African American,test,4,4,4,4,3,3.5,4,4,4,4,4,4,4,4,4,5,4,4.5,5,4,4.5
B098129D04CD,First impressions,"Do you remember your first impression? Do you would like to change your first impression? My first impression was very beutiful, I would like to get again this impression and I won't never change it. My first impression was happinest. Happinest becuase my feeling was growing up more and more every time. Also is hard to control this impression. At this time i got the same sensation.

Nervous beacuse I never got this feelings. Anguish to could feel this sensation that cross for all my body feeling me as a baby boy. My happinest is thank for my first impression that today I have. Possible to this feeling back

Do you think that the first impression is important? Some say that the first impresion were good and bad, but I am agree to to feel this senstion because that was the best and I would liike to repeat again and any impression that the life want to show me I will be apreciate that with all my heart and soul. In the future, I will see this if this world going to show me again this fabulous impression. I will take with this happinest with a big smile and I will never give me up to feel this happinest and beutiful impression. Never say that is impossible to change your first impression. Sometime is could be hard to change it, but all in this world you can change just the death you can't change, but make your best to get better impression on your life.

Therefore, everything in this world you can change because nothing is impossible to change it.",257,12,Male,Economically disadvantaged,Hispanic/Latino,test,2,2,2,2,2,2,3,3,3,2,2,2,2,3,2.5,3,3,3,3,2,2.5
B1CA034332A7,First impressions,"I

mpressions

Imagine, each person have different impressions like when they know bad things that is happens in their life or great things that makes them to have a fantastic impressions. I am disagree with this statement because it is probable that each impression that we have is based about the things that other peoples do. Probably you can have many impression about something that you believes that is terrible but you can investigate about it and get a conclusion that is not why do you think so your impression can change, it's not impossible that the impression can change.

First, it is possible that we can change ours impressions when we see something that it is good or sometimes that it is bad. Sometimes we think that all the things that we see are reals but we never understand what it happening in real life. Also the first impression that we have about other person it is not great because we don't know how is the person or what they want so we said bad things about them, we need to know the person first and share many things with them, later we can justify them. Sometimes the bad impressions are not good, because some peoples have problems with their health and when they know something that is so bad they have depression or other things that makes them be very sad or they don't want to do anything.

In life we have many impression that are incredible, when we have a opportunity to get a great job, we have the best impression when we are in there, we see how is the place, the things that other peoples do, we can share with other persons and it is great, but we can change with the time because the impression that you had in the beginning it is not going the same, maybe now you have problems with your friends in the work and the impression that you have about them it is not the same. It is easy that we can change the impression that we have about the things or the person that you consider your friend.

In the beginning of the year I had a friend and I had the best affection about her, In my opinion she was the best friend that i had but with the time she changed, she was bad with me, she did many bad things about me, so my impression was other, I don't know if other peoples think the same because my impressions changed fast when i see things that i don't like it. In the same time i was thing that she was not a good friend ""why she changed with me"", i was sad because the person that a considered my friend and now is a simple person. It is weird that the impression that you had in the beginning about a person it's going be the same.           ",530,12,Female,Economically disadvantaged,Hispanic/Latino,test,3,3,3,3,3,3,2,3,2.5,3,4,3.5,3,3,3,3,3,3,3,3,3
B399950925AB,First impressions,"I desagree with this statement because you kow new things come every single days. Also, you can change any time your impresion.

Firt, not always the first impression define your ideas and not need stay in your memorie, you can change when you has good or bad experience in your life. when you has always in your mind bad things bad things will happed ,

you not forget your first impression you always living with scary for somethings to do it.

The life change anytime and your need know new things come you need stay ready for improve or change your bad impression. Some case is very hard forget your firts impression because maybe was too bad or was very good but you need know not always will happed the samethings maybe they will be more better.

Finally, the best things or way that you can do it is forget the first impression was bad. Some people living frustrate in their life and they can live good life.

The first impression not difine all your life just one period of time maybe was good or bad but, was only one time so, for living a great life you need forget the all bad things and serching for a new things a new experience that they give to you good ideas and you know how to do it and one same case during your life",216,12,Male,Economically disadvantaged,Hispanic/Latino,test,2,2,2,2,2,2,2,2,2,2,3,2.5,2,2,2,2,2,2,2,2,2
B46BF4562D6B,First impressions,"It has been said that first impressions are almost impossible to change. I'm agree that first impressions are almost impossible to change. we all have different personality like some people are shy,some are scored, and nrioues people that can't talk to people. It is hard for someone who beaning living in different air and go to a new place then the get under presser taking to new people.

First, that people are getting shy because they have some think to say but they can't say it, they think that they will get recite,and we feels that people will not like us. Their alts of people that thinks the same. We all should try talk to the people not get shy .

Second,they are people who scored tliking to people because they thinks that they slap them,some going to say some bad words to them,and they make fun of themslfe. People should not deselects the people who are scored taking to another people. We need to tell them that in this would they are many different people so dont be scored taking to people.

Lastly, we get nrioues taking to people beacuse we think that they will igorne us, they will not like us, and they will not listens to us. So if get noures it is fine but don't give up not tiking to people. if we say can do then we can do it, so always do your best don't get nourse.

It has been said that first impressions are almost impossible to change. It is right that first impressions are hard to change because some of us feels like jerk taking to people,we think that we can't not talk to new people around us, and some of us just does't want to tlik to people. I got it that some of us have different minds set, it does't mean that we have to be alone. If you don't get up and talk to people how well you get friends and confesds.",301,12,Male,Not economically disadvantaged,Asian/Pacific Islander,test,2,2,2,3,3,3,2,3,2.5,3,2,2.5,2,2,2,2,3,2.5,2,2,2
B530147A7445,First impressions,"i agree beaches when you have your fires impressions is going be in possible to change it and it said when people try so hard to change it and they no they cant no mater how hard they try,

and sometimes things go as will and some people impressions go will even if is the fires time''

i remember when it was my impressions i was back in Generic_City and it was so sad in that time:

my cousin pass a way and i was so Said so that make mt impressions hard and said but when i got here my impressions was so better and i was happy in my life for now.

and thank you for riding my prompt",381,12,Male,Economically disadvantaged,White,test,2,2,2,2,2,2,1,1,1,2,2,2,2,2,2,2,1,1.5,2,2,2
B60679ACA7C8,First impressions,"I disagree because people have all type of impressions it could be be moodyhappy,sad,or either angry so it is possible to change however when you meet a person obviously your giving them some type of impression to see what they think about you.

Some people really have trouble you know trying to keep their impression into a good position so that when the person meets you for the first time they could say wow she/he is a good person and talk nice about you people like to have someone you could talk to about anything you would want them to think oh this person is crazy you want them to think good things about you.

I've seen people with bad impressions for example at their jobs they've gaven me bad attitudes so i just sat there and looked at her and thought to my head wow she is really rude all the people would say is why does she work if she's gonna treat her customers with disrespect.

I still disagree because i know people could change their impressios not everyone is gonna keep the same impressions it's not hard to change they way you act . Some people could change be hateful but you never know if their just having bad day . All i know is that you can change your impressions it's either good to bad.

For example their's people all over the world once you get to know them you think to yourself oh she's gonna be my good friend because she's funny friendly kind and super nice because of her good impressions about herself . And in the other hand their some people that they say to themselves oh no like you can't deal with them because they are to mean or rude because of thier attitude that's why it's always good to know them first you never know if the person has good influence or bad influence for you to hang around with .",486,12,Female,Economically disadvantaged,Hispanic/Latino,test,3,3,3,3,3,3,3,3,3,3,3,3,3,4,3.5,3,3,3,3,3,3
BE4E0C8866E3,First impressions,"Impressions are almost impossible to change

Some people it has been said that the first feeling are almost impossible to alteration. But to change your feeling first you should be positive with yourself. Has been said that impressions is the first impossible thing to change. I agree because we can be a tightly person to change ours impressions. Some people can change their impressions in a positive self control, and some people follow someone's footsteps.

To begin with, some people can change their impressions in a positive self control. People alteration their impressions when they do the right event and when they are positive with themselves. For example, many people can change their impressions when they believe in themselves. You can have a more better attitude when you believe in yourself. Also, we can have a different personality by trying a possible impressions. Impressions is one of the most impossible to change it. But if you try to not leave impressions sometimes in this life it can be more easily for everyone to make a better life in this world, and a better opportunity.

Secondly, some people follow someone's footsteps. Many people's follow people mark because they want to have a wonderful impressions for they life. For example, my best friend always pursue my impressions because I want the right things for her, and she want the right things for me either. Also, when one of your friends tell you like to do your homework everyday for school that way you can get a good grades in all your classes. That person want the best things in this life for you and you can have a great future. We can learn from this statement that not all of your friends want a good impressions for you in this world. To get the better life in this world we should follow all the rules that a person tell you. That way we can be better any time, and we can have a different personality.

However, some people may argue that the first impressions is not almost impossible to change in people life. But we all in this world have a different way to think, and a different way to create ideas. For example, some people may said that impressions is a difficult problems to resolve. Also, many people can't have a really strenuously life because people are not trying to change a impressions for their right event. I Choose that the first impressions are almost impossible to change because is tell that impressions sometimes make people a impossible life. We can learn from this document that impressions can be one of the easily problems to make it happen in this world. Impressions is not always gonna be the first impossible thing to figure, and change in this life.

To summarize, many people said that first feeling are almost impossible to alteration. But on the other hand, some people said that feeling are the great impossible to change it in a different side. For some people impressiones always will be the first impossible to get it right or to chage it. When people are feeling in a impossible way in their life they can change it by doing what this person tell you. Some people make your life impossible by telling you the bad things not the right things. Some people may think that impressions is the best thing in this life but when one of your family is feeling impressions you are trying to make your family feel more positive, and more better. On the other hand, people can appreciate you when you make that person to do the best thing for their life. ",610,12,Female,Not economically disadvantaged,Hispanic/Latino,test,4,3,3.5,4,3,3.5,4,3,3.5,4,2,2.5,3,3,3,3,3,3,4,3,3.5
C49A767C068F,First impressions,"l'm agree with this because,l prefer to be in school fourth years, than three, while l learn more. student can be doing other work in school,student should be understand the importan that is to be studies more that three years, if student want to be studies more student are allow to prepare all the fourt years that they need to be focus on what they are doing.

student decide if they want to do the fourth of three years in the school,the school gives the privilegi to the student some student take the three because they are not focus on what they do, some student they dont have the opportunity to be studing to get in a better place like the own job or something else some student take the three years depending on how much they are study.

the past years some student are focus in the materials or subject that the school required to be past to the fourth years that they need to be studies and that's how student be in the fourth years of school that they take for a good reason student are allow to the the many years that they wanted or the year they prefer to be in school the las three or fourth year of schools.

the student should need to do more hours in school than less ,because they learn and memorise the impotan things that they need to understand involved in the time ,the most important thing in this is that student should be more time prepared.

l'm agree that the student wanted to take the fourth year of studies in the last three to fourth years that they need to be in the school.",270,12,Female,Not economically disadvantaged,Hispanic/Latino,test,3,2,2.5,3,2,2.5,3,2,2.5,3,2,2.5,3,2,2.5,3,2,2.5,3,2,2.5
CCB00D3C0D6A,First impressions,"It has been said that first impressions are almost impossible to change. Do you think your first impression could change either towards meeting someone or watching something that is suppose to impress you from their actions? Having to meet someone for the first time and not knowing what to expect or watching a performance and not seeing what you expected. First impressions could be really hard. I highly agree because, the first impressions will always be reminded and if given a second chance, it will be a little hard to get a different reaction or thought towards the situation.

For example giving that person a chance to restart, it could be very uncomfortable and just having that first impression in your head, it just would not change things. First impression are really unexpected and should not expect a lot from someone or thing that you are just getting to know or see. There is a 50/50 chance to be well impressed or not.

My second reason is that if the second chance is given, you'll receive a different reaction or thought toward the situation. A weird feeling can take place in your mind and I would say that it is better to avoid that.

My last reason is that the first impression is always good because then you will know what are you receiving for a period of time from that person or thing. It could be one of the reason if the situation that you are in, should keep on going or not.

In the other hand, first impressions are hard. A second chance could be offered and it might be better then the first but no. It is better to avoid situations like these and not confuse yourself even more. thoughts and expectations could come very different and will cause a confusion. First impressions define you on how you really are and its better to give your best towards any opportunity. ",308,11,Female,Economically disadvantaged,Hispanic/Latino,test,3,3,3,4,3,3.5,4,3,3.5,3,4,3.5,3,4,3.5,3,3,3,4,3,3.5
D2612605E4DE,First impressions,"The faculty of thinking reflected in the intellectual activity of each person. In my opinion, first impressions are impossible to change because, it is an emotional effect, a consequence of experiences, and a remembrace or belief that a person have in their life. Based in the attention of being more considerate in showing their feeling.

People can pass in emotional process and expectation in their life everyday. First, there are different ways of how a person would react in a situation, like have a test and you forget about it, I will be scare to take it, but probably you would take it with more tranquility. I believe that everybody have different forms to think and be reasonable in their lifetime.

There are many people who has been past for different kind of experiences when they were young, some person probably had good memory of their infancy, but other people do not have a well memory of it, because mostly of the time things happened when we are young for example, when I was a little girl I grew up only with my older sister, basically she was like a mother for me, I am grateful with her because she was a good mother and always had care about me beside that she already had a family by that time. In comparison what I lived with other children who were avandoned for their family and do not have who take care about them, I think we share a similarity based in that we not grew up with our parents, but differences in who took care over us, because I grew up in a good environment and not everybody does it. That is why I think that the impressions of a person can not be change.

Remembrace is like a pronience by the time that was shared with the family and friends, it made that a person can be more kind depend in what way the moments was share, because people believe that bad thing can be change by the time, but in my opinion no body can change our feeling probably we can change the thoughts but not what we feel because I could say the most intelligent of the class get an A+ in the test and I get a F, I will say to my self, she get an A+ because she is smart, but I would feel bad because I can get an A+ too and I do not try to get it.

In the world exist many ways to understand a conflict, there are different belief in which we grew up and a solution that is diverse in different opinions, I believe that impressions of a person can not be change because it is an unique feeling that make special each person.",457,12,Female,Not economically disadvantaged,Hispanic/Latino,test,3,4,3.5,4,4,4,3,4,3.5,4,5,4.5,3,4,3.5,3,4,3.5,4,4,4
EAD7A7372939,First impressions,"The people say that the first impressions are almost imposible to change. The appearence now on has a great impact in the society it is said that your appearance tell the other people how you are. So that people that is been judge by it appearance can be really affected by it. But the society had done something bad bacause they are telling those people that they can't change it, even knowing that those person can really change their appearance. In conclusion every body can change they just need help and time to change,it is like something that spanish people say, ""don't judge a book for its cover unknowing what it has inside"".

Could be that the first impressions are imposible tinghs to change. In my opinion the first impressions are things that you can change. However,there are many impressions that the persons get from other person like their appereace, they way that person act,how taht person dress up etc. In my life I have had some experiences with people that change their first impression, they took some time but they did it. In addition, I can be an example of it because when new people meet me they thing that I am rude because when they ask me something I don't answer them but no it because i'm rude, is that when I meet new people i don't like to talk to them because I'm a quiet person and I don't like to talk with people that I just meet.

B

ut,that new people that think I'm rude don't thing that I can change that ; I can change by the time when I get to know them better because like I said I'm a quiet person. In conclusion every person can change their first impressions is just that they need some time to change.

Every person could change their appearance they just need some help and time to change. That person can change its appereance,but if the other person don't make that person see that he or she has to change its appereance they are not changing it. However,depend in the environment that person is ,like me that I'm quiet if I'm in an environment that every person talk each other and they don't talk with me how they suppose me to change the appaperance that they had about me ,yeah! I can change but I""m going to get more time to change it because they don't help me. If that person want to change,but the other person stay away that person is not going to change, thats the problem why the people say that some people can't change their appearance. Finally,I think every bady can change their first appearance its just that person need some help to change and other time that person just need some time.

Could a person change its first appearance by itself whitout help. A person can change its appearance whitout help they just need to change their mind and try harder about it. So, I am one example that a person can change whit out of help, because I see that the people stay away from me even do some of my family members because I don't like to talk to them. That is when you realize that you have to change your self because no one is going to help you because you keep them out your way. Even realizing that I have to change it was hard to me because I was adapt to that environment. In conclusion if you want to change just be aware of the environment that is around you get out of it because that is the best way I think that you can change.

At the end you will change and you will end knowing that an appearance doesn't matter and you can change even when people is judging you. However people doens't believe that you can't change don't be affraid because a big change is going to happen to you. The life is a mistery and when you think that you can't change, ever is going to be somethig or somebody there to change you. so, I think that the appearance is something that if you propose you will change it and you are going to leave it in the pass. In clusion the appearance is something that can chan if you propose you just have to believe that you can do it and work hard and you would change.                                                                                                                                              ",721,12,Male,Economically disadvantaged,Hispanic/Latino,test,3,3,3,3,4,3.5,3,3,3,3,3,3,3,3,3,3,3,3,3,3,3
F155112AB8EF,First impressions,"It has been said that first impression are almost impossible to change. I will agree the people who say that because I fell that is correct. In this time, a lot of peolpe don't have time to communication each other. When we see some one first time, we observation this time what they give back to me felling. We sensual the felling are entranched and not easy to change. Every one are ettieient and plainly make own percoption.

At this speedily development era, apiece to stranger are disregard. I know in last century people need write a letter to who they missed. Get down one letter should use a long time. When some person send a envelope, courier put the letter to mailbox need a more than a week. That why the peolpe get a message are excitement and surprise. Conversely, modernize smart techology make lifestyle more quickly. Corresponding, contact to friend or family only need a second. Disappear are people to someone disenchanted connect to together.

In someday konw someone, we see the face what they want show to us. But this is not true thing to learn the people. Modern liaison are mode. The people face take a mask, us mask get over everyday. The countenance are conceal, no one can see what is authentic. Actually, we are not very concern to someone. After many day associate are firquent thing happen. Think back this new person again, we only konw first impression.

Third, all people will miss one big fact are in first time meet, we will give each other a appraisal. No matter that are good evaluate or bad, when we don't understand each other will think about how this person look like. Mostly people will do that, not exception to me likewise. Many times if we like someone we will beauty another one. Conflicting we dislike someone in first time see her or him, in the psychic will amplify his drawback. In scientific, that called the two peroson magnetic are different.

Finally, first impression are impossible to change is undoubtedly. Whoever don't konw people how understand. Brand-new day we will in different channel to know new person. And then we will renewal to her or him imposing thing. When we see some people wrote a news to this person a assessment, subsequent month will not change own assess.",387,12,Female,Not economically disadvantaged,Asian/Pacific Islander,test,2,2,2,2,3,2.5,3,2,2.5,2,3,2.5,3,3,3,2,2,2,2,3,2.5
