essay_id,prompt,text,words,seg_grade,seg_gender,seg_economic,seg_race,seg_split,overall_r1,overall_r2,overall_human,cohesion_r1,cohesion_r2,cohesion_human,syntax_r1,syntax_r2,syntax_human,vocabulary_r1,vocabulary_r2,vocabulary_human,phraseology_r1,phraseology_r2,phraseology_human,grammar_r1,grammar_r2,grammar_human,conventions_r1,conventions_r2,conventions_human
01B3FDB3FD57,Imagination,"Scientist Albert Einstein once said, ""Imagination is more important than knowledge."" Now imagine yourself as a beginning engineer, sitting at your desk, aggravated because you can't come up with a new invention. All you have around you are textbooks but no image or thought of what your invention may be. If only you could imagine a new invention of some sort then maybe you could build something. But with no imagination, how can you build knowledge? I agree with Einstein's quote. I believe imagination is more important than knowledge.

I agree with Einstein's quote because having imagination is how we've had all our inventions yet. Without imagination how were many of the things we own invented? For example, the telephone. The telephone couldn't have been invented without someone imagining a device where you could communicate without leaving your home. You need imagination in order to make new things. Another example would be the camera. Whoever invented it, had to have imagination in order to think of a device that captures any moment almost in an instant. Even I, as a student, need imagination in order to make new things. For example, when making an essay, such as this one, I need to imagine of a good story hook that goes along with the prompt.

Furthermore, I believe in Einstein quote because without imagination, knowledge is almost useless. For example, when learning a new vocabulary list. You may know all the definitions but you can't put them in your own words or use the words in different instances. Why? Because you can't imagine it. You can't picture it, you just know the definitions. Another example is when reading a book. Knowing how to read isn't even near of what you need to fully comprehend a book. You need to imagine it. Picture the story in your mind in order to fully understand the book's theme, setting and tone.

Lastly, I agree in Einstein's quote because without imagination, all our decisions would be made carelessly. For instance, before you speak or move, most of the time you imagine what the outcome of that action will be. If not, the outcome won't be for the better. Another instance is when in an experiment, you hypothesize what the result of the experiment will be. That takes imagination. When signing a contract, it's needed to imagine the consequences of signing and not signing the contract. In other words, you need to imagine things before you decide to take them on. Knowledge isn't the only thing that will help you when making decisions.

In conclusion, Einstein's quote is correct in my perspective. Knowledge isn't the most important factor to have, imagination is key to everything you do and will do. You can't fully understand most things without imagining them. Can't go on inventing things before imagining them first. Also, you won't be able to make good decisions before imagining the outcome. All in all, imagination is also how you'll enjoy your life. Knowledge is great and all but it can't bring others as much happiness as imagination can. It's how we've been happy for all these years. Imagination is how we have gone so far in this world and how much we've survived.                 ",518,8,Female,Economically disadvantaged,Hispanic/Latino,train,4,5,4.5,4,4,4,4,5,4.5,5,5,5,4,4,4,5,5,5,4,5,4.5
03A3B40D651B,Imagination,"One of the smartest people on earth said that ""imagination is more important then knowledge"". Do you agree or disagree with Albert Einstein? What do you think about imagination? Do you think imagination is more important then knowledge? I agree with Albert Einstein because if people focus on getting more knowledge people won't be trying to solve the problem with imagination. When more people come in to the USA then people or trying to stop it and not focusing on the students and staff that want help when in need. When people do their taxes the money goes to helping solve the problem so people should do their taxes to help solve the problem faster so kids can have go learning environment. The more the President wants to work on trying to get a imagination law to be made he should be focusing on the over things he ran for president not just one thing for years. The President should work on helping the people in need like sick people or the homeless and trying to help the homeless buy or get a small home to be safe in in so they can survive in the cold days and be clean and healthy. I mean having knowledge is good to get the job you wanted since you were a kid but i say it's better to work on imagination while working on helping people in need. I'm just saying that the President should work on lots of things and when working on big problem too. What do you think of when people say is imagination more impotent then knowledge? Think of it and the ask your self if you want to help out or not.",261,8,Male,Economically disadvantaged,Hispanic/Latino,train,3,3,3,2,3,2.5,3,3,3,3,4,3.5,3,3,3,3,4,3.5,3,3,3
0D807ABE1BB3,Imagination,"In a recent survey 70% of pedestrians think imagination is more important than knowledge. One day I imagined that I would play travel soccer for a really good team in Florida when I imagined that I put my mind into it and I made my imagination become reality.

For example when you were a kid you used to imagine that you were flying through the air or in space fighting aliens on Mars, imagination can come a long way from just being a kid to inventing something that can change the world. I agree with Albert Einstein's statement I do believe his statement not only because he was one of the greatest scientist in the world but because this statement is so truthful. Knowledge is a huge part of our lives we need knowledge in everyday activities in school we gain our knowledge by going to class and learning more and more lessons everyday.

Imagination is more important than knowledge, everyone can imagine things it's not whether if I have more knowledge than you or if she has more knowledge than me there is no limit when it comes to imagination. Anyone can imagine something and make it happen it's the effort you put into your imagination that makes knowledge superior to your imagination. Knowledge can only get you so far in life if you don't have a thought proccess but what you do have is knowldge how far is that going to get you whee you need to be?

If we didn't have any imagination in our lives where would we be right now? As a whole what would we do if someone never imagined a car and invented it or if someone never imagined a light bulb and invented it, what would happen if we never have imagined those daily necessity's. Imagination paints the full picture in our lives.             ",292,8,Male,Economically disadvantaged,Hispanic/Latino,train,4,3,3.5,3,2,2.5,3,2,2.5,4,3,3.5,4,3,3.5,3,3,3,4,3,3.5
19D55405175F,Imagination,"Imagination and knowledge are very inportant parts of us. Albert Eistein said,""

Imagination is more important than knowledge."" I'm on debate on whether I agree or not, so maybe this will help me decide. In my opinion, I believe that imagination and knowledge go hand and hand. There's many reasons on why I believe this, but due to the character limitation, I'm only going to name a few reasons.

One of the first reasons I believe this is because of discovery. When someone goes out on a new adventure, they can only imagine on what they can find. When they do find something new, they use their imagination to find out what it can do, what it haas inside, or what does it do for the enviroment. Once they do figure out somethinng about it, they get the knowledge from it. It's honsetly cool on how much we know because of our imagination.

Another reason on why I believe this way is because of what we created over the past years. We've created so many wonderful things and a few mistakes over the past years. When sommeone wants to invents something, they use their imagination and knowledge of the world around them to make it. If you want a job on where creativity has no boundries, then you should become either an animator or a game developer. I choose to be both, but mostly being game developer. When someone get inspired to make someone, they use the knowledge of their inspiration and their own imagination to create something wonderful or a mistake that should never been released on this world. I honestly do that too. I've takeen the knowledge from the games and animations I liked to come up with something in which I hope many people will injoy.

There's plenty more reasons that I can't really come up with but I'm sure that you get my point.

Imagination and knowledge work together to improve this world as we know it. Prime examples of this are discovery and creativity. If everyone can use these two things together, I'm sure that we'll come up with something wonderful or something that'll most likely mess up the planet forever.",323,8,Male,Economically disadvantaged,Hispanic/Latino,train,4,4,4,3,4,3.5,4,4,4,4,4,4,4,4,4,3,4,3.5,4,4,4
1E492FE5045A,Imagination,"Wonderful, amazing, and brilliant that's what imagination is. I totally agree that imagination is more important than knowledge. You can used imagination at all time, when you're reading a book, playing or watching your favorite sport, and when your thinking of a place you would like to visit for vacation. You can do a lot of things by only using your imagination.

How can you use imagination when you are reading a book. It depends on what kind of book you love and enjoy to read. I'll give you an example, I like to read adventure books. When I'm reading this type of books I love to imagine how happy would I be if I was that type of person doing that type of adventure. Imagination is an awesome tool to use when you are reading a book. If you love reading this type of books use your imagination, use it to enjoy what you are reading.

Do you have a favorite sport, or a favorite player. Imagine you were a soccer player, a basketball player, or any type of player. Imagine how wonderful and amazing would that be. If I was a famous soccer player I would be Lionel Messy. When I'm watching soccer I start to imagine that I'm Messy and that I'm the one who is scoring all those goals. You can imagine a lot of things, you can imagine you being a scientist, artist, and a actor.

Thinking of a place to visit for vacation. If you have a lot of stress take a break and sit down in your couch and imagine your dream vacation.

Let's say you want your dream vacation in Hawaii. Imagine you are surfing on those big waves, sky diving, and learning how Hawaiian people dance. Also you can learned about the culture and generation about Hawaii.

Imagination is a great thing to have in life. Imagine your adventures when you're reading a book, imagine your favorite player being you, and imagine your dream vacation in any place around the whole world. It doesn't matter how old or young you are, keep using your imagination, if imagination keeps you happy than used it. The only thing you need to worry about is your happiness and the happiness of those who you love the most. Keep imagine all the great things you love to imagine.        ",376,8,Female,Economically disadvantaged,Hispanic/Latino,train,4,3,3.5,3,3,3,3,3,3,4,4,4,4,4,4,3,3,3,4,4,4
1E6F7CF7470E,Imagination,"To help or make the world a better place you only need one thing, your imagination.

Imagine this, a world without people imagining things. if people don't use their imagination then half of the stuff we have now would be not here. I agree that imagination is important than knowledge, because you can imagine how your future going to be, and imagine how you can change the world.

Imagination is important because without it, how did people make the things we have now, because they use there imagination. If you imagine it hard enough it might come true. Scientist are making medicine to cure the sick, why do they do that? Because they imagined that if there was no medicine then half of they human population would die, so they make medicine. If there were no police then our world would be full of criminals and destruction so they imagined to make a police station and people became cops. You can also help out the world. If you just imagine how you are going to do that and imagine how your future is going to be if you do that. I know some of us imagine to grow up and marry a famous person, sadly imagination don't work like that, but there are many beautiful girls and boys (or puppies, if your going to be single all your life) out there. And I know you prefer someone like Emma Watson or someone else, but like I said imagination don't work like that. You can also imagine the impossible and it could happen ( but not the marriage part), if you make it happen. So I believe that imagination is more important than knowledge and I hope now, you do to.

Go Go Power Rangers",278,8,Male,Economically disadvantaged,Hispanic/Latino,train,2,3,2.5,2,3,2.5,3,3,3,3,3,3,3,3,3,2,3,2.5,3,3,3
1F4961D46D29,Imagination,"Imagination Over Mind

Imagination it's what sparks our creativity. Without imagination, knowledge means nothing because we wouldn't be able to come up with anything. How we create intricate characters and stories and how incredible buildings stand tall. This is due to imagination and how we come up with such things. Take a second and think of your favorite character from any source of media. They were created because someone imagined them and brought them to life. Imagination is all around us from our stories and music to our basic everyday items. That pen on your desk was imagined up to be able to write and pass along information.

For ages people imagined stories and people listened. People and imagined plays,movies,books,TV and video games all with different stories and design. These things may seem insignificant, but people adore these stories and have been inspired. They have been mesmerized by these worlds and characters. Imagination is what leads people to create these stories. These stories have taught us messages and life lessons also. They inspire us to be best version of our self and to follow our dreams, as we see the characters do. We grow close to characters and relate with them, making these stories more special to us. Imagination gave us inspiring role models and heroes, they also gave us a childhood. How we wait to see our favorite cartoon and smile with excitement waiting for the next adventure to unfold. Imagination gave life to unforgettable characters, how Walt Disney created Micky Mouse and countless other. These characters and stories aren't just for children but adults as well. Stories of all genres exist to bring new experiences and worlds to the audience. Imagination gave us stories to inspire,scare,to make us laugh or even cry for the character. Imagination gave life to countless of stories something knowledge could never do alone.

From the Eiffel Tower to an small little house, people imagined buildings and ways to construct them. It's true you need to understand and know how to build but imagination is more important. Imagination is what let us think of such designs. Even in ancient times people put imagination and knowledge to build a house. Whether it's building a mud house or straw hut people imagined putting all of it together and put it in action. How people designed cars for transportation and made it function properly. Engineers are creative and imaginative to come up with such intricate designs and models. Even everyday objects were imagined and made to help you in everyday life. Whether it's a juicer to a wrench, people imagined these things to serve a purpose. How biomechanics creates prosthetic arms and legs to help the disabled to move again. Theses things all started as thought to help society and now are a vital part in today society. Imagination is what led man kind to create items to help us in everyday life.

Music is an form of art where people express their emotions through song. Instruments were imagined for the sole purpose to create art. Then playing the instrument led to more creative thinking, then songs were imagined and instruments added to that. Songs are written with heart and they express the artists' emotions. They are imagined and written down, sometimes using metaphors to express their emotions. People say that they can say things through music that they couldn't say with words. Being able to imagine such meaningful songs that leave a such an impact on the listener is incredible. Music speaks to people in a way words can't and the artist that make them are imaginative people.

Imagination led these artist to produce such songs and music. Painting is an other form of imaginative art. These artist express themselves by using strokes of paint to produce vibrant works of art. Even though a painting is silent people speak through them to show such meaningful works of art. Artists imagine what they want to paint and execute and you can see such a passion in their works of art. Imagination inspires artist to create outstanding pieces of art.

Imagination also expresses itself in the way we dress and life style. For the most part we choose the way we dress,where we work and what we do. When not in uniform or work clothes we choose how we dress. We imagine ourselves a certain way and choose to expresses ourselves that way. Our hair and how we choose to style it also reflects our personality. Whether it's colored,straight,curly or even no hair at all. We also imagine what we want in our lives and choose to study for that career. Our hobbies and interest also show what kind of person you are. How you spend your free time is how you reflect yourself. Our appearance and hobbies are a self reflection of our imagination and who you are. Imagination makes you who you are, and that's what makes everyone a different person.

Imagination might not seem important but it's what allows people to create stories, construct buildings, create items,produce music,to make art and makes you. We need imagination even more than we need knowledge. Without imagination there wouldn't be a way to put our knowledge to use. Imagination is the fuel of the world, it's what keeps everything going. It may seem insignificant at first but imagination is so such more. Without imagination no advancements would be made. We need imagination to do almost everything life. Imagination is what makes us human. Imagination over mind.        ",921,8,Male,Not economically disadvantaged,Hispanic/Latino,train,5,5,5,5,4,4.5,4,4,4,5,5,5,5,4,4.5,4,5,4.5,4,5,4.5
2003BF2E6DD0,Imagination,"What is knowledge with little to no imagination? If you had a mind filled of knowledge but with barely any imagination then that would be the same as eating an Oreo with a dusting of cream in the middle. Just constant knowledge is boring, but adding imagination is like adding sprinkles on to a boring vanilla cake. Quantum physicist, Albert Einstein once said, ""Imagination is more important than knowledge."" Einstein is indeed correct because there are many ways imagination is more important than knowledge.

One reason why imagination is greater than knowledge is that of the ability to imagine the unthinkable. For example, how do you think Albert Einstein learned and explored the unknown of quantum physics? He used his mind to imagine the unthinkable. How you think Elon Musk came up with the idea to start a colony on Mars? He imagined in it all in his head. How do you think Steve Jobs invented the iPhone? He used imagination to gain that knowledge. Imagination is what fuels the mind to create knowledge. It's all in the head, that's where it all starts from.

Another reason why imagination is important is because of the benefits of using your imagination often. For example, using your imagination often will have you obtain a more creative and detailed mindset overall. You can also do many cool things using your imagination such as lucid dreaming, invent new ideas, or even train your mind to see the world in a different way. You should always use your imagination often to strengthen it. You should also try lucid dreaming to come up with brand new or more innovative idea while using your already known knowledge.

Finally, the last reason why imagination is more important than knowledge is that it can change you mentally and physically. How imagination can change you mentally as a person is by making you a better person or be a more fun person overall. How imagination can change you physically as a person is by motivating you to be a better by work outing and or going on jogs pretty often. As a result, using your imagination can change you in many ways as described above, unlike knowledge.

In conclusion, I agree with Einstein and his idea about how imagination is more important than knowledge. Using your imagination is benefiting, motivating, changing all in different ways. No matter who you are, you will be changed by the different ways imagination can affect you and on your already known knowledge. Imagination is alot more important than you think it is.",421,8,Male,Not economically disadvantaged,Asian/Pacific Islander,train,5,4,4.5,5,4,4.5,4,4,4,4,4,4,4,4,4,5,4,4.5,4,4,4
205069BE2E53,Imagination,"1. Scientist Albert Einstein is wrong because imagination is not important because it won't help you with studying or anything like that, knowledge is more important than imagination because imagination is showing you some mental dumb images in ur brain so it not good for you, being knowledge is more helpful.

2.

Scientist Albert Einstein is trying to compareing about which is more important imagination or knowledge but he said to himself that Imagination is more important than knowledge so i disagree because it not right imagination is not gonna help these kids being smart.

3. Scientist Albert Einstein is trying to help these kids to be smart,but i don't think i agree that imagination is right because i just think that imagination can show you some images about like your just making a car right now, so im just gonna said maybe imagination is more important than knowledge maybe i said..

4. Imagination probably is more important because it might sometimes show you images about something that your being smart something like that but i can't figure it out, being knowledge is more important but i guess not.

5. For now i think Imagination is help for all the peoples i bet every scientist use they imagination to create something new, from now own i will use my imagination to think something smart that can help everyone.                                                                                                                                                                                                          ",1059,8,Male,Economically disadvantaged,Asian/Pacific Islander,train,2,2,2,2,2,2,2,3,2.5,3,3,3,3,3,3,3,3,3,2,2,2
22FDAB421C71,Imagination,"Albert Einstein once said, ""Imagination is more important than knowledge.""

I believe that it is Imagination is more important than knowledge, because with Imagination you can Form pictures in your mind, you can create interesting ideas and fantasize about something that is exciting.

Firstly, you can form pictures in your mind. Creating pictures in your mind is useful, because you can draw pictures that is in your mind, like sketching a house that you want. You can form pictures in your mind by visualizing a situation that is interesting, like playing a game in virtual world. You can create interesting ideas that you can use to draw picture, like using a digital art to create a picture by thinking an interesting ideas. Forming pictures is really important.

Secondly, you can create interesting ideas. You can create something that will give a lot of attention like creating a fantasy book about Wizards vs witches. You can be creative by creating interesting ideas, like having a unique plans about something that is cool. You can create quotes, like

Albert Einstein did, because he had a interesting Idea about Imagination.

Creating interesting ideas is unique.

Lastly, you can fantasize about something that is exciting. Fantasizing can be exciting sometimes, because you can imagine an situation that is not real, like having a awesome superpower. You can be good at something that your not good at by fantasizing it that you can do it, like playing basketball and I also do this a lot because Im not good at studying.

You can create awesome ideas, like building a wooden car with painting on it. Fantasizing something is important as well.

I conclude that forming picture in your mind, creating interesting ideas and fantasizing about something that is exciting is more important knowledge.

In conclusion, these three reasons is why Imagination is more important than knowledge. It is my opinion that Imagination is more important than knowledge.",264,8,Male,Not economically disadvantaged,Asian/Pacific Islander,train,3,3,3,3,3,3,4,4,4,4,4,4,4,3,3.5,3,4,3.5,3,4,3.5
2C4DE9FD3734,Imagination,"Albert Einstein once said imagination is more important than knowledge. I have three reasons why I support his statement. My fist reason is if man haven't imagined light would Thomas Edison create the light bulb? Second, is because imagination gives hope. Hope for one day to cure cancer, hope to stop world hunger, hope to have world peace.

Phones,laptops, microwaves,how do you think we got their? Its because people imagined things other people thought wasn't possible. Because they didn't have the knowledge about it. Lets take the light bulb for example. People in those days used candles,and believe me as a kid whose been in the country side, it's not the same. Thomas Edison imagined if he can create light, and he did it. Now his work led to lots of good every day things. Like tv, microwave, electronic toothbrush, laptops and so on.

I had a friend,and her dad was sick. He had cancer and they couldn't afford the medicine. Her mom was a house wife,so she didn't have a job. If it was me in that scenario I would have gave up and accepted my dads fate. Unlike me my friend started working at McDonald. Getting paid 15 dollars an hour. She worked 4 hours on the week days and 6 hours on weekends. She made enough money to pay for her dads medicine and buy food for the house. Even tho she had to work, her grades where better than mine,and every time she felt down she starts imagining what she would do with her dad after after he gets better,and that gave her hope. Hope to work even harder.

2 month later it was time for her dads surgery,but she didn't have enough money for the surgery. Thats when the entire neighborhood decided to help her. After that her dad got his surgery and got better. Now she is in high school, working hard for for a scholarship.

In conclusion,imagination is what makes us move forward. I don't know about you but I can't imagine life with out creativity, hope, and joy. Because thats what would happen if we didn't imagine the future                ",305,8,Male,Economically disadvantaged,Black/African American,train,3,4,3.5,3,4,3.5,3,3,3,4,4,4,3,3,3,3,4,3.5,3,3,3
2CAAF1F40F49,Imagination,"I would say, i would agree with what albert eistein said. It is good that imagination is more important than knowledge because there are so many ways of using it in real life.

For starters, it can help you achieve something or somewhere in his or hers life. Because, they or you can use your imagination to invent something that can benifit the world or daily sociaty problems. It also might have you even more suited for more major important jobs nowadays. For example, a doctor, a sergin, a engenire, and much more.

In addition, it is also veritile on doing it in many other ways. It can't just specificly just of types of sicence studies. It can also be for political or finnetial studies, it can be about mathimatical studies, or about creative writing and jornalism. Politican wise, it can help you to become a lawyer or a judge. Mathmatic wise can get you still to become a sientist or math professor. And lastly, creative writing will help you as a jornalist, a author, a creative writer, or a activist.

Furthermore, without your imagination, your future no might be as good as you planned. Because with out a good job, you technicaly can afford a good shelter, food, or water. Plus at this rate, you might not accomplish anything with a humble life. So that why you need to work hard with your knowledge and imagination in order to have the life that your planning. Because if you don't do so that you might as well call your future doomed.

And finally to sum it all up, your immagination is a important key in your life that can even benifit your life or someone else life. Will you ever consider using your imagination when it comes to knowledge in your life in the future? We hope so, because there are veritile reasons and ways that your knowlage and imaginations great.",315,8,Male,Economically disadvantaged,Black/African American,train,3,3,3,3,4,3.5,3,3,3,3,4,3.5,3,3,3,3,3,3,2,3,2.5
310CDA45739E,Imagination,"Imagination is like thinking to do diet and go to gym to get slim. Knowledge is just like running on a treadmil for 2 hours in a weak to get your weight under 79.

I believe that Imagination is more Important than knowledge, because when the writer writes a book, first they Imagine the topic for their book. They don't start to write the book unless they Imagine the topic.

Same as, the writers Imagine what they want to write about, they don't just start to get Information about something, asking their parents what to write, how to write. They Imagine, then they start their work.

However, Imigination is also similar when you think with your sister to convince your mom to get you lots of candy. You don't ask your dad, how to convice mom to get candy. For example, the person who get the idea to Invent phone, frst he Imagine,

what does phone look like, how many buttons should be there, and then he also get help with his knowledge but first he Imagine what does phone look like, how will people buy this, why should they buy my phone.

Also If we use knowledge more than Imagination, the new generation will only use the cell phones to search for their homeworks. They will not Imagine to do homeworks or other things by theirself. They will just copy someone's idea, which is going to demolish their brains. There will be no more good inventions, The people's brain will stop working. Also, people will not do their work because they know they can just copy someone's idea.

For example, If I dont Imagine that when I will be 16, how I am going to get a job. What If I just go to Youtube and search for it, but I will not find anything and I will waste my Important time. Incase if I imagine what kind of job I want to do or where I want to do, I am pretty sure that It will not waste my time. Infact It will give me some ideas for future. In my opinion we should imagine more than using knowledge.

Imagination keeps your brain work and It also keeps you active. If we dont use imagination then how our new Inventors will Introduce their creative inventions. If the stylists doesnot use their imagination then how we are going to wear brautiful clothes. If they use just knowledge and don't use their imagination, I guess they will not get that much success in their buisness. Designers use their minds to help with their clothes design. They imagine the ideas for clothes, so the people will buy more and more clothes from them.

The people who use Imagination more than knowledge live longer. From now I will also use imagination as more as I can. So I will give an opinion to all of you who are reading this use your imagination than knowledge and get success in your work. I don't say that using knowledge is a waste of time, use your knowledge also but not all the time, also use your mind to imagine good, Intresting things.

In conclusion Imagination is more Important than knowledge. So, I will agree with scientist Albert Einstein. I will also force you to think about this. Writers, designers , Inventors all uses their Imagination more than knowledge. Now I will also try to focus on my Imagination more than focusing to copy other's information.                                                                                                                                                                                                                                                                                                                                                                                                                                                        ",1508,8,Female,Economically disadvantaged,Asian/Pacific Islander,train,3,4,3.5,3,3,3,3,3,3,3,4,3.5,3,3,3,3,4,3.5,3,4,3.5
38CADC812CBA,Imagination,"Imagination can be more important than knowledge because imagination might help us with our knowledge because imagining on creating something it might help us on the future. For example, you are imagining something that you wanna make your knowledge is to try and never give up.

First of all, knowledge might help us to in our lives but it's important to imagine how we can live in our future with our skills of knowledge that we can have. In order to do something creative we have to have experience what were doing.

In conclusion I agree what enistein said because when you imagine you see stuff that you don't realize and knowledge is about your skills and effort you can do on things.                                                                                                                                                                                                                                                                                                                                                                                                                                                                                                                                                                                                                                                                                                                                                                                                                                                                                                                                                                                                                                                                                                                                                                                                                                                                                                                                                                                                                             ",808,8,Male,Economically disadvantaged,Hispanic/Latino,train,3,3,3,3,2,2.5,2,3,2.5,3,3,3,3,3,3,3,2,2.5,4,3,3.5
3E1A0BAC4372,Imagination,"Sometimes knowledge is very helpful but sometimes imagination could be helpful to.

When I was seven years old I imagined many things but they never happened. When I turned 13 years old things changed and they were not the same as I imagined before. I thought that I was gonna acomplish those imaginations in my head but they never did. One day I noticed that imaginations were not better than knowledge.

One day my mom and I were suffering because we couldn't get to the other side of the river and we decided to build a boat to get to the other side and we made it. The knowledge we used was unexpected because we never thought we were gonna make it to the other side. Knowledge is very helpful when you are struggling with something but you also use imagination because you think before building or making something.

I believe that imagination could be important sometimes but knowledge is more helpful and we use it very often. Imagination could change things but not better than knowledge. We might always think that imagination is better I agree with you but if you think of how easy it would be use knwoledge while you are struggling than you would understand the differences.

Knowledge is very helpful in many ways and very often. I disagree with the prompt saying that imagination is better than knowledge. Always try something first and if it doesn't work try using something else. You will always find the solution on something different just like I did with my mom. Always think of something that you can use to solve a problem.",280,8,Male,Economically disadvantaged,Hispanic/Latino,train,4,3,3.5,3,2,2.5,4,3,3.5,3,3,3,4,3,3.5,4,4,4,4,3,3.5
529A633179FF,Imagination,"Have you ever wondered about the important's and the difference between imagination and knowledge? Knowledge and imagination are both very important but I think knowledge is more important. Imagination is like thinking about something, or putting your self in that situation, while knowledge is an understanding gained by actual experience and it is also known as something learned and kept in your mind. Knowledge helps a lot of people to get jobs so everyone should try to get a knowledge so they can use it to help other people that dont have a very good knowledge.

Majority of all the humans in the world get their knowledge from schools. They either get it from a public school which is made by the government or they get their knowledge from a private school which is made by and individual, or a group of people. Schools provide knowledge to students by putting them in classes with students that are their age. you need knowledge to give the students the information you learned, you cant be selfish with you knowledge because you must have been thought by some one, or you must have used someones resources to be intelligent. So if you a good education help other people that are not as smart as you because they can help you when you need it in life.

If there was no knowledge in the world there will be no electronic devices that we can use, there will be no new inventions. We are gonna need more doctors to study and find out the cures to all the new diseases that is spreading around the world thats why we have schools and teachers to help. I think all knowledge should be free from first grade to the end of your college year. having to pay for college education makes a lot of students drop out and do drugs and they always get addicted to drugs and alcohol they even try to be you tubers or rappers which must of the time does not work.

finally I disagree that imagination is more important than knowledge. So if you have a good knowledge you should be proud to share it with others. Imagination i also good for you but you should focus more on getting you knowledge so you can help others. helping others makes makes you feel much better about your self and it makes you day better.",386,8,Male,Economically disadvantaged,Black/African American,train,3,3,3,3,3,3,3,4,3.5,4,4,4,3,4,3.5,3,3,3,3,4,3.5
52D0FED6AF38,Imagination,"Many people debate about this topic since one of the most known scientist said this statement. A lot of people agree and disagree, and from my knowledge, I agree. Imagination is something that everyone has, not everyone has knowledge. Imagination can lead you to imagine things that other people haven't. This is how many scientist got fame by just thinking about new things.

With imagination you can think about a new type of computers, new math formula, or a new type of material that hasn't been invented yet. Many scientist invented new stuff from just thinking about new formulas or experiments that they could to make something new. There's also things like the periodic table, that the scientist who made it spent days and nights just thinking about new substances and materials, when he went to sleep, he dreamed about new substances that later on got on the periodic table.

Thinking about things in places you shouldn't, like school, could either lead you success and give new things to do and study, or low grades because you weren't paying attention, must of the times is the second option. Thinking is most of the times in math, where you have to do a hard equation and think and do a lot of work. If you like to think, that might be your favorite class and you will get good grades. Getting good grades in math is really good, it means that you have a good memory and you can easily learn new things (it usually means that when you can do a lot of problems without having difficulty).

Imaginations can also give you knowledge, when you think, it opens a new whole world of ideas. You can basically do anything you want. You can basically experiment with anything you want, but you might not get the right answer or the thing you expected but you will also learn why. These type of things can also help you to learn why something did or did not work as planned. It also helps you think about stuff that you could or not do in real life, for example doing something that is ilegal and you shouldn't do. It also helps when you think a rule or a law is dumb, you can thing what could happen if you did it, that could work to see why it's a rule.

Imagination is something that everyone has and everyone can use without a limit. Using it can lead to a lot of stuff, such as success and making new things. Knowledge is something not everyone has and not everyone can use, imagining can lead you to learn new stuff without doing much effort or risking to do it in real life and might get in trouble by doing it.",445,8,Male,Economically disadvantaged,Hispanic/Latino,train,3,4,3.5,3,3,3,3,4,3.5,3,4,3.5,3,4,3.5,4,3,3.5,3,4,3.5
5D5672D7C97D,Imagination,"The famous scientist Albert Einstein said, ""Imagination is more important than knowledge."" This is especially true for today's world. Even with seven billion people on Earth, everyone is unique. Your imagination is vast; an open plain of wondrous ideas and possibilities. This leads to even more diversity than our physical differences. It is also applied to our day, and it makes it more lively. And while knowledge is powerful, imagination can make it far stronger. Imagination is more important than knowledge because of creativity and experimentation.

First, imagination leads to creativity. Your can put your ideas to life through creativity, and there's plenty of ways to do so. You can construct a masterpiece of your choosing, whether it be art, music, or even writing! Even thousands of years ago, creativity makes its mark. Rough drawings by cavemen depict tales of hunts and adventures. Beautiful artifacts and pottery dot museums. Ancient literature such as Beowulf and The Odyssey still fascinate modern writers. And recently, artists and musicians such as Bob Ross and Duke Ellington have made amazing pieces through their creativity, just like the legendary Leonardo da Vinci and Beethoven. Time wears things down, but not imagination. This is immensely important as creativity allows you to express yourself. You can voice out your thoughts and ideas in so many forms. With imagination being limitless, so is your creativity, and so are your possibilities.

Next, imagination leads to more experimentation. Going mad-scientist isn't recommended, but you can poke around with new ideas and find a new talent or hobby. More experimenting can lead you to find something you really enjoy!

Trial and error can be disheartening, but don't give up! You could find something that could change your future. It can be fun too; testing different paths to a single destination. Not only can you find the best road to a goal, but you can spread the knowledge to others. The results from tinkering around varies from little things to giant discoveries. Take Damascus steel for example. The forging process for the metal has been lost, which has consistently frustrated modern metallurgists. A steel from times long gone, but still baffling today's scientists. That's a pretty amazing feat! Experimenting from your imagination is wild, but it's enjoyable and even rewarding!

However, some say knowledge helps daily life more than imagination. Valuable things, such as language, mathematics, history, and science. Knowledge does help with life, but most of the things you learn are often useless or forgotten along the way. Math and Language Arts are important, but unless you're pursuing teaching or poetry, some aspects aren't very useful. For example, being acknowledged that plants are green because of chlorophyll isn't going to help with paying taxes. Imagination can make life better and enjoyable. Decorating your house or doodling a picture can be more relaxing and fun than first thought. In addition, most of the knowledge obtained can't be applied without a good imagination. And while some people may have an upper edge in academics, everyone is on equal ground in imagination.

In conclusion, being able to experiment and create with limitless possibilities makes imagination more important than knowledge. Making ideas come to life is fun and shows what you're capable of. Creativity holds the ever-important ability to express yourself. Experimentation is enjoyable and can be rewarding. You never know what you can do unless you try, and testing your skills is a great evaluation. And all of this traces back to one thing everyone has: an imagination.",538,8,Male,Not economically disadvantaged,Asian/Pacific Islander,train,5,5,5,5,4,4.5,5,5,5,5,5,5,4,5,4.5,4,5,4.5,5,5,5
6418C102917D,Imagination,"In cartoon sponge bob square pants sponge bob he say's "" imagination"" as to us is inferring for us to use our imagination, like no matter how old you are what disabilities you have is inferring to everyone ,But do you ever think imagination is important than knowledge?

Beginning,with this statement i agree because, when we were young little kids we would always imagine that was our big thing like, as an other parent would probably say to your child "" your child has a big imagination "". And imagination will always be apart of us we grew up having our little or big imagination's how do you think we would imagine us in the future or like some other examples: how we want to wear out clothes, what type of clothes we wanna wear, what design we want on our cake, or and how we imagine unicorns, ninjas,or any of those type of things ,and superheros. without imagination we wouldnt know about that or the sense of knowing what that is.

Also,

having imagination is also good because were not always gonna use our knowledge like for disable people not all of them have knowledge or even know what that is,for one example blind people yeah they have knowledge but also in there life they use there imagination throughout a blind person's life imagination is something they will use in there life spam and you wanna know why how do you think blind people know what a teacher is talking about or how they are drawing it blind people use there imagination they use it so they can understand what the teacher is doing or when there walking down the street or when buying clothes,There number one thing there gonna always use is imagination knowledge might also help because you have some information about it or do they just magically know what there doing no they imagine it,or they imagine were this thing is or that thing.

In conclusion, i agree with this statement "" imagination is more important than knowledge "" because for those given reasons like the one about us as kids we would use our imagination and how we would use it for ourselves and the other given example for the blind people how they have that throughout there life spam. therefore those are my reasons i agree with the given statement.",361,8,Female,Economically disadvantaged,Hispanic/Latino,train,3,2,2.5,3,2,2.5,3,2,2.5,3,2,2.5,3,2,2.5,2,3,2.5,2,2,2
6886DF2A98BE,Imagination,"Scientist Albert Einstein once said, ""Imagination is more important than knowledge."" I agree with what Albert Einstein said. Some people think its the other way around were knowledge is more important than imagination. imagination and knowledge could be used for a lot of things. I think that imagination is more powerful than knowledge because you can come up with many things and in order to get knowledge on something you need imagination.

Imagination is something you need to come up with things. You need to think about it first, get the things you need to create it, and then study from it. Imagination can help you a lot, You can use your imagination to your advantage, you can use it keep you busy. you can build things, draw things,and create things from your imagination. you can do many more things with your imagination. Imagination has no limits.

In order to get knowledge of something, you would need to use your imagination. You would need to take notes and study from it. you use your imagination to get knowledge. You can learn so much from your imagination and its very useful. we have to be careful with our imagination and our knowledge. Its ok to make mistakes while learning, you just have to learn from them.

In conclusion I think imagination is more important. We use out imagination every day. We learn things every day. It would be hard without imagination. Imagination can be used for a lot of things like making a cartoon show, drawing, and thinking. You can also use you imagination while you read. We wouldnt know much because we get our knowledge from our imagination.               ",266,8,Female,Not economically disadvantaged,Hispanic/Latino,train,4,4,4,4,3,3.5,4,3,3.5,4,4,4,3,3,3,4,4,4,4,4,4
71BA665B1B31,Imagination,"I think that imagination is not more important then knowledge, so I disagree with this statement that Albert Einstein made. It know for a fact that I use knowledge more than imagination.

Some reasons why i disagree are if you don't know anything you cant imagine anything. You might be asking your self why? But the simple answer is that if you don't know anything, you also won't know what to imagine. Without knowledge you can't imagine and create or do stuff.

Next reason is that, I think knowledge counts as experience and experience could save you from getting hurt or killed. I know that if I got burned because I sipped from o mug full of hot coffee, I would not sip from it again until it cools down because I have experienced the burn.

My last reason is that, sometimes when i use my imagination, I use it to create or do something and make it creative. But you can't make it creative if you dont know what creative you are looking for. One example is when i had to make my name out of macaroni and cheese.

That was my reasons and what I think, what do you think? In conclusion I disagree because its just obvious to me that knowledge is more important than imagination. Do you agree or disagre with me?",212,8,Male,Economically disadvantaged,Hispanic/Latino,train,4,4,4,3,3,3,4,4,4,3,3,3,3,4,3.5,3,4,3.5,3,3,3
7B557B2F27CE,Imagination,"Do you think imagination is more important than knowledge? Well have you ever wonder how the first computer was made or how the first lightbulb was made? It all started with a imagination, if the person who made a lightbulb never had a imagination of building a lightbulb we will be using candles for a source of light. How a about google, snapchat or even, books it all started with a imagination. Thats why I think imagination is more important than knowledge.

We all know knowledge is very important but with out imagination we cant think or read because imagination is the key to knowledge. Without imagination we cant think and when we cant think we cant learn or solve every day problems. Knowledge did not just exist like that is was made how? By imagination thats why why learn and do things.

You can be the smartest person in the world but if you dont have a imagination you cant help the solve world problems like how to poverty. Imagination is very important because with out it our lives will be more difficult for example with out cars we wont be able to go to work or go places and without phones it will be harder to communicate. The reason we have cars books and computers is not because knowledge but because of imagination. Thats why Imagination is the key to knowledge.

Imagination is very important, why you may ask, well with out imagination we cant think of new ways to solve problems or read. Lets say imagination was never a thing we wont know how to read or count to 10 because imagination is the key to knowlege Without imagination we will be having a lot of problems like how to comunicate, read, think, or even count to 10 thats why imagination is important.

With out imagination we as people cant make new things like books, art, or even better things thats why imagination is very important in may ways. Imagination is the key to making new things like cars, phones, computers, books, with out imagination we wont have things like cars, or phones. It takes alot of thinking to make new and helpful things. If imagination was never a thing their never have been numbers, books, or even a language.

Imagination is how we have things like google, computers, cars, books, and with out imagination we cant think of new ways it make the world a better place.

Imagination is why we as people are advancing and getting smarter every day. Anything is possible if you can believe and think. Thats why imagination is vary inportant is many ways.",431,8,Male,Not economically disadvantaged,Hispanic/Latino,train,3,3,3,2,3,2.5,2,3,2.5,3,3,3,2,3,2.5,3,3,3,2,3,2.5
7E5F489C8CE4,Imagination,"I agree that imagination is more important than knowledge because when you imagine of doing something very important, like for example; you want to be successful in school education to become like a doctor, teacher, artist, or scientist.

Anyone in the world can be a smart and better person by working on a job to study about objects, study about computers like the use of technology and the learning of cybersecurity, and to visualize and gain your experiences on working in any job you want work on by putting effort and using your brain.

For example, you can imagine of becoming a scientist to learn about sceince, like chemicals, plants, experiments, and understanding more information about science and other objects by experiencing things. Like the more you imagine about things you experience through your job, the less knowledge you have to learn about something that haven't exist in the ability of inventing something creative that is very useful and better than anything.

All you have to do is believe in yourself and use your imagination like to decide whether invent something particular than the other like building a house, a long bridge, and create like a watch to study about anything and learn more about it, you can invent, create, study anythingby using your imagination by experiencing more about things you want to do when you grow up by using your brain, and knowledge to put more effort into jobs. You can also invent instruments, like an accordion, violin, guitar, and a piano, and you can imagine anything like cool stuff, like being an expert at teaching in school like a teacher, studying science,

being a doctor, a builder to invent or build stuff like buildings, or a manager who is in charge of training any team or an athlete for the next match, by having the ability to use your imagination.

We all know that using your imagination is a better thing to do than using knowledge, like imagining to build, invent, or do anything in your experience by learning more imformation, support, and details about using imagination of doing anything. ",329,8,Male,Not economically disadvantaged,Black/African American,train,4,3,3.5,3,3,3,3,2,2.5,4,4,4,3,3,3,4,3,3.5,4,4,4
838093B60075,Imagination,"Imagination is important than knowledge!

Imagination is more important than knowledge because you don't actually have to know something, you can use your imagination instead.

You can use your imagination to solve math problems. You can use your imagination to build stuff. You can use your imagination to draw or design.

You can use your imagination to solve math problems. When you don't know or don't understand something, sometimes you can use your imagination. You don't actually have to know anything to solve the math problem, but sometimes is best to use your imagination because you don't know what the problem is going to be about. For example, if you don't know how to do math or you never got to go to school, you can use your imagination to solve the math problem.

You can use your imagination to build stuff. If you like to build or to make stuff, you can always use your imagination. It's best to use your imagination when your building things because if you use your imagination, you can create things that nobody did before. Some of the useful things that you're building can help a lot of people. For example, you can build toys, make video games, or do anything you want to build with your imagination.

You can use your imagination to draw or design. You can do a lot of great thing with your imagination and not just have to know everything. You can do different things or different designs with your imagination. Some people use their imagination to draw things or make things. For example, you can draw pictures, make cloths, or design things that you like using your imagination.

You can do many different thing like designing, building, or even making things just by using your imagination and not just your knowledge. Like Scientist Albert Einstein said, ""Imagination is more important than knowledge.""

That means that you don't actually have to know everything, some people can use their imagination to change the world and make a lot of things. You can do anything using your imagination!",312,8,Female,Economically disadvantaged,Hispanic/Latino,train,4,4,4,3,4,3.5,4,3,3.5,3,4,3.5,3,3,3,4,4,4,4,4,4
894C9DC473A0,Imagination,"Albert Einstein said "" Imagination is more important that knowledge"" do I agree with Albert Einstein or do i disagree I picked agree and I'm going to tell you why I picked it.

Reason one imagination is all about being creative like thinking about stuff to do and stuff to wear and writing a song you got to use your imagination and speaking you got to use your imagination just to know what your about to say before you even say the word.

Reason two Albert Einstein used his imagination to be really smart and creative. Also people who invented stuff they used their imagination and not only that they made millions just by using there imagination, and construction workers got to use there own imagination just to construct a big buildings and houses.

Reason three you can make money from just using your imagination I seen people make lots of money just selling stuff they made at there own homes and seen so many companies go from not making anything like money to being this really large company that made millions just from using there imagination.

And thats why i agree with Albert Einstein saying ""Imagination is more important than knowledge""",188,8,Male,Economically disadvantaged,Hispanic/Latino,train,3,3,3,3,2,2.5,2,3,2.5,2,3,2.5,3,3,3,2,3,2.5,3,3,3
8AD96DB8DD9F,Imagination,"Do you agree or disagree with ""imagination is more important than knowledge""? I agree with this statement because it helps you when your reading books, studying, and learning. I learn more when I imagine things at school or other places.

To begin with, I like reading books because it helps me when I'm mad or just in general. Comedy books are one of my favorite to read because it cheers me up more than anything beside music. I like imagining things when I read because it makes the story more interesting like people talking in my head. Imagining helps me learn more because I am a slow learner I don't learn fast like other kids do so I like to sit down and imagine all the things the teacher was talking about so I can catch up with the class.

Also, Imagination helps me a lot when it comes to studying because I am not good at remembering things. Studying is not my thing yet because there are big words I don't understand especially when it comes to English and math. English is more of smart people stuff I get so lost in English because we do a lot of work at once and the confuses me. English taught me new things I never knew before like having a introduction in every paragraph.

In addition, Learning is hard when you have a lot of kids in the class playing and not letting the other kids learn. Some people take learning as a joke but I take it seriously because I want my dreams to come true I always wake up in the morning happy to go to school to learn something new. Learning is important it helps people get to where they want to be either it's a dream, a location or read and write things. It is all imagination it helps a lot of people each and everyday by studying, learning or reading books because I enjoy it a lot it helps me fill up my emptiness.

In conclusion, I agree imagination is more important than knowledge because it a it of people just like it helps me. Learning is important because it helps you reach your goals in life, and studying is not my thing but imagination helps me with studying because I can imagine the things we talked about. Reading books is more important to me because it cheers me up when I am mad so I don't pop off and say things I regret saying ",398,8,Female,Economically disadvantaged,Black/African American,train,4,4,4,5,4,4.5,4,3,3.5,4,4,4,4,3,3.5,5,4,4.5,4,3,3.5
8FD83605AA61,Imagination,"The imagination is a trait of the human with a fundamental function, this is due to the fact that imagination is one of the most important bases of knowledge, also the imagination is the inspiration of everything, therefore without imagination the human will not have knowledge.

The imagination is a fundamental function to every aspect of daily life. Could be job,family,school etc, every time the human is using his imagination to think about the steps it needs to perform activities, and the knowledge and skills it will use to complete a specific task. The imagination is a very important skill for life that the human uses for evolve, therefore the imagination is the reason why the humans had evolving for years and it has adopted to different circumstances of the daily life.

The imagination is always the first step of everything ideas,tasks,decisions everything, the imagination will always be the first model of every idea. To give a image every time when the human creates a object to complete a respective task is using his imagination to think about what people needs and how that object will complete the specific task to help somebody. Every idea it comes from the imagination, and then the human perform his skills and knowledge to create the idea.

Without the imagination the human will not have knowledge. The base of the knowledge is the imagination, the the imagination is the ability to the think the knowledge is all the different ideas that we think to perform any activity that the human want to perform. To give a image it will be useless if a human has skills in math,science,

etc, but it can use his respective skills to perform in a idea or task. Basically the imagination is the base of the creation.

The imagination is a fundamental skill for the daily life. That the humans uses it for his respective life for job,

school,family,etc. Is the ability to think and create ideas.                                            ",311,8,Male,Not economically disadvantaged,Hispanic/Latino,train,3,3,3,3,3,3,4,3,3.5,4,3,3.5,4,2,3,3,3,3,3,3,3
90EBF38FCFBA,Imagination,"Imagination is more important than knowledge. Knowledge is something you know, imagination is anything you want to see. When you were a kid you had imagination it was with you when you were born, knowledge you have to learn. With imagination you can believe anything, new ideas are made with imagination, imagination is fun.

You can believe anything you want with imagination. What is imagination? Its something you imagine for example an imaginary friend. Something not real but you see it no one else can see your imagination. You can make your brain think whatever you want you control it. You want to believe your touching a teddy bear, than you just imagine it and feel it. Our imagination is in our brains with us it's something you're born with something only you can see it, feel it, and only you can imagine it.

Ideas happen because of imagination you can think of new ideas for a movie or anything. Some people just have a bigger imagination then us but we all think unique. Everything we have in earth is because imagination happened. Those people think ""what do we need, what can help me."" First you gotta imagine it, then you have to believe, and finally you do it.

Imagination is fun just let it take you where ever you want. its something you're born with not something you learn. Take vantage of it.

That's why i think Imagination is more important then knowledge. You have it with you, you just need to let it shine. Just image anything. Don't be afraid to show your imagination. Just do it and keep imaging, you imagination can take you anywhere you want.",268,8,Female,Economically disadvantaged,Hispanic/Latino,train,4,3,3.5,3,3,3,3,3,3,3,4,3.5,3,3,3,3,4,3.5,3,4,3.5
946D8B23ECA6,Imagination,"I agree with Albert Einstein when he said that imagination is more important than knowledge. within you knowledge comes you imagination. in that imagination you see that it will help you receive your knowledge from somewhere that you did imagined. even tho sometime you imagination can mess your Brain a little when you go ahead of yourself. Like when you think about a subject that takes you way over that your brain wont handle itself.

but mabey sometimes your knowledge can be more efficient than your imagination because your brain is acting more mature when it comes to obstacles that are difficult. your brain acts more when its come to a problem like that time you got stuck on that question on that math test you've taken. sometime even when you are reading a book. reading a book may help you vocabulary when you read.

but there're time when they both help each other. both knowledge and imagination can help when you construct something. mabey you wanted to built something but you had no idea what. thats why you have you imagination comes right on in to tell you many ideas on what to build. once you think of the build you knowledge is there to help out to figure out on how you should build it. your brain get all the knowledge to help to build that dimension of the building there s how both can work together,

but still there're some negative times when it come to imagination and knowledge. like that time you are felling a bit down and your imagination said that you cant find anything to make you happy. sometime when your imagination goes a bit to far like that time you play with friends when you were younger you can make thing a bit unfair with your imagination and can loose that friend. in middle school with that knowledge of yours can change many things on a test. you can do good or bad. but say you did good and you were the student that had the highest score but you friend go one of the lowest score but you bragged about it yo can also loose that friend.

imagen if a 16 year old boy wanted a job. he may have not be the smartest but he has a few bad grades. either he will get a get a good job or he'll stay jobless cause if how much knowledge he had since he does no study hard enough. so other students may have better knowledge and have received the job they have wanted. mabey t he 16 year old boy needed the job to pay for food but he had to ask all his friend to buy food since he had no ob nor the money. so in the future he became homeless because he had to pay the money back to the friends he had cause he needed money.

young children have the most imagination since they have nothing to expect. but at night children think they see monster are on closets and want to have their mom and dad to come see it for themselves but their parents say that there are no monsters. later the night they start hearing noises but cant tell were its coming from so they scream mom dad again because the child thought there was still a monster in the room. but the parents still say that there are still no monster in the room. later on the child starts to think that there it still a monster so the child went on outside the room and notice that it was no monster it was just their parent just making noise just to scare their child just for fun.",588,8,Male,Economically disadvantaged,Hispanic/Latino,train,3,2,2.5,3,2,2.5,3,3,3,3,2,2.5,3,2,2.5,3,2,2.5,3,2,2.5
98318D414246,Imagination,"Hook

Is it really true that Imagination is more important than knowledge.

Thesis

I honestly disagree with this knowledge is important.

Claims

Knowledge is more important than Imagination.

Can Imagination be helpful to you.

Imagination can happen to some people.

Knowledge is more important that Imagination

Knowledge helps your future become successful so how will Imagination help you. It wouldnt really help you just by seeing things with your head. Lets say you played would you rather would you rather have good knowledge or have Imaginations. Is there a way for Imagination to help you?

Can Imagination be helpful to you

Seeing things with your head wont help anything ,but it might help you if you think of anything it will just appear ,although, its not really there. Lets say you want a snow day you just Imagine its snowing outside but you still have school and theres not really snow there. Some people do Imagine things but why?

Imagination can happen to someone

A person starts to imagine things when he or she feels alone ,so he or she starts to think of an imaginary friend and they think that helps them not feel alone. Say that you just played your new game and you start to imagine in your head how fun the game was ,and what things you did in the game. Lets see what we learned.

Conclusion

That was all my reasons why I disagree what Albert Einstein said. Knowledge is more important than Imagination, what can Imagination do to help you, Some people can start to Imagine and think that it will help them. those where my reasons why i disagree.",234,8,Male,Not economically disadvantaged,Hispanic/Latino,train,2,3,2.5,2,3,2.5,3,3,3,2,3,2.5,2,2,2,2,3,2.5,2,3,2.5
99A3641592CA,Imagination,"Do you think immagination is more important than knowledge? Why do you think it's important? Let's see why I think it's important! Well think about this you have the knowledge, but you never immagine things that you think you can't do. If you just immagine or think bigger about what you want or what you want to do. One day you will achive your goal or dream.

One of the reason why I think immagination is importantant is that if you don't immagine what you want to do in future as your job or hobby. When your in school your not going to try your best and show effort. If you don't learn anything at school when you are older to get a job, your not going to get the job you want, because wherever you are there will be someone that want the same job as you but trying harder than you, learning harder than you, and showing more effort than you. Which means effort creates achivements. For example, you went to an interview for a job at a store to be a cashier and there are 15 people that want to be cashier. But they only need one. So first they asked everyone what do you do when the costumer comes in. One of them said you have to smile and say hey, do you need help with anything? and you said you continue doing whatever your doing. Who do you think there going to pick? Of course the first one right? because she showed them effort and willing to do the job. That why you have to immagine what you want to do in future and try your best in school.

Second reason is that you have your knowledge, but if you don't immagine or think bigger your not going achive big things in your life. The people who failure in life are the people who quit something one step away from success. That's what a lot of people do. But the people who successed in life are the people who took the step that a lot people quit which the hardest step to take. For example, you want to start a company, but the people around you said that your not going to success. Although they said that you started a company anyways. After a month no one wanted to invest you company. You kept asking people to invest your company. So one person did, with that money you payed the bill. Then nothing happened to your company. But if you stop asking people when no one wanted to invest your company your company would of been closed. So you have to immagine thing and use your knowledge to achive them.

Third reason is you have to immagine things as your dream and get a lot of knowledge by learning at school. When I was little I wanted to become a docter when I grow up. Then I started immagining to help and more stuff. When I go to school. I told myself you have to be good at science, math and other subject to become a docter. So I will have knowledge about things that you have to know to become docter. so you have to get a lot of knowledge to achive the things you immagine.

So I think immagination is more important than knowledge. But knowledge is still really important. I feel like everything starts with immagination first. Then you go to school to get your knowledge increase every year. You work really hard to make immagination becomes reality.    ",563,8,Female,Not economically disadvantaged,Asian/Pacific Islander,train,3,3,3,3,3,3,3,3,3,3,3,3,3,3,3,3,2,2.5,3,3,3
A10E91E49973,Imagination,"Yes, I do believe that imagination is important more than our knowledge. Albert Einstein is recognized as the most brilliant person who has ever lived. He used his imagination more than his knowledge, which made him accomplish so many things. He imagined things first, then used his knowledge to make that happen. If we couldn't imagine things, it would've been difficult for anyone to invent something or do a lot of things. All the inventors, who has invented things first used their imagination to create an image on their mind to see how it will look like, which helped them to make the item. Imagination helps us to accomplish our goal. It shows us what we can do to achieve it. Imagining helps us in many ways.

I always think or imagine before I do something big. I always imagine before making a choice or decision because I do not know how it will turn out. Sometimes some people think its funny and laughs that imagination can't come true but I do believe that no matter how hard is to accomplish my success, I will always try. My parents always tells me to imagine what I truly want to be when I grow, which is amazing. I think many parents are strict and tells their children to stop imagining things and always study, which I believe education is very important but telling someone to stop imagining is not quite right, Once I read in a article where it said that imagining thing is a natural habit and you will imagine things unless you have disability or blindness.

Once I also read a article that says that according to physcology imagining things is important for our brain . We imagine things everyday. When we are imagining things or just thinking, it helps to improve our brain. Scientist always has a prediction or imagines before doing an experience because they don't know what is going to happen. That helps them to be prepared so that if something happens their going to be ready for it. Albert Einstein had a an amazing knowledge also he believed that imagination is important, which made him be a successful person. There are so many celebrities, who wrote a quote about how imagining helped them achieve their goal. For example Taylor swift always imagined that shes going to be a singer when she was young and now she is a singer. Sometimes people can use imagination in a bad way like imagining to rob a bank but its not good, but they need to think deeply how it can affect them.

If you also don't use your knowledge can't succeed because you have to use imagination and knowledge to succeed, you have to use both. I will always remember this quote.",438,8,Female,Not economically disadvantaged,Asian/Pacific Islander,train,4,3,3.5,3,3,3,4,3,3.5,4,4,4,3,4,3.5,3,3,3,4,3,3.5
A81E2C81BCAB,Imagination,"In my opinion, i think what Albert Einstein is saying, might be true. I think imagination is like a little world in your mind that only you can control. Imagination is what you want it to be, nobody can control it because it's yours to keep and think about in your mind. I agree with Albert Einstein's quote,""Imagination is more important than knowledge."" I agree with this quote because, knowledge is building up in your mind little by little because people are teaching it to you.

Even though knowledge is going to be extremely helpful in the career you desire to have, you must have imagination in order to ""look"" into the future and see yourself doing something good with your life. Einstein was one of the smartest human beings on earth known to man kind. He was the creator of the space and time theories that in my opinion, I like very much.

Albert Einstein had to use imagination and knowledge at the same time in order to come up with those theories. He also needed knowledge in order to know what was out there in deep space and to know the truth behind black holes and all that cool\space stuff. Imagination is a real thing. Imagination is better than knowledge because its there with you forever. Knowledge is taught to you, but what is taught to you, you might forget it in the future. Also things that you learn in life might not be used in the future or in the career you fore seek to be doing. Even though knowledge is really important to learn, it may go away or you might not need it in the future career or job you wish to do.

Life is full of bad people. If you have ever done something wrong, you might want to ""think before you act."" If you were to do something without knowing the consequences, you're going to get in trouble. What if bad people that are in jail right now, would've thought of the consequences before committing the crime? Yea, they probably wouldnt of done it. Example, if you wanted to prank a teacher on the last day of school or hitting a school clock, causing it to fall and break, you might want to think before you act.

You might also want to ""imagine"" what would happen to you in the future if you did something wrong. Another good reason is to learn from your mistakes. Since you already did them you're have a good visual of what you might expect to happen to you in the future if you did something wrong without thinking about it. you might also want to have knowledge because if you thought of the consequences and or imagined them, you wouldnt of done it in the first place.",451,8,Male,Economically disadvantaged,Hispanic/Latino,train,4,4,4,3,4,3.5,4,5,4.5,4,5,4.5,4,5,4.5,4,4,4,4,4,4
A9DA6C8A9555,Imagination,"Albert Einstein said, ""Imagination is more important than knowledge.""

I do agree because in your imagination you can think or do anyting you want. Knowledge is just using ur brain but it's not the same as imagination. Many people might agree with me because its just true. You can think of many ways; Therefore, all the things you think can come true but not all the time. Im going to tell you all the reason why!

Imagination is a whole new world, not many people can say that. You can create anything just by using ur brain.

In your mind think of scary movie, funny movie, and horror thing that can scare you. Sometime you can make up a plan by using ur imagination; Meanwhile, you can use ur Imagination for homework or any problem that you have at home. Think about it, you are goiign to love it.

Albert Einstein is one of the smartest people if you don't belive me read an article about him trust me. If you use your knowledge what the fun on that you can't even create nothing. Some people just say, use your knowledge for a problem instead of your imagination. knowledge is important but using your imagination is more important.

If you don't belive me belive Albert Einstien!

What would you like to use more your knowldge or your Imagination. Well think of the fun thing you can do with your Imagination. Well Albert Einstein would not have said, using your imagination is more important then knowledge. This is my opiaion but it could be your opiaion to. You need to try it, Im telling you it's so fun.

Imagination is really fun and helpfull in life; However not many people think that, Imagination fun because they never try it. Many people might think it boring and that there no point to it. But there wrong becuase how do you think that many people got out of there bubble or problem they had in school or home. Just use your imagination It might even help you in life or anywhere. Like I said this is just my opiaion no one else.",330,8,Male,Economically disadvantaged,Hispanic/Latino,train,2,3,2.5,2,3,2.5,3,3,3,2,3,2.5,3,3,3,2,3,2.5,2,3,2.5
ADF1112226F4,Imagination,"Do you agree with Albert Einstein when he said ""imagination is more important than knowledge""? I think that is true because if you have now imagination than how are you going to get knowledge. I agree because Albert Einstein had to have a strong imagination to become really smart, Albert Einstein lived through a lot so he knows a lot, Elbert Einstein is smart.

To begin with, I think that Elbert Einstein had a strong imagination because he was one of the smartest human beings to ever live. He was really smart that is why I think he said "" imagination is more important than knowledge"" he had to have a strong imagination to think and become really smart. Elbert Einstein created and invented a lot of thing and to make to things he needed a strong imagination.

In addition, Elbert Einstein was really old and really smart so he lived through a lot as a human not as genus. He also learned a lot from being a genus but he did live through a lot and he was a human.

Also, I think that Elbert Einstein created cool inventions and gadgets from his imagination he needed a wild imagination to think and create a lot of cool things that is most likely why he said this quote. He was smart but he used his imagination too.

In conclusion, I agree with what Elbert Einstein said because he had a strong imagination because he was one of the smartest people, he lived through a lot, he was really smart. I think you should agree too because you can use your imagination to become a genus at you school, job or even your house o with your family. Use your imagination.",283,8,Male,Economically disadvantaged,White,train,3,3,3,3,4,3.5,3,3,3,3,3,3,2,3,2.5,4,3,3.5,3,3,3
BD9FE34E4670,Imagination,"I agree with this statement, because one there's no knowledge without imagination, secondly Albert

Einstein has made many inventions and he has succeeded, and lastly you can be creative with your imagination. one reason, is there is no knowledge without imagination, because your have to be open minded about things. Imagination isnt just a picture in your head. knowledge is something to see, and think about. its not hard to use your imagination its fun, because you can think about anything you want. even if you have to write a essay, then you need to use your imagination as well. Many people invent things, but before they make it they think about what they want to make, and they imagine what what they want. People invented cars, motorcycles, bikes, and skateboards, But before they made all those things they drew it out they took there imagination, and put it on a peace of paper.

My second reason is Albert Einstein invented many things he might of failed on some, but he succeeded on many. He said "" imagination is more important than knowledge"" he made that statement because he used it to make his creations great. It helped him on many things. and it can help us too. For example if your are writing something, you have to use your imagination on it. If you are listening to music, then you are using your imagination as well. Albert Einstein was a very smart man. he had made many things in life, and we use it till now. Even if your thinking about something then your using your imagination too. People had made phones all different types of phones, People have made flip phones, iPhone, and androids they all invented that, and used there minds and creativity to make all that.

My last reason is to be creative with your imagination, I chose this because if your making a book you need to let the reader think, and picture the scene in there mind, or if your reading a book then you have to imagine it in your head instead of just reading it, and doing nothing. Also if your teacher is explaining things to you, then you have to think about what shes saying, and think about what your going to do. for example I once had to make a assay for my teacher, and it was about life bellow water it was pretty hard, and I had to explain what was going on in the ocean. It took a while to make, but I ended up saying that people keep throwing trash in the in the ocean can you imagine how many animals, and creatures are dying every day because of that? I imagined all of it, and people should not throw trash in the ocean. Every time I read a book I saw it all in my head, and it was cool, and fun! Also every time I wanted to draw something, I would have to see it in my head, and see what I should draw. Even if you are trying to make song or some thing, then your have to imagine how the beat is gonna go, and figure out if it sounds good to you. Even if your making a poem then you have to think what rhymes or doesnt rhyme. Also there are doctors that have to see if they can save someone, they have to think and see in there head if they should get this, or that. Everyone uses there imagination there isnt knowledge without imagination. There are kids that get read to, and they imagine whats going on they dont just listen they think about what they hear. That is why I agree with Albert Einstein.",612,8,Female,Economically disadvantaged,Hispanic/Latino,train,3,3,3,3,3,3,4,3,3.5,3,3,3,3,3,3,4,3,3.5,3,3,3
BF5E7CD37E4B,Imagination,""" Imagination is more important than knowledge ""

Can imagination be more important than knowledge?

I think that imagination can be more important than knowledge. Due to the imagination of some scientists have created a massive number of inventions that benefit almost all the people of the world in that part is when knowledge is created based in imagination. In movies of sci-fi the director imagine a space full of flying cars and gas stations in the space, one great example was in the movie ""Return to the future 2"" the director and the writer of the movie imagine a skateboard that could elevate one ore two inches from the floor and they put it in the movie, and now scientist invented a skateboard that can elevate four centimeters from the floor.

First of all, whiteout imagination the world couldn't be the same like we know it right know,the imagination can help to improve your knowledge. Think about that a world whit geometrical forms like squares or rectangles, horrible! For example: Bill gates was a normal person, studying in a normal university, and whit a normal family. But one day he imagine how to improve his knowledge of school of the systems of computers, then he invented windows, so thats is a great example o how imagination can change the world.

Also, the imagination can help people work. You use it in projects, you use it in homework, also you use it in tests (Like me right now). For example: I was in a project of a debate of countries, my team was N.Korea, i needed to imagine if i where in Generic_City presenting my statement to all affiliated countries of UN, so i began to write, i though i was going to lose, because my enemy was the Westerns powers, but then we could win due i could imagine if the situation was like i where a person of N.Korea speaking to orders governments.

Third, imagination makes you feel better, when you are bored or when you are sad, the imagination always can make you appear a smile in your face. For example: i meet a partner that was depressed, i tell him ""i know how you are going to be happy, imagine you and the people you love to be near are in a vacation, then imagine you are whit out problems, whit out school, whit out homework,etc. Now i think now you are willing to be without stress or difficulties in these day"", he told me he was better.

Finally, I think and many people does is that whit out imagination we couldn live happy and whit a lot of fun, knowledge is a part of the bast world of imagination. People famous and normal people are successful by the imagination they use in theres life.",471,8,Male,Not economically disadvantaged,Hispanic/Latino,train,3,3,3,4,3,3.5,3,3,3,3,4,3.5,2,3,2.5,3,3,3,3,3,3
C868C220A380,Imagination,"I disagree,and here on my reasons. If you just believe on your imagination then knowledge it wouldnt end up go for you. 1,people would think your crazy. 2,people would not even believe it would even work or would ever come true. Lastly,people would just think its plain old dumb if you believe in that.

I think people would think your crazy because if you keep living on your imagination then you'll get to stcuk in your own little games your in,and you'll sometimes forget what the real world thinks of you. The worst to come is that you'll get to scared to come to even go out into the real world. Knowledge is a powerful thing that everyone has,and its more powerful than your own imagination. If yo keeping thinking about your own little world your own little world you live in,then you would just forget on how the real world is a scary place.

Second of all,If you have a big imagination,people would not even believe that it would ever come true. Reson number 1,people would just believe in whatever you do. Think about it,their are so many ideas that just shut down,like how bills get made but they dont even get to the second step of becoming a law. Reason number 2,Everyone judges on what you think and what you believe. Some might agree,but most of all they just think your werid or crazy. So yes, it's scary to think on what people believe in what you imagine.

Finally,People would just think your plain on dumb. If your imagination gets to out od hand,people would just think your dumb or disagree with you. Yes,it's werid or even sad to have people judge or think your done with your own fantasy. People won't take you seriosly. And if they don't take you like you mean business,then they just won't talk to you at all. And your left with nothing but your own ideas. So,its risky to have a really big imagination because people would just think your plain on dumb or they might take your ideas and leave you with nothing.

In conculsion,I don't think it would be a great idea to have a big imagination. Knowledge is best because people won't judge you,they wont think your crazy,and they would believe you a 100%. I think its great having a big imagination,but dont get to attach to your imagination.",354,8,Female,Economically disadvantaged,Hispanic/Latino,train,2,3,2.5,3,4,3.5,2,3,2.5,3,3,3,2,4,3,2,3,2.5,2,3,2.5
D9E7B148EF8C,Imagination,"I DISAGREE

Hello there!!! do you know that Albet Einstein is one of the smartest person that ever live, he discover by using knowledge and imagination. Then he said this "" imagination is more important than knowledge."" I disagree because you see you use imagination and knowledge in the rest of your life, when you work as a team you use imagination and knowledge and you need to be fast, strong, and smart, and imagination and knowledge is important. OK' let me explain why i disagree what Albert Einstein said.

First, when you was a kid you use imagination to make things, to draw, to make discoveres, and to have fun. When you grow older you will get knowledges and use it to pass your test, do your homework, and more, but you use your imagination too. For example by thinking, to brain strom, to make music and more, is the same thing however you use knowledge with imagination. Both imagination and knowledge, you have those things from your rest of your life!!! Starting when you were a kid and when you grow older you still use both imagination and knowledge, thats one of my important reason why i disagree.

Second, you use imagination and knowledge when you work with somebody or working as a team, making something or thing how can we make it stronger or how can we win. if your working as a team and battling a robot battle you use imagination to think whats the best robot to build and how to make it stronger, that one of the examples. If you play sports you use knowlege to think what to do, how to win, its the same but you use knowledge. However theres a battle that you work as ateam, using imagination and knowledge, it is a war!!! let me explain its beacause you use imagination to know whats the plan, what is the things were using and knowledge to know when to attack , that one of my reason, when using imagination and knowledge in a team you need to be fast, strong, and smart.

The last one, imagination and knowledge is important, because imagination and knowledge is both important because if kids can't imagine theres no knowledge or if there no knowledge there no imagination. Every body need imagination and knowledges to do what they want and both of these is fun like they can make things, they work as a team, and it will be at there rest of there life. This last body or body 3 is conneted in body 1 and body 2 this is the most important reason. If there's no imagination there's no knowledges, both of does is important every one need imagination and knowledge.

That's all my reason why i disagree that ""imagination is more important than knowledge"" both of those is important, you use it by playing, making, thinking, and more, that's all i have to say that i disagree on albert eintein.",548,8,Male,Not economically disadvantaged,Asian/Pacific Islander,train,3,3,3,3,3,3,2,3,2.5,3,3,3,2,2,2,2,2,2,3,2,2.5
DA7C756EEA38,Imagination,"Do you think imagination is more important than knowledge? I think imagine is better than knowledge because you can imagine a lot of thing. Imagination is more important than knowledge because you get to picture or about what you want to do when you grow up or something you want to do with your life or your friends. You can imagine all that by thinking about it or just doing it when you want to.

I remember one time my mom ask what I want to do or to be when i grow up I said a soccer player and I said i imagine me playing with one of the best player playing with me mom said but you have to practice very hard to even make it on the team and I said you going to see on your television very soon. Knowledge is not important than imagination because knowledge you have to learn about it to make sure you no what you talking about but imagination is when you imagine something in your life that you know is going to happen in your life one day is as fun as everything in the world that can make you happy in life or a point of your life.

So ne time i was playing soccer with my friends outside in the rain and I imagined myself making it on the school team I was very happy when I made on the school team. So the next day i went to school and they were calling out the people who made it on the school team, So I head the call my name and I was very happy because they called my name out and it is because I imagined myself making it on the school team and every worked out good, So I was the best soccer player in middle school, now i can not wait when I am famous and ever body know my name.

In conclusion imagination is more important than knowledge and you can imagine what you going to do before it even happens.                                                                                                                                                                                                                                                                                      ",479,8,Male,Economically disadvantaged,Black/African American,train,3,3,3,3,3,3,3,3,3,3,3,3,3,3,3,3,3,3,3,4,3.5
DB80C6963DB7,Imagination,"With great imagination comes with great knowledge, with both, you'll be able to conduct something amazing! You can have great knowledge and little imagination, but you can have imagination without knowledge.

I personally disagree on Albert Einstein stated, yes imagination is very important and useful, but it's not more important than knowledge. I say that because, people everyday, all the time, imagine great things all the time but without any knowladge, how will they make that thought turn into reality without having any knowledge what so ever??

Knowledge is way more important that imagination because many inventors, scientist, constrution workers, normal people, use it in thier every-day lives! Imagination us just one step with in into reaching to a goal or something, if you have plenty of knowledge of your dream, you'll be able to grab that goal!

But knowledge isn't just about reaching a goal or building something, it's about having idea or knowing what your doing and what's going around you.

In conclution, knowledge is way more usefull than a thought bouncing in your head, Knowledge is way more better because it helps us build many great things like, electronics, machines, stores, ect. Sorry Einstein, I just don't agree with you.",263,8,Female,Economically disadvantaged,Hispanic/Latino,train,3,2,2.5,3,3,3,3,2,2.5,3,3,3,4,2,3,3,2,2.5,4,2,2.5
DEC2A1A6A1CA,Imagination,"The famous Albert Einstein always said ""Imagination is more important than knowledge"". I agree with this amazing quote because without imagination you wouldn't be yourself. As a kid everyone has always imagined of them being like or better then someone. These are my reasons of why I agree with the famous Albert Einstein.

First of all, without an imagination you wouldn't have dreams to succeed. Myself for example I've always wanted to be a professional soccer player. But than I realized that soccer isn't very popular in America. So than i started playing football and I enjoy playing that sport very much. Since than I've always imagine of being a professional football player.

Secondly, imagination is an everyday thing you use it everyday in many ways. Imagination is like an opinion,no one can take that from you. It can be positive nor negative either way no one can change the way you think. Imagination is everything because you always imagine or wish you were doing something or wish you were with someone. As a person that has dreams to succeed you need imagination to achieve them.

As one can see,me as a football player. I use my imagination a lot for many reasons. Because I am very competitive when it comes to sports, I always want to be better than the old me. I always want to be one step ahead from everyone. For that reason I think I use my imagination a lot. Like if I ever lose at something I would think about it and say ""imagine if I won"".

Lastly, the famous quote can say a lot in my opinion. Because without an imagination you wouldn't be a regular person.",234,8,Male,Not economically disadvantaged,Hispanic/Latino,train,4,4,4,4,4,4,3,3,3,4,4,4,4,3,3.5,4,4,4,4,3,3.5
E6A0D625F9C3,Imagination,"I am disagree with this statement because thing that are made up from mind seems to be not real. First, Knowledge created stuff that is real. Lastly, Knowledge can make you be rich.

Knowledge created stuff that exist. For examples: a car that had been made by a knowledgeable person, can solve your life time problems, but an imaginary car is not real at all. all human have the knowledge to read. People today have invented a lot of things because of their knowledge. In conclusion, there are so many stuff that had been invented(created) true knowledge.

If you present the thing you invented from your knowledge, a company might respond to you and say,""hey, people really loved your invention. we should work together."" For example you have the skill to invented a phone, and you solled that phone to a person and you made a huge amount of money. You would want to invent more and more to make a lot of money. You learn that skill from knowledgeable teacher. In conclusion, knowledge can help you with your life time.

In conclusion, Knowledge created stuff that are real. People have made a lot of money true their knowledge. Finally, knowledge is more power full then imagination.",197,8,Male,Economically disadvantaged,Asian/Pacific Islander,train,3,3,3,3,3,3,3,3,3,2,3,2.5,2,3,2.5,2,3,2.5,3,3,3
E7328989C861,Imagination,I agree that imagination is more inportant than kowledge beacus in imagination I feel like you learn more about your brain and that will help you a lot knowledge you really dont learn anything you just learn how to other people choose what you like. Imagination you can think about what to choose like if there is a car you like imagen if you didint choose the other one that one is going to the dumster if was one good car and one ugly car but if it was knowledge you will have pressure. You will not know what to pick or you will know what to pick if you use your imagination. Knowledge you really have to decide what you want but imagination you just can imagen like what are you going to need that in your life like if you had to choose a house or a car what will you need more in life thats why you use your imagination so i rather pick a house beacus you will need that house when you grow up like for your kids. knowledge i feel its bad for you in the futcher. When you go to college you will have to use your knowledge for school i guss that is preety good but you are just going to imagen like you are done in college.,220,8,Male,Economically disadvantaged,Hispanic/Latino,train,2,3,2.5,2,2,2,3,2,2.5,3,3,3,2,3,2.5,2,3,2.5,2,3,2.5
E7510A2A4F0A,Imagination,I disagree with this statement because you are supposed to have knowledge imagination is like dreaming but when you have knowledge you can put your mind to something to create something big in the future like having your own company and you can signed workers and to make them delivered stuff to people and all of this is reality even though you need to finish school and go to college and get a degree there it take time you have to get your mind set and encourage your self to do better. You can also help people if they need help on something cause you already been threw all of this like how to get a job or how to make your own job and to encourage somebody else to just put there mind to it so that person that you helped they can also helped somebody then it goes own forever and forever and you can tell them how you succeed in they can follow in your foot step and they can tell another person who they succeed and they can tell there story imagination isnt reality it is when you are sleeping or thinking but knowledge you will need it if you are in a situation.,204,8,Male,Economically disadvantaged,Black/African American,train,2,2,2,2,2,2,3,3,3,3,3,3,2,3,2.5,3,2,2.5,2,2,2
E8445DB18983,Imagination,"Scientist Albert Eisnste sad "" imagination is more important than knowledge "" I disagree with the statement.

I disagree imagination is more important that knowledge.

I disagree because, I think knowledge it's more important because, you have to knowledge after you imagine because, I think knowledge it'a more important because you have to knowledge. The situation to think really good if you dont due you can not think what it's gonna happen.

because if you only imagine you don't gonna knowledge good because, if you only imajinate and say the words after you knowledge the words you what to says. and if you knowledge first after think you can be able to due son tings.

If you gonna to due a story if you only imagine you can not be able to due because you have to Knowles the situation first after you think because son times you can get good imagination and you have to knowledge.

like for example if don't knowledge you don't gonna now were put tings to knowledge the situation were you gonna put things and the ca n be better.

I don't no what scientists Albert Einstein think and i gonna now what he thinks because, people have different opinion like how it's more better to they can use, and because persons have different ideas,like me i think then knowledge it's more important, then imagination but others people they can think it'snot because for people to see things it's different, because if the person am gonna write the story am gonna use the knowledge to knowledge, the situation better and make good story.

The knowledge it's like then a group because you have to search or knowledge to now what you gonna due because, if you only have in a imagination to what you gonna due that can work, like when you go to your job and you have to knowledge,what you gonna due for the day.

when you go to school and you go to science if you have to examine the a plant you have to knowledge the plant to now were you can star to examine the plant.

when you due sometimes you have to knowledge the situation,like for example,when a person quilled to another person, the police they have to knowledge,the scene and who was the criminal and knowledge the situation how died and who was .

some people think the imagination it's was first and it's more important would, I think the people see for different forms to due would a think some people it's right because, I see for different forms like when you imajinate it's like when you imajinate the things would you can have a picture in your minds like you can see pictures like were you what to put things.

but you can have im imajine in your mied but you have to knowledge first because i think if you knowleged because i feel more necesary to knowleged beause when you knowledged you can feel it's more easy or if you look like the pictures way it's more easy, because you see the things more specific en your miend.

it's alot ways to you can see things because for people some people looks diferets to others you can see more better in you way if you don't get.

i think people it's look things different ways and other they look like the same but the most important it's the way you see the tings for you.",516,8,Female,Economically disadvantaged,Hispanic/Latino,train,2,2,2,3,2,2.5,2,2,2,2,3,2.5,3,3,3,2,2,2,3,2,2.5
EA8BE9778AA9,Imagination,"On a human, the brain is the strongest part of their body. It control your body. Also, world's one of the biggest thing from a human brain is imagination. More than 100 years ago, people used their mind to build machines, planes, rockets, television , bridges, etc. Most of the things were build my their own imagination. Our world's one of the brilliant scientist of all time Albert Einstein said, ""Imagination is more important than knowledge."" I think that imagination is more important than knowledge in a lot of ways.

""Imagination""

is the power of mind to make something creative. Sometimes when you imagine something that you know you will do it no matter who stops you, It may come to real life and change the whole world. It can change a lot of thing in the world that you didn't thought of. For example: think that you designed a machine from your imagination about a robot maid who can help you to clean your house , do your laundry, make you dinner, washing the dishes, etc. From your idea, you made the robot and It worked just the you wanted it to work. And then your robot went to the market and the people brought it and loved the machine. How would you feel when you see your robot went viral in the world and people liking it? Your robot machine went from an a imaging thing to a big successful robot machine.

Also It helps your mind get stronger. When you thinking about anything, your brain is running from one place to another place to get the next task. In a human brain, we do 5% conscious and 95% unconscious things everyday. You are learning something new everyday, your brain collecting data based what you do in a everyday life basis. When you imaging something, your brain brings back the data from your past and puts it in your imagination. In that way,you know what you should in your imaginary work. Also, In that way your brain are becoming more conscious by your little thinking process and it's making your brain stronger everyday.

Imaginary can make you an open minded person. If you are good at imaging, when you are gonna talk to other people and they tries to explain you their situation, First, you will imagine yourself into that situation. Second, you will understand what they have been went through. Then you will think what should I do to make that person feel better. Next, you will give them some helpful advises that will make them better. If they feel safe around you, they will be more comfortable to tell more about them in future.

In conclusion, I think imagination is better than knowledge. It makes you a good person, It makes you open minded, It helps your brain to get stronger. And that way you will be able to help others'    ",463,8,Female,Economically disadvantaged,Asian/Pacific Islander,train,3,3,3,4,3,3.5,3,2,2.5,4,3,3.5,3,2,2.5,3,3,3,3,3,3
EAEE04B1F712,Imagination,"Scientist Albert Einstein once said, "" Imagination is more important than knowledge."" I agree, why do I agree with scientist Albert Einstein. When you use your imagination,

you can create it in your mind first, you can invent it, you can make the world a better place with it.

First, when you use imagination you create it in your mind, you can go to your happy place and just build it you see how it's. Your brain helps you imagine it right, for example in the game called Fortnite, you imagine what you want to build before you build it and how it's going to look like. In knowledge you just know it you can't make it more beautiful. When you use imagination you can see the problems that might happen when you are trying to build something in your mind. That's why imagination is more important than knowledge.

Furthermore, imagination can help you invent stuff like flying cars. I can use my imagination and and think about what can i do to build a flying car and boom! now you know how you can build it. You need imagination more than knowledge. I am not going to say you can't build flying cars with knowledge but, with imagination you can make it better. Imagination is literary a image in your mind, its like you drawing the things you want to invent on a piece of paper, and just adding some colors to it. In knowledge it's like you knowing the answer to a math question or just about any question.

Finally, imagination makes the world a better place, how does imagination make the world a better place. Well it has a lot of reasons but the best reason is, it makes people happy if people are happy then there is no violence in the world. If we don't use our imagination there would be no light bulbs or nothing. If you dreamed about something, with your imagination you can accomplish that dream and make your life better, and maybe that dream was you becoming a teacher than you're making your life better and the world a better place.

To conclude, scientist Albert Einstein said, ""imagination is more important than knowledge ."" and here is why with imagination you can create in your mind first, you can invent it, you can make the world a better place with it. If you can imagine something than you do it if you imagined it right. ",385,8,Male,Not economically disadvantaged,White,train,3,3,3,4,3,3.5,3,3,3,3,3,3,3,3,3,4,3,3.5,4,3,3.5
F07EB7B6F40E,Imagination,"I have been through so many things in my life and imagination has help go through the crazy thing in life. I would want to leave everything and everyone . Imagination has helped me realize that i could become who ever I wanted to be. It even helps me through any problem. It help me realize that can prove people wrong by just imagining the best things in life are coming my way. No matter how much i'm going through, i'm always going to be happy and grateful for what I have and gone through. Without the bad days you will never know how to enjoy the good ones.

Remember everything happens for a reason!

Imagination helps me have hope no matter what I have gone through . I had to imagine a lot when my brother went to jail. I would always have to believe thats it going to be fine. I would always imagine that my brother was home and that I could see him again. No matter how hard it was for me. Every time we would go visit him and it was time to leave I had to imagine that he was coming home with me. Even every time we would go to court I would have to imagine that they would let him leave. Sometime knowing thats their two much on my head, imagining help me feel free and peaceful with no problem.

It was hard dealing with my brother and school on top of that. Imagination really change how I look at life. It makes me bring out my creativeness out. It made me realize what I have been missing out on. Imagination help me forget everything thats going on in life no matter how big or small the problem is. Also it help me feel myself and not pretending to be someone that i'm not. Sometimes going through things help you understand why it happened to you. But at the movement it might seem horrible. I just know that there is a purpose for me and that end!

Knowledge might be a great thing but imagination helped me achieve things that I never thought before. Imagination help me feel good about my self. It help block all the negative things. Imagining helps me know that I can do what ever I want , I just have to put my mind and heart to it. Also it helps me feel unique from everyone else. It helped me gain self respect and convinces. Imagination is a great thing for every thing. It might seem weird but it helps in many different ways. Thinking out side the box is not always a bad thing it help me bring out my smartness and strongest things through everything in life. I do think imagination is really important in life. Also it can take me really far in life.",449,8,Female,Economically disadvantaged,Hispanic/Latino,train,4,4,4,4,4,4,4,4,4,3,4,3.5,3,4,3.5,3,3,3,4,3,3.5
F9FEE5DC1640,Imagination,"Imagination and knowledge are all come from you mine, but what are the different between those two? Scientist Albert Einstein said, ""Imagination is more important than knowledge."" I'm agree with him, because if you take a class like art or computer graphs, you don't really need your knowledge, the most important thing you need, is your imagination. It can help you do better in the class.

first, the different between Imagination and knowledge is you don't need to rember the knowledge, and sometimes people have hard time to remberm. So you just need to think you like to do, and you don't need to follow the knowledge what you learn. I'm that kind of person that don't like to rember things, but I like to do what in my mine want to do. We have a lot knowledge need to learn, and we never finished learning, but we can use our imagination to do more things that is helpful to the world.

I guess, everybody like to play video games, but do you know how they make the games up? I did create app club this fall, first I thought we will create some app what other people already create it before, but than the teacher told us that, everybody will be create in they are own app, I don't know what kind of app I want to create, and told the teacher said, ""can I create a one somebody just create it before?"" ""No, you can't, you need to be imagination, just think of what you want to do, and what kind of app you like."" She answer. the end of the due day, I use my imagination to create a game app. From this class I learn that imagination is more important than knowledge.

Imagination and knowledge are both important, but imagination is a little better than knowledge, we can use our imagination to do more helpful things to our beautiful world. In our life we have too much knowledge need to learn, we need to keep learning and nerve stop.  ",320,8,Female,Not economically disadvantaged,Asian/Pacific Islander,train,3,3,3,3,3,3,3,2,2.5,3,3,3,2,3,2.5,3,2,2.5,2,3,2.5
FA4D2DB3B9EA,Imagination,"Solution, learning, and smart are three words that describe why knowledge is more important than creativity. Knowledge is more important than creativity because with knowledge people will do better at school, they will get a job easily, and if there is a problem they will find a solution.

Knowledge is more important than creativity because with knowledge people will do better at school. The students will do better on test and quiz. If they get good grade on test and quiz they will have a better GPA. They will get smarter. If they get smarter they will learn faster. They will have good grades. If they have good grades they will get a good job later in their lives. Creativity is less important than knowledge because knowledge will help in life.

Knowledge is more important than creativity because people will get a job easily. They will know where to search. If they know where to search they will waste less time. They will make a good impression. If they know a lot about the job they will make a good impression. People will have more chance to get hire. If they already know a lot about the job they want they will have more chance to get hire.

Knowledge is more important than creativity because knowledge will help to get a job

Knowledge is more important than creativity because if there is a problem people will find a solution. If there is a problem at work they will find how to fix it. If they find how to fix it they will have a chance to not get fired. When there is a problem with a friend people always fix it. If the problem is fixed everything comes back to normal. If there is a family problem someone will manage to fix it. When everything is fix everything is going back to normal. Knowledge is more important than creativity because knowledge will help to find solution.

Doing better at school, getting a job easily, and finding solution to problems are way that knowledge is more important than creativity. Without knowledge humans will not be able to do anything. Knowledge will always help to get a job, to find solutions, and will help at school.",356,8,Female,Not economically disadvantaged,White,train,3,3,3,3,3,3,3,4,3.5,3,3,3,3,3,3,4,3,3.5,4,3,3.5
FE14D7378CFB,Imagination,"Do you agree or disagree about imagination being more important than knowledge ? I believe its important to get peoples opinions on this question because i think Albert Einstein would be curious about what people think.

Once they have chose what they chose they could talk about it, give each other some details, also communicate with another, ask questions on to why they chose what they chose.

I disagree wit Albert Einstein because imagination is something you imagine in your head or dreams it can be real only sometimes. I agree with knowledge because it happens in real life and when you do something you have the knowledge to know it right away. Students use their knowledge in school to learn about English.

In school i use my knowledge by reading books and by reading i can understand what the book is talking about and i will know how i will write a short summary of the book. My second detail is i can use my knowledge in soccer because i can learn new skills and read a book all about soccer and i can understand that i can use my knowledge by knowing what reading is. Imagination wouldnt be more important than knowledge because the things that you will imagine probably wont come to real life. Imagination isnt a smart way to use the word important because it wont really help students, maybe even adults. Knowledge i know that its a smart way to say important because it does help students in school, sports, maybe even with some decisions they will make in life.

Albert Einstein probably asked us to agree or disagree with him because he wants to know what are thoughts are and would want students, adults, teachers to communicate with each other and talk about why they agreed or disagreed with him.

In my conclusion i think students can succed in life using knowledge because its a smart decision to make in life by just thinking if its a good or bad idea your knowledge could help make that good decision for you",331,8,Female,Economically disadvantaged,Hispanic/Latino,train,3,3,3,3,3,3,3,3,3,3,4,3.5,3,3,3,3,4,3.5,3,4,3.5
FEC7696871E4,Imagination,"Scientist Albert Einstein said,"" Imagination is more important than knowledge."" I really agree with him. Imagination can make yourself happier, can help people, it also can find a nice job that you want. What are these things mean? Let me tell you in this essay.

First, imagination can make yourself happier. Why? It is because you can imagine something that you like. For example, you want to fly like a bird but you can't do that. You can imagine how that feel. It feels free? Comfortable? Or tired? You can also imagine how you look like when you were 100 years old. Imagination make yourself happy.

Second, how can imagination help people? Let's think about if there is a child crying in the mall and everyone look at her because she dress so weird. You can use your imagination at this moment. You may told her to imagine with you. For example,""Don't crying sweetie, think about everyone look at you is because you dress like a princess. Now you are visiting them. You have to be nice and elegant. "" Maybe she will stop crying.

Lastly,parents always said "" You can't find a nice job that you want by having your imagination."" I think you can find a job with your imagination. For example, if you want to be a home designer but you don't have imagination. You make the house so horrible. You will got fired and you can't earn money. On the other hand, if you want to be writer and you can imagine lots of things and create 30 or more excellent books. You can earn lot of money even earn more that a doctor. So, I think Imagination can find a really nice job that you want.

To sum up, I totally agree with Scientist Albert Einstein. "" Imagination is more important than knowledge. Imagination can make yourself happier, can help people, or find a nice job that you want. I think it imagination is the most important thing in the world!        ",319,8,Female,Economically disadvantaged,Asian/Pacific Islander,train,4,3,3.5,3,2,2.5,3,2,2.5,3,3,3,4,3,3.5,3,3,3,3,3,3
FF66DA76E15F,Imagination,"Even though imagination is more important than knowledge, thinking in a creative way is better than learning something from somewhere. Yes, imagination is more important than knowledge because it's letting your brain think more about the things that make you happy the most. Also imagination is like thinking outside of the box (to me), but I try using imagination a little more than knowledge. Although knowledge is not as good, but some people prefer knowledge instead of imagination. Imagination helps me become more creative and open to myself because I let myself imagine, then let my mind speak free and be creative.

Becoming more creative and open is really good, knowledge does not give me the opportunities to do so. Knowledge does not let me be as more creative as when I'm imagining, therefore I have to start imagining. I think that imagination is a better way of saying art, because I'm thinking of things that may not even exist in this world. In that case, imagining is creative, artistic, and beyond, so that is why imagining something is better than knowledge to me. Imagination makes me passionate about what I want to do and accomplish it.

I've always dreamed of opening my own interior design company. That designs furniture,planing notebooks for office workers, etc, that are for houses, offices, and dorm rooms. All of that was because of imagination, I wanted to accomplish that when I graduate from college. Imagination doesn't just help me with what I want to accomplish it also helps me decide what I want to be when I grow up. Otherwise imagination would've not gotten us to where we are right now.

Finally, Imagination is something that brings people together like art and creative things. It also brings us joy and things that we don't really imaging on our daily bases. Although, knowledge is not important than imagination I still think that Knowledge can be used in someway and help me with something. Therefore I thing that imagination is more important than knowledge because it help me with my daily bases work at school, home, sports and all kinds of other things that I do.",320,8,Female,Economically disadvantaged,Black/African American,train,3,3,3,3,3,3,3,3,3,4,3,3.5,4,4,4,4,3,3.5,3,3,3
FF7698C3CC8B,Imagination,"Imagination is a thing all of us have some persons have more imagination than others, but I think we all have it some where, like my mother say ""if you don't have imagination you would not be successful"".

I agree with what the scientist

Albert Einstein said the imagination is more important than knowledge because you can have more fun, and you can discover a lot of new things, also you can enjoy life more.

To begin with you can have more fun because you can be really entertained while creating new things like when you start a new project you can have a lot of ideas, and you can enjoy explaining them, or drawing them, you can have fun too when you are making those ideas come to life because you imagine them just how you want them, and you can have fun too by learning in the process something like you may not know, and you can apply them on your project just by using your imagination because you are the only one who knows how you want it.

Also you can discover new thing maybe you would not Know is the thing that you are creating could work, and there you can discover a lot of ways to work more well, or you can also discover, and learn more thing like what to use, or how to put thing right, but thats not the only thing, for what you can use your imagination for, you also can use it when you are drawing or writing histories like when you write you can discover a lot of knew words, or when you are drawing you can discover where you can put lines in the right spot, or at what measure, you also can discover how well you can draw.

Finally you can enjoy life more because you would not be so stressful, and you can enjoy imagine, and in my thoughts when you imagine you are in your own world you can imagine what ever you want, and you would not be worry about what the people is going to say about you I think I'm an example of it because I like to draw a lot and when I'm thinking about what I want to draw I always forget about everything, and I really enjoy drawing, and I also like to go out a lot because of that because when I go out I see a lot of thing and when I want to draw I always imagine them, and then I draw them more colorful than how I saw them and I really enjoy it.

In conclusion imagination is more important than knowledge you can have knowledge but if you don't have imagination you won't see life the same because when you imagine you can have more fun, see life different, and you can discover a branch of new thing you wold see life more colorful, and you can also enjoy life more how I already say you can have knowledge, and you can have and do a lot of things with it but if you have imagination you can have the whole world just by imagining.",458,8,Female,Economically disadvantaged,Hispanic/Latino,train,3,3,3,3,4,3.5,3,2,2.5,4,3,3.5,3,3,3,3,3,3,3,4,3.5
049B81A96C80,Imagination,"Albert Einstein once said, ""Imagination is more important than knowledge."" In my opinion, I would have to agree to this statement. I believe that if you have a great imagination, it's better than just knowing a lot of information. The reasons why I think that imagination is more important is because imagination helps the mind grow and expand, it gives you more personality, and it can help you be more creative in life.

The first reason why I think that imagination is more important is because it helps the mind grow. Knowledge can help the mind grow as well, but imagination is overall more effective. Without it, your brain would be filled to the brim with words and numbers. You would only think about info and graphs; your mind would constantly be fixated on it. With imagination, your mind can be allowed to wander and explore new things, things that you might not have thought about before.

The second reason why it is more important is because it gives you more personality. If you didn't have any imagination in your brain, your personality would be bland. You would be practically hollow in terms of feelings; sometimes completely devoid of some emotions. With imagination however, you can express yourself more. You aren't bound to a certain feeling or emotion; you can be free to feel however you like.

The third and final reason why it is more important is because it can help you to be more creative. Creativity is a big part in growing your mind. Imagination can help strengthen your creativity, and make you feel creative in general. If there was no creativity in the world, a lot of ideas and products could have never come into fruition.

Most of the everyday things that we use, like phones or the world wide web, could have never existed had it not been for creativity. And of course, in order to have creativity, you need to have an imagination.

In conclusion, the reasons why imagination is more important is because it helps the mind grow, it gives you more personality, and it can help you to be more creative. Of course, this is only my opinion, so it's okay if you think that knowledge is more important. I can see how knowledge could be more important, and I can respect that choice. However, if someone asked me on what I think is more important to have, I would respond with imagination.",386,8,Male,Not economically disadvantaged,Asian/Pacific Islander,test,4,5,4.5,4,5,4.5,5,4,4.5,5,4,4.5,5,5,5,5,5,5,5,4,4.5
0C64F0864724,Imagination,"I think that knowledge is more important cause u have learned things from people and it stays in your head. The good thing is it stays in your head. You can remember a lot of stuff. But imaginating is also good cause u think of stuff with your imagination. Most of the time knowledge is good sometimes its just that you forget.

imaginating is not that good it just help you to think about stuff and like make creations. It's just like legos you need your imagination more cause u are building and thinking of stuff. Imagination is good in some occasions cause u need it for other stuff. But with knowledge you store information you need. Which helps cause you can fit a lot of info in your knowledge.

With knowledge it's all about the important stuff cause you need it. You can share information too but you can earn it.

You can learn so many things around the world and remember some of it. Knowledge is also apart of learning cause thats how u store the information through knowledge. It's good to learn about stuff but imagination is just you thinking of something but probably not happening. In knowledge you have the power that succeeds you in life.",171,8,Male,Economically disadvantaged,Hispanic/Latino,test,2,3,2.5,2,2,2,2,3,2.5,3,3,3,3,3,3,2,3,2.5,3,3,3
0CD3EF8EFCFF,Imagination,"i think imagination is more impotent then knowledge but i also think knowledge in important too. i think being able to image something in your head is a power. and being able to be who you dream to be is knowledge. imagination is something you feel and see it in your head and there is no one to stop you seeing whatever you seeing in your imagination you could even see your self dating your crush and there is absolutely no one to stop you. everyone has a dream for there self. imagination can help your dream grow more. imagination could help your knowledge to grow too. i think seeing your self in a position where you always want to see is a power. i think if you have anger issue imagination could help you. but know that not every one has imagination and not everyone has good knowledge.

imagination is really impotent sometime i imagine my self being a police officer and making lots of money when i imagine being a police and there is no one to stop me i feel really good about my self.

but i also know that if i wanna be able to gain what i want i have to fight with my won knowledge and then fight with others knowledge then i could gain my dream. but before knowledge you need your imagination to billed up your dreams. and after dream you need your brilliant knowledge to gain your dream. it mine sound stupid but its the truth that loving your self and imagining your self doing something that you always wanted to be is a great felling.

talking in feeling and anger i am the type of girl who has anger issue but i know how to manege my anger before i knew about this anger management. i always used to break my phone ,laptop,computer, TV and table sometime because my mom sometimes yall at me for no reason so my mom share all this with my old teacher the one i really like i always lessen to him she said to my teacher 'can you tell her to stop she keep breaking everything in m house' my teacher said 'OK, i could help you'.then my teacher told me when ever i am mad and feel like breaking stuff just imagine my self being a parent a single mom how hard i would have to work to feed my self and my daughter from that day i havent broke any other stuff i my house.

you may have a question how my imagination help me grow so one day i was imagining being being with my cruse like what if i ask him out i was imaging him saying yes and then thinking about how i should ask him but before i finish i fall a sleep and i had dream about me and my crush being together having lunch together in some place then in the morning i told my friends about it and my friends made me ask him out and he did said yes and in nest day we did had lunch together so i think my relationship happened because of imagination now i am on a situation where i love to image everything people tell even if my friend tell me a story i just imaging in in my head.

being able to image everything in my head is the biggest knowledge ever i love the fact that i am so good at imagining stuff that i am loving to wright this easy and i think everyone who has anger issues should try what i do and people with low self esteem should try what i do too and people that love to dream i am pretty sure they already imagining them being where then need to be in the further.",622,8,Female,Economically disadvantaged,Asian/Pacific Islander,test,2,3,2.5,3,3,3,2,3,2.5,3,2,2.5,3,2,2.5,2,3,2.5,2,3,2.5
0EA233776340,Imagination,"Scientist Albert Einstein said once, "" Imagination is more important than knowledge"". I agree with his statement , because we would never be there where we are now without it. Three examples for my statement are our technology, communication, and an author.

First example is technology. We've never had technology since the beginning. We needed our imagination first to make it possible, because in the past they would've never thought we going to have smart phones, cars, internet, or that we can even fly. They probably laughed at you when you said something about flying, because it was impossible for them. But now we can, because we have air planes. Our imagination can make almost everything possible.

Next example is our communication. Everyone communicates from animals and humans to nature. They all have a language, so they can understand each other like we speak English, German, Spanish, etc. But before that we needed to made up a language with our imagination. That's why it is so important,because we would've never had the knowledge we have right now without our imagination.

Last example is an author. Authors can write books about everything they want. One good way how to write a book is with their imagination. That is the most important thing they need for writing a book. That is where an author gets his money for when his book is a success. And without imagination there is no author and without no author we wouldn't be there where we are now.

In conclusion I agree with Albert Einstein's statement "" Imagination is more important than knowledge."" Three examples why I agree with him is without it we would not have technology like we have right now, we could never communicate as good as we do in the present, and an Author we be nothing without imagination.                                    ",294,8,Male,Not economically disadvantaged,Two or more races/Other,test,4,4,4,4,4,4,4,4,4,4,4,4,3,3,3,4,4,4,3,3,3
1A8D9BF22997,Imagination,"I agree with Albert Einstein about ""Imagination is more important than knowledge. "" Albert Einstein was smart and good at math. When Albert Einstein was a kid he day dream in class a lot and he wasn't doing good but when he grew up he was very smart man. When he was young he wasn't that smart but when he grew up he was very smart. Imagination is more important then knowledge because when you grow up you won't have a lot of imagination it will be gone. A lot of people don't have imagination so they have to use their brain but imagination is still important because you can use that imagination for art and crafts.

Albert Einstein was one of the smarts person in the world and the most thing he did was sciences. Albert Einstein was a brave funny man people made painting of he of his tongue out. Albert Einstein is a funny guy because artists drew about him. Albert Einstein died when was old.                                                                                                                                                                                                                                                                                                                                                                                                                                                                                                                                                                                                                                                                                                                                                                                                                                                                                                                                                                                                                                                                                                                                                                                                                                                                                 ",776,8,Male,Economically disadvantaged,Hispanic/Latino,test,2,2,2,2,1,1.5,3,2,2.5,3,2,2.5,3,2,2.5,3,2,2.5,2,2,2
1DD048B373B3,Imagination,"Imagination

I think that imagination is more important than knowledge. First reason, it is good for health. Second reason, if you have knowledge but you can not use it so imagination is good for that. lastly, if you imaging anything thats are real and not real it is more fun than having knowledge.

If some body is sick that she or he want to make some thing but he or she can not make it so they have to imagine what they they want to make. It help the children young and old people that are sick and they can not due things that they want . If you are not happy because you want to make something that can help the people but you can not because you don't imagine things that can help you with that thing that how you get sick so you have to imagine thing.

You have knowledge but you can not use it so you have to imagine things that can help you and your knowledge. That how you can make some thing and without imagination we are nathing in this world. Imagination make you feel good about you and you want to imagine things more.

If you imagine things that are not real thats fun and make you feel good about youre self so you want to imagine more and you can imagine any time anywhere. It is fun and children can imagine thingsmlike having there own house, buildings, and cars.

Do you now that 50% of people imagine things that are not real so why you dont imagine thing it good for you and youre family imagine all day. I imagine all day and my family to so it is good when we want to watch move we all make up a store and we tell everybody. So imagine all day.",322,8,Female,Economically disadvantaged,White,test,3,2,2.5,3,2,2.5,3,3,3,3,2,2.5,3,2,2.5,2,3,2.5,2,3,2.5
21CCDFC527FA,Imagination,"That true because without imagination you have no knowledge. Sample when you read a book that has no pictures in it you use you imagination to see how the book would look like with pictures. Imagination is like your world that no one can get into but you. Imagination is how you think in ways that you understand. Knowledge is what you know and how smart you are.

Imagination makes it easy and fun to learn. Imaginations are pictures in your head that make things easy for you you understand and imagination is not that much important then knowledge. Knowledge is how you think and imagination are pictures in your head that makes it easier for you to think.

Knowledge is the way you think and smarts but its so boring when you sit down read a book without no pictures. When you go and try to do your homework its going to be so boring because the only thing that your going to think about is completing your homework and Turing it in. Knowledge is really helpful in life gets you through school and gets you a good job.

Imagination is pictures in your head that make things easy for you and makes things fun to. here's a sample you playing hide and seek and you are hiding and your trying not to get caught and then you think about a movie of a spy and you pretant to be that spy and then you do every thing the spy did to try not to get caught it makes the game more funnier for you. and when you read a book that has no pictures you can always imagine it.

So do I agree with Alert Einstein or disagree? i agree with him because you have to enjoy your life make the most out of life and when life gets boring just imagine something thats fun. knowledge is very helpful and Imagination but when their both together its a very good comanation you get to have fun while doing you work and you get to finish it on time while your have fun.      ",336,8,Male,Economically disadvantaged,Black/African American,test,3,3,3,2,2,2,4,3,3.5,3,3,3,3,2,2.5,3,3,3,3,3,3
226D3E32B7D0,Imagination,"I think when Albert Einsteins said,

""Imagination is more important than knowledge.""

Albert Einstein is saying you don't need to be smart to know everything because imagination can help you think outside the box, thinking in another way that you never thought about before. Imagination is better than knowledge without any imagination you would be some boring person knowing everything not putting any creativity to what your saying or doing.

With Imagination you can think outside the box for an example you are doing homework and you don't know the formula that well and your having trouble remembering that formula, and with your imagination you can think in a different way to remember the formula like in a song. Knowledge does have some pros and cons one of its pros is you can know the answer very fast in your mind saying quickly outloud and one of its cons is you overthink it you can hurt your brain giving you a headache. One of are most famous people had some knowledge like Steve Jobs he droped out of high school he had some knowledge and imagination he is the founder of Appel he made Iphones that took off and made him a success. Albert Einstien was not very smart when he was young he got picked on for that but that never stopped him from what he wanted to be look at him now he is a great scientist he got a Ph. D for Physics. With Imagination it can help you in so many ways that you probably never thought of like if your stressed out you can think of something esle thats off your mind to get you more calm to think differently from others.

In conclusion you need imagination to think out the box or to think in a different way you never did before. Albert Einstein said, ""Imagination is more important than knowledge."" And I agree with him saying ""Imagination is more important than knowledge."" We all think differently but we need to have some knowledge and imagination to think positivitly and to think in different ways to take down the problem. Imagination is the way to go to solve your problems to help your self suceed in life.",344,8,Male,Economically disadvantaged,Hispanic/Latino,test,3,3,3,2,3,2.5,2,2,2,3,3,3,3,3,3,3,3,3,3,2,2.5
2402C99EB8C6,Imagination,"I agree, with this statement because imagination is one of the most important things in life. Imagination is important because that is the way that we think to make new things or inventions. Also, because it's very helpful to everyone it helps you to imaging things that you have never seen. When you have imagination you can create anything that comes to your mind. For example, if you ever wanted to build a rocket with beans that will be something that you imaging. Some people imaging them self in college with a advance diploma or sometimes they imaging being the boss of a company. Every they we are imagining something new or good things that we want them to happen. When we see someone presenting a topic about something important we know that they are imagining that there presentation will be great and that everyone will like it. Sometimes we even imaging that we are going to be the best person in the world.

Imagination is not all about being happy sometimes we think that every time we imaging something we will be happy. Are imagination have different emotions sometimes we imaging good things,sometimes bad things, but we are always imagining something. Imagination is very important and special when people don't have imagination we can help them to try to imaging special things that they will like to do. Sometimes it's very hard to imaging things but it's because we are not thinking of something special. When we imaging we get creativity and that is important too. Sometimes I imaging graduating from college and having a good carried. Also, when I create something is because I imaging it. If imagination were not important we would not be able to have what we have now. We would not have electronics, clothe,shoes, or any other thing that we have now.

When we are kids we have lots and lots of imagination, but then when we start getting older we don't have that much imagination. We start having a different way to imaging things and we create things that amaze people. In my opinion, I think that imagination it's very important. Have you ever imaging how long did it take to the first person to solve a mathematics problem. Now we have easier problems to solve in math but imaging how long will it take you to solve the hardest mathematics problem in the world. It will take me years to solve it how long do you think it will take you to solve it. Imagination is everywhere every time you see something new you imaging lots of things about it. Now that you have read some of my paragraphs I have a question for you. What is the best imagination that you ever had?

When you imaging things sometimes you can feel that you are inside your imagination and you can see what is happening all around your imagination. Sometimes imaginations become a goal its sounds wear but its true because some people imaging in having a good carrier and when they get older their imagination became true. When you show your imagination to people you are showing your creativity and you also, show them your feelings because the colors express they way you feel. Thinking its part of your imagination because you first imaging what you want and then you think about it. There are many things inside a imagination and that is what makes you unique. Imaginations makes everyone different because not everyone thinks the same. Sometimes you have differences of what you imaging. Some people don't think how hard it takes a teacher to learn things that when they teach you things you don't want you imaging that it will help you. It's true that sometimes its hard to learn what the teacher teach you but if you keep imaging that its hard you will never learn. Just never imaging that you can't do something because you can. Always say that you can and imaging that everything will be fine.

Its very important that you now that imagination is good for you. Imagination helps you to think about important things that you want to say. Also, it helps you to think harder and that its good because you get more ideas. Imagination is like an idea that you always have in mind. Many times you gets lots of ideas an is because you are imagining important things that you want to share with others. Sometime people like to share what they imaging an its good because other people could have imaging the same thing too. Sharing is part of the imagination too and that is good because when you have many ideas and you share them your imagination gets bigger and you get more creative. I like imagining things because than I get more creative and I get passion to make something new. When you get imaginative about something you get passion about it and you try to make it true.

Scientist Albert Einstein said, that imagination its very important and that is true. Albert Einstein had lots of imagination because he created lots of amazing inventions. He was very smart and he new how to solve the hardest mathematics problem in the world. His imagination took him very far and made him famous because he was very smart, intelligent, and imaginative. Think about it how hard he worked to and showed many people what he could do. Would you be able to work that hard so that you can tell people about your amazing inventions. I think it will be very hard to work like how Albert Einstein used to work. In life we have many challenges but if we imaging that we can be able to achieve what we want we should imaging and get creative so that we can share ideas with others. We thank Albert Einstein because of what he show us.

Remember that imagination is very important and is always around us. We just need an idea to get start to imaging. When people hear your ideas of imagination they get creative too because it gives them an example of something that can become true. Without imagination we would not know what to do it would be hard for us to think about important things. When someone needs help to think share your ideas so that they can start getting imaginative. That is why imagination is very important.",1045,8,Female,Economically disadvantaged,Hispanic/Latino,test,3,3,3,4,4,4,4,3,3.5,3,4,3.5,3,4,3.5,3,4,3.5,4,3,3.5
30386A7C8D79,Imagination,"Albert einstein says ""Imagination is more important then Knowledge"" .

Imaginaton and knowledge are two different thinkings. Some people belive that imagination is more important and some people think its knowledge. Well in my opinion knowledge would be the most important one and ill tell you why? Becuase its all about IQ and common sense you have to have Knowledge to do certain things.

For example, If im doing work i need to have that kind of good knowledge to do work. If im in a basketball team we have to be good teamates and have a special Knowledge connection. or gaining somthing in your head that is still there thats knowledge belive it or not. You have to show your intelligence.

Imagination is something that is not in our real world. You have might have heard this expression ""Open your eyes, stop dreaming and look at the real world"" .This expression is often used when a person is thinking too big

For example, I want and buggati with a rocket tied to the end that will break the speed of light . I mean come on like thats too much and thats something that wont help you at all in the future.

Now LeBron James make thousands of dollars right now and you know why? becuase he showed his love and his Knowledge in Basketball. He never sat and said i gonna be the best player in world history. He worked his way up in basketball. He fought, He worked out, and stayed healthy. like i said knowledge is something thats real, Imagination is something in your brain and will never happen unless you worked hard and showed alot of knowledge.

And thats why Knowledge is more important then Imagination.",276,8,Male,Economically disadvantaged,Asian/Pacific Islander,test,4,3,3.5,4,3,3.5,3,3,3,4,4,4,4,3,3.5,3,3,3,3,3,3
353A36AE4FB3,Imagination,"Have you ever thought that imagination is more important than knowledge? I am agree with this statement, because imagination can helps people to clam down, it confirm people, and it makes people more confident.

First of all, imagination can helps people to clam down when they get angry. When people get mad or angry they imagine themselves alone in their favorite place. Have you ever imagine yourself in your favorite place just with yourself and listening to music? Imagination can help people relax too. Another reason, Imagination is the best way to makes people relax and calm down. There is a girl she gets mad really fast when the doctor asks her, ""why you get mad really fast?"" She answers, ""I have a lot of problems in my school."" The doctor answers, ""just imagine that you siting with your favorite actors, or taking a picture with him."" She answers, "" Thanks doctor you helped me to relax."" And that is a real story a friend watched. Imagination is fantasy, and I called it magic.

Secondly, imagination confirm people. How? There is a movie I watched when I was young. It was about a boy and imagination. the boy was pessimistic and he has been alone. Every day he imagine himself that he is an engineer, and he is the most famous engineer. Then, he start to study and work hard to become an engineer. He was not believe in himself, but when he imagine himself an engineer he start to believe in himself and confirm himself too. Day after day he believed in himself, and became an engineer. Imagination is really important to confirm people and makes them happy.

Thirdly, imagination makes people more confident. When people goes to a place that they do not feel confident in it they start to imagine that they are in their favorite place, and talking to people they know. When people imagine they feel more confident and relax. Another reason, imagination makes people feel happy after they imagine even if it is nor real thing, but at least they relaxed. Have you ever been in that situation when you feel that you are not confident? What did you do to feel feel confident? Imagination helps a lot with our daily life.

Overall, imagination is the best way to relax and makes people to feel happy when they are sad. Clearly, imagination is important than knowledge. And it is a magic.",398,8,Female,Economically disadvantaged,White,test,4,3,3.5,4,4,4,3,3,3,4,3,3.5,3,4,3.5,4,3,3.5,4,4,4
394F40B7B922,Imagination,"I agree that imagination is more important than knowledge. because there are some people that imagned thing that they can create and they can make a lot of money from what they create for using their imagination and some people get rich and other dont like people that make phone they use their imagination to design the phone and other things.

If you use your imagination u can create thing in your mind and then you can create thing that might not exist in the world and maybe you can get some money with what you create and you can do many thing like the fastest car in the world. some people right now are make new phones newest phone are the iPhone x and for other companies because they are using imagination to make the phone better and better for people to use it and buy. then later you can be able to have your own store and sell the thing that you use to make or something the you can imagine ",162,8,Male,Economically disadvantaged,Hispanic/Latino,test,2,3,2.5,2,2,2,2,2,2,2,3,2.5,2,3,2.5,2,3,2.5,2,3,2.5
4354C616F94F,Imagination,"Scientist Albert Einstein said "" imagination is important than knowledge."" Do you agree or disagree with this statement? Include specific details and examples to convince others to support your position. I agree because knowledge is like learning something new and stays stick in your head and imagination is like think ahead of yourself like thinking about what you are going to do in the future or try to find new hobbies.

Imagination is like when you think about how your're going to grow up. Also you can or can't predict about your future job or just something you want when you are an adult. Imagination is like a dream come true when you ask yourself that i will do this and then I'll do that in the future. Also try to think ahead of others about a job, company, etc. When you sleep some people dream/imagate and some people don't but probably they have a wish /dream they want to achieve by a sorted age or year.

Knowledge is like learning something new everyday. Sometimes when you learn something to much it gets stuck in your head and say "" this is easy."" Some people get there knowledge from other people, friends, and family. Sometimes people like to give bad info/knowledge to little kids. Lots of people/students get there knowledge from teachers. Students study a lot to get more/lots of knowledge into there brain to pass a test.

Try to find new hobbies. Sometimes when i get free time i either play on my ps4, draw cartoons, and play soccer. Try to stay after school and help others like teachers to help them on work or even help the community. Also when you get home and see your mom/dad clean the house tell him/her if you can help clean or ask if they need help in anything. Also try to get a job to help your family with the rent and with other accessories.

In Conclusion, this is why I agree with Albert Einstein quote about "" imagination is important than knowledge.""

I believe in this statement and specifically told me that how things work around this world. So maybe i can think about what i want to be when i grow up. Also I will try to help others in needs.                ",363,8,Male,Economically disadvantaged,Hispanic/Latino,test,3,3,3,2,3,2.5,3,2,2.5,3,3,3,3,3,3,3,3,3,2,2,2
457B00D8B951,Imagination,"Albert Einstein once said that imagination is more important than knowledge, many people agree or disagree on this topic, but I personally agree.

The Imagination is a creative way to pass the time and have fun.

When you imagine something, you can change it to whatever way you want it, but with knowledge you are told something and that is the only way you know it.

Also with imagination you can be in whatever world, and with whoever you want. You could go on adventures in your head and no one has to know. Another thing about imagination is it is a way for you to be creative in whatever way you want. I also want to mention that imagination is a big part in anyones childhood.

Many people recall having imaginary friends or pretending to talk to their favorite toy. imagination is a great way to bring anything to life. When you imagine, you could be whoever you want, doing whatever you want. It is a great way to pass the time, and figure out who you really are.

Even though Albert Einstein was an extremely intellagent person, he made a great realization. We tend to forget how big our imagination really is, and that is why I think the Imagination is somewhat more important then knowledge.",214,8,Female,Not economically disadvantaged,White,test,4,4,4,4,3,3.5,4,3,3.5,4,4,4,4,4,4,5,4,4.5,4,3,3.5
51E50DF63DD3,Imagination,"I disagree with Albert Einstein statement, because every one has an imagination, but they also have the knowledge to know that they can't depend on what happens in their head, because our head most of the time tricks us when were in a bad situation in life.

My reason for disagreeing with Albert Einstein statement, is that people with a job,or a family, and having people who care about them cant just go around not doing anything in their life just, because something in they're told them the opposite. For example if your trying to live your life off you're imagination when you will never get a real job with a real salary

My second reason for disagreeing with his statement is that if you try to live off you're imagination you will get distracted of the things that happen around you even if the things around you are good or bad, you can't get distracted or forget about the things that happen around you because there are people who care about you, and you also have to show them you care about them. Even if you dont like them for whatever reason.

My last reason you can't leave a person who you loved just,because something in your head to you the opposite of helping or even being there for them. For example just because there's something inside of your head or if its your imagination and it won't let you find a way of helping yourself and the person who needs help.

In conclusion your imagination can't get to be more powerful than you and let it harm anyone important to you.  ",302,8,Female,Economically disadvantaged,Hispanic/Latino,test,2,3,2.5,3,2,2.5,2,3,2.5,3,3,3,2,2,2,2,3,2.5,2,3,2.5
5EB62BB9EA76,Imagination,"The Power of Imagination

By:

Generic_Name

""Imagination is more important than knowledge"" is said by, the great scientist, Albert Einsten. People may think how would imagination be more important than knowledge, but it is true. By imaginating people get many new ideas which leads to a great result. Scientists make new invention by imaginating something new. There is many advantages from our imaginating power.

The word ""idea"" means that we get some new thougts by our imagination. To make it true, we get to research it which leads to expand our knowledge. For example, if we get a idea of inventing something for eagles, we need to know about them, so we research about it. At this time our knowledge about the eagle would have grown. I also admit that every new invention we make is formed by our imagination. I have experienced it personally by making a toy out of a juice tin can for my small cousin sister and it was all started from my imagination. If we want to invent something, we get to use our knowledge very hard making sure that we make it real, by which we grow our knowledge. For example, scientist want to invent a medicine for a disease, then they would recall what they know about it and gather information to make the medicine. We use our knowledge only because of our imagination in all three cases above.

Inventing something is just our imagination which grows as an idea. By imaginating we invent something new that is very profitable for us human beings and for the inventor. It is profitable because we get to use the invention and the inventor gets money for it. To invent things people want to imagine, what they exactly want and plan an idea to execute it. In this suituation also imagination is important for their desired thougts. For inventing things we need to be creative which also involve our imagination. The word ""creative"" means our imagination of something that is new and unique. I wanted to make a ring for my mom out of metal, so I just imagined how could I make it beautiful and look unique and the result was as I wished. There are many advantages for our knowledge because of our imaginating power.

We grow our knowledge when we imagine because we want to make it true by finding ways to invent it. For example, if I want to make a toy for my dog, then I want to research about what the breed likes and how could I make the toy. At this point, I learned about the breed and also use my knowledge to fit my new idea to the plan. If I don't imagine about making a toy for my dog and just get one from the stores, my knowledge would have not expanded with the new information. Imagination just not useful for inventers, but also for a police officer. Lets say a police officer named Generic_Name, is dealing with a murder case. First the officer have to imagine what would have happend and investigate the case in the angle of his prediction which he imagined. If the officer's prediction didn't work, then he want to imagine in someother way making sure that he reaches to the killer. In all cases imagination was very useful.

Most of the people use their imagination everyday all around the world except they use differnt words for it like creative, thougts and prediction, but they still use it and it is beyond our knowledge. Knowledge is just a part of our imagination beacuse we only use them to make our imagination true, so people should understand that imagination is more important than our knowledge and people should belive that they could make it true. I belive everyone has the power of imaginating and can use them wisley to make or find something new out of their thougths. I have already started imagining about my new invention and hope yours too after reading my importance of imagination above.",707,8,Female,Not economically disadvantaged,Asian/Pacific Islander,test,4,3,3.5,2,3,2.5,4,3,3.5,3,3,3,3,4,3.5,4,3,3.5,3,3,3
65D84CCF2E74,Imagination,"Is imagaination more important than knowledge?

I do agree with Scientist Albert Einstein because with imaginaton your more opened mined.

Imaginaton gives you more apotunadid to think more and with knowledge you already know what's happning. I think that Scientist Albert Einstein is a scientist because of her imagination because let's say you have a open mind and with your mind open you can think about anything nothing stops you.

Also a other thing too is that knowledge is like you can't go know where eles with your thinking because you already know what is real and what is not. Let's say that i wantted to make car and i only use my knowlege, i will make old lam car but no i want to make a cool car, a car that know one has ever made befor. So i have to use my imagination to make something new and not only new something that peopel get inspared with so they can use their imagaination too.

Imagaination and knowledge are two diffrent, but there is always a spesal thing about imagaination. Me as kid and other kids have a lot of imagaination and that's why then older people ask us things have a lot of answars, because we don't know a lot of thing so we make up things. That's why some older people finds us as kids cool because we really don't use knowledge.",761,8,Female,Economically disadvantaged,Hispanic/Latino,test,2,3,2.5,2,3,2.5,3,3,3,2,3,2.5,2,3,2.5,3,3,3,2,2,2
66D204BC5986,Imagination,"Restate: Albert Einstein said, imagination is more important than knowledge

Answer: I disagree because knowledge helps us to know so many things in this world. knowledge helps us in life and getting though things. knowledge helps us because in school, us kids need to know about how to solve something and do thing are selfs. knowledge is important because no one is going to help you in life. you have to help your self in life, no one is going to give you the answers you have to do it on you own.

Cite Evidence:

Disagree because knowledge helps us to know so many things in the world.

Knowledge helps us because in school, us kids need to know how to solve things or to do things are self.

Knowledge is important because no one is going to help you in life. you have to help your self in life.

Evidence:

You discover so many things in life and you need knowledge to help you out.

kids that go to school learn so many things everyday and they need the knowledge to do that. They need to learn how to do things on their own.

knowledge is important because no one is going to help you. everyone in the world needs to know how to do thing on their own with some knowledge.",221,8,Female,Economically disadvantaged,Hispanic/Latino,test,2,2,2,2,2,2,3,2,2.5,3,2,2.5,2,3,2.5,3,3,3,2,2,2
6D369ED6EB61,Imagination,"I agree because if you want to see somthing back in the past you get to use your imagination and bring back all those memories back or if you imagine going somewhere with your family it's always best to use your imagination better than knowledge and the reason why I say this is because using your imagination helps you a lot even if your not happy or if something happen to someone in your family I always enjoy using ym imagination it helps me alot and brings all the memories back but knowledge doesn't help me unless I use it for math or something like that for me I recommond you to use your imagination just like scientist Albert Einstein that he said "" Imagination is more important than knowledge"". I like using my imagination better than knowledge because using your own imagination can aslo help you think about what your going to do in school and think about what you have to do for homework and what you have to turn into your teacher and also you have to memorize some things for a test or for exams that's why I use my imagination for things like that and it helps me a lot when I use my own imagination when it comes to things like tests or exams or when it comes to SOL, but for me I feel like I prefer Imagination more than knowledge because it helps you to rememeber things when you need it the most. Using knowledge doesn't help you a lot because you can't really rememeber anything when it comes to tests, exames, or SOL so that's the reason why I like to use the imagination better than knowledge and all that knowledge gives you is only to focus more on thing that you need to do for example school work ,class work, or even homework that is due the next day and the things about imagination is that if you try your hardest on things that you want to focus on more and the things that you are suppose to rememeber for your quiz, tests, exams, or for the SOL

those are the things that you can use for your imagination or things that you need for you imagination or things that you would like to rememeber back in those pats where you love to be or go with your family that's why I prefer my own imaginations for things that I would like to rememeberor if your family want to use their own imaginations too and that can be anybody in the whole community and just like Albert Einstien said that ""imagination is more important than knowledge and that is true using imagination is actually more important than knowledge.",449,8,Female,Economically disadvantaged,Hispanic/Latino,test,2,3,2.5,2,3,2.5,2,2,2,3,3,3,3,3,3,2,3,2.5,2,2,2
86023FA4D1B1,Imagination,"I agree because imagination, can be used in whatever you want and is more important than knowledge think when you imaginative and a lot stuff of what you seen in, TV like you watch animated and you want to draw the characters of the things you see in TV or your phone you can start drawing and even if you get the first drawing so messy or you're stuck in one, picture and if you keep trying you will get better than anyone that perturbs you because he or she tells you in art class that you can't even draw a little think then you get home you start drawing and getting better and the next day in, art class the, teacher tells you that you have to draw what things are your favorite then you show the teacher what things are your favorite and she says wow this is so impressive than, she shows to everybody and the, students that were judging you they will not judge you anymore because you're her favorite student in her class.

Then the teacher tells you that if you keep your, art like these or even better you will get to participate with others, students that do art then you will compete with them and the judge shows your work and all the people gets so impressive for your, art and they like it and they want to buy it and that makes you happy with it and you convince others that you're a creative person in your, school they will get you in honors class then the time is past you get boring with it you want to do something else, write about what you think and you make a, history about what favorite sports you like.

Imagination can be anything in the World, like you think of something and you want it to Write about or it can be something even better that happens in your life so like if you break the best record in your whole life that you were writing about something or drawing about something one of those things made your life, so easy that will be fun for you because writing can not be a hard thing for someone that knows and what to think, and they got so much experience about what they're doing, that will be easy for them to do that either drawing or writing if they been doing it when they were little they can be, professional doing that and they can get employ in whatever job they want to get on and their kids will do the same as their parents the kids will do it at home or school.

When their kids get bigger they will be responsible for them selves and if they get boring about what their parents did they will just forget ted and they star to grow up they won't have imagination, as their parents did so thats why our, parents have to tell us what we have to do when you're young and if you don't listened to your ,parents you won't be anything in your life or if you prove your, self you will be some in your life and sometimes things change either you want to be a normal person and you don't want to have a, imagination in your life it can be whatever you want.",534,8,Male,Economically disadvantaged,Hispanic/Latino,test,3,3,3,3,3,3,2,2,2,3,3,3,3,3,3,3,3,3,3,3,3
9A10C597B6BC,Imagination,"I think that Albert Einstein is right. Without imagination, this world would be very boring and would not bring any joy into learning or doing other things. We need the imagination and the creativity that some people give to show that learning is amazing and a fun way to learn new things. Some people think that having knowledge would give you imagination. But really, you can't have any knowledge without imagination. Learning new things without imagination or creativity could be very boring and could lose interest very quickly.

To start, losing interest into something you really wanted to do could effect how you feel about doing other things just because you have no imagination. For example, ""You really wanted to build a bird house, but you have so inspiration or imagination on how to do it. You went outside to see if you could find any bird houses just for inspiration. Hours have gone by and you still have not seen any bird houses. Then you look at your neighborhood and all of the houses, and finally think of a bird house that you could build! You've decided that you wanted to use popicle sticks to make it. Finally, the bird house is complete. Now you finally have the knowledge and inspiration to learn a new thing.""

In fact, making your own ideas could be a great way to open your imagination. The more you open your imagination, the more knowledge you will have. The more knowledge you have, the more smarter and independent you will become. Some people think that the more knowlegde you have the more imagination you will get. In my opinion, I don't believe it. Just as Albert Einstein said, ""imagination is more important than knowledge.""

To sum it all up, having no inspiration or imagination could give someone no knowledge on how to do something. People don't understand how much imagination is important. They think that imagination is just for kids and that it would't help at all in the real world. Imagination could help people with businesses, bringing people together, learning, making new games, etc. If you don't want to lose interest into something you've been wanting to do, just keep trying and also try and get some inspiration.                     ",354,8,Female,Not economically disadvantaged,Hispanic/Latino,test,4,4,4,4,4,4,4,3,3.5,4,4,4,3,4,3.5,4,4,4,4,4,4
A1A83A14B53F,Imagination,"Scientist

Albert Eintein once said 'Imagination is more important than knowledge"". I agree that imagination is more important than knowledge becuase without imagination there is no life in your brain. Imagination is an important part in the kids life and everyone needs to have. Imagination brings life to your brain. You show all your creativity with all your imagination. With a great imagination you can create so many characters, lifestyles, and and so many other exciting things but it's only possible with an imagination. I think that imagination can bring knowledge too. You have to stop with your imagination it goes with you forever.

With imagination many dreams can come true. Everyone in this world has a dream and that is not lie. I think to make those dreams come true you have to have all the imagination in you. There is no stop to your dreams and imagination. Every scientist had all the imagination in them to create so many important things in life. People that are on the top of the world made all their dreams come true, but wiht their imagination is what got them where they are now. With imagination you can create anything you want. All your dreams can come true with imagination. With imagination knowledge can be created too. You can overcome anything with your imagination.

In my opinion imagination is more important than knowledge. With imagintion you can go anywhere you want. So many things can be created wiht your imagination like character, lifestyles, and dreams. It brings life to your brain. With your imagination you can make everything possible. without imagination your brain doent have creativity it just doesn't have a colorful life. It brings the best in you. All your dreams can come true wiht imagination. Imagination will always be more important than knowledge.      ",292,8,Female,Not economically disadvantaged,Hispanic/Latino,test,3,3,3,3,3,3,3,3,3,3,3,3,3,4,3.5,4,4,4,4,3,3.5
A57FA17E3B26,Imagination,"Imagination to me is doing something that has never been done. I agree with Albert Einstein that imagintion is more important than than knowledge,because If you just imagin you can do anything in life,Imagination might get you places, and also can change your life.

First of all you can do anything, if you just imagin, like getting a car in the futuer maybe you and mom and dad had no money and you started a job and you needed to drive to the job you are working at and you did not have a car and did not have money for a uber and you imagin you having a car in the futuer and since you a imagined you having a car the next day your mom and dad got you your own car because you imagin having it,also getting your own house say you are saving up for your own house and the house that you want cost 1,500 dollars and you have 1,000 dollars and you just imagin it going down to a 1,000 dollars and since you have a imagined the next day the they had a big safe and it went down to a 1,000 dollar and so you wnet to go and get the house you wanted, Also getting a good grade on your math test lets say you have been getting all Fs in all your math test and you had a big math test that you had to pass and you imagin you passing so since you worked hard and a imagin it came true.

Secondly imagination can get you places,like getting into the nba imagination can get you to the nba by getting you better at basketball getting you good grades so you can make it to the basketball team and having good teammate to pass you the ball,making it to a good college is imagination is amazing becuase say you in a place that you were getting all Fs and you think you were not about to make it to a collge if you just imagin you can get make your Fs into As and Bs and get you to the college you and your mom wanted you to go to,and if you imagin bigger thing you can maybe making as a Hall of fame.

finally imagination can change your life, it can change your life by making history,how you can make history you want to beat this kid for the highest score in the sol in your school and you imagin you beating him in the sol and the sol came up and you got a higher score than him and you got the record and you got the record because your imagination,and change people heart, making them think difference about someone, say you heard that your best friend was talking bad about you and imagin them saying it because she never showed that she was a good friend to you .

In conclusion I agree with Albert Einstein,because If you just imagin you can do anything in life,Imagination might get you places,also can change your life,Imagination is important to me because it change my life.                       ",474,8,Male,Economically disadvantaged,Black/African American,test,3,3,3,3,4,3.5,2,3,2.5,3,3,3,2,3,2.5,3,3,3,2,3,2.5
B96D59ED521D,Imagination,"I think imagination is more in portent then knowledge, because what are you going to imagine wen some is telling you that there moving to a good looking house your not even what your imaginations imagines about.

Knowledge is good but in this case the imagination is better because with your imagination you can think and get knowledge.

First reason, imagination is better for people because of it you can think and imagine tings it can help you when people are bored. If some one is telling you about his new truck of course your gonna imagine what it looks like, people may think that knowledge is better but tell my how are you going to think without an imagination I think nothing. I know with knowledge you can get to some were but for that you need imagination to see yourself in the future with your goal you did or want to do in the future.

Imagination is the berthing to have i think is even more important than knowledge just think about it without an imagination you can't think I know that knowledge is good but imagination is better, what are you gonna do with knowledge if you cant think because you don't have an imagination. ",172,8,Male,Not economically disadvantaged,Hispanic/Latino,test,2,3,2.5,2,3,2.5,2,3,2.5,2,3,2.5,2,3,2.5,2,3,2.5,2,3,2.5
CC70419F1FB7,Imagination,"Have you ever thought to your self is imagination more important than knowledge? Well I know I have I also agree with Albert Einstein that imagination is more important than knowledge because there is many things that you can do using your own imagination, and there is a lot of thing that you can benefit from when you are using your imagination. Our imagination also helps because of what we learn we can remember that for the next time when we need help remembeing something.

First, If you use your imagination there is a lot of things that us as humans can do with our imagination. If people didn't use thie rimagination how would they be able to make things like shoes,clothes,and also our homes. Without imagination everything on this world would be the same there wouldn't really be a difference and everyone would probably be dressed the same too. For example,the clothes and shoes that people wear now are different becuase the people who make them use their imagination to come up with different type of ideas to make clothes and shoes. Imagination can be a real impact on people now than it probably was before because now people have to use their imagination to come up with thigns that they don't know. Another example would be if they have a project to get done and don't knwo what to write they would have to use their imagination to come up with something to write. If teachers don't know what to teach for the day they have to use their imagination to come up with a plan to teach for the day. If imagination didn't exist than people would be struggling because imagination is really important, and it can really help you when you are in a rough decision and you don't know what to do.

in conclusion, I agree that imagination is more important than your knowledge because their is a lot of things that you can benefit from your imagination. Also people can learn more when they use their imagination,and they can also learn how to come up with different thigns to do when you don't know what to do or you don't understand anything that you might be working on. That is why I think that imagination is more important than knowledge. It also importnat for people to use thier imagination because their imagination can also help us as humans in the future wehn we mgiht need help with something. ",395,8,Female,Economically disadvantaged,Hispanic/Latino,test,3,3,3,2,4,4,3,3,3,3,3,3,3,3,3,3,3,3,2,3,2.5
D85649F455E5,Imagination,"Famous Scientist and Inventor Albert Einstein once said, ""Imagination is more important than knowledge."" I agree to this statement, because imagination can probably grows into knowledge? All the knowledge we know right now was probably a imagination before it was approved that is knowledge. theres' more imagination in this world than knowledge. All the stuff and theory Albert Einstein came up with was his imagination. This day, Albert Einstein's imagination helped Scientist figure out his theory, his imagination became the knowledge.

Scientist once had an experiment between children and adults. They both had spaghetti noodles,paper,brown bag, and straw. It was an experiment who stacks the highest without falling to the ground with those stuff. If you thought adults stacked the highest without falling, you're wrong! Children stacked the highest without falling to the ground, because children had more imagination was much higher than the adults. Adults definitely have higher knowledge, but scientist found out that imagination destroyed the knowledge. This experiment actually happened here in united states.

First, I thought knowledge was more important, but I thought about it after hearing about this experiment,

I knew that imagination is stronger than knowledge when it comes to solving stuff that you think it's impossible.

It doesn't mean knowledge is not important, all the stuff you learn from school is knowledge.

Building,car,computer all that kind of stuffs comes from you're imagination. There's so many people with imagination that I can even count. Imagination is something that you think and expand, not something you already know about.

I agree to the term what Albert Einstein said, ""Imagination is more important than knowledge."" Like that scientist did an experiment between an children and adults shows that Imagination beats the knowledge.

Imagination can expand, but knowledge can not. All the knowledge you know right now was once imagination then changes to something big. Imagination can relate to you're jobs either, for example Nike company will want people that has better imagination then People who has better knowledge, because better imagination you have better unique shoes you'll make. ",298,8,Male,Not economically disadvantaged,Asian/Pacific Islander,test,3,3,3,3,3,3,3,3,3,4,4,4,3,4,3.5,3,3,3,3,3,3
