essay_id,prompt,text,words,seg_grade,seg_gender,seg_economic,seg_race,seg_split,overall_r1,overall_r2,overall_human,cohesion_r1,cohesion_r2,cohesion_human,syntax_r1,syntax_r2,syntax_human,vocabulary_r1,vocabulary_r2,vocabulary_human,phraseology_r1,phraseology_r2,phraseology_human,grammar_r1,grammar_r2,grammar_human,conventions_r1,conventions_r2,conventions_human
003885A45F42,Individuality,"The best time in life is when you become yourself. I agree that the greatest accomplishment, is when you be yourself in a world that constantly trying to make you something else. Because you make your own choices, you become more happy, and you respect others.

First, you make your own choices by being yourself. Becoming yourself means that you should be able to make your own choices and not be shy or afraid of what you're doing. Because you're defining yourself by doing those things that you want. Some people follow others, therefore, they don't make their own choices. People are afraid to make their own choice because they don't want to get rejected or be wrong. In this world, most of the teenagers act and follow the people who are strong and bullies. The reason they follow them and make the same choices they make, is because they're afraid that they will get beaten up and be left out. Personally when I came to the United States I used to follow other, because I thought they were amazing. But one day, I knew I was walking in the wrong path and I left them. Making your own choices makes you happy because you get to do what you like and what you want to do. It's hard to make your own choices, but one day you're going to have to make your own choices. The more you mature the more it will become easier for you to not be afraid of what you're doing and how other people are looking at it, because at the end of the day It's your life and you do what you think is right.

Second, You become more happy by being yourself because you make your own choices, You take responsibilities and you do whatever makes you happy. Also, some people act like they're happy while not being themselves, but matter of fact, they're depressed from the inside. Being yourself makes you more happy because you feel like you achieved something big. Also, Some religious kids who become themselves love everyone. In the bible it says ""Those who know God should love others, because God is love.""

Not being yourself will get you depressed because you don't do everything you want to do, but you do what others wanna do because you want to fit in. Some kids who come from a different country will do stuff they don't want to do just to fit in, because they don't want to be lonely. Some people are afraid they won't be happy because they would lose a lot of friends for being themselves, but they have to know that those people should be there for them and support them for what he's doing since it's his friends.

Lastly, Respecting others will gain them to respect you. Some teenagers like to make fun of others, not listen to what they have to say, and they like to beat kids up. Also some kids don't like to not listen to their parents, and that is also disrespectful. The bible says "" Honor your father and mother.""

If you respect your parents and listen to them, then they would trust you and not ask you lots of questions. Respecting other should be really important, because you don't want others to not respect you. Also, Some people are disrespectful because they were never respected. Important things to do to be respectful is, Listen to what the other person has to say, Stand up for them, Being friends with them Doing all of that will gain you respect and you would have good friends. Also, if you see someone bullying a kid don't watch, and stand up for them, don't be afraid to stand up for someone because you're doing the right thing.

Some may disagree with me and say that it's not that big of a deal, and it doesn't feel like a big accomplishment. But with all do respect, I agree that it's a big accomplishment because nowadays it's really hard to become yourself.

In conclusion, It's hard to become yourself in this world, because others are holding that opportunity back from you and you're afraid to fight it back. That's why I agree that to be yourself in a world that is constantly trying to make you something else is the greatest accomplishment. ",734,12,Male,Not economically disadvantaged,White,train,5,4,4.5,4,5,4.5,5,4,4.5,5,4,4.5,5,4,4.5,4,4,4,5,5,5
06FA8EF28227,Individuality,"Many people in the history of the world were important because they become who they want to be, and now society try to persuade people from who they are and change to what they want, to be your self in a world that is constantly traying to make you something else is the gratest accomplishment, also you decide who you want to be

I agree with this because some times parents try to change their children, also school making decision for their students, religion first point parents trying to change their children, in some cases parents try to persuade their children from what they want to do or from what they want to be on the future, if some one of their children want to play soccer and if their parents do not know everything about soccer they search anything they just say no and they make their children to try something different or if the child do not want to go the place that they are going most of the parents do not listen what their sons want or like and also sometimes parents make their children to be what they do not what to be in some cases parents tell they children that they need to play an instrument liket the guitar but maybe that child wants to play the drums. some famous people are unhappy because their parents make them to become famous but maybe that child do not want to do that.

second point some times school makes decision for students too some times students do not want to take some classes and school choose for them, in some parts students do not like to wear uniforms and they make them to wear it, in case that you came from other country and you do not speak the same language you need to be able to learn because if you did not do it you are not able to be in the school and if you do not understand what are they talking about is hard but you need to be like them because you do not have people who speak the same language as you do, so you have to be part of something even if you do not like it third point religion is there to try to change your mind they are many religions in the world but all depends if you want to choose one of those religions but some times people try to make you part of that religion and some times you change completly of who you was if that work for you is perfect but if not you are going to be completly different person, you need to dress different at you usual do, and also they tell you what is wrong and what is not wrong even if you did not do anything wrong they think that and they always want you to belieb things that maybe are not true but why we need to follow that and why we need to beliebe that, so if you want to do something do that thing because you want it not because someone tells you.

In my opinion I agree with what Albert Emerson wrote because to be our self in this world that is constantly traying to make us something else is the greatest accomplishment, is hard to be our selfs because people are always traying to tell us about what we are going to do because for the society what they do is good but maybe you have a different idea but most of the time you need to do what they tell you to do the best accomplishment is being ypour self and being what you want to be and if you want to do something just do it and do not listen about what other people say or what they think because people are never happy with the things that you do. ",649,12,Male,Not economically disadvantaged,Hispanic/Latino,train,3,3,3,3,2,2.5,2,2,2,3,2,2.5,3,3,3,3,3,3,2,3,2.5
0781753B768E,Individuality,"I disagree i feel like everyone should have entilded of being whoever they want to be, or however they want to be. No one should be said or be told how to be something that they're not or dont want to be. Personally

I always try to be myself,stay positive and with head up even when people in this world are constantly Trying to bring me down, making me feel bad, not believing in me, or expecting me to change.

Sometime I get constantly brought down, when it comes to my emotion. My family is sometime judgemental. I get treated differently when it comes to my sister and I.

My sister are better when it comes to Education, Maturity, or being responsible in their eyes. I try my best as a person to prove them wrong.

I constantly feel bad because my parents tell me some thing that they might think it's not hurtful but it's more so an ""contrustive critization"". It's never enough for them, what I do.

Im the most productive in my house

I do everything before it's even asked.

Making sure the house look neat and organize. keeping my head up , and always prove them im better.

It's hard to live with people that always take you for granted and treats your differently, because you were born with a learning disability. Not being taking serious, getting treated as a little girl, Always being the one who is ""the problem"". Everyone is not perfect and we all try to better ourself, and move on. Making the best of it no matter if it is an matter of how much you know, you're worth it and you know much more you can give and proof.

That you can accomplish what you put yourself and mind to. Never giving up always looking high.

No matter how much people try to bring you down, you should always keep your head up. Keep fighting and prove everyone wrong. People might not always have something good to say or nice.

Never let no type of negativity get to your head, Stay positive at all cause always possible. The sky is the limit an no one can tell you otherwise.                       ",356,12,Female,Not economically disadvantaged,Hispanic/Latino,train,2,2,2,2,2,2,2,3,2.5,2,3,2.5,3,3,3,2,2,2,2,3,2.5
0C88E7BE611B,Individuality,"In this world its hard to be yourself everyone wants to do the same thing . Still being yourself in this world is the greatest accomplishment . A lot of people judge in this world telling people whats good and whats bad for this its hard to be yourself in a world like this . People with social media will change people and being in high school with people around you will judge and follow the trend of the world.

Social media is like a book of rules everyone wants to follow and act the same . Popular apps like instagram people post things about their life and how they're doing good and looking great with a trending outfit . People see this post and do the same thing and act different knowing that this is not you . For this you want to follow and do the same thing and change your way of living and yourself .

Being yourself in high school is a accomplishment , someone will always judge and make you feel down . For this people change their personality and there way of life .like me I was scared to talk to new people because i thought they will make fun of me but that was not true and for that I am always acting like my self .Its the way of high school and if you beat the judgment and still be yourself its a accomplishment in life .

In conclusion being yourself in this world that is constantly trying to change you is a accomplishment . A lot people change because of social media and high school. I agree its accomplishment because you beat the judgment and the fear of not being yourself in this world . ",279,12,Male,Not economically disadvantaged,Hispanic/Latino,train,2,3,2.5,2,3,2.5,3,3,3,3,3,3,3,3,3,2,2,2,2,3,2.5
0CCB18D0CAB7,Individuality,"My central idea is supported with specific imformacion about this threes reason, one make something great for other people, two specific job, three skill. and give my opinion about all this and be very specific.

In my opinion I agree with Emerson, Because is very important to make semething great for other people that you want to help. This could be a good reason constantly to help a lot people to accomplishment dreams, goals and purpose in the life. For example make something good for people that want growing and that the families feel pround by the achievement. Other example, give to other people a reason for to going forward and cumply their dreams and purpose in the life.

Specific job, a specific job make something greatest for a lot people in this world. In this job we help to peoples that want cumply their purpose in their lifes and enjoy their accomplishment. Specific job that can help a lot peoples to get many oportunities for working in any work. We help to get a good information about a specific job that want greatest a magnific accomplishment. We recollected a good information about your dreams and goals that you want, for get a excellent job that you want in your life. My idea central is help to other people to find greates accomplishment in your lifes. For example we can help to other people to find information about carreer and specific job. Other example reach information about what want the people in specific for get an amaizing accomplishment.

To have a skill to trying to make something else is the greatest accomplishment that you can make for other people. when you decide to help to other peoples that is very interested to going forward with the batalle of wanted fo get a good accomplishment. For example you have a big ability for help to other people to get a greates accomplishment, you can help to othetr people, and this can be some amaizing in your life and in my life too.

My conclusion is help to other people to find a greatest accomplishment and purpose in the life, that can make very happy the rest of the life and enjoy a magnific job that I want, and always going forward and never finally the dreams and porposes, and never stop to dream high.    ",379,12,Female,Not economically disadvantaged,Hispanic/Latino,train,2,3,2.5,2,2,2,3,3,3,3,3,3,2,2,2,2,3,2.5,2,3,2.5
0D5DA97CCEAE,Individuality,"I agree with Emerson's statement, about individuality because is something that you can try and be better person in the world. First thing if you do yours own thing by yourself is something like amazing for the world, because don't depend of nobody else. I think trying something to yourself is how we learn more. And is the pride of the family, and the world to see that you trying and trying for to be something better of life. I think is no hard to try anything for to be a better person in life. I always wish better accomplish to others persons in all world.

Is like a example studying gave a good benefitsfor to be a better person. Is something that you try for to be pride of the world. When you going to school don't waste the time, in school. Is the pride for us school have a good future for us. When you do all things by yourself is an pride, for yourself. Graduate from school is something greatest accomplisment anybody can do it for yourself this is an pride, that everybody want to have. If we don't never to try something never going to know about the things, that way we need to try to do anything. Maybe something that we don't want to try can be a greatest accomplisment that we can have. Is very important to try because we going to know about it. It something that in the future can help and for the world and family too. Greatest accomplisment can be a little thing but, if you do by yourself is a pride for you it does't matter, what type of thing it is. Family always are going to be pride of it. Opportunities for to do things always can have to yourself.

Greatest Accomplishment mean that you can do it like going to university for a better life is something greatest accomplisment that can do. I always going to give greatest accomplisments to other persons. Because I always want to see better to others persons accomplish their dreams. Some people they don't greatest accomplisment maybe don't find somebody to wish their dreams. I think is something, like felt big person, how to make greatest accomplisment to othes persons and then to see that they can do it. ",371,12,Female,Not economically disadvantaged,Hispanic/Latino,train,3,3,3,3,3,3,4,3,3.5,3,3,3,3,3,3,2,3,2.5,3,3,3
10ECA491D66C,Individuality,"I disagree that someone can change you. First of all nobody can change the person you are from the beggining. Second of all no body can tell you how to be or what to do either even if your married or single. Third of all you have to be who you are you don't need to pleasure no body in this world but yourself. You have to be proud for who you are and what you are doing in order to be doing good in your ways of life.

To begin with I disagree that someone could change. One because that's for you to decide if you wanna be the way you want to be. You can't change for anybody to accomplish whatever you want. If you want to change you'll have to change on you know nobody can that for you.

For example when I was a freshmen in high school I used to like skipping my classes all the time. I never went to my classes I liked being around my friends most of the time. My grades drops from 100 to 50 real fast. I didn't realize friends can make you go the down road. I felt like I did not care in the moment but then I realized all those friends were not real friends at the end.

Nobody is going to help you get you stuff together, your grades, your education. I believe you have to always be your self in order to progress and success in your own life.

Secondly people say that when you get married your suppose to be someone else that your suppose to cook at all times, do laundry for you partner and yourself, I believe that is not correct. I believe that you can still be who you are even if your with someone or not. You don't nessecarly have to be someone your not in order to make others happy. Your friends, your boyfriend or girlfriend are not going to give you a High school diploma, an apartment, a car, and food. You have to get that on your own you have to be happy the way you are. If you are a lazy person, crazy person, dramatic person, you can be how ever you want to be. You do not have to change to make the rest happy.

For example I do not like being around friends anymore, I do not like drama at all that is just me I learned from my experience that no body is going to be there for you on your rough times and it is not worth changing for no body ever.

Lastly I believe you have to be who you are and be yourself in order to success and follow your goals. Being your self is one of the best things there could be. You do not need to care if someone judges you. You do not need to be worried about anything but trying to accomplish your goals, your dreams and a better life style. You have to have a good character in order to achieve everything you want and especially being positive to yourself. Never let others try to change who you are or what you want to be always go by what you want and do not question your self. You have to be happy by the way you are and not think about how the rest want to see you.

For example when I used to skip class in freshmen year in high school my friends wanted me to be like them they wanted me to skip at all times and just hang out in them mall or park. I realized one day I want to get somewhere in life I want to graduate on time, I want to have a good job, I want something different for my self. I realized I was doing my self wrong so I stop completly and started of my sophomore year fresh and different. I began to see the difference. My friends thought I changed and I did because I did not want to stay back with them I wanted to move on forward with my self and goals I had. This was my experience and ever since I realized being your self is a big worth anyone has.

This is my opinion on why I disagree that you do not need to change for anybody. You always have to remain being the way you are and never let no one change the character you are just to make them feel happy. Even if you are with friends, boyfriend or girlfriend you do not have to change the way you are for them. Always be proud of the person you are too. ",765,12,Female,Not economically disadvantaged,Hispanic/Latino,train,3,3,3,3,2,2.5,3,3,3,4,3,3.5,3,3,3,3,3,3,2,3,2.5
12FE853D6B88,Individuality,"I agree with Emerson's statement because people should be themselves no matter what. You want to always show the real you. That is the beuty of life,connecting with different types of people with different types of personalitys. People in this world now a days are cruel and mean that have no heart. People bully others because of theres clothes,shoes, and how they look. You can get bullied for anything now a days, its very sad. That's why people who get bullied hate themselves and want to become something they are not.

I remember one point in my life, i was deppressed. I kept getting bullied because of how big my head was or how skinny i was. I know it sounds funny, i laugh all the time when i talk about it dont worry. I stopped wanting to come to school because of that. I never wanted to leave my house or talk to anyone. It was very sad. But one day one of my close friends asked me why i wasn't coming to school, and i told him everything. He told me straight up to ignore all the negative stuff that people call me and live your life to the fullest. Since that day, we have been bros for life. He always had my back and i always had his. A few weeks passed and i told my mother. We talked for a few hours about how i should ignore all the negative stuff because life is so short that you can't let anything stop you. That really changed me and how i see life.

Trying to be yourself in this world is very difficult now a days. Just by telling someone that there shoes are ugly can really change the whole person. They start buying stuff that they don't really like. Also doing stuff they don't want to do. Suddenly they start doing bad stuff. Just to fit in with other people that have all the nice clothes and shoes etc. People really can't be themselves because of judgment.

There should be more help in this world so people that are going through this can get help. People should be motivated to be themselves and also love themselves. Some people can really say somethig mean and the victim could commite suicide, just because of someones judgment. People should start treating other people with respect. Parents should start teaching there kids early on how to show respect. People shouldn't care about someone elses opinion. People should live there lifes to the fullest.

People should feel very accomplished to be themselves in this world. People really make you feel like trash when they say something negative about you. There is always going to be negative stuff coming at you, that's normal. That is what makes you stronger and turns you into a great human being. That is what should motivate you to do great things in life. That is what should make yourslef and everybody close to you proud. To be yourslef in this world should be the greatest accomplishment.",489,12,Male,Economically disadvantaged,Hispanic/Latino,train,5,5,5,5,4,4.5,4,4,4,5,5,5,5,5,5,4,5,4.5,4,4,4
13450D581EC9,Individuality,"I am agree with the Waldo Emerson's prompt. He wrote that "" to be yourself in a world that is constantly trying to make you something else is the greatest accomplishment.""

""Never give up."" This word conveys our intensify about our thought. It makes us courageous. Life is not a bed of rose, life is struggle. Every single person has their life struggle. Nobody is a perfect at they look. A perfect man is he who win the struggle. A successful man, he not get success in a second. He had lot of struggle in his life,but he don't stop for his goal. After long time keep trying made him successful. He adjust the struggle and keep go through the struggle and win the struggle which is make him success.

For example a soccer player has his goal to make a score so that they can win. But for making a goal he has to cross the against team then he will success to make a goal.

You failed !. You are done your life today. We couldn't expect from you this. You fool !. You looser. Now you go home and get sleep that's all you can do. Should I listen them and do what they want or give up my life? NO!.I am failed, i am looser but it dosen't mean that i can't win anymore. Don't lose hope. You have hand,you have brain,you have leg use those one day win come to you then you can show them that you did. you made it.

For example,you are not good in Math but it's dosen't mean that you are bad in Social Science. Show your talent. You can't able to solving the Math equation but you have talent to make Social Science rules.

Time is valuable more than everything. A good minded people use their proper time. If you use time and you failed in your success then don't lose hope,don't stop, don't blame on time and yourself. Time can give you more opportunity to use it and make yourself successful. You just have to keep try. But if you being lazy you just waste your time and you got looser reward from the time. Always remember that time never gonna come back.

For example, If you don't do your homework the teacher not gonna give you a grade. You gonna fail in this subject. You just waste your time. But if you do the homework but is incorrect. The teacher can give you one more time to fix the correction though its incorrect.

An Inspiration can make your goal. If you look or read about successful person how they became successful in their life you also can inspire to do what they did. An inspiration can bring you encourage. Make you sense what you want to do and what should you do for your future. There are different people has their different choices. From the successful people you can organize your life.

For example, there was a story about Robert Bruce and a Spider. One day Robert Bruce was laying in the cave and saw a spider was trying to climb the wall but its failed seven times to reach the wall of top. After seven times keep trying makes its successful. The spider reached the top of the wall. This event make Robert Bruce inspire himself.

Everything has their opposition. If you wanna be a good man you have to know what is bad things. The same way if you want to win you have to know what is lose. Fail is common afire in human being. If you don't fail it's mean you dosen't even try. Fail is a part of our life. But don't get depressed yourself by depression. You fail but you have more option to start it from the beginning again. Before you stop try just think should i try one more time. Maybe this time you can become a winner. Just one more think can bring your success.

For example, You digging a soil for the gold. You dig almost come to the gold but this time you give up and stop digging the soil. If he dig the soil one more time he can see the gold which one he want. So always think one more time before you quick.

An aim can make our decision properly. An aim less man can't success in his life. A right decision depend on your future. First make a routine for your work. If you want to success in your goal you have to follow your routine. In a student life its hard to follow the rules. But if you try you can do it. In student life student should give full attention to their lesson. homework should be done before going school or college. if you continuously follow the rules it will be easier for you to success your life.

Don't be lazy. Lazy is a weak point in our life. From the laziness your life never gonna successful. So always do hard work until you done in your work. some people we have in our society they has dream but they don't wanna work. If you don't work how can you full fill in their life. Always keep try to get your dream. We have time we have life just try as much as you can.

Some people in our society some times they messed up with your dream or your work. They don't wanna let you to do your work. This typ of people are very harmful to our life. They always bothering you can't lets you doing work. That time we should ignore them. Don't say anything with them. One day they will leave you automacilly.

For example, if any person can bother you every day and if you ignoring him one day he will not interest with you and leave you.

The success of life bring you happiness. You will feel proud yourself. If you show them that you did it then they will fell ashamed because they thought wrong think about you. So never be lazy. Always do hard work,keep try and think about it what should you do or not. End of the moment it will be

Happy Ending for you because you erase the wrong think the people think about you.",872,12,Male,Not economically disadvantaged,Asian/Pacific Islander,train,3,3,3,4,2,3.5,4,3,3.5,3,3,3,3,3,3,3,3,3,3,3,3
134937CE445C,Individuality,"""To be yourself in a world that is constantly trying to make you something else is the greatest accomplishment.""

Introverts can easly feel identificated with Waldo's words, in a world where the majority goes in the same diretion trying to convince themslves that the way they are taking is the best, it is just a fantacy, but sadly unique, and genius people are afected by the same.

As time passes most of us we still refusing to be like the rest of society; I trully belive that being yourself is more importar than a life lacked of happiness.

As we growing up we been told how to be, and who we have to be like, but only people who resists and face world's opinion can really know deeply what self-acceptation is. It is not about ego, it is about reallity. God, Universe or whowever gave us life, also gave us a purpose. Being different is not a crime, but a privilege, so we have to take advantage of it. Life has a lot of perspectives, just because they are right, does not mean I am wrong.

Before my favorite artist passed away, he used to say: ""I rather to be hated for who I am, than be loved for who I am not."" well, I think Emerson would love this quote. People that choose a diferent direction are usually called: black sheep, weirdos, misfits, and even crazy. In most of the cases they end up being rejected, just because how they look, how they dress or how they think. but it is a fact that no long they become the most greatness, successfull and happiest people in the world, and there is a few of them. well, I guess no pain, no gain.

I know is hard to be yourself when all these people are judging, in my opinion it is a really big accomplishment being yourself, even in these modern times. I never understood why we have to be like someone else just to be accepted in this cruel society but I know for fact that being myself is the best feeling I've ever felt, so I trully believe that being yourself is more important than a life lacked of happiness.",357,12,Male,Not economically disadvantaged,Hispanic/Latino,train,3,3,3,4,3,3.5,3,3,3,3,3,3,4,3,3.5,3,3,3,4,3,3.5
14CC79B9F334,Individuality,"I agree with Emerson's statement because we have always to be like we are all the time. We dont have to pretend be other person just to like someone . For some people be yourself is hard. Sometimes we do things that we never do just to have more friends and that is bad. We dont have to try or pretend be cool or acting different just for that. I think that be yourself is an accomplishment. In the world is a lot of people that you can talk quite freely, but those people sometimes are hypocrite because they are acting like they are people that you can trust. People who sometimes do not look good or something can be better than people who look kind.

I am food runner in a restaurant and literally most people loves me in there. I have been working for 6 months in there. All that I have to do is be food runner, but sometimes I help the servers and if I help them is because I wanted. they sometimes say thank you, sometimes they say nothing but I do not care that. and one day one server asked me about why you help them and I said I am just been myself and I

like it.

I think if one person is good doing something and that person decide to do that all the time, that person can achieve too many things.

When I was 9 years old I start to play soccer, and when I turned 10 I tried to enter to the team of my city where I lived, and I could not enter to the team. Some people probably should make a decision to leave everything, but when I see that I could not enter to the team I tried to be better for the next time, and the next year I achieve to enter to the team, and what I think is the importance to be yourself be positive. After play 1 year in the team of my city the next year the coach of the state team talked to me and he said that he was watching me all the time when I was playing, and he said that I am a really good player, and that he wanted me in his team .When I make the decision to go to the new team my friends told me that they are going to miss me. They wrote a letter saying thanks for you friendship and for be an example that all that we have to do is ""to be yourself"" and go for what do we want to do, and I told them that if we do what we want everything is going to be easy and fun.

the phrase to be yourself means that we have to be always how we are not change or pretend be other person just for have more friends or something, and if we do something that we like do it. If we do that we are going to accomplishment everything.",514,12,Male,Economically disadvantaged,Hispanic/Latino,train,4,3,3.5,4,3,3.5,3,3,3,4,3,3.5,4,4,4,3,4,3.5,3,4,3.5
15BDA0989B56,Individuality,"When you trying to make something different every day, is the greatest accomplishment.

I'm agree about Emerson's Statement !

Well, when you be yourself you every moment want to be something else,something new to know how capacity you have to be yourself. When you thinking in yourself your days be more easy, fun, you enjoy yourself in a world because you are only in the world nobody is like you, you are the only who make the better decisions in your life and is something constantly trying to make you something else because is the most and greatest accomplishment that you have is like a gift that your received and you need to care.

When you constantly trying to make you something you learn something that you don't know; something that surprise you because you never think that you can do, and you say I can do that thing and I want to experiment more things spontaneous because is better when that things have spontaneous because left better and so cool and impressive to you. Experiment more things new help you to be better every moment, to that these for you can helped an others persons when they need our help, when meet with one situation where somebody need help motivate that he or she can do it nothing is impossible, because a lot of peoples in the world don't believe in their self because all that time suffrage bullying they thing that they don't serve for nothing they believe in that bad words, is for these reasons that one situation appear in front of our eyes helped, spoke with love,respect,be courteous because when you spoke with one persons that have these problems where suffrage bullying, bad words that others peoples say they feel miserable have hatred,resentment and all of times they don't want to talk, you need or our need to going to these peoples and spoke with love, love is one of the most good gun that we have is the most important in that around world. A lot of peoples suffrage depression, anxieties, contempt, and racism, and to much peoples lose their lives because they don't support all that bad words,contempt and racism they suicide about that bad situation that they pass, is not necessary to arrive to these situation when we can change that world, stop to that bullying,racism we need to stay up, help these peoples and to these form too we be better persons these help too to our lives to see all that things different and get a solution because nothing is impossible when you purpose to me a good and better person.

Is time to care yourself, is time to listen your heart, yours words, and be better for yourself not for that others peoples, is time to return to be you for make that things that you want for you,don't make things for that others peoples see, want at have happy peoples, made because you want to continue with you life, dreams, expectations, careers, and because these make that you feel happy, interesting, confident, sure, cute, fun, and enjoy your victory. We need to get that goods words specific when it's for important persons because they want that better things for you, you don't need to get the bad words that you need to put in the trash so to these form that bad words don't affect you in nothing in your life. Then when you need to be something don't tell to everybody because a lot of time that peoples have envious yours victories then they get a angry things because have zealous that you did it. The important things spoke with that persons that really is important to you that person helped you to celebrate later your victory with you.

Make your things individuality because that work that you doing left good and you have your owns opinions,strategies,problems,situation,statements,solutions you work better when you work individually, like these work on me, when a work individuality I have my owns ideas because when a work in groups I feel that a can't put all my ideas a need to put all that ideas together and them we need to decide for one of the ideas the most interesting and important ideas, for me is better when you work individuality.

Trying to make you something else is the greatest accomplished, bec a use you can learn and make a new thing,because every day our want to change the world with all bad expectations, etc we need to care whatever word that we spoke to don't hurt nobody with any word all persons in all of world needed be different because a lot kids in these time what make whatever they want don't want to make that parents say that is something that we need to change.

Yourself is something that need to care because these defined what type of people you are, the values that you have, is something delicate and important; You need to have persons that helped you to be better every moment in your life,person who import good things on you, how stay with you in (bad & good) moments that person you want the best for you, who was happy when you get the victories because that is that things that you received and help you to make that same things with that person,we need to know who really is our friend.

-

Friend is who really want to support you how really wants good things for you that friends is that care you to do the true and better things.

Friend is not who don't help you, how don't care that important things for you that not be friends. All need to see very true who is really a friend.

Yourself is something happiness is like a emotional thing that you can share with your family, friend, that important persons for you, in yourself you feel a comfortable with you body because a lot of persons don't feel good with their body and suffrage for these. When you are sure with yourself and believe and yourself you feel happy,emotion, is something that we need to care a lot for no feel bad when a person who don't want to our things that we are doing. When you believe in yourself all around you is happy every moment,hour,minute,second. But most important for me is when I have a most important person in my life God my Lord because he love me before a born like to be....",1027,12,Female,Not economically disadvantaged,Hispanic/Latino,train,2,2,2,2,2,2,2,3,2.5,3,2,2.5,3,3,3,2,2,2,2,2,2
1A3D750157B1,Individuality,"I 'm agree because I think is neccesary help the people ,if to tell the truth is neccesary sincere you need to but remember where are you from, is important always tell the truth sometimes somepeoples have depression ,and is very important tell him talk which him, because i demostrate my help and i said you are a good person is good talk which person ,but which a person depresseon is different beacuse all the he is sad , i have a friend which depression is no necessary tell him nothing is better to go to the play soccer o other part , i always to give courage to my friends.

I try to help people is good because nobody know how the people to suffer hurt mental and other things, but if you can help people helping because you after help a vagrant in your head said a feel good bacuse a help people and is very good.

somepeople said i dont need help but they need more help, because the state mental is not the same, when the state mental change is hard help which the people ,because sometimes the people is crazy or other things but you need demostrate help him , like talk which him ,play which him o other things. the work psychologist is hard bacuse he talk which much people which different proble, and is heavy for him and is very hard he tgry to the the people.",234,12,Male,Not economically disadvantaged,Hispanic/Latino,train,2,2,2,2,3,2.5,2,2,2,3,3,3,2,2,2,2,2,2,3,3,3
1BE17E2DA549,Individuality,"The qualties that make person individual or unique is, to not make any difference between society.

Be sure that you're working in the right path all by your self, and be greatfull, powerfull, be honest, not making any bad disesion not making any problem for society, and last but not least, have a strong felling of wanting to have something or wishing for something to happen.

If you have strong belife in god or in the doctrines of a rilegon, you'll be successfull in your life because it's him that give you all those idea and knowledge, that you can write an essay something like this.

So you just have to be faithfull, and trust him, that's the only way that he can help you and then be an accomplishment.

Something that has been successfully, it's beacuse of you pushed your self you put all effrot and work on you, and that's all beacuse of one goal and that is a great accomplishment.

We have to follow those poeple who were successed in their life of time, we have to see what they did to their society, what honor they had/have for us to read and follow the path they followed.

I think that's another way to be successed.

I'm compeletly agree with this statement that says ''To be yourself in a world that is constantly trying to make you something else is the greatest accomplishment.''

Because if you have those kind of seccessfull people in your society then you will have better society, better world and better education for the future.",236,12,Male,Economically disadvantaged,White,train,3,2,2.5,3,2,2.5,3,2,2.5,3,3,3,2,3,2.5,3,3,3,2,2,2
1C17939C40A7,Individuality,"I really like this quote because, i believe this is a problem that basically happens in many homes and also many society of people. Being motivated to become what they dont want to be and what you dont have the passion for. Therefore i disagree with Emersons statement; Why? Becacause i believe everyone has a choice to choose what they are passionate about, not what the society or the influenece of their parent saying I see a doctor or an engineer in you. Having the love for a profession or a study is one of the greatest thing ,you feel like you are living everytime you figure something out,you feel happy and motivated to take it futher to you reach the top. When someone is passionate about a profession,studing of a language,writting,discovering,healing,helping people,anything in this world i believe they should be motivated. Not brought down by making them do something else because its not healthy physically or mentally i believe. An example is ME.I have studied business almost my whole like since i was in my country,beause i wanted to be work in any field of business. Last year i moved to the united state and my parent and everyone around me said i should be a nurse,but i dont have the passion for nursing,but with no support on my side i decided to be nurse,and mentally i feel like itâ going to be difficult, and i always bring my slef down when i thing about it, but if it was something i had the passion for i wouldnt mind the hardness i will just concentrate on how i will make it and and believe in myself that i will surly get and will also be very determined. Thatâ what i mean by being motivated and supported to do what you want and do what you love is really great.

So i disagree with this quote,some people will agree because they believe your society or your surrounding makes you who you are. But i believe the society and everyone around do not make you,or can not stop you or influene you to do the opposite of what you want to do unless you give them the chance like me or you take your stand and let them know why you want and love this thing and it will be a great honor if you accomplished it . ",363,12,Female,Economically disadvantaged,Black/African American,train,2,2,2,2,3,2.5,2,3,2.5,2,2,2,2,2,2,2,2,2,2,2,2
1C2665B95694,Individuality,"Do you would be able to be yourself constantly in anything and accomplish the greatest of the world?

I am sure if you trying to be yourself always you can accomplish the greatest, however you life is more easy to be yourself. If you believe in yourself constantly nothing in this world is impossible for you, ""THE HEAVEN IS THE LIMIT"", because you can do it anything you want. (Why?) Because you have the power of yourself and the most important you have faith,

""THE FAITH MOVE MOINTAINS"". When you believe in yourself you don't have obstacle.

MARTIN LUTHER KING:

I have a dream I want everybody look the same color. He believe in himself and he have a lot faith he gonna to do it, and he always was positive in his dream. He was in his belief, and he thought he can made his dream real. After a few years late he was tray to made he dream real he accomplishment. He accomplishment his dream in Washington D.C. IF you have a dream in this life and you want tray constantly to make real I know you can do it, the all you need to do it is be yourself.

CRISTIANO RONALDO:

He is a Portuguese guy when he was child he missed his father and that time the life was difficult for him and for his mom. But in the plans of CRISTIANO not was for given up he have a passion and he believe himself. After he get 13 years old he started to work at the mornings and afternoon he played soccer. He are the best soccer player and his village. After 15 years old he started to play soccer for the country team after he be come a renowned player of soccer in the world. when you believe in yourself you can accomplish you goals doesn't matter what obstacle you have At the front.

Although you think you can't do it, yes you can do it if you believe in yourself and consistent trying to make the thing everything can be possible. When you have faith and believe in yourself you accomplish anything. After you start to do it something or something have in you life don't give up keep believe in yourself. Everything you aspiration you want be you will be everything you imaginary you will creative just keep believe in yourself. If you have a dream oh passion oh something else in you mind and you wanna do it start to be yourself.  ",379,12,Male,Economically disadvantaged,Hispanic/Latino,train,3,2,2.5,3,2,2.5,2,2,2,3,3,3,3,2,2.5,3,2,2.5,2,3,2.5
1C911B0C2A2D,Individuality,"I`m agree whit the individuality. I like when the people take whatever they wants for yours life is so cool. I have too much friend and they do the think another peoples do. I mean i like do what i`m said and what i like i don`t now.

My family is so negative when they said sometime and i don`t like because i want said sometime but they no want lisent. so i`m individuality because i want lisent to me and do the think i want.

I know to much people dependt of other and that`s no good.

The history class said too much about that because in the past the people are not indiviuality.

I think the people want more attention that why depent of other people.

The life now is to diferent of after because now the people yos depent the what said other person about who i`m look or what he said about me an all theese think.

I like who i am cause i`m a nice and all good thinks so i do whathever i wnat because i ike who is the people and i dont care what they said about me.

Yo ya nose que escribir solo sigo por que pues no se me gusta y si supiera un poco mas de ingles no pararia de escribir.

so les voy a contar sobre mi vida ya que no tengo ni la menor idea de lo que tengo que escribir ni nada.

comienzo llegue de Puerto Rico hace 2 anos y desde que llegue aqui mi vida cambio del todo.

comenze a valorar cada cosa que obtengo por que ahora se el valor y el sarificio de la vida para cualquier cosa.

solo se que apesar de todo sigo queriendo superarme y mejorar muchas cosas de mi.

no se me hace tan facil pues el idioma y las costumbres no son para nada igules.

Pero aqui sigo y seguire por que creo en mi y se que cada dia que me propongo algo lo cumplo.

No es nada facil cuando llegas y conoces personas de otros lugares algunas muy buenas y otras no tanto.

Me agrada demasiado aprender cosas nuevas y nuevos lugares solo hay una cosa que me enoja y es que apesar de no ser una persona indocumentada y pues nosotros los puertorriquenos somo parte de estados unidos y solo por el hecho de que nuestro primer idioma sea en espanol muchas personas nos tratan como indocumentados.

llevo 2 anos los cuales no an sido nada facil ya que la escuela a sido uno de mis mayores obstaculos pues es bastante complicado entrar a un salon y sentir que estas completamente solo.

pues por el hecho de no poder preguntar o comunicarte con alguien no nada solo te quedas hay viendo como todos pueden y tu no.

Unos meses despues de que llegue de Puerto Rico comenze a salirme de la escuela y hacer las cosas mal ya que no tenia apollo de nadie alli ni en mi casa.

Hoy en dia siento que no debo estar aqui por que solo siento que no es mi lugar la unica razon por la que aqui estoy es por mi mama por que quiero que se supere y poder darle todo lo que merece.

ya que cuando la necesitamos hay estuvo apesar de como era la vida en puerto rico siempre trato de darnos lo mejor.",519,12,Female,Economically disadvantaged,Hispanic/Latino,train,2,2,2,2,3,2.5,3,2,2.5,3,2,2.5,2,2,2,3,2,2.5,2,2,2
1CFAD594A087,Individuality,"In a world of 7 billion is hard being yourself, because everyone else is trying to make you something you are not. It might be hard to be yourself, express yourself and have your own opinion , because there's so many people that try to make to you different or make you think in a different way, even the government want's to choose for you.

You can be yourself, being yourself means to express your feelings to the world but in your own unique way, for example LGBT people they are the people that get the most stuff at them because of who they love, and the stuff they believe in.

People constantly keep trying to make them different, even the government is trying to tell them who they can love and who they can not love, who they can marry, and who they cant.

Expressing yourself in a world of 7 billion people is not easy, because everyone has different opinions and beliefs, you might have different ways to express yourself than your family and that is hard, because when you are young you believe in the same stuff your parents/family does, but the older you get you start to understand more stuff and why your parents believe in what they believe in.

Your own opinion matters do not let other people make you think your opinion does not matter or that it ain't important, you have the freedom of speech in the U.S., meaning you have the freedom to say anything you want to who you want in a whatever way you need to say or express it.

To be yourself in this world it's hard but do not let anybody ruin that for you, if your friend's do not agree on who you love, then change friends, if they do not like in what you believes are, explain to them your beliefs and try to make them understand why you believe in that certain stuff.",308,12,Male,Not economically disadvantaged,Hispanic/Latino,train,3,3,3,3,3,3,3,3,3,4,3,3.5,4,4,4,4,4,4,3,3,3
1F7FD80F4396,Individuality,"I totally agree with Ralph Waldo Emerson , being yourself around people of these days is complicated in the way that anything you do or you say is going to be judge by everyone , you will be the critique of your classmates,friends,family. Is basically most of the youth community feeling the pressure of being accepted by the society and they forget to be them and they start becoming someone else, just because the other person might have a lot of friends or they want to have the same popularity as them.

70 percent of the youth community either have depression or they get bully in high school. For the people who sees these type of actions and don't say anything because they are unprotected and are scared to be bully, first know that you can get help and you can be that person giving the courage to the other person feeling same as you.

There are multiple reasons why you should want to be yourself and not just a copy. First put in your mind that you are unique , by the time you grow up the reality will come to show you that you don't need to impress anyone but yourself and all your actions is for you, your mistakes will affect you the most .When you are copying someone you should analyze what you win from it and is it really worth it ?.Now , ask yourself if the friends you have are really your friends,just because they walk with you and they talk to you doesn't mean they are your friends , and worse if they tell you to change who you really are. A real friend is that person that would love you and care about your own good, a friend is the one that appreciates you will all your defects. Someone changing you is someone you surely don't want in you life. Believe it or not is better to be alone than with bad friends,inclusive your own family can talk bad about you ,they might critique everything you dress,eat,but that isn't reason to change yourself and be what they are expecting you to be. When you are going to be a grown up, how can you tell someone to be always themselves when you don't even got to known the value of it.

Being yourself is worth it, is loving who you are you won't be able to love someone else if you don't love yourself before. Having your own thoughts and always giving your honest opinions are good than just agree with something that you don't , being real is being you. Be real with your friends and if they don't like your opinions or they would make fun of you then feel happier that they finally showed their truth colors. If you cousins or any member of your family make fun of you because you unknown any argument they are talking about or they make fun of they way you dress then they aren't family. Popularity is nothing compared to be yourself, somehow in any time you will feel so stressed ,sad ,and down and that'll be because you can't fake no more. Get you own experience, have your own goals in life, create your future. Instead of worrying about being accepted just worry about what you are planing for the future. Be a right person at least, don't copy someone ignorant , be a good well , always appreciate the appraisal of what you parents thought you and don't you ever feel shameless for it. In the future the success will be good recompense .

Lastly be grateful to be unique in the world,be one in a million , always try to improve yourself and instead of going down go up , and if you think that copying someone that you think is up is being a winner you are completely wrong cause you are being a loser, know that there is a lot of mean people that could be around you and you might even call them friends when they aren't .When people is jealousy behalf themselves they can do anything to ruin you when you think they are helping. You want to be a winner then stand up and proudly be yourself.",650,12,Female,Not economically disadvantaged,Hispanic/Latino,train,3,2,2.5,2,2,2,3,3,3,3,3,3,2,2,2,3,2,2.5,2,3,2.5
2637F9BEE7D3,Individuality,"I agree with Author Ralph Waldo Emerson, about being yourself in a world that is constantly trying to make you somenthing else is the greatest accompplisment, because people always say that they love you and care about you for who you are, but the truth is that. When you're yourself with them and show them who you really are, they want to change you. Some peaple are always going to talk and pay more atenttion to the mistakes that you made instead of what you have to offer , being yourself in this world is the most importan thing in life, because you got to show them that you like who you are and you don't care what they say, love yourself inside and outside never stop doing what you love just because people told not to do it, do what makes you happy not what makes other people happy. don't be afraid to show the world what you got to offer, you only live once, feeling good about yourself is more important then satisfied other people. ",170,12,Female,Not economically disadvantaged,Hispanic/Latino,train,2,3,2.5,2,3,2.5,3,2,2.5,2,3,2.5,3,3,3,3,2,2.5,2,2,2
269026CFBEC9,Individuality,"Agree with author Ralph Woldo Emerson wrote bucause to be yourself is the you make special for another people in the world you thinking different for another people you have different feeling you make something else and the world you meet another people

,is you the same another people you know is the same of you this is make the world to be boring, all the people to be the same you not who you are because all the people is the same all the people make the samething.

If you not to be yourself copy or the same people, you never find feeling or reasons and your life you make something you not like , for example you are not the same another person you have different goal, feeling, something you like and you personality,and not to be interesting becasue all the people is the same, and however you have two face you due something you never meet your real face.

conclucion:Always to be yourself in the world use your face real you are special for all the world is you to be yourself you make a different the world,you due wherever you want complete your goal your dream because you change tha world if you to be yourself.                                                                                                                                                                                                                                                                                                                                                                                                       ",471,12,Male,Economically disadvantaged,Hispanic/Latino,train,2,2,2,2,2,2,2,2,2,3,2,2.5,3,2,2.5,3,2,2.5,2,2,2
27E725D251A8,Individuality,"Do you think people aways succeed without any challenge in their life?.

Author Ralph Waldo Emerson is right.

Some people sometimes decide to isolate because they cannot handle the pressure of this world being a human is not easy becasue sometimes you just feel that the comments that the people make about you are real, but everybody should be strong and be themselves,because we as humans we can do anything that we want to achieve our goals and never pay attention to those comments because we can show them who we really are.

Firts, desire a lot of people when they see someone that is doing great on their life, sometimes people don't like it, others ones start thinking on doing it becuase they know the this man/woman are there because they work hard, in this world nothing is easy to have unless you work so hard to get it but never try to be soemeone else and is not necessary to do things that you don't like because you are trying to be like one else not do the mistake the most important thing is that you are going to show to those people that did not believe in you that nothing is impossible even when this world if full of envy.

Second, confidence now people around the world what they see in a person is their appearance,clothes, shoes, etc, now people are like trying to be something that they are not to try to fit in this fake world, but you know there is where you realize that is wrong to be honest things don't matter what really matter is who you are you and what can you offer to this world that is trying to kick you out, but you start getting confidence and that is a big challenge to try be youse around people that don't see life the way you see it.

Third, success as the world give you hard times you start to be strong, sometimes you have to go through things ` that you start to think about giving up, but you quickly think that you are wrong that you are going to make it even if is impossible like the author says ""To be you yourself in a world that is constantly trying to make you something else is the greatest accomplsiments.""

Some people have lose their confidence becuase they are trying to be something that they're not, people think that being fake is the best way to fit, i don't think like them i think that you should you be who you really are.

In a world where you have to fight to be yourself and don't get lost in the fantasy that the world offers you that is the greastest accomplisment. A lot of people might argue that is not true, but they are all wrong because people always can be themselve if they wants even is the world if full of lies is their responsability to make real their dreams.

In the future i will try to tell the people that nothing is imposible, to not be afraid of who they are that each person if different in that is what make us special.

In this life you just have to be youlself enjoy every moment because after you get old you will regret everything that you didn't because you just were to be busy trying to be someone you are not.

To conclude, life sometimes gives you the opportunity to discover who you really are and know what is what you wants.",559,12,Female,Economically disadvantaged,Hispanic/Latino,train,3,3,3,3,3,3,2,3,2.5,3,3,3,2,3,2.5,3,3,3,2,3,2.5
286FE6743E88,Individuality,"The constantly tying to do make something else is the greatest accomplishment.

I thinks for this that is the very better idea, I am agree because when you do somethings. When you doing somethings may be this can helping for another person that is great for all the time. This support we can something better because you know make some great this can effect for some people,and can i'm disagree,for example when yo doing some helped to hospital may be can bring some support with you pay 20 dollar for month. This helped to hospital is something you know about a greatest accomplishment because you do this idea about yourself.

That is contantly trying of yoursel. This is always and without interruption or can be again and again without end, and me position this issue is real education, so you do somethinmg in then you have you doing a discussion. When you has something to doing, then we have to do a discussion about what is the greatest accomplisment this that happened because we have to do something individuality, and make a support, for example we have to make some better we know about this how the education is the great discusssion because everybody have to making a reasons and bring the support, and this position I am agree beccause when you spoke about of the education for all the children the is some sure.

The greatest accomplishmnet can be something bad you can reporting a situation. for this things you do some this is for yourserf because you make some can have a discussion, and you making the be better accomplishment or laern more about for this experienced. For instance what is right of accomplishment is the we tying to make something such as a blessing somebody the is the greatest accomplishment because you making very good for some people this is agree,and the is action you doing and support because you make is good reasons. Also for some specific example about is the a greatest accomplishment is when all the people in a country are developed the is of better accomplishment because the people of for this country to make a dicussion, trying,talent for that country can be developed. Also something accomplishment we trying to be better because sometime is so difficulty to do here is we have to used the talents for support the idea for develop.

Sometime of the talented is having to be more considerable because we have to do a particular effort, and support this position on this issue. I feel the position when tying to make about something right you are make some greatest accmplishment agree because we trying helped and then make a reasons specific next doing a discussion and desiccion.

I make every day to be more better for any class. and tying to helped ssome people this is a constantly that make, when trying to make something is so difficult because I has to make a discussion but for a dicussion all have to talent this is statement about individuality to making. However i has to used the talent. Also in the life and future all the people have to make bigger greatest accomplishment this is that people can be more great life.

The greatest accomplishment somethings factor that have in the life. Also may be can sometnhing has to resolver with a discussion. Also this thing have to be the greatest because we trying to some to do and support.                                                                                                                                                                                                                                                  ",683,12,Male,Not economically disadvantaged,Hispanic/Latino,train,2,2,2,3,2,2.5,2,3,2.5,3,2,2.5,2,2,2,2,2,2,2,2,2
2E6495FC2C72,Individuality,"Ralph Waldo Emerson

""To be yourself in a world that is constantly trying to make you something else is the greatest accomplishment."" I agree with Emerson's statement about individuality because each person is a world and we have to do our things separate and does how we learnd about life doing our on things life is not easy as how we thing when we are with our parent's but you have to be older not young so we can decide to do our own things.

We have to work for what we want nothing in this life is easy, All the people need to take a decision in life but firts we need to go to school and then graduated and look for a job and like that we are going to know more about life and make decision and kowing more about life but we always need the endorsement of our parent's.                                                                                                                                                                                                                             ",256,12,Female,Not economically disadvantaged,Hispanic/Latino,train,3,2,2.5,3,2,2.5,2,2,2,3,3,3,4,2,3.5,3,2,2.5,2,2,2
30FE0B8168BE,Individuality,"Imagine a life where people think the same and look the same, it be like a world without stain, to some people will sound perfect,but life is attempt to do mistakes and learn from it, where people can't compare themselves, where you can accept that in some cases, there are better people than you or worst than you, life is like that, but the greater accomplishment is to be different than others.

First, if people in the world including you are the same, the world will get bored for example; when you working an a factory that do the same thing every day, after a long time working there,you are going to get bored. The better way to do is doing something diferent every day, same with people if you and the people stay the same nothing is going to distinguesh you, but since you born you came with your own thoughts and qualities,for those reasons you have try and work for yourself.

Secondly, working by yourself and focus about you, and your own goals will help you to get your goals very quickly, because if you do the same thing that the people is doing, you will stay the same like them and lose interest about what are you doing and be an ordinary person. We have a talent to discover, but you have to work individual to reache it, no one is going to do it for you.

Third and last reason doing something that every body is afraid to do it , is a way to show that you are diferent, no matter what people said. In the beginning they are going to tell you a lot things ,so you can stop it, but when you reached they are going to be astonishing.

In conclusion; the best way to live, is trying to make you something else, so people can distinguish you from others, where you can improve your self, and try to be different than others. You will enjoy your life and have a better future,so people should try to be an individual person to have a better future and be succesfully in life. ",348,12,Male,Not economically disadvantaged,Hispanic/Latino,train,4,3,3.5,4,3,3.5,4,3,3.5,4,3,3.5,3,3,3,4,3,3.5,4,3,3.5
34E4FB64EEBA,Individuality,"Don't you think that we should be what we are no matter who is around?

Is important that we give or have our own opinion. For me, my opinion is always important because is what it makes me unique, and what I think is that I know that some people is afraid to be what they are. Because they are afraid to the reaction of people that they love, for example the most important person in my life is my mom and she is the center of my life, like my dad... But you know something? I'm nervous about the reaction of them, if I act like I want, If I dress the way I like it, I'm afraid that my family or my friends judge me.

I think that the author ""Ralph Waldo Emerson"", is right. I'm agree with the Idea that he have about the world.

People around us is just looking for something to talk about and if for example, I do something wrong, the friends of my mom will talk about me and in a worst case, my mom will do the same. The world influence a lot in ourself in many ways for example:

You will see people following what other person say if he move to one side he or she will do the same.

When we are little people influence, tellling you to do the same that the other kid is doing. In some schools they don't let you to use imagination, like, you have to do what is there and in my opinion the kids should be free to write or draw what they want. I think that it will help to develop our ideas and be succesful.

Mom always is telling you to be like him or she. That she wish this and that and we are tryinng to do those things and be like they want, that we forget about us and we try to be someone else.

We have many expectations about what we can be, how many things can we accomplish, we make many questions to ourself and we try to be someone that is not us, just to make happy the rest of the people, when we should be looking for our own happiness, life is short, life is now and we have to be what it makes us happy, life doesn't make sense if we live in a place or have people around us that is just stealing our happiness. The world is big and is true that influences, even in our decisions. We have the choice to be what we want. Is our decision, is our opinion, is important to be what we are and not what they want.

There is some people that is not agree with this idea. They think that the world is not trying to make you someone else, that there is not any influence and be what the other people tell you to be, that the opinion don't affect and it shouldn't have any problem to act or be what they want. But, I think that people around us can influence in our decisions, because we don't want that people we love get upset about us. We are always worried about the opinions of the rest and that is a big example of how the world influence about us and in our personality.

We all have have something that it makes us unique and special of be. Everybody have different opinions, and there are some people that want others to follow what they said and is not the way it works. The world have many of good things and bad things but what will happen if we just follow what they said, people that is guiding is thinking that it will have the same or better results, but no, we have different results to the differents situations and that's why is important to be what we are and do what we like, because in that way, we know how to act to the situation and if will be a good thing for us to follow, is very important that we show ourself and get courage to confront many difficult situations. ",667,12,Female,Not economically disadvantaged,Hispanic/Latino,train,3,4,3.5,3,4,3.5,3,3,3,4,4,4,4,4,4,3,3,3,3,3,3
3F645E7A81DB,Individuality,"""To be yourself in a world that is constantly trying to make you something else a gretest accomplishment""

I agree with Emerson's statement it's important be yourself always and think about your future, depends own decisions what do you wanna be also we can to achieve our goals. In the world we have so many opportunities, everyone can do it, all can try no matter how many times you make a mistake, no matter what the people say about you. Just believe in yourself and be happy.

even if you dont feel sure about something like one day when i was working i was not sure about what i was supposted say like i was scared cause was my firts day at work and that what the costumer gonna say.

Sometimes i dont want talk cause its little bit hard speak another languaje but when they say you will be fine or they say positive things about me, that's means that always you find people that they support you and they give to encourage and different ways. Many times it's important take off the negative mind and be positive.

at school see kids that also have the same and also i remember when i start my firts days of the school was like that but if you be yourself and try to make you goals you can do more than you think. its better to focus in your own future than in someone else's bunisses, last saturday my friend's team won the final and i was so proud about the,

its important believe and try to support other people because they can make great accomplishment also.

finally, the best way to try got greatest accomplishment is be yourself and believe in yourself.    ",270,12,Female,Not economically disadvantaged,Hispanic/Latino,train,3,3,3,4,3,3.5,3,3,3,3,3,3,3,3,3,3,3,3,2,3,2.5
410D72D3CCE8,Individuality,"Great people had discovered great things for us and if it was it because of them, our community wouldn't be the same. It has been said that to be yourself in a world that constantly try to make you someone else is the greatest thing yourself can do and accomplish. Personal thoughts and opinions agree with this statement and proof to be real with articles and autobiography of examples from successful people.

First one of the reasons of being yourself is better than being controlled is to think in about someone who has already accomplish something. An example can be: Nicolas Tesla, Martin Lutherking, Neil Armstrong, and Albert Einstein. They all have done a something that changed everything, not only their life but everyone's life. Being controlled by the government to go to school and do what they want will not help in life goals; to be successful the community have to achieve their goals to make a change.

Furthermore being yourself will help in self confidence and will help in life accomplishments. For example, big man with an opportunity to work with a company much superior than his, has to go to a conference to talk about bussines, his self confidence isn't really well supported and he ruined the conference because of it. All successful people have something in common and its having self confidence. It will help you in real world challenges, and being what a person is everyday is the best thing to do.

In the other hand, the community keep its way having trouble to live and following the government's ""help"". Only people with great disciplinary actions can success with this help and its why people keep following what they say to do. In Virginia there are a lot of public schools, they all teach the same thing and have the same exams. This is the same school 10 years ago and people have goals that cannot be accomplished because of school limitations.

In conclusion, Reading at all the people who has accomplished something for them and for us the key to be successful is that community have to change its way to accomplish goals and to not only depend on schools that will not teach us how to life after school is finish. Depending on government is not the way to be successful. Self confindese will make successful people as well as goals.",382,12,Male,Not economically disadvantaged,Hispanic/Latino,train,3,3,3,3,4,3.5,3,3,3,4,3,3.5,3,4,3.5,4,3,3.5,3,3,3
443AA4F38C8B,Individuality,"I agree with Emerson's statement about individuality because, i think if you want to do something be yourself in the boren world then you have to change the style of living, make yourself change the way you want it to be, everyone have a different thinking and opinions about their life.

However, sometime is really hard to achief that goal, some other people can't do what they want because is take alot of time and fail, when people are doing the something the same over over again, but maybe when they are change to defferent, i feel everyone go work so early on the morning make people over time feeling really tired and bord, some people work at 3 or 4 make them tired but they can't change anything because they have no choose about their life, but people can change to a different thing so they can be more better person.

People change what they do alot but also they scare if they going to fail it, alot they don't really take a other step with something new so whatever they do, people need to change the way they think about thing around them so they can make decision about they like or don't like. Everyone got a good choose or a good decision about their life but the importand is to define the choose that they make and desigh more about they decision so they can become more better, in world have a lot of famous people that make a lot of defferences about their life, a lot of story before they are become famous person, they all normal people just like everyone else but they just be themself so they become a different person when they planed their own way to go or to do on their life.

The world not choose you but you have to choose the world.",304,12,Male,Not economically disadvantaged,Asian/Pacific Islander,train,3,3,3,3,4,3.5,3,3,3,3,3,3,3,3,3,2,3,2.5,3,3,3
45E9622CF8F7,Individuality,"Author Ralph Waldo Emerson wrote, "" To be yourself in a world that is constantly trying to make you something else is the greatest accomplishment.'' Even though some people disagree, I agree with Emerson's statement. The world that we live in has always been cruel and it will always be.

Growing up in life you will see a lot of people trying to bring you down, do the wrong things and take the wrong path, it is your job to make the right decisions. For example, friends will invite you to do wrong things such as doing drugs, something you are not suppose to do, it will only get you addicted, poor, homeless or all of these combined. They will ask you if you want to try it and they will tell you that it is just for fun and that you will like it, don't listen.

You will see people trying to make you do other bad things,even worse then doing drugs, such as stealing from other people,

beating somebody up or even killing someone. Be yourself and don't listen to those type of people. Stealing, beating or killing is illegal acts and it will only get you in jail or even maybe killed.

Another reason why I

agree with Emerson's statement is because y ou should stay away from people that doesn't care about their acts,life or future. Don't try doing crazy things just to fit in because someone told you to do it, be yourself, be happy, and people will like you the way you are, they will accept you the way you are, even with all your problems.

Forget about what the world wants you to be and focus on yourself so you can be whatever you want to be. Life is too short for people to tell you how to live your life, you only get to live once, it should be your right to live right. And this is why I believe being yourself in a world that is constantly trying to make you something else is the greatest accomplishment.                            ",305,12,Male,Not economically disadvantaged,White,train,3,4,3.5,3,4,3.5,3,3,3,4,4,4,3,4,3.5,3,4,3.5,3,4,3.5
4608287E9B30,Individuality,"Do you like to be yourself? Many people around the world love to be original. To be yourself is the greatest accomplishment in the world because you can earn your own credits, you can make your own way and you can have your goals clearly.

In school I am always making my own effort to earn my own credits and never be a cheater because I feel satisfied with the result of my own work.

Make your own way have a big advantage because you decide where you want to go or when you will move forward although it is hard because have a lot of obstacle this is one of the risk you may have to take to be yourself.

Have your goals clearly is an advantage because you know what you want and need to be an exceptional person in the society and that every one would see that you are different person and never give up at your goals.

To be your self is to try your best in whatever you want. To be our self sometimes carried us, but t be our selves it is a beautiful and unique feeling. In the feature everyone will want to be their selves because it bring us security, exceptional personality and love of our own. every one is invited to feel this beautiful feeling",209,12,Male,Economically disadvantaged,Hispanic/Latino,train,3,3,3,3,3,3,4,3,3.5,3,3,3,4,3,3.5,3,3,3,3,4,3.5
462832DCD932,Individuality,"Author Ralph Waldo Emerson wrote, ""To be yourself in a world that is constantly trying to make you something else is the greatest accomplishment"". In this day ling life to be yourself individuality in this world. distinguish, normal, healthy, sane condition, and selves. Is the greats accomplishment by Author Ralph Waldo Emerson.

I agree with this, In this time we has a human being trying to be an unique person. A music artists, drawing artists, or a teacher etc.. as an example; A teacher can trying to do something especial with his students. That can be something that nobody did it before. That make an unique teacher and that can end really bad or good either this, people going to judge he/she, however; the world constantly trying to make you different. And that change is gonna be to make you a unique person. When Author wrote ""To make you something else"".

Negative persons consisting trying to change you, make you something else or judge. For my opinion that simple thing can be strong. Why? is the way that you looking, as an example; they gonna judge, but you gonna be strong and not worry about that, because you are a human being in this life nobody is ""perfect"". We can be unique in this life, we also can guide by people are already death. In the past, a member of your family, a artists, or a person that did a great job or something unique. that can also help us to get some ideas, as an example; the men who created ""Facebook"", this person is unique. because he created something inclusive that beans created before Is a positive change of the ""life system"". What I trying to say it is. In the cycle of life, we as a human being; born, growing up, reproducing, and dead end. In the cycle an example; when we are in the stage of growing up, they let us know to understand that we have to made a decision. For example: ""What you want to be in this life when you old?"". this trying to understand that we have to make a decision to contribute to this ""life system"". To make it better world as an example; teenager trying to decide a career for college, to contribute something good for this world, however; that decision of the teenager can be, wherever he or she want. People can judge or be bad with you, but the end of the day. It no important anymore. This is only one life to live wherever you do with this life, is your decision. But we have to smart.",412,12,Male,Economically disadvantaged,Hispanic/Latino,train,2,2,2,2,2,2,2,2,2,2,2,2,2,3,2.5,2,2,2,2,3,2.5
4758405809B3,Individuality,"Is it hard to be yourself on a world that is trying to make you something else?, think about it?, we live on this world, trying to be like everyone else, instead of just being yourself and live happy. In this paper i will argue of how the world is trying to change us day by day, how we get influence by it and end up changing, and how every year that goes by our generation gets worst and worst.

The world is everyday is trying to find a way to make us change, we as humans have stop, and think, what we want for our future? why would i want to be like everyone else? Do i want to be a wealthy person in this society? Do i want to accomplish all my goals?, those are the types of question that we should ask our self, and think deeply, were will we end up on the future following the steps of the rest of the world?, because in this world, if you want successful, you have to be yourself, the world is not going to do it for you.

We get very influence by world, on activities, the way we talk, the way that we dress, the clothes that we use, our religion, and a lot of stuff that if we dont like, or we dont do, we are not cool for the world. A good example is the clothes that we use, if we dont us the clothes and shoes that are trending or popular right now we are not cool for the society, and maybe the reason why we dont use it because, you dont have money, or you dont have time or access to buy or simply you just dont like it, and for the world that means your not cool or cute, because, you dont us a certain clothes, and is shouldnt be like that, because, some people get bully by that and some even get to a depression because they cant afford any of that and is very sad to know that this world is like this.

Sadly, by every year that goes by, our generation get worst and worst, and the reason of that is the world. The world has influence us, in such a bad way that is sad, all the new drugs that are killing people, the war between countries, the new artist that are coming out that just sing about drugs, killing people and sex is of a very bad influence for our generation and sadly if we dont start being our own selves, and start the right stuff, eventually we are going to end up really bad.

some people say that this world is bad, and just gives us bad influence, but they are not right, because is not neccesarly the world, it could be us, letting ourselves get involved or influence in bad stuff,and then say that is the world fault, when is really your fault, for getting involved on bad stuff overall, in the future, i hope that this world changes, because we still have time to do it and is not impossible, i just hope that this generation that is coming up, have the courage to change the world and make it a good friendly world.",536,12,Male,Economically disadvantaged,Hispanic/Latino,train,3,3,3,3,3,3,3,3,3,4,3,3.5,3,3,3,3,3,3,3,3,3
4800E073664A,Individuality,"I do agree with what Ralph Emerson wrote. Being myself in a world that is being nonstop trying to make you something else that is not you, is a very good accomplishment you've overcome. There is always challenges in life where you would have to be yourself. If you can't be yourself then you should ask for advice from your family on how you can be yourself. If you aren't yourself and you've become different from yourself and its not always good. It's like letting the world win by changing you. You should always be yourself no matter what you come across, listen to you and your family, and don't lose to the world by not being yourself.

In life no matter what you come across, you should always be yourself. Don't let anyone force you to be someone else because you might not even like who you've become. People who aren't themselves usually are going through some serious stuff or just want attention. Being yourself is really hard when there are hard challenges you have come across that tries to make you different from yourself. Being yourself is the best accomplishment you can earn when in a world that is trying to make you something else.

You should always listen to yourself and your family. Getting advice from your family is the best because they've been alive longer than you and have more knowledge in how they've became there self and not anything else. Listening to yourself is good because you're doing what you want to do, what your mind is telling you. If you become something else and your mind was telling you not to, then you should re-evaluate your thoughts and be yourself. Family are related to you, they have similar mindset as you, and they should understand you more than anyone else in this world.

At the end of the day, you know who you are; if you aren't yourself its like letting the world win by changing you and losing because you aren't yourself. You're showing us you aren't capable of the world, you can't handle the world because you're not thinking about your decisions and letting the world change you. You know what you can do and can't do. If you know you can change then go for it and change. Changing can be hard but you should take it slow, think about what you want to change. It's a great feeling knowing you've changed because you know you have achieved your goal.

Ralph Emerson won against the world trying to change him because he realized people change and aren't themselves anymore and spoke out. Don't let anything try to change you, you do you. Listen to people that are close to you and you trust. Aim for your goals and take your time, don't be anyone else. Therefor win, not lose and be you.         ",451,12,Male,Economically disadvantaged,Hispanic/Latino,train,5,4,4.5,3,4,3.5,4,4,4,4,4,4,4,5,4.5,4,5,4.5,5,4,4.5
4B957C430005,Individuality,"'To be yourself in a world that is constantly trying to make you something else is the greatest accomplishment.'' I agree that it is the best thing to accomplishment because it makes that person become independent, helps you succeed and gain confidence, and gives you strength to help others out.

In addition, being yourself helps you succeed through so much, it helps you become independent to take care of your own actions. Being independent is the best thing why?. Well because it's better to accomplish your goals on your own instead of depending on another person you aren't going to have that person always by your side. People come and go not really just any person sticks by your side like that. This is why doing things yourself, achieving your goal is the best thing, you can show people that you don't need any ones help because you got yourself and that's all you need.

Also, being yourself motivates you to do better, you start to gain confidence and nothing is better than believing in yourself. Just how it's easy to gain weight it is also easy to gain confidence by telling yourself ''I can do this!.''

By having motivation you can do possibly anything, you can jump off a plane if you have the guts to. You start doing better in school or your job perhaps, you start getting good grades or start coming to work on time. Motivation is key in order to succeed in life you must have confidence.

In other words, once you start to gain confidence you need to have enough strength to help another person out perhaps they are depressed or it's just not their best time right now. Motivate them to never give up no matter how much stress you have it shouldn't give you a reason to just stop trying. We have to go through the rough times first in order to have a better life. If someone or yourself is having a really harsh time don't be pressed over it the past is the past and many things happen for a reason. I have gone through a rough time myself for 6 months now but it never gave me a reason to give up I am a strong independent woman and I won't ever stop trying to stop having confidence.

In conclusion, just how Author Waldo Emerson said '' To be yourself in a world that is constantly trying to make you something else is the greatest accomplishment.'' He is correct but, also making you into something else could also mean in a negative but we always need to have a positive mindset. We must be independent and have confidence so we can succeed and so we can help others succeed as well to become somebody in life. Never give up just be positive and everything will come your way remember confidence and motivation is key.",463,12,Female,Economically disadvantaged,Hispanic/Latino,train,3,3,3,4,3,3.5,2,4,3.5,4,3,3.5,3,3,3,4,4,4,3,4,3.5
4E22E3143561,Individuality,"Agree, living in a world where you sometimes has to be someone else to fit in the society or with friends it doesn't makes us feel confident it is not the best feeling, because we are pretending to be someone else not who we are. And when we do that, the only one who will get hurt is us, if we are and behave exactly as we are may be there won't be too much people around us but that is not the most important accomplish, the most important accomplish is when we learn how to love our self and be who we are no matter if there won't be a lot of people surround us, if someone will loves me it has to love me for who I am not for who I pretended to be.

Everyone in this world deserve to be love for who they are, no one needs to be someone else to be love or accepted , we have to stop trying to be someone else just to fit with a group of people because if you're not like them, then that's means that you don't belong to that place. Been who we are is what makes us special, there are no specifics forms that forces you how to be, pretending it won't make you happy. Just will make you feel that you don't deserve to be love, it will make feel desolate, it will make you feel that you are not funny as the rest of your friends. But when we learn how to be our self in this world where it constantly triying to make us feel or be someone else it is the greatest accomplishment, because when we know how love our self for who we are and how we look then we will be capable to love someone else for who they are not for who they pretend to be.

Feeling like you don't deserve to be in this world is not the best feeling sometimes all you wanted to do is just go to a place where nobody knows you, where you want to start over again and do what you really love, be who you are and if someone gets to knows you it will accept you the way you are but something that we can't see is that we don't actually needs to go to the other side of the world to start over because we can try to start with our self, we have to start loving us the way we are. Why do you think that sometimes we feel desolate too? Do you think that is because we are been honest we our self? It is important to ask our self that question because it makes us think about our self for a minute and forget about the rest of the people about what they would think of me, most of the time we forgot about our owns feeling about how we gonna feel at the end if we do or behave the way that the society is asking us to do. And when we forget about our self that is the time when we feel desolate, and what can fill that what we think is missing? Is learn how to be our selves. If you're not funny as they want you to be or they might say that you have to be like the rest, that's not right because you will make yourself to a side and you will start been someone who's not you, someone you don't love but you have to be that way so you can be accepted and when that happen you are losing the greatest thing you have inside of you to give... Been who we are maybe it won't makes us see the perfect person in the world but it will make you happy to know that you have accomplish the greatest goal! Which is to be yourself in a world that always wants you to be someone else. Now that I had learn how to love myself I'm able to see that everyone deserve a change to be themselves, to show what they have, learn how to be you it also help you to see the beauty in the rest of the people that is surround you it also makes you free to stop thinking that they need certain things to be love or accept.                                                                                                                                                                                                                                                                                                                                                                                                                                                                                                                                                                      ",984,12,Female,Economically disadvantaged,Hispanic/Latino,train,3,3,3,3,3,3,3,3,3,4,3,3.5,4,3,3.5,3,3,3,3,4,3.5
5630E056A0DB,Individuality,"The world has many rules that needs to be follow, and if someone tries to escape that rules a lot of things can happen whethere it's a good thing or bad. Some people believe that to be yourself in a world that is constantly trying to make you something else is not the greatest accomplishment because not following what the world wants can make a big impact on a persons life; however, to be yourself in a world that is constantly trying to make you something is the greatest accomplishment because Being able to be someone who the person is not suppose to be can bring success into a persons life, not letting people influence a person characteristics is a big accomplishment, having to be someone who a person wants to become can show the person full capability

Being able to be someone who the person is not suppose to be can bring success into a persons life. Being different can isolate someone from the society and this can change a persons life choice. A person who think and act different can have another way of facing problems in life which makes them different from other people.

Not letting people influence a person characteristics is a big accomplishment. Being who the persons wanna be can give someone originality. The person can act freely and become who it wants to be also they do not have to worry about peer pressure.

Having to be someone who a person wants to become can show the person full capability. The person do not have to worry about what others think of whats it can do. Acting as what the persons not suppose to be can give a big advantage in creativity.

Some people believe that being someone that you're not can is not the greatest accomplishment because this can make a big impact in someones life; however, showing who you really are is one of the biggest accomplisment in a persons life becase acting different can lead to success, being different means the persons have full control over their actions, having to be someone who a person wants to become can show the person full capability. To be someone that a persons dont want to become is complete fine because this shows that no body is limiting the person from being who they really are.",386,12,Male,Not economically disadvantaged,Asian/Pacific Islander,train,3,4,3.5,3,4,3.5,3,4,3.5,3,4,3.5,3,3,3,3,4,3.5,4,3,3.5
56579FB8A60B,Individuality,"When you have a goal, No matter how long it takes, and you complete, it will be the greatest accomplishment.

To be yourself in this world that is changing over and over, you have to have a strong mind, a lot of people will not be agree with what you have to do in your life, But people over think everything people say, if you want to go more higher than where you are; you will have to make some decisions in your life to make those greatest accomplishment that you want to finish and get to the top.

I agree with this statement, because the time passes in your life is going with it, the more you do the more you get and that is what people don't get, if you want to make accomplishments in your life you have to worked out man, For example Lebron James how do you think he went where he is now, Making steps in his life, goals, family help, you have all of it it is right there you just have to get it.

""To be yourself in a world that is constantly trying to make you something else""... honestly I will not take it like is changing you, because you are the one changing your life, yes you will be seeing stuffs you will make some errors but that is how you are going to reach what you want in life. you are going easy you will get it easy and you will get it shipper too, if you work hard at the first time, at the end it will come easy and you will be thanks full.

A great accomplishment?, That can be anything, every one is a world, what I mean by that is that every mind have the power to do what it have to be done, either a teacher, family, friends, they are just telling you where is the door, your friends are not going to opened for you, not your parents or teachers, you are the one who will opened if you want to do it and get out, and get that goal or accomplishment that you have to complete.

I can be a example for this, I used to hate school a lot, i went tot his time that i didn't wanna even go there, but there was this English 10 teacher that just speaking with me one day just one day, yes I was having F at that moment, after all that thinking a lot about what she said I passed her class at the end with a B, not knowing that I was going to be able to do it, but I did it just doing what i have to do, like I said people can just tell you where is the door you have to go get it.

""to be yourself in a world that is constantly trying to make you something else is the greatest accomplishment"", yes it is; put your self together get all the help you need if they are good person they will help you, staying quit you will not get it, asking for help will not make you smaller it will make you stronger, and that is what we need be strong and get that goal or accomplishment done thanks.",530,12,Male,Not economically disadvantaged,Hispanic/Latino,train,2,2,2,2,2,2,3,2,2.5,3,2,2.5,2,2,2,2,2,2,2,2,2
57A750437C3A,Individuality,"Ralph Waldo Emerson who wrote, ""To be yourself in a world that is constantly trying to make you something else is the greastest accomplishment"" I agree because if you do everything by yourself better things happens. Like how he saids be yourself can make you better by trying new things, so many reasons to be your own.

First of all, to be yourself can make you great life or more better can open new opportunities, by saying this a refer to get ideology with a great future. A example, making yourself with rules or putting time for something you want to do can be awesome way to start, someone told me if you fight for dreams and you really want to do it, you will get it by doing yourself. Then you can be proud of yourself by doing something the you never imaginate to do it.

Second of all, when you get staff done by your own can be a great example for so many kids in this world. Believe or not be an example for someone is the most accomplisment beacuase they want to do or be like you. Also by trying everyday something new can make you better. How this quote says "" Hard work beat talents when talents doesn't work hard"". Something useful is everyone learn new things by mistakes. Make mistakes is not a big problem, making a mistake means the you are trying to do it better and be better by learning how do it.

Third of all, the last but not least frienships have a lot with this, one question very important in here is How can I be sure the my friends are real?. Yes, probably that can be a problem that's why be yourself is the greastest accomplishment because friends can take you down with drugs, alcohol and bads things. That's doesn't mean the you can not have friends. That means you have to choose really well your friends because hypocristy exist maybe they want you down without future and great life. Hypocristy is the most danger thing in the world by hypocristy you can make people think about how they want to be or what they want to do.

In conclusion, doing yourself can make you better and open opportunites the you never imaginate. Try to do something the you love or like that's a good way to start to be yourself. Choosing what's good for you or what not and remember always fight for your dreams. ",403,12,Female,Economically disadvantaged,Hispanic/Latino,train,3,3,3,4,4,4,3,3,3,4,4,4,3,3,3,3,3,3,3,3,3
5E3EA4C47C9A,Individuality,"The author Ralph Waldo Emeson wrote, ''to be yourself in a world that constantly trying to make you something else is the greatest accomplishment .''

I agree with Emerson statement about individuality because I've actually seen people end up in big problems tryng to pretend for the world. . In the world we live in we can't even hide from the act because its in out tv's and advertisement . If I'm being honest there is no benefit from this whole act of changing for the world in order for them to like you .

My favorite rap artist is Tekashie Sixnine who has recently been on the charts and hot 100 in America for his songs .

The main reason he got all those views and streams was because he was puttting up a front and prenting to being someone else in his lyrics . This artist has even been also been skating on thin ice for awhile . He has also created and posted on the internet videos of him doing crimes which lead to his arrest in november 20 2018.Tekashie is now serving jail time for trying to prove to the world that he was a big time gangster.

My other reason for me to agree with Emerson statement about indivuality was because our lives has changed now that the advertisemnt is telling you change and look a certain way . For example I use instagram every single day and fifthy percent of the time the ads are about weight pills and cool clothes which have gang related logos on it now people buy these clothes and are'nt even part of gang related activity because the market is influence you to buy it . People can easly fall for the trap thats why you should always be yourself no matter what .

Now to my last reason as a human being I've made mistakes and I've learned you always have to be yourself from those mistakes. When you are trying to act a type of way the life choices you will be making and friends you hang around will matter . You can be acting for your friends and end up in jail due to to the way yo were acting to make your friends happy. I think its much better to be yourself and too see that as a accomplishement because we are all now in a tech phase were web presents is a big deal and people go at any risk too achieve that goal . I for one can say that it is hard to not act like anyone becuase I came from Canada to america and I didnt change and it benefiting me because I making better choices .

These are the reason why I agree with the statement author Ralpgh Waldo Emerson made about individuality .I also think that everone thats trying to achieve something good and do something with their lives should aways keep in mind to be there selfs no matter what . ",453,12,Male,Economically disadvantaged,Asian/Pacific Islander,train,4,3,3.5,4,4,4,4,4,4,3,3,3,4,3,3.5,4,3,3.5,3,3,3
605C1B4CE788,Individuality,"Today I'm going to share my thoughts about Author Ralph Waldo Emerzon wrote to be yourself in a world that is constantly trying to make you something else is the greatest acomplishment.

I would say yes is the greatest acomplishment because if you trying to be someone in the world but you don't have no body to be with you is wanna be more difficult but if you try your best you can make it but if you have like people with you that is trying to help you is wanna be more easy, so I think to be your self in world that is constantly tying to make you something else it's one of the greatest acomplishment.

I would say is true because to be yourself around people that is negative is wanna be difficult. So to be yourself in a world that is constantly trying to make you soemthing else is the greatest acomplishment.

for example

If you just been yourself and you making all that you want, a lot of people they not wanna like that so they wanna try to make you fall, so if you been in a world that is constantly trying to make you else is always wanna be the greastest acomplishment.

if you are in a world that people like you only for been yourself it is good becasue you just been yourself you can make anything happen and if you have a world that is constantly trying to make something else is the best acomplishment because everything is wanna be more easy for you sometimes you have to choose decision and i think just been yourself you always can taje the right ones",263,12,Male,Not economically disadvantaged,Hispanic/Latino,train,3,2,2.5,3,2,2.5,3,2,2.5,3,3,3,3,2,2.5,3,2,2.5,2,2,2
60ED0B48B8F2,Individuality,"If you alone in the world you can make nothing if you trying to make somehting you can't because somebdoy support to you, you can't associate with the technology and you can dessarollate nothing maybe just you can survive and after then you dead, I think i'm agree with Emerson's Wrote,because when you can make all you want individuality i think you can be better because you dont need help to other person or something,so all your responsabilities is with you,when you need to help to the other person somethimes everithing to be fine and somethimes no,because somethimes your plans about you want to do or about you thinking is not really well like about you imaginate to do,the imagination is other thinks,you can imaginate all you want but in reality all your imagination is not the same because you can imaginated much thinks but in the real life you can't make all your imagination about you want is like imposible doing all your imagination perfect,so my conclusion is we can live alone in the world but you need support to the people too because the same time all the world desarollate,and the same time we destroy the world cause we make much contamination,deforetation, we create much machines ruin the world,change climated. I think the author waldo Emerson wrote he reference about like what you doing alone in one world if you care the world o destroy de world if u can alone or need support the people.",226,12,Male,Economically disadvantaged,Hispanic/Latino,train,2,2,2,1,2,1.5,2,2,2,2,2,2,2,2,2,2,2,2,2,2,2
623B7BD7613C,Individuality,"If you have heard of the author Ralph Waldo Emerson, then maybe you would have remembered that he once wrote, ""To be yourself in a world that is constantly trying to make you something else is the greatest accomplishment"" and if you don't agree with his statement on individuality; here is why you should. You should have the freedom to make choices for yourself and have independence of action and thought.

Although pleasing loved ones and being like everyone else in a collective identity can set a moral behavior or have good personal characteristics by which an individual is recognizable as a member of a group; like a sense of belonging. It also feels good when collective aspects of the communities's characteristics; like values or common interests by which something is distinctly recognizable or known and is indivisible to the individual and so you start to feel proud of your community, much like patriotism or nationalism.

But you should have the freedom to instinctively or consistently question your community if it contains fundamental errors in reasoning. For example a principle, belief, idea, or opinion of a collective or person's authority that is considered to be absolute truth is dogma. You should also be sometimes skeptical of the advice of you're friends and family members as well because they could mistakenly give you the wrong opinion about a course of action but you should still listen and have trust in them on everything else.

Inclusion you should be yourself and think for yourself and aggregate the qualities and characteristics that distinguish one from others and have the assertion of one's own will and personality.",259,12,Male,Economically disadvantaged,White,train,4,4,4,4,4,4,4,4,4,5,3,4.5,4,4,4,4,3,3.5,4,4,4
638D7F913AAB,Individuality,"Do you think the greatest accomplishment in the world is to be yourself in a world that is trying to change the person you are?, because I do not think people should change themself ever for what god brought us in the world for who we are and not changing ourself for others. So yes, I agree with Emerson statement about individuality, because people in this world are trying to change themselfs for others or just changing themselfs because they dont like themselfs for who they are. There are so many reasons why I agree with this statement especially in today's society that most people in this world are changging themselfs for someone else. I don't agree with the fact that people have the courage to change for others, because in any case they should just be thereselfs and love them for who they are, is the greatest accomplishment and feeling ever.

It is the greatest accomplishment because of the feeling that you loved yourself and secceeded without someone bringing you down and making you change yourself is the best feeling to feel. Otherwise the people who are trying to bring you down are winning and you are giving them the power that they should not have. In today's generation with all the social media we have people that have been rude and comment someting bad to make you feel bad about yourself and then some people change themself just because of a comment that could hurt someone. But if you can secceed people will leave you alone, because they know you will not listen to the rude comments you would recive and there just wasting there time. So then you have the power and accomplished the negetivity that people are trying to change yourself.

Also being yourself does not mean you wont have mistakes because everyone does and that is okay just without you changging yourself and accomplishing thing is the best part of life. It is okay to have mistakes because everyone learns from them and next thing they will do better then the last time they did something bad or had a mistake. People will go through tough times but it does not mean you should automatically change yourself for that. Everyone goes threw a situation that they probebly think they hate themself and wanna change the person they are, but I think that is wrong and they should be thereselfs and understand that everything will be alright at the end without them trying to change themselfs.

In my opinion I do not think that changing yourself will help with anything and I think it would probebly make things worst. LIke for an example if you change yourself nothing is gonna happend just you letting yourself down and changing who you are that should not have been in that situation. Also people would most likely notice and ask why you change yourself and that would bring back memories and make you go back in time and see why you change yourself. But if you dont change yourslef no one would know and wont bring up any badly past back memories. Also mistakes can happend and if you change yourself and go back and see old pictuers of you of how you used to be you might not like for who you are now and you cant go back because you change yourself for someone you did not want to be I mean you could always try but why try after you did it and cant go back.

So just be you and do not change for others who are constantly trying to make you something else who it is'nt you. It is such an amazing feeling and more people in this world would be great if they would'nt change for someone else because they would get the confidence and not worrying about what others has to say about them. People would most likely be so positive if they would be themself and not changing constantly or ever themselfs for people who are ignorent. People who love you would never say to change the person you are because that is just wrong and they know that they would not want to lose you as the person you are. So in all saying that everyone should not change and be themselfs in a world that is constantly trying to change them. ",723,11,Female,Not economically disadvantaged,Hispanic/Latino,train,3,3,3,4,3,3.5,3,4,3.5,4,3,3.5,4,4,4,3,3,3,3,4,3.5
63BAE4B3ADDA,Individuality,"Being yourself in a world that wants you to be something else is a great feeling but it takes time to be happy for a example,your parents want you to be a doctor or a lawyer but you want to be a rapper or dancer but you don't know how to tell them because you think they would would be disappointed.

would you want to make your parents to feel disappointed,ll give another example people who like the same sex, theirs been so many stories an articles of people dying because their expressing them selves a lot of people are scared so they don't tell anyone so they become depressed they use a lot drugs to lose the pain but nothing ever works.

In my opinion i agree with Ralphh Waldo Emerson it's a amazing feeling to be yourself and not follow other people because at the end of the day you need to be doing things that make you happy not for other,your priories come first be who ever you want to be like and who ever you want you live one life.",166,12,Male,Economically disadvantaged,Black/African American,train,3,3,3,3,3,3,3,3,3,3,3,3,3,4,3.5,3,4,3.5,3,3,3
6521895BA018,Individuality,"One time, my friend used all type of drogas for example: cocaine, marihuna, ciggarett,alcohol,etc. But one day he asked me what school am i going? i said Generic_School, can i go with you? he asked me, of course i said. I am tired to use all this drogas, i want to be something else in my life. Since this moment he chenged his life. Now he wanna be a doctor for to help people to become a some else in their life. I am agree with Emerson's statement about individuality because i can demostrate that they said is wrong, to show them what is defference between to make and to talk, and to be concetrate. Those thing i can show the people that i can doing with myself and that make me a greatest accomplishment.

I feel to be myself, it is not depend what people said about me. If i want to change or to be something else in a world, i have to do what my mind say to me, for example if i wanna be a teacher. And they tell me to be a teacher is not important because their payment is trash, they just can earn $1000 each months. But if i like to be teacher do not matter what i earn. They will trying to make me confuse. Maybe they already tried it, but they could not do it , that is why they believe that i could not do it either but not all time is the same, the world change every day so i need to try to show them that what they said it, it was wrong. So it is important do not pay attention people who try to make me confuse.

Also there are two defference between to make and to talk because i can believe in myself but if i just talk and to say i will do this, i will do that and i will not doing nothing. That way i can help the world even i lie myself. But if i did not said none and to show people that i change my life with my attitude. they will come at me and ask me what happend with me? because i am changing. I will tell them that i want to be something else in a world. That will be my greatest accomplishment.

Even if i believe in myself i need to be concentrate because i am human and i am not perfect, i can fail with my decision if i am not concetrate. Because bad people will like to see me on ground they will tell something fun that i missing. For example to study, many people do not like to study because they say that school is boring so that i am doing they believe that is boring. They will try to convence me doing wrong things so i have to demostrate them that i wanna be something else in a world not just have fun.

In conclusion, work individuality is not easy i have

To showto the people that sometime we do not need help from somebody else. Just believe in myself, do not heard what they said about me, to show them what is the defference between to make then to talk and all time to be concentration in what i am doing. Thus i something else is the greatest accomplishment. ""The world needs me"". if ",554,12,Male,Not economically disadvantaged,Hispanic/Latino,train,2,3,2.5,2,3,2.5,2,3,2.5,3,2,2.5,2,2,2,2,2,2,3,2,2.5
6B479AF72202,Individuality,"Author Ralph Waldo Emerson wrote,''to be yourself in a world that is constantly trying to make you something else is the greatest accomplishment''. Although some people disagree about Emerson's statement, actually I agree because society is always trying to make people change their point of view, their culture, their belivers. First never give up, Second always love and be proud of yourself and Third don't forgot your roots.

Here are some reasons why I agree with Emerson's statement. First, the world is trying to make change but you have to never have to give up. Becuase it's important to continue being yourself, not matter if some people are not going to like it, the only one who have to feel comfortable with yourself it's you. Second, always love and be proud of yourself. It's important to be proud of who you are because eventhough you make mistakes sometimes that doesn't have to make change who you are. You just have to learn from your mistakes, I know it is difficult but no one says that would be easy ,but you can do it. Love yourself because every of your features, your character and your personality is what identify you, is make you unique, different from anyone else in the world that wants you to fit on it. Third, don't forgot your roots. If you are from another country you are forced to change yourself, trying to pretend that you are someting else, but you must have to stop it. Because in a world that is constantly trying to make you be something else your biggest accomplisment is to show that you are better than what they expected you to be.

Finally what are you waiting for!. Don't let the world change yourself, remember to never give up always fight for is better for you, love and be proud of yourself always and don't forgot your roots because every part of yourself is what make you unique, special and that is your greastest accomplisment.",320,11,Female,Economically disadvantaged,Hispanic/Latino,train,3,3,3,3,2,2.5,3,3,3,3,3,3,3,3,3,3,3,3,3,3,3
6B8C02811FF6,Individuality,"Yes i agree for that all we have that be our selves for put to go out a head we live in the own world where the people judges our behavior and not sees its errors. because in this world to be bieng you yourself and don't matter how you are, you have that yourself, always we need remmerber that you can change the world, not the world change you.

all of them we have a problem but we need learn, follow our dreams i want graduate this year sometimes i think i can't anymore but i have a son i need to follow because he follow me i want change the world for my son he need make a better person because he need help other people i want that he follow her dreams.

we need change our to think for that change the world we need make major people i need make better people i need help to the people poor, and the ancient people we need change our character because we want a better future for our children they need learn to be bette people they knoe our future.

in the school i learn about no judge the people if we have a different type of skin and different color and nationality don""t matter in this world all the peole are the same.

i don't change my manner of to think because you need to be yourself. don't chage your ideas to be a big person in the world in conclusion don't worry be happy because the life is short you need live the life don't matter that the people think follow your dreams "" i want study in the university i want to pass my tests i want a be a big person that my son see that all can you can make whattever you want if you can and you want you can.

We can change the world for a world better.                                         ",327,12,Female,Economically disadvantaged,Hispanic/Latino,train,2,2,2,1,2,1.5,2,2,2,2,2,2,2,2,2,2,2,2,2,2,2
6BE1E93612AE,Individuality,"For feeling better in our whole life, of curse we have to do someting else, like to do great, wounderful, and something different. when you want to do enything different you have to be perseverant,and also you have to do responble. For exemple, to be yourself in a world you should be constantly and work hard to feel better in everything. You can try someting new like learng art, or to be volunteer, or you can do exercise.

One reason, to be yourself you should to learn something new like about art. I believe, is a good idea to try enything else, to feeling greates. Because when you try to learng enything different you always to be feeling better. For exemple, if you learng about art,

you can peinted beautiful pintures, and buy to many pictures. Also,

you can to became a famous person araound the world, but for accomplishment this goal you have to be perseverant.

another exemple, to be yourself in a world you should to give enything else. like to be volunteer, in to many places a round the world most people need help. For exemple, schools need people to help with the students. sometimes teachers, and studets have a fild treat, and schools need volunteer to help with students.

For to go to the zoo, and learn about animals they can learng about the biger Giant panda, or about elephants. Also sometimes students and teaches, have a fild treat,

to Washintown. to learng about the presidents, as a president Gorge Washintown. Student can learng about Gorge Washintown, who was the firts president at the United States. Asls they can learng about Mrs. Lucker's

King, he was a great person, And he help to many people. You can feel better to help to others people who need you.

In addition, to be yourself in the world you should to be different, and do enything than you like

As exercise. I agree with Author Emerson. You have to trying to do different things,

to have greates accomplishment, you have to be perseverant. Like to go to the gyn, and do exercise everyday. exercise ca be fun, you can do exercise outside like run, dancing, or just walking. If you want to be heathy, and have a loger life you have to be constantly, responsable, and try to do something else, as to eat healthy like to eat vegetables, fruit and druiking more water.

In conclusion, if you want to be yourself around the world you always should to trying to make differents things .Also for have greates succeful in your life, you have to be perseverant in everything you do. For exemple, if want to learng about art, or trying to be volunteer, and do exercise. Just have to be constantly. Do you think we have to be responsable?",443,11,Female,Not economically disadvantaged,Hispanic/Latino,train,3,3,3,4,3,3.5,3,2,2.5,3,3,3,3,2,2.5,2,2,2,2,3,2.5
6BFDA0FE1CB2,Individuality,"Author Ralph Waldo Emerson wrote, ""to be yourself in a wold that is constantly trying to make you something else is the greatest accomplishment."" I strongly agree. Have you ever felt like you have to be someone else you are not? This is something that most people who living in this world are dealing with. Us human being live in a world nowadays that is actually don't want us to be ourselves, no matter how hard we try, we most likely end up not being confident, and having low self esteem. we think that we have to be someone else to please our society, which is not very true. Therefore fighting with this world to be ourselves is one the greatest accomplishment because, people become more confident, they get the chance to be their real selves, and they don't try to please others.

Firstly, people become more confident. No matter how good a person can look, having no confidence fade the beauty away. No confidence make people look weak and they don't believe much in themselves. As an example, some people may have terrible stuttering problems, and sometimes it may make them feel like not wanting communicate with others, or some people would love to have a conversation, but they might think that they are going to get laughed at because it's hard to get their words out. However fighting this obstacle can improve their lives and build them up to have more confident. This is one reason why I agree being yourself in a world that is constantly trying to make you something else is the greatest accomplishment.

Secondly, people get a chance to be their real selves. Some people get lost trying to be someone else that they are not because the society want to change them.

For example, in some countries, especially my country, Haiti, people get bullied for being in the LGBT community. Some parent, family members, or friends might not accept them for who they really are, so they have to hide it and try to be normal like every body else. Sometimes some of them feel like they are getting rejected by the community and they just to want to be alone crying or even want to commit suicide. This is a major reason why I agree being yourself in a world that is constantly trying to make you something else is the greatest accomplishment.

Lastly, people don't try to please others. Some people would do absolutely anything to please their significant others or their friends. As they pleasing them, they end up making that person happy and automatically forget about their own happiness, which is not right. For example, some people might have abusive boyfriends/girlfriends who want them to do everything their way. Deep down inside they don't really want to, but they probably love that person and they have to do it if they want to please them. They end up falling in an awful situation that may even risk their lives. This is a last reason why I agree being yourself in a world that is constantly trying to make you something else is the greatest accomplishment.

As a summary, be yourself in a wold that is constantly trying to make you something else is the greatest accomplishment. you become more confident. you get the chance to be the real you. You do not try to please others. If people keeps being themselves in this world that just want them to be someone else, then they would find themselves where they've lost it and they would also find happiness.                                                                                                           ",626,11,Female,Economically disadvantaged,Two or more races/Other,train,3,4,3.5,4,4,4,4,4,4,3,3,3,3,4,3.5,4,3,3.5,4,3,3.5
6D41FAC8F3CF,Individuality,"The author Ralph Waldo Emerson wrote,"" To be yourself in a world that is constantly trying to make you something else is the greatest accomplishment.

Imagine in a world that is trying to change you in everyway.

I'm disagree because you have right to do what you want to do with your life or who you want to be in your life and nobody have to say what you need to do. Example; all people in this world have rights, bacause alot people trying to change your life, and they want you to do what they said, if you think you are right do not lessent to the people.

To many time the comunity try to change your descision and they do not respect what you said. that's why is alot problem in the poblation. Example; to much politician people want to change customs and religions they can't do anything about it, because that is a decision from there culture.

If you took a decision about to put your own company and your friends say you can not do that, just try to do your best and don't peatention to him. Example; in a company every employer have his own rights like what time they need to be there or what time they get out the work.

The reason why i shoose disagree is because to many people in this world do not respect when you make your own decision, if you can do something do not worry about what people say. The solution to this problem is do what you thing is right; and the comunty need to have a good relationship families,neightborhood, and students.    ",254,12,Male,Economically disadvantaged,Hispanic/Latino,train,2,3,2.5,2,3,2.5,3,3,3,3,3,3,2,2,2,3,2,2.5,2,2,2
6EF7CBB46501,Individuality,"The statement that the author Ralph Waldo Emerson wrote about to do something else just to be someone in the world, it is completely an error. I disagree with this statement, since, I believe that every person think differently. For example, people has their own ideas and ways how to do their own business. Everyone can make a biggest impact in the world, but, by doing what they love. Not what others think that it could be beneficial for you. To be someone in a world you should believe in yourself, make right decisions, and success.

First of all, people could enter in your mind by telling you what could be beneficial for your life or carer. Some of them accept their opinion and do what they do not like, or love. For example, when students are thinking in what career they want to study. Parents influence in their choices by telling about what career would be properly for them. However, those ""properly careers"" it is not in their list of careers they want to study. This action make some teenangers to take that step of let parents choice by themselves.

Otherwise,

they do not help them to mature or even take responsabilities. Everyone should believe in themselves by doing whatever they love, without any interpose in accomplish their dreams. Since, we have the right to build them, it does not matter if we commit an error. Because of our capacities to avoid them or even get over it and keep going.

People has the right to make big choices in life. Making decisions it is hard and important because it could be beneficial, or even worst. However, if you choice with your heart it might be right but by the time you can change your mind. But, you won't regret it about those decisions because as they say, ""You have to learn for every error you commit to be success."" This means that we learn through the past of the time every fall, because you have to stand up and continue your life. It helps us to growing our knowledge to build a better version of ourselves.

Finally, by being confidence to yourself helps you to surpass any obstacle. Beliving in your ideas and trying to make it come true, it tells us that you are persist person chasing for your dreams. Which is quite favorable for person in any career or even job. Because of seeking to be successful at your own way, by do not depend about what others can say. Everyone has a differently perspective than others by doing what you love without any ""obligation"" or to be oppresed.

In conclusion, I am not accorded by this statement, since, we have different points of view. However, I believe that every human being can make their dreams come true without any oppression by others. People should stand by themselves by starting to be confidence in their belief. Also, by being patience on making important decisions, since, everything takes time. And, do not be afraid on doing what you love because it brings you to the way to be success.",534,12,Female,Economically disadvantaged,Hispanic/Latino,train,3,3,3,4,3,3.5,4,3,3.5,3,4,3.5,3,3,3,2,3,2.5,3,4,3.5
6EF996C09864,Individuality,"I agree with the author Ralph Waldo Emerson, because is important to be a yourself in the world for the example, in my case is very cool be writer is constantly trying in the world. In th worl needs people like auhors.

In the world needs very much people where exist much writers, and having books for to read, all needs books about the inspirations like people, for example like be yourself is luris be unique.

I want to be someone else they don't like to much think in yourself just what they want.

In the else of the jobs, if you try to be yourself and the built the company want you will never fine the happen to me a lot of time, when try to apply to a job they want you altogether with different expresion like: Happy, active, team work, and accurate.

I agree too with Ralph Waldo Emerson with this theme ""to be yourself in a world is constanly triying to make you something else is the greastest accomplishment.""

This theme is for to learn much are sentences small but is interesting are word for go ahead, for demontrate a good energy a all person that feeling of be yourself is a theme muy interesting like my person is a segment that transmit securiy, and joy in we soul.

is like for example that persons that feel less than that other person this is a agurmen or texbook like this transmit good vibes a that person.

Exist person that don't like understand because they don't care this theme they want cell phone, video game, and all insignificant over there take a very bad conduct the person having that to read, to learn, to listen, to silence, after to know they have to help and counsel.

The life is a circle when all people have to learn, to living, of good form.                                                 ",311,12,Female,Economically disadvantaged,Hispanic/Latino,train,2,2,2,2,2,2,2,2,2,3,3,3,2,2,2,2,2,2,2,2,2
70D93EF3CE5F,Individuality,"Author Ralph Waldo Emerson wrote ""To be yourself in the world that is constantly trying to make you something else is the greatest accomplishment."" Currently your accomplishments, acts, and attitude speak of you and how great you are, around the world many of the people think do something else is a act of a humble person for example: on your career, your area of work, in the school you do something it's not your responsibility,the people gesture the big heart has and how important it is show to the world you trying make something else to dial the different. I am agrees because when being yourself the people see something special on you and try to be a person you like to learn new things maybe in the first try thats no gonna be perfect but you never give up to be different around a lot of person. three reasons for being yourself is important: first other persons gonna be like you, second you gonna be inspiration for everyone, third your accomplishments can change the mentality of many people around you.

First being yourself is important because other person they gonna be like you, in a situation like you always do the extra mile, is when you help other no matter it's no your job example: in the school you explain to your friend how resolve any equation of math but is not your job in the class, because you are only a student and it is the teacher responsibility of the teacher explain to your friend, and the accomplishment many person they gonna be like you

Second being yourself is important because you gonna be inspiration for everyone, in many area like in your house, neighborhood, school, college, including church. For example: if you neighbor look it you clean you yard or your house or helping others neighbors, like cut the grass and help each other you can be motivation for other person, thats how complete your accomplishment of be inspiration for other person.

Last being yourself is important because your accomplishment can change the mentality of others, than the people see it your progressive on your life doing thing the other people ask them self, how they did it?, you can leave a massage and tell them how you did it , and if you did it they can do it too. For example: in the family always we can see different type of family, one they have job but with lower salary, and one with their own company, if we are the type of person like to help your own family you gonna transmit that like good vibes, hope, etc.

In conclusion, like the author said is constantly we like a humans trying to do extra things to have a great result and accomplishment in the life, and more then 50 percent of the world do that because the majory of the person see the benefits of help to others, and the most important the world see a positive side of this massege that the author said always do something else and our greatest accomplishment can be example for another person around of us because more than example we can be inspiration for many people in the world.",553,12,Female,Economically disadvantaged,Hispanic/Latino,train,3,3,3,3,2,2.5,3,3,3,3,3,3,3,3,3,2,3,2.5,3,3,3
73D5C8D99F72,Individuality,"I agree with Ralph waldo when he said's ""to be your self in a world that trying constantantly trying to make you something else is the greatest accomplishments.""

although being yourself is a very hard thing to do especially when you have nobody buy your side though it all at first it seems easy but once you try so hard to make people proud you would wanna feel like fiting in.

But yet again here we are learning from our own mistakes why try to make our self just what others want us to be, why cant we just be us for just simply pleasing ourselves I wish we woulden't care what people think about us but do , but we have to face reality sadly weather we like it or not theres no alternatives.

Because whats the point?, just to be something we are not, for example one we would be lying to ourselves and second either way no matter how much we try its never enough for anyone because at the end of the day how we choose to be either our self or not nobody will ever be pleased with our decisions not the other way around.

Sometimes our influences may proswade us and to a sertin point we try so hard not to fit in but the people that we hang around the most we reflect upon them even if we see it or dont at the end of they day they try but the real question is do they succeed? yes but only temporary nothing lasts forever everything has its timing when it should or wont come to our lives.

I mostdefinlty agree to being yourself is a huge accomplishment, but we might not understand at the moment, how or why but we will soon rather then later at first its complicated even difficult although its just tempawarly things that accur in that priest moment it can also be for our great or good but we should've been proud of what diden't thad happen.

So i believe sticking with yourself is always the best policy dont worry what people say about you, you know where you stand dont let anyone tell you so plus being yourself will mark the difference in you people cant always tell what you are they dont define you thats for you to decide not them,So dont be embarrassed of yourself show yourself off believe in yourself because your limit is and only you.

Thank you for your time hope to hear from you very soon.

Sincerely

Generic_Name     ",393,12,Female,Economically disadvantaged,Hispanic/Latino,train,2,3,2.5,2,2,2,2,2,2,2,3,2.5,3,3,3,3,2,2.5,2,3,2.5
74FF4379012C,Individuality,"BEING YOURSELF.

Being yourself is by far the most fulfilling accomplishment any individual would have ever made. Not only does it take a lot of confidence, devotion, and self acceptance, but also the ability to learn, understand and love yourself both internally and externally.

people tend to have different role models for various reasons, for example my younger sister always wanted to be like the famous singer Beyonce because she had a beautiful voice. They might have some things in common which draws them closer to the idea of being just like them. Little do they know that them turning out exactly just like their role models is almost impossible because they lack their unique personality traits and acquire their own completely different set of traits which makes them who they are.

The sooner people realize that each individual is unique in one way or another the better. Being yourself does not mean breaking the rules because you like it but doing the right thing in your own unique way. Not only does that stand out but also makes you feel good about yourself. A perfect example would be comedian Liza Koshy from YouTube who made a whole career out of being unapologetically herself while she did comedy!.Using her as inspiration would be healthier than aspiring to be just like her.

With that I conclude that being yourself is not necessarily a walk in the park but putting effort into it would make a bigger difference than following the crowd. Ideas lead to actions and by visualizing yourself doing things correctly but in your own way is killing two birds with one stone! Author Waldo Emerson was right about being yourself in a world that is constantly trying to make you something else being the greatest accomplishment.           ",311,12,Female,Not economically disadvantaged,Black/African American,train,5,4,4.5,5,3,4,5,4,4.5,5,4,4.5,5,4,4.5,4,4,4,4,4,4
75DAA54880C1,Individuality,"The author Ralph Emerson wrote, '' To be yourself in a world that is constlantly trying to make you something else is the greatest accomplishment.'' I totally agree with Emerson's statement because be something else is not the most greatest accomplishment that you can do, the most important accomplishment that you can do in this big worl is always be yourself, be humble about everything, be kind with others, and never change the person that you really are.

First, bring humble is one of the most important thing that we always need to have no matter what. Being humble can take you to the top, to be successful in the life. For example, Marisela de Montecristo, is a salvadorian beauty queen, who wob the title of Miss Universe last year and Nuestra Belleza Latina in 2013. Marisela grow up very poor, but when she was 10 years old, she emigrated with her mom to this country looking for a better life, however, when she came here she went to the school, she learned English, and she did graduated in social communication. In 2013 she decided to compete in a reality show that is called '' Nuestra Belleza Latina '' and she won, and with all the money that she won, she decided to founded an own restaurant for her mom in Las Vegas, Nevada. Six years latter, she decided to compite for Miss Universe El Salvador 2018, where she resulted the winner. That year she went to Thailand to compite for the title of Miss Universe. Now she is a famous person and she have her own foundation that helps people in countries around the world like Africa, El Salvador, Mexico, Philipines. Also she is modeling in differents countries like Paris, Spain, and Great Britain, but above all this things that shes is doing, she always still humble. In one interview with Telemundo, she said that being humble is the key of being successful in the live, and I totally agree with her.

Second, be kind with others is something that defined you as a good person, because people love when someone is really interesting in help others. For example, I think that we should be kind with others, help others, because we never know when we going to need help of these people, in addition, being kind is other accomplishment that you can do in this life, and is something that you can feel proud of be.

Third, never change who you really are for something passenger or for something that can not give you happiness, because be yourself is the most important thing that you can do in this big world. For example, my mom told me that being myself is the only thing that can make the difference of me between everyone, she also told me that being gay is not a hindrance to triumphing in my life, because with effort, dedication, and persistence I can do many things in my life, without necessity of change the person who I am.

To finish, be yourself is the only and the best thing you can do in your life. There is not other way to be happy and to demostrated to the world that you don't have to be something else to be successful and to make greatest accomplishment in your life, because the key always is going to be be yourself and be proud the person who you are.",592,12,Male,Not economically disadvantaged,Hispanic/Latino,train,3,3,3,3,4,3.5,3,4,3.5,3,3,3,2,3,2.5,2,3,2.5,3,3,3
78B89BF70AE8,Individuality,"I am agree with Emerson's statement about individuality because in this world you have to be yourself and if doesn't mater how you are, you have to be yourself even if the world is against, because the world doesn't change you. You change the world, and you have to be sure what you want and what you do not want, you have to be yourself, you can be different, the different it is not bad, because sometimes ""Be like others is do not be no one"".

For those reasons is why you have to be yourself, you have to follow your dreams and you have to fight for them, don't let the people throw you, and if you felt, you have to get up and keep fighting for your dreams. Remenber if you felt 99 times, you have to get up 100 times, and never let that people and the world convert you in something that you don't want it, in something that you don't love it, in something that you don't wish or something that you don't enjoy.

Also in my life some people tried to change myself, but I always try the way to carry on and keep fighting for my drams, and one of my dreams was traveled to this country, and some people told me that I can not do it, even some people told me that I will die on the long way from El Salvador to United States.

That was a long and a hard way, a diifficult trajectory, but I did my objective. It was not easy, because sometimes I had to sleep in the desert or in some mountains, so the polices can not found me.

Also sometimes I had to move the one place to another placer and some pelaple and me did it acrros the cars, but we had to hide on the trunk of the cars, and I remenber we was like 12 persons on a trunk car. It was not easy but I did it.

I remenber some days that I had to walk for hours to be in some place close the border, and also some days that i didn't eat nothing because I didn't have food, and in some ocassions I feel that I can't no more, but on my mind I had a objective and a dream. My objective and my dream were stay in this country and to provide help to my family.

But in my mind I am keeping have some objectives and dreams, and one of my objectives is makes to my parents proud of me and one of another objective for me is be a example to my brothers, I wanna give it to them the best of the world.

My brothers and my parents are the reason why I work hard everyday, and I try to do the best on school, I try to be a really good students but sometimes it is hard for me, because the languages are different, so I try everyday to learn English, so everything can be easier and that can help me a lot.

You always have to be yourself because a more than a person goes to like you, so just be you and don't let the world change you. Keep dreaming and get foccus on your objectives.

Don't be afraid in a world that is constantly trying to ,ake you something else, just be you and don't worry be happy, enjoy the little big things that the world give it to you like friends and family, enjoy with people that you love, and always be thankful with everyhing, if doesn't matter if it is good or bad, everything happen for a reason.",582,12,Male,Economically disadvantaged,Hispanic/Latino,train,3,2,2.5,3,3,3,2,2,2,3,3,3,3,2,2.5,3,2,2.5,2,3,2.5
7C5E4E2779BF,Individuality,"I'm agree with Emerson's restatement, in my point of view or personality I can say that I want to be a different person with another qualities, create other ways to think how big or how much I can do to show to the world my authentic and proper knowledge, when I have to make a decision I don't have to think too much about it, I believe in what I'm doing. When you think to be a real person and someone different to the rest, you need to have a plan that consist step by step and develop that plan in the course of your life to make goals to short time and large period of time, be patient with each little detail that you want to do.

For example:

If yo want to do something that you think that is impossible for any reason, you don't have to leave that idea or goal that you have in mind, remember that all you need is work hard, be simple and don't complain for any problem or reason that tomorrow will have a lot of consequences.

At this time, the people and no one wants to see another person having their own goals or their dreams that they had when they were children. Every single person will try to impress to your attention to turn down your attitude and your positive life, I have too many experiences that I never want to pass that process again, in this world exist all type of people that want to help, to destroy your intention or the ways to see the real things, you're a guide and an example to change the format in this age. When you have a purpose that everyday make changes in your personal life or something like motivation to do anything that that have a great value to demonstrate to you family that they are the base to all of your goals have worth. A big percentage of people want to be rich, and my way to think about it, is that all thing that's material it doesn't have a real value for a great and humble person, the value is something that makes you having a great family, a simple life, because the world need to be protected by several and carefully people that are interesting in show another face to represent a different type of humanity.

Be an individual person is how you you can to do to confront the reality and give another perspective to make a great research in your your period of life to change or keep using that type of life and really cares about what are you doing with an specific and central idea.

I have a positive and big action to say that Emerson is right because nobody wants to be the shadow of any person or leave an opportunity that will make the life of one or more person to decide to experiment a new way to see the society and doing the correct process to be an excellent human with integrity and feeling of better life.

My conclusion for this restatement is that I want to be myself with great intentions to form an integrity in this society and have the best recognition to prove that it's possible to make and develop a proper identity with a new perspective to imagine and be the next person in the world that makes you a connection with your interior and have peace to concentrate in own goals that will converting on a genuine person to be autonomous of your acts, be someone responsible, charismatic and all of these characteristics define your personality it doesn't matter where yo come from or where you at, just be an example that if I can do this, you can do it better than me and better as you want. ",619,12,Male,Economically disadvantaged,Hispanic/Latino,train,2,2,2,3,2,2.5,3,2,2.5,3,2,2.5,2,2,2,2,2,2,2,2,2
7DDFB0CA2BF8,Individuality,"Author Ralph Emerson wrote, ""To be yourself in a world that that is constantly trying to make you something else is the greatest accomplishment."" He is totally wrong because to be yourself in a world and make the greatest accomplishment in your life, the wold do not have to take control over you liberty, you should take control over the world to accomplish whats you are going to be. Author Ralph Waldo Emerson did not think before writing these letter because to be yourself in a world, you should have to make your own decisions, do something that you would like to do, and being your self not letting the world to take control over your life.

First thing,

be yourself and never give the right to the world. To make that happen you should have to make your own decisions, because if you let the world to choose for you in the future you may get lost and tire about your life, because you let the world to take control over your life, and for not choosing your own decision. Being your self and not letting the world to try to make something else, is something that will bring goods in your future, because is something that you choose and you know why did you took it and why did you choose it. However, the peoples that let the wold to choose for them they will get tire about life.

The second thing for accomplishment; and not letting the world to control you,is being your self and do what you like to do, never letting the world to do whatever it wants to do with you. If you want to do the greatest accomplishment in your life you should take something that you that you like to do. because when you do something that you like to do you will never going to get tire about doing it, when you like to do something and you wanted to be the greatest accomplishment, you are not going to feel that job like a job because is something that you like to do. But to make that happen and accomplish that dream. never led the world to do what ever it wants with you.

Being your self and not letting the world to take control over your life, the best choice that you can do, because being yourself and choose your own decision will help you to know what to do,what's good , what's bad, what career to choose, and what goal to accomplish because the only person who know all about you is you. So you should not let the world to ruin their life, and take their own decisions and tell the world that you can do it in your own. Lots of people let the world to choose for them and in future they ruin their life and they don't know whats to do for not choosing the correct choice and because they let the world to choose for them.

In conclusion, never led the world to change your life . because if you led the world to choose for you you will never going to get satisfy. Always be your self because if you led the world to choose for you will have a bad and sad feature for for not choosing the right decision. Always do a things what you like to do, like sports or a profession that you would like to be, if you choose things that you like you never going to feel it like a job. sometime you let the world to choose for you, but in the future you will get bored because you did not choose what you like. If you want to make real the greatest accomplishment, never led the world to change you. ",616,12,Male,Economically disadvantaged,American Indian/Alaskan Native,train,3,3,3,3,2,2.5,3,3,3,3,3,3,2,3,2.5,3,3,3,2,4,3
7EED34A43536,Individuality,"Inside of each people always has the right and the wrong sides. That make they think if they should being themselves or not. If a person being themselves then they just want to do anything they know and do not care another person. However, they live in the modern world and have many things to worries. Although people have their own decision, people should not being themselves are great accomplishment because sometime they need to change and over time people have done the tasks they hate.

First of all, people have their own decision. So, we know that many people are accomplishment by their own decision but only for who are smart or brave challenge themselves. Some of them just live and do anything they like when they success. However, not being themselves should not change the physical world. For example, a man who has a dream that he can travel around the world. He always thinking about it but he can not. Because he know it is a modern world and has many things to do and worries. So, he put his dream on the side and focuses on the job. He hopes it will make his life better and can complete his dream later.

Also, sometime they need to change. Some people they never change their life, and they just live by the rules. Of course, they will feel boring and nonsense. They want to do with something else. For instance, a person who live with his family and he recognizes that he likes to become the doctor in the future because his family want it. Absolutely, he knows what he wants to do. But when he do this job for the long times and he feels that he does not has more interest. Everyday, he is so busy and he does not has times for his family and himself. So, he knows work to lives, not lives to work. After thinking about that, he wants to do the jobs that makes him comfortable and can enjoy the wonderful life.

In addition, over time people have done the tasks they hate. Task is the mission from the boss give them to completing. So, they force to finish it while they do not like. When they go out to work they need to follow all the rules of the life. Also, they can not do anything they like while living with their family before. For example, a trainee person who is young and do not have an experience in the job. Because he just graduation and he wants to become the employer in this company. So, he will manage by the marketing manager and he so happy about that. For the first day, the manager just wants him to do some work likes buy the coffee, copy papers... And he thinks it will better for the next day but the manager just gives him these jobs and no more. So, he hates it but he never give up because it is the rules of life. He recognizes that help him too much to create more skills and learn more experiences.

Thus, people should not being themselves are great accomplishment. So, people should not being themselves because they do not know exactly about themselves. Some people want to become another one to success. When they look at another people they can learn more lessons and experiences in life. Sometimes, they need to change to know the outside of the world have more fun than if they just stay at one place. Another lesson for that is something they hate is not mean they give up or not finish it because it is a part of testing in the life. Just do the best they can and maybe they can accomplishment if not being themselves.",630,12,Female,Not economically disadvantaged,Asian/Pacific Islander,train,3,3,3,4,3,3.5,3,4,3.5,3,3,3,3,4,3.5,2,3,2.5,3,3,3
8397368B57EA,Individuality,"Do you think being in a world that is constantly trying to make you something else is a good thing? I think it can be bad.

When you are trying to accomplish things and make friends, it can get you hated. First off when you open up to people and be honest with them, they aren't going to like it and turn on you and hate you. when they see you succeeding and doing better than they are, they will talk about you because they arent where you are and they will make you try to feel down and unsuccessful.

When trying to do good things in life people will down really low to the point where you give up, and just try to fit in and do bad thing that could lead you down a wrong path, to where you can end up in prison or dead you can end up in the wrong crowd, when you thought they were good people. They will manipulate you at first thinking they are good people and want to see you accomplish being thing in life. Once you get to know them and see who they really are you will see the complete opposite and it could be too late to turn back.

In conclusion whether you try to be your self and accomplish your goal there will always be people who will hate you and bring you down with them. No matter how much you try you will end up falling because of being yourself and choosing the wrong crowd.",248,12,Male,Economically disadvantaged,Hispanic/Latino,train,4,4,4,3,3,3,4,4,4,4,4,4,4,3,3.5,4,4,4,4,3,3.5
83C48C5697AE,Individuality,"Living in a place with frequentely hihgest demand to provide my best, is one the must important achievement. I agree with Emerson statement because with the individuality we can reach all our goals.

It is to important for me to recognize that i have to get my goals with effort. Because this help to provide, work hard, competition, and bocome the best .Individuality is a good factor to trust in my self to be the best because help us to look for option that help our lifes

.Working by my self make me work hard. when a person work by his own company he try to do a great work fixing everything it is the such as work alone, if you work alone yo going to do a perfect job to impresione others labors .For example, when i work without partner, i try to do a great gob to be one on the best workers. When i do my own work i feel excite cause, i could receive an award for be a good producer. everybody want to be award for their job so everrybody wish a reward. But to be award we have to hsave capacity in the jobs Many person due the same thing like me cause doing my the own work provide a big result. So working by my self make an emotion to work hard and to increase the amoung. Consequently to do a individual work make a good results. Doing own projects workers show more production In the factory and result good Therefore this help to get alot resources by workers.

Competiton is a ways to decrease the teamwork. individual competition is a big example of overcome. Examples could be when a person start to work in his job and start to recieve more money because the person is doing a great work ,this make that others poerson get mad so in the factory start the competition cause everyone want to recieve more money and they thick is unfair be reciving the same amoung of money so they start to argued why the manager give more money to the new guy but the thing is that he has a good specialization in the job. concecuently Many time the work competition provide a good production in the factory so, everyone want to get their goals like a good amount of products also,big accomplishment occur with the worker is trying to find a new way to get more product than other. For example, when a worker finished his assignment could receive free time,this make feel angry other workers so , they are going to try to look for others forms to produce more than the winner because, they want to receive the same reward for the production . To do a good competition the work have to be alone to and with big group people. competition is a good way for individuality work to provide a emotional affect. In many companies the owners look for a way that workers produces a lot and they offer money or free time to the person that make more products .as result, being in a factory with many labors working seperated make a big impact where everyone want to procud the most materials. Therefore,challenge could be a a good idea for separated jobs .

Looking for an accomplishment to become the best. Every one in this life want to have something to be recognize in this world althogh,to be a succefull person we have to work hard. Not matters what tell about us such as critique,bullying ,etc. The only thing that is important for us who we are. So the best thing that could can happens in our life is be a place where frecuently we are demand to do different things. Although with many problem we have to be patience and support all bad things. Because,if we wish to be different than the rest of persons and realize our goals. thought must be working by our selves. Because sometimes nobody is with us to provide help. fighting by my self i could be a big man in the socierity. Currently in the world we have many competition one example can be soccer,almost the majority look in the tv .Soccer is a game where a team have 24 for player. They have to compite who is the leader in the team. So like in the real life the leader is the person that work hard,help the other players .Otherwise, could be a leader in a company, to be the leader of a company ,the leader had to compite with other person that wanted to become a big leader ..Therefore to be a person succesfull have to take individual decision .

Being in a world where have to take decision and concern about goals is the best thing that we can have to show our capacity. Doing my own job make me put effort and dedication. Work in gruop is affect by bet. Being a different person than others. The person that different quality could be someone that can help. Because, this kind of person make the differences in the world trying to win in a place where the competition and the demand are in high level ,so they try to have imfluences in the in their jobs. The individuaity help alot in the world to be a succesful place. For example in the govermen there are many people with a big level to compite with other this, that means it i s has a great achievement in the government,so i agree with Emerson statement cause the competition provide good benifit for us and too the progress of the government,factory,countries,therefore being a part with competiton meke us to improve our best",1313,12,Male,Economically disadvantaged,Hispanic/Latino,train,3,3,3,3,3,3,3,3,3,3,3,3,3,2,2.5,2,2,2,3,2,2.5
85C71A1E0117,Individuality,"Yes, i am agree with Emerson`s statement about show your own individuality.

I believe that each person has 2 face`s 1 is used in the work or in the school,and the other face is showing on specific moments in your life as stress or your soccer team is losing 5-2.

one example of that is: when you are so angry an involuntary you use bad word, and after that you feel very well with yourself. Although what you make,but some part of you is broken for what you did;That simple think make you more human as anyone in this world, because is innecesary try to be perfect when you are not ready to be perfect in this accomplishment and wonderfull world. Being more specific about my statement lets talking about; a tennager he has 17 years their birthday is in january 12 when he come to united state he had 14 years then in 3 years on school.

He make friends but those were more adult`s for them but that neve was something important to him that really change now, nevertheless every friend that he make left the school, the acctitude of him change now;he make sure to pass 2 SOL in the 11 grade but also something in their hearth was gone. He is trying to make new friend`s but no matter hom much he want their head is thinkig just as a adult; i think that this teeanager can make new friend`s why it is simple he has other face but his feelings are from a children.",225,12,Male,Economically disadvantaged,Hispanic/Latino,train,2,2,2,2,3,2.5,2,2,2,3,3,3,2,2,2,2,3,2.5,2,3,2.5
88ECDCC89475,Individuality,"Individuality

I am agree to be independent in a world is constantly trying to make you something else is the greatest accomplishment, because you can feel proud of yourself. Independent means that you have the control of the you doing, also signify not looking to others for one's opinions or for guidance in conduct. I think that when you decide make the things for yourself is because you are ready to confront the different situations that the life give you.

The individuality is one that pursues a markedly independent course in thought or action. That means that your actions have influence in you, all that you doing have a purpose.

For example, when you want something but is spend, you work hard for it, and can get it. This going to make you happy because just you know how you worked for buy it.

Be yourself in the world is not simple, need to have good thoughts, these are the key for the most big accomplishment. For example, when someone tell you do this, you need to think about it, and decide it is good or not , if is something bad that going to affect you. Some people no want that you win or protrude in the life, or not believe that you can do. But you need have the capacity to show them, that you can and not need help for obtain it.

Accomplishment is the quality or ability, the result of something. Make big accomplishment for yourself, teach you that you can do all that you want, but only if you believe and have trust in you. Sometimes we don't something that we want for fear, because think that the result not going to be favorable or how you thoughts. For example, sometimes many opportunities came for your life, and you never accept. But when you take the decisions of do, you see that is possible. Now know that you are able to do anything that you want.

In my conclusion be yourself in the world is good, because your learn about the life, also to do things that you not believe possible. I think that good thoughts can make you successful. Also I think that do all individuality is not easy, but not impossible. The biggest accomplishment only are caused when you do things for yourself. That is why I think that be yourself in a world that is constantly trying to make you something else is the greatest accomplishment.",394,12,Female,Economically disadvantaged,Hispanic/Latino,train,3,3,3,3,4,3.5,3,3,3,4,4,4,3,3,3,3,3,3,4,3,3.5
8A6FEEA6C0D3,Individuality,"I think what Ralph Waldo Emerson wrote is true, because when all the people do their own self and become their own self. the chance for those people to become something else in this world is really high. They accomplishment to do greatest things in the world.

Many people in this world believe that becoming thier own self is better for them, because people would not have to deal with the negative minds that other people have, because by the way all the people have different minds and some people can have possitive minds but there is lot of people that have negative minds. People that decided they wanna become something else in this world with other people it would be really hard for them to become some else this world. The reason why it would be really hard for them is because they would have to deal with possive minds and negative minds. But the people that decided that they wanna because accomplish in be better in this world. Those people are the one's that decided to become their own, because they wont have to deal with no neggative minds they would just do what their head tells them to do without hearing negative minds and they just keep gone keep doing what they think would be the best for them.

People that decided that they wanna become their own, is for a reason they decided to do that becauuse they wanna become better people in the world, they wanna give their families a better life style, but the main thing is. They wanna be an example for their kids, they wanna show their kids that no matter what if they keep their head up and keep and possitive minds. They would be able to accomplish anything in life, but they would show their kids that become their own thins, it is not just become their own things, all that have work and dicipline, but the main thing is always keep their minds possitve. people that become their own after they make a family they would start showing thei kids to become their own since a young age. they would show their kids the work and decipline it takes to become their own self. When lot of people dont think the same way but each people have their minds set.

I think at this point in life and in the whole world. The people that should start thiking about if they wanna become their own is. All the people that is about to graduated High School. the people that is at the age of 17 and 18 years should be ones that start thinking about that. because all those people about to get until the real world and they gone see what real is, in the real world. people never know the obstacles that life can put on you as soon as you get in the real world. Life would might put you hella obstacles just for you to realize and see what you doing, so those kids that are about to graduated high school they need to do their best so they can go throught all the obstacles that life would put on them in the journey for them to make it all the way to the up to their dreams.

All this it comes to the people that they wanna become their self. They would have to keep mind possive and think it would not be easy at all, but doing hard work and always looking forward they would be able to do it. Everyone is this world can accomplish the greater things in this world and be better. All those people need is motivation and have their mind possitive to make it all the way up to their dreams. All hard work have pay off at the end, people would realize that all the hard work they did was something better life and when they look back at all the hard work they did. They would of their own self, they would be like all this n all the obstacles i had to go throught was for some better in my life and for a huge chance in me now i can said all the work i been done, it is finally acomplished.",710,12,Male,Not economically disadvantaged,Hispanic/Latino,train,3,3,3,4,3,3.5,3,3,3,4,3,3.5,4,4,4,3,4,3.5,3,3,3
8AF043C98622,Individuality,"During years had been existed a question among be yourself and be like the people wants you to be; in this time I'm agree with the author when he say,"" to be yourself is the greatest accomplishment in this world that is trying constantly to make you someone else,"" because there is a lot of people that shows indifference with you, only because of the way you think , or for simples things like how you wear, the music you like, or how you like to live.

Be yourself is one of the best things that exists in this world, because you don't have to act different in front of the other people just to be accepted, one of the advantages to be yourself is, if you are loved by someone for how you are, you don't be afraid to hurt that person because of your bad actions.

Otherwise, we also can get benefits for being how the world wants you to be, for example in your job, you are getting pay for all your effort working hard although you want to do it or not.

Nevertheless, in this world we alway are controlled by someone no matter what. Beliefs, the law, or parents; and it's necessary to be controlled because they are teaching us how we have to be in a good way.

Although there are obstacles that are trying to not let you to be yourself, always is better no matter what is in front of you, it feels confortable without conceal of nobody, that's why I think to be yourself is the greatest accomplishment.                                                                                                                                                                                                                                                                                          ",402,12,Male,Economically disadvantaged,Hispanic/Latino,train,3,3,3,3,3,3,3,2,2.5,3,2,2.5,2,2,2,3,3,3,3,3,3
8D160B0BC04B,Individuality,"I agree with Author Emerson because people can do what they think makes them happy, they will support what they believe in without fearing anything, and they will speak up for themselves. Emerson's quote is saying that we live in a world with many influences trying to change who you are , so to retain your individuality or who you are is a great magnanimous feature. Most people end up striving to change themselves to fit standards to portrayed by media or to try to impress someone, however I think that people who choose not to change, and to be themselves are the accomplished ones. Other people will be inspired to become like you if you exceed to be yourself and not care what others think of you , and you should do what makes you comfortable. By you going against what everyone thinks is normal , you are showing that you are happy about who you are and you will stand out , out of all the other people trying to be someone they are not. I know some people might disagree with me,but thats ok everyone has their own opinion.",184,12,Male,Economically disadvantaged,Hispanic/Latino,train,4,3,3.5,4,3,3.5,4,3,3.5,4,3,3.5,4,4,4,5,4,4.5,4,3,3.5
8DA2034EC1C8,Individuality,"I will agree with this topic I thing that can you be yourself is something can you be on our person and you most constantly our personality so you can be greafull with something you do in your life to be nice person in the future you have to respect to be good person.

First, I thing that be yourself is something can you do in person because if you don't do that so you cannot be good person in your life. However, you most have nice personality and good respect to someone be yourself and if someone don't have affect so that person is not have good personality.

Another reason. We can do the people don't do like have good and respect to someone you have to be most confidential in yourself because you most be great person to another people in the community that mean you can have make sure people is good with that to be yourself.

Next. People can do anything to constantly to another people so that's why we need to have most confidential to make sure we need to be kind because that we need yourself to be cleanly and most respectfull and generous be to good person in the future.

Finally. Be yourself is something that's why people in the community don't respect because if yourself have to be accomplishment that's mean the you have something error. So, we need to have most confidential and generous in yourself because you have be sure the yourself nobody to compare to someone else so because you are not good person.

In conclusion. This is my reason why you have be yourself because you most have constantly our personality so you can be greafull with something you do in your life to be nice person in the future you have to respect to be good person.",314,12,Male,Economically disadvantaged,Hispanic/Latino,train,2,2,2,3,3,3,2,2,2,2,3,2.5,2,2,2,2,2,2,2,3,2.5
8DCC1AC9A8EA,Individuality,"World is change every second. Each year grow tree. But people cut trees faster.

Some people says to be succesful in our life person need be yourself. But, why?

Be yourself is the best way to be succesful.

But most of people don't know, how be succesful? They think that to have money they will be succesful. For example, peoples try be IT programers, because someone say that they earn more money. But most people don't know, what it is and in this area most people are new. Their don't want work and their work are looks not good. After a couple time, they left this job and they trying somthing else. Only couple of them stay on this area. Another example is students. This year some students will be grated, and they don't come back to school again. Nobody don't ask ""Does student want go to school?"". And this is one of the reason, why students don't want go to school. But, those years that he was in school, he will be remind.

Most people don't know, what will be after four years. Students go to college which say their parents.

Most of us to survive in this life doing that he or she don't want. Most imigrants come to rich countries because they have money. They learn their native language just to have more money.

One person say ""Make your job what you want to do and you wouldn't work, never"". We don't think how we can be succesful? And it's make wrong desision. People think that be painter or artist is bad, because they don't have much more money. This mind is wrong. Artists are be not bad because they live by yourself.

To find yourself is hard because it take time and other people influens to other people. But when person find yourself his or her life will be happy.

Ralph Waldo Emerson wrote, ""To be yourself in world is constantly trying to make you something else is the greatest accomplishment""

I agree, because yourself it's make life better.",312,12,Male,Not economically disadvantaged,White,train,3,3,3,4,3,3.5,3,3,3,3,3,3,3,2,2.5,3,2,2.5,3,3,3
8E2EB0B4B92C,Individuality,"The author Ralph waldo Emerson once wrote "" To be in a world that is constantly trying to make you something else is the greatest accomplishment."" Many people may agree with that, but there are also others who may disagree with his saying. I think would agree with Ralph Waldo Emerson, one because you don't have to worry what others think of you. Two, you feel relieved not pretending to be someone or somethings you aren't. Last but not least three, people can see the real you.

Ralph Waldo Emerson once wrote "" To be in a world that is constantly trying to make you something else is the greatest accomplishment."" I agree with Ralph Waldo Emerson because one, you don't have to worry what others think of you. Being yourself will most likely help you boost your confidence. If you worry about what other people think you will probably be stressing trying to become something you aren't. Think about what Ralph Waldo Emerson one wrote "" To be in a world that is constantly trying to make you something else is the greatest accomplishment.""

"" To be in a world that is constantly trying to make you something else is the greatest accomplishment."" This a quote that Ralph Waldo Emerson once wrote. People may agree or disagree everyone has there own opinion. I however agree with his quote because, if your being yourself you'll feel relieved not pretending to be something or someone you aren't. Sometimes pretending to be someone or something you aren't can stress you out because you feel pressured. You feel like you need everyone to like you but will you feel good about yourself pretending.

Ralph Waldo Emerson, the author who wrote "" To be in a world that is constantly trying to make you something else is the greatest accomplishment."" Why do most people agree with his quote, there could be many reasons. My reason to agree with Ralph's quote is because people can see the real you when being yourself. Not being yourself around your family, friends, and other people could make you feel less confident about yourself or your actions. Pretending can make you feel guilty, it could make you feel like you're lying to someone about yourself, so think about it.

The author Ralph waldo Emerson once wrote "" To be in a world that is constantly trying to make you something else is the greatest accomplishment."" As I said many people agree and many disagree we are all entitled to our own opinions. If you ask me I completely agree with his quote because, one you don't have to worry what others think of you, two you feel relieved not pretending to be someone or somethings you aren't, and three people can see the real you. Become yourself or do what make you feel comfortable. Think to yourself, before choosing whats best for you.",480,12,Female,Economically disadvantaged,Hispanic/Latino,train,2,3,2.5,2,2,2,3,3,3,3,3,3,3,3,3,3,3,3,3,2,2.5
930CF711E6B6,Individuality,"I agree with Mr Ralph waldo that To be Yourself in a world full of fake people is a great accomplish,No matter what you do for other people they will always treat you like a piece of garbage,So What's The point of Pretending to be someone that's not me.

I Prefer to be Myself and be happy Then, Pretend to be someone else just to make people like me,

people will like me for the way i am and not for who I'm Pretending to be so that I dont have to waste my time hanging out with fake friends.

I know people that are a shame of where they came from and they started forgetting their culture and start adopting a new one. every time someone ask them about their past they just look a way and try not to answer because they dont one the rest of the people to know how they use to live and now that they have everything they wanted they act like they were never there.

theres people that pretend to have lots of cars,money and houses just to look superior than others that just messed up i dont see the point of making others feel bad just to make you feel superior thats just stupid why do you pretend to be someone that you are not even close to?

thats messed up i seen this happen a lot of times in my life and it makes me feel sad.

That is all have to said i hope that one Day this society will change their point of view and accept all the mistakes they had done.",242,12,Male,Economically disadvantaged,Hispanic/Latino,train,2,3,2.5,3,2,2.5,2,3,2.5,2,2,2,2,2,2,3,3,3,2,3,2.5
963AD357A595,Individuality,"Be greatest accomplishment, i would like to say yes, to exhibit your hobbies , to be recognized you must have to do your own work be kind. As you must do your work every people can recognize you as the winner that you always do, if you can't do it do it because is the succeed to enter to your next level.

when we wont something we always ask for our success and always go for it, if you want to success be the person that you always want to be. As long as you path you will find many obstacles that will not give you your next step while you do the biggest thing many peoples will look for you and will say as you can do this i can do it as well. I see many peoples that you are one of the reasons are here.

If i do my work i will be one of the peoples that you always wont it, when i resolve my life i think i will be more than help other on what they need and what they want. I don't want to graduate because i fell the school is not for me i wasting my time i want to do what i want to do it for my world and with that be happy that help one nation, try to do something else than i can will be more than help other the way i do my things is the way to too many peoples like, what i need to succeed is my knowledge and be on the position of others, if i could pass my class i will not be trying do my homework.

I can't do what ever i want to pass my life to other it is simple, to be myself i need to create many thing that help on my continue life and the others can join when they ever want. In my life time the thing are as i didn't inspected because i want to be one of the peoples you always want and take a little res on the thing i even do.

On my conclusion i would like to say if i what to do many others thing i need to make many others decisions.",365,12,Male,Not economically disadvantaged,Hispanic/Latino,train,2,2,2,2,2,2,2,2,2,2,2,2,2,2,2,2,2,2,2,2,2
972782BCDEA4,Individuality,"According to Emerson's statement and what he wrote, which is about to be myself in a world would make me something else and it will be the greatest accomplishment. I am totally agree with his statement because there are many thing I can do well. Also, I can show to the world that being myself would make me see that I can do more than I think, I can develop many good idea about life and how to build my future making good choices, which ones will make me feel good about what I am accomplishment.

One reason why I am agree with this statement is because being myself make me feel confident about what I am doing and how I can make it better. For example, I like the way I am and being happy, I like to be a person with positive thoughts. I like to demonstrate people that I can do good and make them feel proud of me of all the thing I can accomplish by my own. It will make me get really good experiences in life which will help me to be an unique person and honest with myself.

Second reason why I am agree with Emerson's statement is because when I be myself I feel comfortable with me, I can demonstrate that being myself I can make good choices to be a better in the world, I can show many things which I would feel proud of. For example, I like to be myself when I have to present any project at school or at my job, I feel good to be myself and that way I explain it, I am confident with what I am presenting. It makes me feel honest to myself and everyone else.

Another reason why I am agree with this statement is because being myself I can develop many good ideas and I can share those ideas with everyone, I can do a good job and accomplish all what I want. For example, when I talk with somebody, I like to speak with the trust and share what I think. I like to do my job being myself because that way I would see how I am doing and what do I have to do better.

In conclusion, being myself is a good way to see what I am good in and how I can get experiences in many different thing, I can learn more about the world and learn more about me. It would make me see the world in a different way which one will help me to do the right things and also it would make be a strong person in this world.",436,12,Male,Economically disadvantaged,Hispanic/Latino,train,3,4,3.5,3,3,3,3,4,3.5,3,4,3.5,2,3,2.5,3,3,3,3,4,3.5
973A3ADFAB72,Individuality,"My grandmother always says ''If you want to accomplish your goals you have to try different ways to get in the top of your objective.'' Back in my country Bolivia the mayority of old people said that you have to be resourceful if you want to get what you want. I am agree with this statement. In my opinion, I believe that people have to try to make something else to accomplish their goals because people don't trust themself, people don't take second chance, doesn't matter the time.

To begin with, most of people do not trust themself. There are people that think that can not do it, but they are wrong because if you propose something to yourself you have to work on it, you have to be a positive person if you want to persevere. You most have to trust in yourself. For example, my older brother never trust in himself, he always says what about if I do this and it no gonna work, he was negative, he always had negative thoughts, he never tries make something else to get on top of his goals or what he wants. But one day my grandma talked to him. My grandma told him that he has to try even though things are hard, if he want to accomplish his goals he had to try to make something else to achieve his goals.

Secondly, there are people that don't take second chance to get on top of their goals. The 60% of people when they have something done, they don't like the result so they don't want to do it again because they did ones so they don't want to do it twice, they think that they gonna get the same result. For instance, in my situation, I used to ignore the secod chance because I thought that if I did one time and it wasn't that great so is gonna be the same the second time, but I was wrong. Hence, it wasn't like that,so what I trying to say is that is essential to try, try, and try, ''My mom always says don't be scared to do it, the thing that are worth it isn't eassy you have to try and give your best.''

In addition, many people said you must have to try something else it doesn't matter the time. There are people that does't care how many time they try something, to get in their goals. The just think that they want to accomplish their dreams. For example, my best friend Generic_Name always says don't worry about the time you have to get what you want, you have to accomplish the things that you porpuse yourself take the advantage of the time.

To sum up, as you can see if you want to accomplish your goals you have to try different things. Just try keep in youjr mind that the ones who work in what they want they to achieve. Manyh people may think why people should try twice, but that's not the point. The point is that you have to keep going and try your best to get your goals. I think people don't believe in themself, don't try twice, and people don't think about the time.",518,12,Female,Economically disadvantaged,Hispanic/Latino,train,4,3,3.5,4,3,3.5,3,3,3,4,3,3.5,4,3,3.5,3,2,2.5,4,3,3.5
97472A5E870A,Individuality,"No, I am disagree with Emerson's statement. Some people think that just because they manepulate you will change. If some elses want to make you different, or change you is because; They are not happy with theirselfs.

I think that if the people that are aroud you wants to chage you is becuase they love how you are and want to be like you ; That best thing that you can do is get away from the people and make new ones that are possive and help you to become a better person, human. The worse thing that you can do is change because of others.

People treated you bad becuase they want to accomplish their goal that is break you into pieces but, if you don't let those commen, actions hurt you everything is going to okay. Last year there were some girls that detely were hurting me my feels. In adition, Every day they would told me dress good you have to be like this act like you are a model; They would also make fun of me too because i was dressing so poorly. i was wearing the same shoes every day same pants. When they saw me they would make the face like they were going to trow up. Therefore, i never let them make my self esteem go down. I was so possitive also my family give me good vibes too, They would told me you know were you wanna get at. You know your goals those are the want you have to pay attention to.

Inconclution, don't let people make you something else. Some people think that you are going to change because they want but, they are wrong because you can be however makes you feel great with yourself. In the future i see that nobody is going to judge you.     ",292,12,Female,Economically disadvantaged,Hispanic/Latino,train,3,2,2.5,2,3,2.5,3,2,2.5,3,3,3,3,2,2.5,3,3,3,3,2,2.5
9A879E8D266F,Individuality,"Dear Reader's

This statement is wrote by Ralp Waldo Emerson, it's trying to help to the peoples who's thinking about his life, if it's better work indibiduality?

called; to be yourself in a world that is constantly trying to make you something else is the greastest accomplishment.

This realization is important for the world and people's who make a good choice.

you nee be complete that work before you get some problems with the organization from whatever country you are and thinking about your future.

The central idea with the Emerson's statement , i'm agree with the statement, I gonna be expresed my personal opinion, it's a good accomplishment because is better one thing you need think is what is your purpouse in the future and better, what you wanna do for the life , you need be prepared for take a good accosmplishment in the future and take a good organization for you realization in company's or whatever you work.

When you work hard you always gonna be a good person for the people's what are around of you , tha's gonna be a good notice for you realization, and for your famil gonna be enpresive of you , by that you need think positive in the life be a champioms work indibidualiy and take a good decision's for yor organization , in that part you need be very careful , be respelful with the other's peoples around you and they gonna be happy with you.

if you work by your self that is help to your realization , by that i'm agree with the statement Emerson's , he was thinking about him self and that helped to him , he take a good decicion by that he wrote the statement ""

To be yourself in a world that is constantly trying to make you something else is the greatest accomplishment""

work indibiduality thta are the sum of qualities that characterize and distinguish an individual from all other's , personality or separate, and is most important and better, because people's in the team sometimes not work hard, they just work for survival in the day in tha's is not good you need work every day for take better future with you, and if you dont work that dont gonna be help with the accomplishment , and you need continue with the work you are doing because that gonna help you in the future with the organization.

The appropiate accomplishment for your self it's when you work hard always you gonna be a big person in the future or to the world, and them you gonna see the results of your work believe you tha's is a big notice from you.

The purpose it's be yourself in a world, your future is in the front, work by yourself that's make happy to the future and to the people's in the world.

The conclusion are in yourself work hard for you better future in the world, take a good desicion's with the peoples, because that is gonna help to you , the purpose in this statement is think in yourself for be a big person in the future and to organized your life , that mean say take a good desicion's dont get bad thinks about your life if yo go donw never stop work hard and them you gonna be happy with your position you are that is better now.

be positive with yourself.",504,12,Male,Economically disadvantaged,Hispanic/Latino,train,2,2,2,3,3,3,2,2,2,2,3,2.5,2,3,2.5,2,2,2,2,2,2
9B4EEAAB752E,Individuality,"Ralph Waldo Emerson believe that ""to be yourself in a world that constantly trying to make you something else you not is the greater accomplishment."" personally i disagree only cause now a days most young adults, child, and teens prefer to be around the same individuals who act, talk and basically does everything the same exact way. Its a little creepy in all honesty but its the world we live in where people just wanna fit in and act normal to seek comfort and approval from someone else even when they dont need. another reason i do not agree is cause this generation prefers technology over human contact so its easy to see why they dont go their own path but instead they prefer to just follow the crowd and not follow what they want its mind blowing how we gotta take an sol too just to see if you smart when all you can do is just sit in a class and listen to a student and see how smart they are without a dummy boy test but im just a young student whos following the crowd just to get a diploma even tho at this point a diploma will barley take you far but it looks good on resume so thats why i am doing this exact test to follow the crowd of dead students just trying to graduate for a family that dont even care if im dead or alive as long as i got a diploma ",247,12,Male,Economically disadvantaged,Hispanic/Latino,train,3,3,3,3,4,3.5,3,3,3,3,3,3,4,4,4,3,3,3,3,3,3
9E21506EADC7,Individuality,"I agree that to being yourself in the a world is the greatest accomplishment. for example after working hard you will a chive your goal ,success in your life and you will be the greatest person. you will be the role model for your kids, because you follow your dream and you did everything by yourself. and you will expire a lot of people. of what you did in your life. But there is some people who will be against you because they get jealous of your success they do not want you to get more success. They will always try to put you down, they will fine dagger ways to show you and take your success from you and they will teach you bad things. But you got stack on your plan never give up there will be a lot of things to break you down but you got follow your dream make good life for yourself and for your parents make them poured. make all world poured so some people can also follow their dream so they can also get Success in their life so they can be something in their life. some people do not want to grow and they do not want you to grow, so you got stack on your plan, and see what your heart want n follow it.",212,11,Male,Not economically disadvantaged,Hispanic/Latino,train,2,2,2,2,2,2,2,2,2,3,2,2.5,3,3,3,3,3,3,2,2,2
9F9C42BD3B7A,Individuality,"We live in a world where each and everyone of us, will always need someone or others to rely on. In this world not everyone is born complete. However being yourself is always good, but you can also change yourself if you feel the need to. But if someone else were to change you then that would be very bad, because they could be either delusional or emotionally negative of certain things in life. When your being yourself on my opinion it means you shouldnt have others change the way you are but its up to how you feel about yourself.

I strongly disagree Emerson's statement on how individuality is a good thing, and i have various reasons or examples on this statement. I have many important people like my mom,dad,sister, and very close friends who are also like family to me. Having other people is vital because you get through life more easily, and able to change yourself as you live on. But if you got rid of all of that then you would probably live a lonely life in deep and total solitude. Having other people isnt trivial, you have to have faith in one another to get through life.

There was this one time where i was about twelve to fourteen years old, i would always struggle with my grades in the beginning of the school year, and have a strong sense of unease everyday i go to school because i always felt like wouldnt be able to provoke my self to do better in school and get better at socializing. I was only caring for myself most of the time, and when i get back home i would feel depressed and repugnant. But that all changed later when i realized i needed to have others to help me. As time went on i was able to change myself by others around me. The world isnt changing you you are changing yourself by just living a life with others around you, and you wouldnt notice that you changed either, but that is a good thing because now you know that if your able to change then anyone should be able to.

The last thing that is bad when you dont have anyone else with you, is that it can be really boring and not fun at all. When your all alone in your life, you wont have anyone to socialize with you, and keep you company. But when you have a lot of friends and get to know other people, you can have an experience with them and its what makes life really entertaining. When your with your friends you get to have lots of fun, like play games together, socialize, travel together, and get to have more and more experiences with each other and maybe learn more lessons in life. Theres a lot of people who think that we live in a society where no one cares about you and doesnt want to help you at all. but thats not true because it isnt there fault, because when you have others with you, it can have an effect positively and negatively. And people who are negative all the time can provoke others to be a bad person, which is why they end up all lonely because they fear of others or hate others because they think no one cares about them. But thats not true because all it takes is to change yourself, by having others in your life, or asking for help.

In conclusion individuality can be pretty awful and lead others to a path that is bad. Having others in your life is necessary because we can lift each other up, no one is worthless. Leaving someone on there own can be pretty sad, helping them is what makes you a better person and gives you a better and easy life. But as i said dont let anyone change who you are, being yourself is good but being alone simultaneously can be a bad thing. You are the protagonist of your own life, your life is your own.",666,11,Male,Not economically disadvantaged,Hispanic/Latino,train,5,4,4.5,4,4,4,4,4,4,5,4,4.5,5,4,4.5,5,4,4.5,5,4,4.5
A0D47C0DD67F,Individuality,"Individuality is the idea of freedom of thoughs, but why we are concerned what other people think? Let's be honest everybody had copied at least one time in a test or quiz just because it was more eassy to coppy than being trying to remember the anwer that obviously you did not know. We own our thoughs, thus, we should do ours ideas not somebody else's ideas

In the book called ""Maria Magdalena"" based in the movie ""The Davinci code"" states the ideas of one individual who thalk about the true behind the story about Maria Magdalena ( Jesus' mother). To catholic people Jesus's mother is saintly. Their sanctuary, the church. To the author of the book ""Maria Magdalena"" she is just a lie's layer. On those old times there were many poor people who were opressing by the church, they sufer in the church's hands. The church killed to protect the true behind Maria Magdalena. On those times existed the crusades in spanish the ""cruzadas"" in which the church fought the protestants to convert them in their cristianity if they negated to accept it they killed them. The victims decide to follow their own beliefs and the consequence was the death. This is a good example of individuality similar to our way to live in the present. The politics want us to do what they want to their advantages opressing our rights just like the church did with the protestants during the crusades. The author of ""Maria Magdalena was very brave to wrote about those things. He was very successful because nobody used to talk about this, now they do. In this book he shared us a little part of what was to be different from the others and take their own decitions. Based on this I state that we can share our ideas of individuality and do not let our corrups politics to opress people's rights.

In the present we have a huge amount of successful guys because of individuality. The influential ideas of the past are not in our day to day anymore. Parents now teach their offspring to take their own decitions knowing the consequences of this. Now we, the tenageers, are more prepared to develop our ideas and beliefs. Constantly, my mom develop the ideas of individuality in our family. One year ago I decided to start to work, and I am very proud of my decittion.

I remember my first day of kinder garden, All the kids playing and runnig around the field. To be honest, I prefer being painting rather than be runnig for no reason. My art's teacher gave us draws made by her.""Ready to paint"" she used to say, but I was so rebel that I made my own draws just because I though her draws were so bored. I was a little girl taking individuality decitions and I did not know it

In my conclusion I am agree with individuality, If we want to spread the individuality, then we should start saying what we think, because the bravery of the unexpected ones, will persuade the shyness ones. Individuality can be hard but not impossible. We live in a world with influencers that try to persuade us to be like them. Do not choose the easy way. I prefer the hard way, so then I would be proud of my achievement just like Ralph waldo Emerson said: ""To be yourself in a world that is constantly trying to make you something else is the greatest accomplisment""",561,12,Female,Economically disadvantaged,Hispanic/Latino,train,3,3,3,3,3,3,3,3,3,3,3,3,2,2,2,2,2,2,2,2,2
A0E95D8119F7,Individuality,"I would agree with Emerson's in this world be yourself which is most important things . If we have confidence your own because we face with different kind of stutionan that we have to fight and difficult staff in life never give back keep working hard encourage find way that take of your stutional.

For example: If we start something new that took long time to resive that result we have to be patient for that greatest thing never get quickly every beginning took time for that accomplishment we are face diffcualte time like might field are might be win for first chance never lost our hope keep working hard.

don't depended to other people never improve in life because depended to other. In the world indefinite multitude or great quantity or distance make a difference a way. For all the world in every way ex acuity copies which look for all the world like the original. You should trying to become succeed in life to get of the way from problem find solution how to succeed in you're life.

First, trying as mach could doing make more successful this new world sometimes is life easy but, sometimes is not because life complicate and busy. If continue this way your life totally change working hard more successful and, more achievements. Should be put the goals what should I, do to accomplishment my goals for that you should keep trying to never stop your trying because noting impassable without trying. When start something for that need trying to resive achieve your pride. Those people are trying are working hard now the a have more power.

Then, greatest thing you have to skill which is more important that part of life also. Without skills never get achievement because everything bast on standing everyone the have special skills that make encourage and make them successful in the life. For example one person good in the reading some are the writing, some cooking, some are management, and some are making with hand ext... Those are part of skill everyone they had for that resance this greatest achievement this very important. Those people the don't a have those are more make terrible never couldn't solve the own problem the need the come to help them this is showing weakness a person. Some people thing the don't have skill this impossible but, never are used own skills the thing couldn't do it the always thinking negative they lost.

After, beyond every good thing the have achievement. When get our aschivemnt that made feeling proud your self encourage you doing good things that challenge of life the person make more successful.

I do agree with Emerson statement the encourage you working hard trying your life you would be get greatest achievement.",417,12,Female,Economically disadvantaged,Asian/Pacific Islander,train,3,2,2.5,3,2,2.5,4,2,2.5,3,2,2.5,3,2,2.5,3,2,2.5,3,2,2.5
A2C232F3D92C,Individuality,"Are you happy with your self? Ralph Waldo Emerson wrote, ""To be yourself in a world that is constantly trying to make you something else is the greatest accomplishment."" Do you agree or disagree with this statement? I agree with this statement, being yourself and not letting people change you is a great accomplishment. One should never allow someone to change you.

To be yourself is the best way to the greatest accomplishment because people try to persuade you or talk to you about doing something else that doesn't impressed you. You have to actually think about what you actually want to do to accomplish in life. You don't have to listen to what other people say and tell you. Most of the time people gives wrong advice to others. You have to believe in yourself, that you can accomplish greater thing just doing what you admire.

Go with what you think its a good decision for you, either being by yourself or need someone to tell you what to do. Most of time people doubt others. Having a strong feeling that being by yourself is a good decision for you, that a good thing because thats means you have no problems of being by yourself. If you know that you going to succeed in life then that amazing because you believe in yourself . Go with that decision that you think is right and don't allow nobody to make you do something that you don't think is wrong.

However, there are people who think allowing someone to change you can be an accomplishment. Only if it is for the good. For example, if someone is having a hard time being a good citizen and they are always getting into trouble, then yes changing them is a good thing. You can help them out by saying "" what you doing is not a great decision, you should have better choices then getting into trouble."" Another example, is if someone is having a difficult time, you could help them by giving them good advice how to accomplish something.

Being yourself lead to great accomplishment. I agree with this statement. Sometime people try to change you because they thought you couldn't succeed with what you wanted to become or wanted to accomplish. Sometimes being yourself doesn't goes as plan as you thought it going to go. In my decision being yourself and actually knowing what to do is the best decision to the greatest accomplishment.        ",399,11,Female,Economically disadvantaged,Hispanic/Latino,train,3,3,3,3,3,3,4,4,4,3,3,3,3,3,3,3,3,3,3,4,3.5
A3E6A572C6E5,Individuality,"Do you remember a time where whether it was your parents, teacher, or someone very close to you excepts you to be something that you are not? According to me, every parents wants their kids to be perfect, wonderful, and hard working. Every parents wants to see them successes in life, and be happy, but what they don't understand is how much pressure and anxiety they put on their child. I remember a time where i was under so much stress and pressure because my parents wanted me to be this perfect, wonderful, and hard working person just so i could be the best torture.

Do you remember a time where you wanted to do something so bad, but everyone else wanted you to do something that you don't even like and want. I remember a very good friend of mine name Generic_Name, wanted to be an artiste, but every one in her family wanted her to be a doctor. We all know that being a doctor is not an easy job. sure you get high salary but being a doctor is not about getting high salary or wearing the white uniform is about carrying for others and enjoying your time with others . But Generic_Name's family didn't understand that all they care about was her getting in medical school and be a doctor. Generic_Name is very smart, carrying, and wonderful person. because of her family pressure her to be a doctor she let her dream go and now is suffering very much, because she doesn't want to be a doctor she wants to be an artiste something that she wanted to do her whole lives. That's why we should never pressure someone to be something that they are not.

dreaming and working hard to be something that you always dreamed of is very hard when you have people, who constantly try to make something out of you that you know that you are not. One example of that is when i was little i always dreamed of becoming the greatest dancer at all time, but everyone was against what i wanted to do. i remember i had to set down and have word with my family i had to explain to them why i want to be what i want to be. I was under so much pressure, stress, and anxiety that i thought i was in a war with my own family. Everything i said or do they use it against me it was very sad, angry, depressed, and unhappy moments, but i get though it i did become a dancer, i did something that i thought i could never do, and i didn't let anyone to shut me down with their words or actions. The lesson that we could learn from my story is not to stand against your family and disrespected, them, but no to allow anyone to take your dream away from you. Always stay strong and never give up.

""To be yourself in a world that is constantly trying to make you something else is the greatest accomplishment."" According to me every person in this world have the right to speak their mind and do whatever they wish or desire. No one should every try to make you something that you are not. In today's world we people try to make changes in others life by trying to make them something that they are not and that's where we lost loves one, friends and family just because we choice to do things we wanted insisted taking their advice and changing our path. We should be doing the thing we love and dreamed of no one has the right to tell you otherwise. You should never change yourself to make others happy or to show them you care about them, because if they really care about you they will accepted you for you.

Changing yourself for other just so could show them your carrying, perfect, and happy is not love. Everyone has the right to be happy in their lives and we should accepted them they way they are. To give you an example of what i am talking about is i had a friend name Generic_Name he was very hard working guy who was loved by everyone in the community. Generic_Name was born in single family he was living with his mom and two younger brother. Generic_Name's mom was a wonderful women who was loves by everyone. Generic_Name was the older child so he had a lot of responabilty he had to work to provide for his family, he had to go to school, and take care of his younger brothers'. when Generic_Name get accepted to college he wanted to study biology but his mom wanted him study music but Generic_Name was never interested in music. he want to learn about living and nonliving things, but Generic_Name's mom never agree with him she told him"" you have to study music and that's that."" Generic_Name was my best so when he told me about his problem i told him"" Listen Generic_Name i know you love your mom so much, but do what you love to do will make you happy and you don't have to be something that you are not interested in because you will suffer in the future"". Generic_Name loved his mom so much he didn't want to make her sad so we he went to college and he study music, but he never like what he was doing because he was born to be a biologist. The lesson to learn in this story is to never give up your dreams for your loved ones because once you started doing something there is no way back.

In the future knowing that you did something for yourself and knowing that no matter what other said you did what you love to do is the greatest accomplishment that you could ever accomplish. Some say to be yourself is not the great accomplish but i disagree with that because being yourself, not losing hope, not giving up, and fighting with others trying not to be something that they are make you to be is the greatest accomplishment. ",981,12,Female,Economically disadvantaged,Asian/Pacific Islander,train,4,3,3.5,4,4,4,4,3,3.5,4,4,4,4,4,4,3,3,3,4,3,3.5
A42A8E5FA4CD,Individuality,"""To be yourself in a world that is constantly trying to make you someone else is the greatest accomplishment.""-By Ralph Waldo Emerson. Some people try to accomplish themselves to demonstrate that they not need someone else to be successful. Some people believe that believe in themselves is more accomplishment than believe in another people. Those people who believe in individuality became more independent. In addition for some people to be themselves is the most greatest accomplish because people learn how they can value for themselves and demonstrate that they can be something else without help of someone. Some people rather be individuality because they didn't like the opinion of others.

To begin with, People learn how they can be value for themselves. For example, ""those people who decide to marry and separate from their actual family, during time they become learning to how survive with out help of their family and they willing that they can value for themselves."" Some people demonstrate that they are independents for their actions. To be ourselves teach as how confront our mistakes and how to process them.

secondly, Be individual make people more believable in themselves. For instance, ""When people make thing for themselves they believe in them and being positively."" Some people believe that is more better be individuality because they believe in what they do that what the others' do. Some people be individuality because they are more believable for themselves. Those people who are believable in themselves are people who truly want to be successful in their life because when people are individuality they do things for their own and they realize that they are not depending for someone.

In the other hand, some people argue that is not good idea to be individual. Those people believe that be individual is a bad idea because they say that two person have more ideas than one. However, that is not true because be individual make's people to believe in themselves and also is the greatest accomplish to keep believing than what others' believe for us. Be individuality make people more believable in their selves and be positive in their own decisions.

In conclusion individuality make people be themselves and they can effort to be the greatest accomplishment. Being individuality people became to learn many things. Some people effort to do their best and not be dependent for someone. People do not need be with a partner to demonstrate that they can do many things for themselves.",397,12,Female,Economically disadvantaged,Hispanic/Latino,train,2,3,2.5,3,3,3,2,3,2.5,2,3,2.5,3,3,3,2,2,2,3,3,3
A88FB1D1C8BD,Individuality,"According to Ralph Waldo Emerson, so I am here to support the motion which says....''

To be yourself in a world that is constantly trying to make you something else is the greatest accomplish''

. Before going to the point,I will like to let you know the meaning of accomplish

.ACCOMPLISH IS WHAT YOU FULFILL,

leaving your real life in this world will surely makes you accomplish or fulfill what you want in this life. For instances; I have seen a girl leaving a fake life to accomplish what see want, but at the end of the day she was caught, their is a company who need someone who is rich and popular to be the director of the company and will be paid thousand of dollars every week. This lady try to live a fake life and decided to go for the post, when she got there every single person believes that she is rich and famous,and she has to compete with other lady who doesn't lives a fake life. she is so poor but have the work experience and was talented,after some days,weeks and month. It now the time to choose the leader,they both seat separately with their heart beating vastly,the lady living a fake life have the 100% assurance that she will wi the contest, here comes the judges to call our the winner,the speaker gives a speech about each of them. The speech goes as; After we have camp both ladies for some month will we sure;y choose the leaders but here with me some evidence about those ladies,their is girl among you two who lives a fake life to get what she want and there is another girl who didnt do that, this position is given to the girl who does not leave the fake live because if this position is given to you who live fake life you will surely ruin this company by embezzled and faking this company,the speaker says she borrowed almost $500,000 from banks,two house and 3 brand new cars to fake her life and at the end she did not accomplish what she want,likewise the other girl who be herself in this world and finally fulfill her dream and have greatest accomplishment.

With this little words of mine i will like to convinced not to confused you that living your real life in this live that is constantly trying to male you something else is the greatest accomplish but if you try and fake your life in this world you will never accomplish anything than public disgrace if you later got caught.",405,11,Female,Economically disadvantaged,Black/African American,train,3,3,3,3,2,2.5,3,3,3,3,4,3.5,3,4,3.5,3,3,3,3,3,3
ABEA8B5724EF,Individuality,"The World We Live in

More than 4 billion people with different culture,different background and different mentality live in our planet Earth; and each person have their own way of life style. Naturally, we have to associate our self with others, to manage our way of living. It means life push us to open our doors and see different people quality and life style. Emerson's statement "" To be yourself in a world that is constantly trying to make you something else is the greatest accomplishment."" In my opinion, this is wrong. Sometimes, we have to allow our self and live other people lives. It means we have to change our face mask everyday to be a head of somebody. this will help us to avoid conflicts, to accomplish our personal goals and to live in any environment.

Sometimes, I fell like we should change the name "" world "" to "" different."" It explain the meaning a lot more. our world is different. every living matter have their own characters and identity. Birds can fly but lions can't. Plants, they can't move but we can. This can show us how our world is divided in many ways. This is leading us to conflicts and fights in every aspects. For example, we can see a political conflict between Donald Tranp and the Democrat. Personally I don,t agree with Donald Tranp's ideas and terms. But if my community agrees and supports Tranp's ideas, It is mush easier if I put a new a mask in my face and put a fake smile on top of it and pertained that i am on same track like them witch is supporting Donald Tranp. It will help to avoid conflicts between me and my community.

Every strong person uses methods to accomplish their drams and goals. focusing is one of the beast way a person use it to be on the top of everybody. strong person fight to win and to be number one no matter what the situation is. Giving up is the beget enemy in their life. Not being somebody else cannot be the reason to give up in a dream. For example, If your goal is to be number one fighter, you have to fight first. Even if you have a lover personality. If you want to be a fighter you have to fight. thats the reality. You can't love some one and punch them in the face at the time. you have to switch up to get to your dreams ( to being number one fighter). American secrete service agents go to Afghanistan to catch terrorist. They are not Muslims but they have to dress up like Muslim and learn their language and culture just to make their country safe from terrorist. Being somebody else help them to achieve there goals.

I believe, becoming somebody else, can help you to learn about that someone personality.

This can help you to adapt the behavior of that person, witch can help you to establish a good relationship. For example, I am originally from Ethiopia living in the US. Sometimes I have to act like American just to establish a good environment around me. Thanksgiving is a well know holly day in American culture . But we dont celebrate it in Ethiopia. Just to respect for my community, i celebrate thanks giving with fake smile with others just to create a good environment in my area.

In my conclusion , sometimes we should be somebody else to live in our divided society. This can also solve our conflicts , helps us to accomplish our goals and to be live in any environment. I believe we have to be logic and see the other side. This could be the smartest way to live our life with our crazy the society .                ",615,12,Male,Economically disadvantaged,Black/African American,train,2,3,2.5,2,2,2,3,3,3,2,3,2.5,3,3,3,3,2,2.5,2,3,2.5
ABF21C9A2160,Individuality,"Are we the future.? Ralph Waldo Enderson said."" To be yourself in a world that is costantly trying to make you something else is the greatest accomplishement."" I agree with the statement of Enderson. May be some people will disagree with me. So I think is hard to be yourself in a world that is constantly changing because technology and social norms.

First the new inventes and advances in technology has brote new changes to our lives. We live in a world that is sorrounded by new advances in technogy. This has become essential and indispensable to preform our daily activities. For example the internet has become very important tool and so essential that we can't stay with out internet for even a day. We costantly surfing the social media. even if we love and hate social media we are always conected. We want to know what others think about us. With out knowing we fall in a new world call internet and we make chages just to be acepted, love even hate by othes.

Second we are part of a big sociaty. We born, grow up and died in a sociaty that has norms that we fallow. This norms sometime are written norms that are laws and if we brake this laws the sociaty can punish and we face consequences. Some norms are just unwriten norms that we fallow in our daily life. This norms can restrict our selve expretion and can stop us for doing what we want. So to fit and be aceted we fallow the social norms. For example if we go to school we must fallow thier rules to be able to get in school. We can't just walk in with a sexy litle dress and havy make up. The norms of the school are make for your to fallow the dress code. Even if you feel like the dress code restrict your personality and selve expretion. this norms are make for everyboby to mantain a the order and balance.

In conclution I must said that I agree with Enderson's quote "" to be yourself in a world that is costantly trying to make your something else is the greatest accomplishement."" therefore we emgrace new technology and follow social norms to keep the balance and maintain the order. We are part of a change together we can achieve new ideas and build a better sociaty.

So we can leave a better future for our childrens.              ",400,11,Female,Not economically disadvantaged,Hispanic/Latino,train,2,3,2.5,2,3,2.5,3,3,3,2,3,2.5,2,3,2.5,2,2,2,2,2,2
AE156FEABF74,Individuality,"Some reasons I'll be happy wrote something about my self is because i will be important is some one or some one will see they self in my self and then they will be happy to see the problem in other easy way I'll do the different to other person like me.

Other reason is because I will feel like finally I share my own story with the world and they will know how hard is lived in the world, for some people and how easy is for other.

When finally about my story they will put they face up and will feel like I'm not the only person with this life someone in the world have the same life I do now and the will be different and will said yes to the life they have in the present because all of us know how hard the problem are our own life.

I agree with him because him try to proud my own story and try to be different then others he thing about my experience and try to change what i did wrong in my life. He will change others life and what he is writing I will be happy with that because others guys will see what was wrong and what they have to change and they life. for example if i did something what i keep in my mind and I try to get back the time and now is to late is something what I can't do now I will fell like I help others to don't do what is wrong and they life. in sometimes we feel like terrible but we can change that when is the right time to do it but there is where we don't want to change anything in our way and when is to like we want to do something but is very late for some of us. but I will feel like wire when I'll see a book about myself because will be all what i did before and who I'm now. but the, Author Ralph Emerson wrote, my story because he though was important to to talk about other person and thing about what they do or what is going on in different's in some life and moved to others to change something but when we know any story or we red something the first thing we see on it is the what is important and what and what part describe the person in the story. when the author will writing something he get the all information he can can fist and then stars with the the important part to proud the feeling to reading that story.

the author like to share what he know ir what he investige fir others and try to moved others to grow up when they feel like they can follow the liofe but there is where they stop to something wrong tehy are doing at the time. for reasons like that is they like to we have author and good storys.",486,12,Male,Economically disadvantaged,Hispanic/Latino,train,2,2,2,3,2,2.5,2,2,2,3,2,2.5,2,2,2,2,3,2.5,2,3,2.5
AFBC394080FC,Individuality,"Are you agree or disagree with the statement of Emerson about individuality?

I'm agree with the statement of Ralph Waldo Emerson, one example is because when you be yourself some people feel comfortable, but some doesn't but there is nothing more important than be yourself you don't know the things you can get done when you challenge you. And yes the world is going to take you down, is going to face you with things that will make you do wrong things, or change your mind like trying to be another person. But you has to face it don't give the rights to people to take you down. People when they see all the things you get done, they start to hating you. But you don't has to listen to then you dont' has to change your mind just because they are talking. Some people want to decide for you, i mean like for example; when you want to study a career but your friends, parents, etc they told you to study something you don't like, you dont has to listen to them you can make your own choice if you are a grow man you are going to do what you like, thats why you has to always be yourself,

doesn't matter the circumstance. You see me my father just left, he let me alone with my mom she work hard that i could be here, and i see that thats why i'm always try to be my self i try to work hard ever single day because the effort she did for me !bruh! is amazing. On my country the gangs shot you for no reason and i grow with my grandma and the gangs they live around us but all that i never change, i could ed be one of them but i grow with a really good education and didn't wasted.

I didn't pretend to be a person that was not me and as the author Ralph Waldo Emerson said ""is accomplishment to be yourself in a world that is constantly trying to make you something else""

Always be yourself don't change your mind, because life is hard nobody said life is going to be easy you has to work hard for your own things, to be someone in this life and don't listen to the world because the world don't want to see you grow or happy. Don't listen to it. Just trust on god and yourself, and you will see the the amazing things you can get done by your own. In conclusion, don't listen to anybody that is against your decision because that kind of person just want to hurt you.",423,12,Male,Economically disadvantaged,Hispanic/Latino,train,2,3,2.5,3,3,3,2,3,2.5,3,2,2.5,2,3,2.5,2,3,2.5,3,4,3.5
AFC600D922F6,Individuality,"I agree because being yourself is very hard sometimes and feel a lonely. Today is in the world nobody like to be all by themselves but some people like to be themselves. If you being yourself you can able to do more work because nothing else to do and feel like board so let study something, work hard. How about your fun time go out with someone, you can't be work hard all the time because that is not a good experience. So I do sometime fun myself and be yourself It's doesn't means you can do any a good stuff. You can do something what is make you feel a happy all your life. don't feel strange yourself and being strong.

First, I like be myself sometime because that make me bring my own idea and also help me figure our myself. What is a good thing or what is a bad thing for me. That make me strong because I using my own bring and think twice myself before I do something. My first year was be American be myself without Family, I feel very sad, and I sad to myself I never want to be myself my life again. I want to go back where are I am came From, I don't want to be in American anymore because know language very important for me that time. I don't understand any English that time and I don't have any Friends. I still remember how hard the was being yourself and I never knew be yourself Will be that hard, Now I know.

Second, after couple years I make my own choose I wan to be myself but no more sadness. So what I did was no looked what other people do and people I ignore with Friends they're all together or family because that make me sad. I could't told you how bad that feel was for me and I relax everything will be fine, I take deep bread. Now I don't worry about be myself anymore because now I know that wasn't that bad after you use to and also, infect that make me a little bit more independent.

Third, Now I responsibility everything myself and be myself that make me diff rant. My last year was raft because my faster Family said to me you have to learn do stuff by yourself. I am so norvise because I can't do anything whiteout them so I have to learn be myself before turn eighteen. Now I did learn how to handle myself and take care of myself everything myself. responsibility for my work and thinking about my carrel. I never can thought I can do anything without them but I learn be myself first then I come independent.",445,12,Female,Economically disadvantaged,Asian/Pacific Islander,train,3,2,2.5,3,2,2.5,3,2,2.5,3,3,3,2,2,2,2,2,2,2,2,2
B18BEE398BAD,Individuality,"For do yourself in the world is not contantly change tou only need to be yourself if not import that pople say and reflective,but your self in other peolpe and maybe she or he capture sonty to you and gif to understand they not be to change for nobody.

For some reason I think they I need to be only one person in the world the first reason is not necesary to change nothin of me., The 2 is they i never be change in my personality., The 3 reason I never change because I like such and hoe I am and I think the nobody can force because I like many thing.

Reason 1. Because the world need to be eqaul for all and is necesary to everyone accetp such and how I am.,Reason 2. For more they people attempt don't me change because I accetp my personality., Reason 3. Because I like help people wen they need my help and because I know they I have a good heart.

If tou treat to be another person in this world is bacause you these insecure bay if self and if you not accetp how you are never how you wan the people accetp how human.          ",193,12,Female,Economically disadvantaged,Hispanic/Latino,train,2,2,2,3,2,2.5,2,2,2,3,2,2.5,2,2,2,3,2,2.5,2,2,2
B6B85CE5C8F5,Individuality,"When it comes to trying to be someone, is it better to improvise or follow the script all the time?

Everyone needs to have their own individuality and be original instead of trying to be something else because that way you learn more about yourself. Also, you are acknowledging different methods about how to be better than yourself. And one of the most important things, you could make a good influence in someone else's life and teach him/her how to find their path in their own way. No matter what happens, you always have to follow yourself.

When you learn more about yourself it means that you do not just learn things that you already know about yourself, you also learn new things that you did not know about yourself. For example, one day you are going to the basement of your house which is really big and put some good music. While you are listening to your favorite songs from your playlist, you are dancing according to the tempo and doing the dancing moves that you usually do. After dancing for a long while, suddenly you let the music take control over you and you make a back flip without practicing it before. You are very surprised because you did something that you did not know you could do and after that, you keep practicing that move and perfectioning it and it comes out natural. That is how you learn more about yourself.

You are acknowledging different methods to be better than yourself. This means you will do whatever is right in order to become a better person. For example, Robert Downey Jr used to have a terrible life by consuming drugs and other things that got him in trouble with the law. He even went to court for all the messy things he did. After a long time taking bad decisions, he finally decided to make things better for the people who cares about him and specially for him. It took him over 5 years for him to get back on his feet; with his own effort and the support from his family and friends, he started to make a good difference for the world. Right now, Robert is one the best actors in Hollywood, he has an excellent life with his wife and kids on his side, and is a great influence for millions of people. That is how you acknowledge different methods to be better that yourself.

Some people say that you are copying someone else when you try to be yourself. However, they are wrong because you actually are listening to those tips that you have heard and following them under your own perspective. That way you are definitely writing your own script but at the same time, giving the deserved credit to the person who gave you those tips. For instance, when you are trying to get a girl that you met in a party but you have no idea of what to do in order to get her attention. You ask your friend for some advice to accomplish your goal so you do not go through a bad experience. He tells you what to do exactly and shows you with some women at the party and now you have some ideas of what you can do. So before you reach out to that girl, your friend tells you ""be yourself all the time"" and you get the courage to talk to her. After following those examples in your own way, the girl started to have deep feelings for you and everything worked out a lot well and make some influence to some of your friends who need that kind of help. That is how you follow your own script with your own terms.

In conclusion, it is very important that you have be yourself all the time because it shows that you do not need somebody in order to be somebody. You learn about yourself so you can get to know your own person more than you can know about an anime character. You acknowledge new ways to become better than yourself like if you were in a videogame, you are going to the next level slowly. You make a good influence by doing things as right as possible and you give people some benefits out of it. To be yourself you have to do what your gut tells you to do if you think it is going to give some benefits in some way.",738,12,Male,Not economically disadvantaged,Hispanic/Latino,train,3,4,3.5,4,3,3.5,3,4,3.5,4,5,4.5,3,4,3.5,3,4,3.5,3,4,3.5
B942E0DA6A0F,Individuality,"I agree with Ralph Waldo Emerson, it is best to be yourself than to be someone you're not. You won't have to meet some jobs perspectives. You won't have to be someone you're not. You can have many accomplishments throughout your life.

The first reason as to why I agree with Ralph Waldo Emerson is because, when it comes to jobs it can be real tough for some people. Some job's ask who you really are as a person, once you let them know they don't like the response. But, there are some job's that will accept you and will like who you are truly.

Second of all don't have to be someone you're not. You shouldn't have to please others only because they don't like who you are as an individual. Some might even say that its for the best when in reality it isn't. You shouldn't have to be the opposite of who you are just so you don't get judged on. Pay no attention to those who don't accept you for being nothing but yourself, and don't change for them unless you're doing it for you. You should always please yourself no matter what.

Lastly like Ralph Waldo Emerson wrote, ""To be yourself in a world that is constantly trying to make you something else is the greatest accomplishment."" That writing is nothing but the absolute truth. Your individuality can bring you so much success. It can take you places you can't even imagine. Being yourself can benefit you as a person, people can perhaps like even love the real you. You can become a role model to those who are having trouble on deciding if they should be themselves or be what this world want's them to be. People could admire you and accept you even more.

In conclusion I agree with Ralph Waldo Emerson because it is best to be you own individual self than not, because you won't meet jobs perspectives, be someone you're not, and also it comes with amazing accomplishments. Some think otherwise because the believe that it would make life more simple and easy. Also you might find that being your own individual self gets you no where. ",345,12,Female,Economically disadvantaged,Hispanic/Latino,train,3,3,3,4,4,4,4,3,3.5,3,3,3,3,4,3.5,4,4,4,4,3,3.5
BB8DBBD8C4AB,Individuality,"I agree with this statement, because is hard to be yourself, in a world like this, where the people judge everything in your life, and you have to be how they want, they always are telling you what you have to do or what you not, and they not care about your opinion.

A example:

In my personal life is with my family, they always are telling me what I have to do, and when I do something wrong they judge me, they want to select my friends, my clothes, include my shoes, in a situation like this is difficult to be what you really what to be, and the razon is because they don't give us a chance to demostrate what we really are.

Another example is:

With the people of outside, we never are going to be how they want, if they saw you with a boy who use tattoo they think he is a bad boy, if you are a fat girl your ugly, if you are skinny girl your ugly too, if you use a mini skirt you are a creazy women. So we never will be fine.

Everybody can judge, but we have to be strong, we have to try to demostrate what we are, or what we like to do.

Razons:

We can have a lot of bad situations in this life, Maybe one day we can feel bad or sad, Because we not feel good with the people who judge, maybe we are tired to feign to be another person, or maybe we can think in a negative way. A example of this could be say ""I never do something good"", "" I am not a good person"". So we need to be what we want to be, and love yourself is the most important thing, if you not love yurself no one can love you more then you, obviously we have to know what decisions we want to take, you have to feel good with yourself, with your decisions. You have to show what you are, if you feel good you will be good.

All this are razons for which one is hard to be yourself, and is for that razon i agree with Mr. Ralph Waldo Emerson, cause i feel identified with what he say; I feel a winner, i feel happy with my personality, and is because i don't care what the people say, or think about me, is my life, I take my decisions. If I am a creazy women who always is imperative but i feel good with that am fine. I like to be happy, be my self. I really love me. I don't have to feign nothing. The little girl who always was doing what the people saying is in the past not in my present. I learning to be my self, so ""Yes"" I make a greatest accomplishment in my life, and is nice to be your self, now i feel relax, and satify with my decisions, I desmostrated what I am. I have a beautiful life, and my life always is with laugh, laugh, I am creazy, and I love to be creazy, my personality is unique. and i like that, so I feel very happy.",527,12,Female,Not economically disadvantaged,Hispanic/Latino,train,4,3,3.5,4,3,3.5,3,3,3,4,3,3.5,3,4,3.5,4,4,4,3,3,3
BC8115EEB029,Individuality,"Being a teenager is hard in are decae. Because as a teenager growing up in this period of time is hard. If you do not follow the trend, do what others does. People will judge you and,also you might not be cool enough to have friends. But at the end of the day you have yourself respect. I agree that you should be yourself. Because you should be proud of who you are ,and will be succes, happy, and do what you good at.

Some people say, Individally we are one in order to be one only you got be proud of who you are ,nor letting anyone change you. For instance, first when I moved in here in 2016 from Egypt. I was a 14 years old. It could have affected me. When people were making fun of my English. because I did not know how to speak It ,and did not know the culture. Which It was hard for me. But I was proud of me self for trying to learn ,and still I'm learning everyday something new. It's a good feeling to feel proud of yourself. Even when people try to hate on you or make fun of you're accent. If you are a strong person nothing will stop you. From being proud ,and making you're family proud because they work hard for to be succesful in the future.

Succes is not easy. There is a lot of reason's for those who are succful. They worked hard for It. Mian reason how they became succesful is never give up. That is the key not giving up, being yourself. While people in my school having ''fun''. I stay home studying to become succesful ,and make myself proud. Also my family. Teenager should not be a follwer. Everyone should be them self. For example,There is always the good ,and bad. You choice who you hangout with. Will help you with what you wanna be in the future. If you hang with people that do sports and healty that is good because you will be succesful.

Once you do what you always had planing for in the future. You will feel happy. And to be in a world that is constantly trying to make you something else. That will even make you happier. To be more specific. Trying to be you're self while everybody is differnt is not easy. Sometimes students affor me to smoke in the bathroom. I always say no. They might laughe at me for not smoking ,and not being ''cool'' . However, I think of who I'm if I do not like doing something. I should not do it because someone else is doing it or to make other happy but not myself.

Some might say, I disagree you should not be you're self. Because other people can not be them self or might harm them self in a way. such as doing drugs,skiping school, not being respectful to you're family ,and friends. However, I think being yourself in a world that is trying to make you something else is the greatest accomplishment. cause it makes you. proud of who you are,succesful in what you do Aslo, It makes you happy for what you have accomplish.                                                                                                      ",600,12,Male,Economically disadvantaged,White,train,3,2,2.5,3,3,3,3,2,2.5,2,2,2,3,3,3,3,2,2.5,2,3,2.5
BF56324B3A86,Individuality,"Do you know how many people are unhappy for be someone that they don't are?. At the present time in the world exist millions of people that don't live their life of the way that they want. Sometimes is difficult be yourself in a world where the whole people think that be different is wrong, but the truth is that the greatest accomplishment in the life of each human is be unique and have individuality in all your presence, because be yourself is the goal of the happiness, fight against the prejudice of everyone is not easy and accept you exactly like you are, looks like a war if the whole world is trying to change you.

Many people think that have a success and amazing life is have a lot of money, be an important person or have material things but all this things in really don't matter in the process of be yourself, because a person can have all this things but this things don't define you like a person and this aspects don't give the happiness, and something very important in the life of everyone is that, if you don't have happiness you don't have nothing. Is a fact that at least the 60 percent of people is not happy with their life, but studies affirm that this can change just if they choose be hones with themselves and take out of their life want they don't want. And the first step to be happy is be yourself. The people don't can live being liar with themselves, because this just bring like consequence a miserable life. A person have to accept their personality and their interest based on their thoughts. A serious consequence that the people get if they don't be honest with themselves are diseases like depression, This is a very dangerous problem and one of the most common causes are don't be agreeable with the person or the way that the person is living. For this and many others reasons is that is very difficult be yourself but is the biggest reward.

Alongside of your life you have to make a lot of decisions and is important always hear you. The people cannot allow that someone take decisions for they if that affect who are they.

First is very important know exactly what do you want because that is the same that be happy with yourself.

Always take your own opinion first, is the answer of be really happy because is very easy follow the opinion of the others based in their life's or be influenced for a world that always is trying to make you someone else, someone that they don't are. But at the end what a person want is the answer of be really happy.

Everyone in the world is trying to find their correct way in their life, and be honest about feelings and all mentioned in this paragraph can be the answer to arrive to the goal and be happy with yourself.

Is a fact that actually the world is a constantly war, because the majority of the citizens in the world are trying to fight for their rights and be honest with themselves and also with the whole world. But is true that this is not a easy task. The only person that someone need worry about what they going to think is yourself!, a person don't have to worry about the opinion of the others, just care what do you think!. Unfortunately, not everyone understand this, and sometimes the people wants that the world accept us form the simple fact of be a person. Is very hard be like you really are if millions of people want change your mind and they refuse to accept that everyone is different, that there are things that don't have that be equal and that it's fine, that the diversity is part of a balance. Everyone is here, in their country, in their community to learn about the others, and have respect of they, don't care their race, color, language, traditions, customs and many others things that represent and define a person, this is the correct, not be equal. Nowadays a lot of people is trying to make this world a better place where the prejudices not exist and where each person can be what they want and have the rights that the people need and deserve. Is a difficult battle but without doubt the result is the greatest accomplishment. And is a fact that if the people are happy with how they are, and they accept their form of be, with their qualities and defects, anyone, and studies repeat that anyone can affect you, because you are really on the top of the goal and when you are there nothing can make you go down.

Many philosopher and researchers believe that the problem with the society that don't accept and allow the people that is different, is because since the beginning of the world the people hidden their really feelings and interests for the fear of be rebounded. In part is own fault because the people never said something when something was wrong, but never is late, an actually the majority of the people is trying to change the perspective about what is fine in the world. That is why accept you exactly like you are, looks like a war if the whole world is trying to change you. We have to be strong and don't allow that anyone dispute your decisions. Another reason therefore is hard be yourself is for you, sometime the people are so exigent with themselves, you are your own most hard critical. If everyone would honest with themselves , this would be something normal for the society, but is such difficult accept us, that is seen wrong be unique. We definitely have to change this way of see the circumstances and make it normal.

Is clearly that we have a lot of learn but I think that we going to the correct way. The people have to travel many obstacles for win their individuality and always remember where we are and where we want arrive.

Be yourself, is really difficult if a whole society is telling you that you can not be different and that be unique is wrong, because how you can understand who are you, if anyone give you the chance to know it, but without doubt discover the answer will be the best accomplishment that a person can have because live being you, is the better that could exist, for a complete life.      ",1053,12,Female,Economically disadvantaged,Hispanic/Latino,train,2,3,2.5,3,3,3,2,2,2,2,3,2.5,3,2,2.5,2,2,2,3,2,2.5
BFE92DE70CA2,Individuality,"Although i believe it's a good idea to be our self where ever we are. over all being our self is better than act deafrient. Also not being comfort with it. Because being our self is mean trust our self. Not believing to any one who come to as, and till as any thing to Change as. then reaching our goal by trusting our self. For example. Being our self shows those people how strong we can be,and continuing our way to improve.

In a word that we see people change accomplishment. We should trust our self to not change. To a bad person, or any thing that a society try to make as. Trusting our self and continuing our way to improve more. to show a society how strongly we trust our self. So that way we keep our self in better way. Also i believe we can progress people around as. Because it show people that they can do same as we do.

When we see that some people really try to change as. Or a society that is Changed already, and they are following a different ways to improve their life. Also they try to change as as the way they want it. To follow their way, and we know that it is not the way we can improve. So to be our self, and we chose to improve our life in other rule. It is because we see something that is not going right, but the society has changing. Also it looks when those people try to improve, and they get that, they heard other people. and they dont know they rich something they effect some other thing that they dont know about about.

I believe it is not acceptable for as to do the same to heard some people. Then we should follow some other way to our life.

Clearly "" is society that is constantly trying to make as change in highest improvement.(Author Ralph Waldo Emerson) I should believe to my self. That i can rich my goal successfully. progress on the thing that i need and want. So i should not let ant one to turn me from my goal. Because there is some people who want as, to not rich our goal or dreams. To advents my self i would work so hard. But is some people who is trying to fail as in our way to rich our goal. Then going to embrace as for are fail, also try to stop as to rich that dream. But i believe if we trust our self, and have a big goal to rich to. It will be possiball to get it. Then no one can get our way to stop as.

being our self trusting to our goal, and respect our self, makes people to respect as. As will as we do to them. Also reaching our goal dreams In a right way. But being in a society that people as changed. then try in to change me. SO i see the can improve but in not right way, and not respect between people. So then i believe i should be my self.

finally I believe it is good idea to be our self. and do the things that makes as happy about it. So if see in society that is changing, and see some people trying to, Change me. Even i do the right thing to improve. But those people saying to so the thing other, i know that is not right to do it. Because they way the are saying it could heard people. but they jut look forward to improve. Over all i believe to be my self and the the thing in right ways.                                                                                                                 ",814,12,Male,Economically disadvantaged,Asian/Pacific Islander,train,2,3,2.5,2,3,2.5,2,2,2,3,3,3,2,3,2.5,2,3,2.5,2,2,2
BFEA2E7F1486,Individuality,"To be yourself in a world that is constantly trying to make you something else is the greatest accomplishment because at the day of today there's a lot people that doesn't want to accept the way that you are or you want to be. They will never be satisfied, they will judge you, they will talk bad things about you, but at the end it's just a obstacle that the life put in your way, so you can surpass it and finally find yourself and be how you are.

To be yourself in this actual world it's difficult for some people because sometimes they don't support the judges from other people and most of this people just decide to end with their life. For example the LGBT community get a lot of hate, judge and bad things from other people that is not part of it. People in this world just talk about others without thinking the pain that they can cause by saying just a few simple words. Other example is the people from other country that travel to another, there are people that are racist and make people feel that they are from another world, when they are actually they same, the only thing that change is the culture and language.

To be yourself in a world that is contantly trying to make you something else is one of the most important things that people have to achieve, to live the life better because you will never progress in your emotional life if you don't make people accept the way that you are.

For teenagers to be theirselves is most difficult because they are in a young age and sometimes they don't really know how they are or how they want to be, and when they finally find it, the hard part is coming. Then for older people, most of them don't care what people say about them, I have seen a lot of older people that dress and make to their selves what they want and I really like to see them because it makes me to be less insecure about myself, they just make me think a lot.

Live the life by showing how you are, the opinion of other people doesn't have to make you more insecure or make you think that if you do this or other things you will get judged or hated. You have to fight to achieve this because life is better if you do it, is better if you don't care about others comments, you will be more stronger than before if you fight with all this situations.

You will be more happy and will have a great life if you are yourself, you will be more certain about your opinions, decisions and actions. You can help other people to achieve this goal that is ""To be yourself"" because sometimes there is people that need from others to make a change in their life.

If you help them and they accept your help, they will be thankful to you because you help them a lot and you was with them, when nobody wasn't.

At the end of your days you will be really thankful to you because you live life the way that you are, not the way that others wanted you to be. You will think in all the things that you have to supported and achieved just to get your goal, to be who you are and at end you will knew that it wasn't hard. It was just obstacles that maked your life more stressful and harder but you did it. You got all the things that you wanted and the most important was, to be yourself.",618,12,Female,Not economically disadvantaged,Hispanic/Latino,train,4,4,4,4,4,4,4,4,4,3,4,3.5,4,4,4,3,4,3.5,4,4,4
BFEE2D5C0FDC,Individuality,"I am agree with Ralph Waldo Emerson to always keep tryaing to do best . My greatest acomplishment were to be student of the month in my school . I always try to be successful in my classes. Maybe best of the class but if you can trying yo can be one of then. Alson you can make a goal for the year to get an A on your Geometry classs. I always try to compete with my friends who can get the best note on my exam.

My cousin is the only one that gets the best grade at home. she study alots and always gets very good grade. I admire her because English is not her first lenguaje and her mom is so proud of her . One day I want to be like her so can my family feels proud of me.

The greates thing that i want to is graduate for that i have to pass my clases and exams .For that I have to pass my others SOL and others elective classes that I have this year. the most dificult class that I have next semester will be Earthscience but I will pass that class and the SOL and i feel like i can do it.

Finally this are resons why i am agree Ralph Waldo on constantly try to make you greatest acomplishment on his life .I want to do the same in my life too. This are some reasons why i was agree. Always Try and never give up that you always can do greatest acomplishments on your life you only have try hard and you will success.     ",261,12,Male,Economically disadvantaged,Hispanic/Latino,train,2,3,2.5,2,2,2,3,3,3,2,3,2.5,2,2,2,2,2,2,2,3,2.5
C277BE295A41,Individuality,"Being true to yourself in a world so cruel is the best to accomplishment. The most important lessons life can give is stand your ground, be more forward with certain individuals, cut what seems to be negative. Individuality can always be a good, sometimes you never need that helping hand because not everyone is helpful. Some try to be the bad person by stepping over you.

Most experiences, I myself have gone through were never the best. Everyone might seem like the good person, but we never know what is really behind them. First off, you should simply just stand your ground. Show them that not everything is meant to be worked within two people.

Another reason, achieving things on your own shows you a lot of things you never knew before. One of those might be you have made through school by yourself and got your diploma. Accomplishment comes with many struggles and steps. Not just anyone makes it through; some give up because maybe others told them that not everything is for them.

Lastly, cut out certain people that you know never got you anywhere. Everyday is a lesson if we recognize it or not. Some days are harder than others, but there is never a day you should give. Every job can be easy with a positive mindset.

In conclusion, my reasons to accomplishment to stand your ground, move forward, and to leave negativity behind can lead to bigger success and open opportunity.      ",235,12,Female,Economically disadvantaged,Hispanic/Latino,train,4,3,3.5,3,4,3.5,4,3,3.5,4,3,3.5,4,3,3.5,5,4,4.5,4,3,3.5
C57371A3E79F,Individuality,"I agree with Emerson's statement about individuality. It is find for me that I can be myself in a world. I'm thinking that the world is trying to make me who I am and make me see. the way I am can make me do whatever I want to do. I could visit wonderful places like seeing great nature, going into a big forest, and go see big hills. this would be amazing to see wonderful things.

I can be myself in a world when it is constantly trying to make me something seeing things like a place to see nature. Sometimes in some places to see nature is amazing. Seeing nature like seeing different kinds flowers, and seeing and beautiful. I will also went to see the blossom trees. Those would be interesting for me to see those kinds of Nature.

I would think about in a world and it would constantly make me something else when seeing nature a big forest. Going into the forest usually it is just trees, but when I see something new in the forest, it would be very interesting. I would see in the forest that the life is changing. Also I would see fresh fruit growing from the trees. And also I would see a beautiful area with flower bushes.

Sometimes I think in a world that makes me something else wants me to see everything. This can maybe explain that I am on top of a mountain or a hill. Hills would be better for me because I just only want to see a high view of the land, with the mountains it is too cold and windy. When I see big hills usually it is just grass. Going up to the top of a big hill and When I see that this land is clear, this may explain that there's only a plain grass area with trees, this is similar to the past a long time ago.

It is good for me to be who I am, and being myself in a world. This may explain almost everything. Saying that I disagree with this statement thinking that It doesn't seem very interesting, it may feel like Emerson's statement doesn't make any scents. For me this statement makes scents, because it does describe the world that is trying to make me something else about the greatest accomplishments. That is why I agree with Emerson's statement, to be myself in a world.",392,12,Male,Not economically disadvantaged,Hispanic/Latino,train,4,3,3.5,3,3,3,3,3,3,4,4,4,4,3,3.5,4,4,4,4,3,3.5
C65AD37C8194,Individuality,"Desagree,To be yourself in a world that is constantly trying to make you something else is the greatest accomplisment

To be yourself in this world is kind of difficult, but if you try really hard you will success with honor,respect,humble and make you strong. Not trying after you lose make people weakness, fearful and incapable.

If you want to success in life and future, just help others when they need it, and be humble with those people who do not have anything in life and they have to sleep in the street. Nobody is more than others, God make us equal. Be yourself every where you go, you do not have to change your personality because other people do not likes you. You have to prove yourself that you can do it, no matter how many time you fell down, just stand up clean yourself and continue. You will found a lot of obstacle in life and all you have to do is play like you are on the soccer field.

You have to be strong and prepare for what's coming in life and do not worry if others tell you that you are useless, just show it to them that you can do it. Sometimes people just left and give up. Not trying after you lose make you weakness person. Weakness person are those who give up in the first try, they are incapable to fight for what they want in life, and don't let no one change your personality, if they really love you,they would love you like the way you are. My mom always told me,""do not give up till you are in the top"",after all the struggles you will be a better person.

Nobody can change yourself, you are the only one who can dicide what you really want to be in life. You make your own rules, but you have to respect others, I will give you a counsel, If people treat you worthless do not treat them like the way they treats you,be original and treat them like royalty, after that, they will see that who lose gold was them,not you. Do not let no one hurt you because we are in a world where no one wants to see any body get victory. All I can say is be yourself, if you want to dye your hair blue and you are afraid what people opinions are, just do it, do not start walk around to find your happiness because your happiness are inside. I hate it when people said like what happen if I do not looks pretty, you are pretty inside and outside, do not make yourself miserable.

The struggles will make you strong and get all you want in life, like David and Goliath, ""the little boy who fight with the giant warrior and he won, when he throw the rock into his eyes"", no matter how big is the problem and how small you are, you have to fight with your fear. If you pray to God and tell him what is going on in your life, he will helps you to solve it, like he solve David's battle. Do not let people change the way you are, because some people just come and goes through and we have to enjoy what we got while we have it and do all the things that we haven't, and thanks God because we are here.

Conclusion,

Live the life you love and love the life you live, just do what makes you happy. Remember that your happiness are inside, all you have to do is look for it and find something that you can prove yourself , that you made it without help and make yourself feel proud and do not let people take advantage of your insecurity because you are great, you are strong and that is all you have to do, focused on your success.",633,12,Female,Not economically disadvantaged,Hispanic/Latino,train,4,4,4,4,4,4,4,3,3.5,4,4,4,4,4,4,3,3,3,3,3,3
C70AEFA3CD16,Individuality,"I am agree with the Emerson's statement, be yourself in a place where everyone else want you to be something else is a greatest accomplishment, because be who you are is really hard, more when people is trying to make you do things that you do not like or want, and ignore that kind of persons is a hard achievement. The differences in the people is what make us specials, because every vary has their own thing that they are good a it and they like to do it. And be in a place where is hard to be yourself is not easily to support it, and it is complicate it. Be who you are in a world that is constantly trying to make you something else is the greatest accomplishment. Because stay in a place where no one let you be yourself is really difficult, desperate, and sadly.

Is difficult be yourself in a place where no body accept you by how you are, the immigrant know how that feels, because they came from a different country where they have different culture and believes. Mexicans immigrant is hard to be their self in USA, because the culture and language is different than the Mexican people specially the language, learn a new languages is hard and when Mexicans do not learn the language yet they feel like they are not accepted, because no one can understand them. The difficulty of be in an immigrant is that you have to learn the culture, and language of the country but you do not have to stop being yourself. Because I know that be in a different country is hard to be yourself.

it is desperate when people try to make you something else, most of teen anger got desperate when their parent try to make them something that they dont like. Teen angers just want to be their self and do things that they like. Because when parents, family or other people try to make you something different of what you were thinking is really stressful. Sometimes people try to make you something else, because they think that is going to be good for you but they dont think if is going to like or if you are good at it they just want you to do what they think is better for you but parents forget your opinion. Is desperate too when you doing something different than others and they tell you that you are wrong.

Being in a place where no body want you for being different of what they want is sadly, because people do not accept you for how or who you are, and persons that are different are mostly alone. A student that is immigrant could understand this because when a student that is immigrant go to a new school from other country have to learn a new language, and some other students that are from that country dont accept the immigrants just for be them self. And I think that is but people should accept other persons that are from other countries and let them be their self. In that way people can learn many new think that can be interesting, and everyone is going to be happy, but when people do not accept other people and dont let them be is sad, cause they are alone.

I am agree be yourself in world that is constantly trying to make you something else is the grates accomplishment, because being alone in a place where no one accept you for who you are is very difficult to live, is desperate hear things that you dont wanna do and people still try to tell you what to do to make you something else, and sadly when no one want you just for be different and you have to be alone. In conclusion be yourself and do not give up is the biggest achievement. Always is going to be hard to be who you are but never give up. ",655,12,Male,Not economically disadvantaged,Hispanic/Latino,train,3,3,3,3,3,3,3,2,2.5,4,3,3.5,3,2,2.5,3,3,3,3,3,3
C93925EDB882,Individuality,"Author Ralph Waldo Emerson wrote a quote that has Inspired me,""To be yourself in a world that is constantly trying to make you something else is the greatest accomplishment"". I truly agree with this quote because it demonstrates who you really are by doing hard work,everyone has something to give to the world and it is important for self esteem.

By doing a lot of hard work and not giving up, it demonstrates to people who you really are, that you are a person who is determined to get where they want to be and who preservers no matter what the chanlleges are. People may or may not agree with what want you want to do, their are always going to be someone who is going to try to bring you down emotionaly, physically or mentally but you have to show them that you are going to be yourself and do what whatever it needs to take to accomplish it. This reminds me of myself because in my senior year of High School I didn't have enough credits in order to graduate that really got my family disappoint that the time I was going to an online school and it was harder for me to make up for all the classes but I saw how my own family started to put me down and it did hurt my feelings but that used that feeling to pick myself up and work everyday on the classes to be able to graduate on time. This showed people and most importantly it showed me that im capable of showing people who I really am by doing hardwork.

I think everyone has a lot to offer to this world, you never know who will be the next person to discover a cure for a illness that people thought it was terminal. Everyone is capable of doing what there heart desires it just take determination, hard work and desire to accomplish what you want. People should not listen to what other's say it only matters what you know that you can accomplish and that you believe in yourself that is all it takes to became and be where you want to be. My plans after High School is to go to college to become a ultrasound technician. I speak two languages Spanish and English and I believe because I speak two languages fluently I have something to give to the world, to the community and to any one in need. I know my own family wanted me to be a lawyer to help people with immigration lawsuits and for a while I started to consider following my parents dream of me being a lawyer to make them happy but my passion for the medical field was bigger and from my knowledge a big percent of pregnant women are Hispanic and as a person who speaks Spanish very well,I think I could help out people who don't know English in order to get the resources they need.

Being yourself and showing the world what you are capable of shows the world that you believe in yourself and it is important for your self esteem too because it makes you feel good about yourself and most of time your going to be alone doing your own stuff, taking care of your business. You can not always depend on people to get you what you need, to get you where you want to be. I remember when I moved out of my parents house with my son and having my own room, my own space and paying bills made me feel so good about myself. I finally felt like I was doing something for myself because my parents wanted to keep me at home but I managed to get through everything and anything while living on my own and It made me more independent person and it helped me boost my energy and believe in myself.

Nevertheless, Author Ralph Waldo Emerson quote ""To be yourself in a world that is constantly trying to make you something else is the greatest accomplishment"". This quote has reminded that you should truly believe in yourself, be yourself, do hard work and it will motivate you to be where you want to be. I think this quote has a lot of different meanings and I think it depends on your own personal experiences and It has honestly helped me a lot through my teenage year and overall my biggest accomplishment was to follow my heart and be who I really want to be in life just like the Ralph Waldo Emerson said. ",741,12,Female,Economically disadvantaged,Hispanic/Latino,train,4,4,4,4,4,4,4,4,4,4,4,4,4,4,4,4,3,3.5,3,3,3
CA42D47C0914,Individuality,"Would you like to act like someone else when your not? You should always be yourself nobody should ever tell u how to carry yourself. You ever heard of the quote,""Don't judge a book by its cover?'' I honestly believe in that. I was once a scrawny kid getting bullied cause of the way I carried myself and dressed. I never got the chance to get the shoes I wanted or the clothes so other kids who were on the football team would bully me. But little did they know i was the nicest and honest kid at

Generic_School.

In the year 2015 throughout 2018 I was someone I really wasn't. I was in the streets doing the opposite of what my mother showed me. Robbing people, fighting, breaking curfew, breaking into peoples cars. I was going through it because I was tired of people bullying me, I was tired of people emberrassing me infront of other kids.

By the time I tried to get a job,all they woud do was look at me head to toe and say they arent looking for employees right now even though their was a help wanted sign out front. Even my moms friends would judge me on my looks just because I have tattoos and have a mean mugging face. I may have a bad background but that was me trying to be somebody im not, I was trying to fit in with the bullies, wiith the kids who used to bully me.

Moral of the story is don't let nobody get to you and make you into something your not. I wish I could go back and prevent myself into being someone whom im not. My uncle got caught smuggling narcotics and is praying everyday he gets out. This all happened because he was trying to be someone he wasn't.

To conclude, A couple misedemenors and felonies can ruin your entire life. Don't be someone your not, Be yourself.",329,12,Male,Not economically disadvantaged,Hispanic/Latino,train,4,3,3.5,4,3,3.5,4,3,3.5,4,3,3.5,4,4,4,3,4,3.5,3,3,3
CB327222A71B,Individuality,"I agree with the Author Emerson wrote, ""To be yourself in a word that is constantly trying to make you something else is the greatest accomplishment"", because the most important in this world is to be yourself. To be yourself is to make you unique and different for the others. Some of things is important to be yourself is: To be yourself, to achieve goals by yourself, and don't let others people tell you to be different.

The first is to be yourself. Some people things if you don't be yourself is to make you successful in their life, but the case is not that. To be yourself is make the people in your work, family, and friends see the real person you are. In my case when I came in the United States, I don't like to be myself because I was a little scared the kind of people was here. Every time people talk to me, they look me different. After we finished the conversation I feel bad because I know was not me. One afternoon my mom talk me, "" You need to be yourself, because inside you heart, you are a sweet person, beautiful, and you love help people."" In that moment I changed my life and the way I look people.

The second things is to achieve goals by yourself is motivate you to continue do the right choices, and the things right. To be yourself had more opportunities for work, universities, and scholarship. To be yourself don't only implicate be a good person or help people, is to implicate say the truth, the things you think, and never lie to others people. To achieve your goals and objective is make proud of yourself in this world completely of opportunities. For examples, my sister for her dedication, and to be herself, so right now she is in college. To be herself, she achieve their goals and dreams, and she always saying the truth.

The third things what is important is don't let other people tell you to be different. If always to be yourself, you always be successful in life. Some people say you needs to change because they are jealous or they don't like you. Whose say you needs to change is because they want the bad things for you. In my case, I don't remember very well, but one person say to me that, "" I need to change my personality."" In that same afternoon I go to tell my mom what this person say to me, and what my mom say to me was, "" Don't let any person to over shine the light you had.""

In my conclusion, I feel this is very important for all people need to reflect, in this life the most important things is be yourself don't matter what. The are three things that one person never forget is to be yourself, to achieve goals by yourself, and don't let other people tell you to be different. If you let people do what ever they want with you life, you never be successful in life.",493,12,Female,Not economically disadvantaged,Hispanic/Latino,train,2,3,2.5,2,3,2.5,2,4,3,3,3,3,3,3,2.5,2,3,2.5,3,3,3
CBA73A4D5C18,Individuality,"Do you think individuality create a unique way to be your own of life style? Some say individuality make a specific way to achieve goals being yourself. I'm definitely argue with Ralph Waldo Emerson's statement about individuality because your own style of works,Nobody tell us what to change , freely to choose your way of thinking.

First, your own style of works. For example, my dear sister "" Generic_Name"" yesterday, she got a phone call.

I was with her, when she answered the phone call , it's was the teacher saying if my sister "" Generic_Name "" would come at her college, because she was the only one at her class to got a higher score for doing the project with her own creativity and unique steps at the project without following the steps that her teacher being teaching daily at the whole classroom. The teacher told my sister it's a good way to do something with your own ideas without the fear that would be good or bad its just exploring your ability to making great works being yourself .This explain my sister for being the only one to did the project with her own way got the most higher grade.

Second, Nobody tell us what to change. For example,

my sister "" Generic_Name"", every night, she tell me, how I need to brush my hair correctly, she thinks the hair need a proper care and treatment to brushing the hair . I dont like to do at her way because I feel her way to brush it's more slowly than mine own way to brush my hair, so every night she got mad with me because never use her style to brush the hair. I always said to her, I like to brush my hair at my way and my sister can not tell me to change my way at brushing my beautiful hair. This explain, my sister, don't need to get mad for doing the opposite the she wants to do, I got my style and nobody has to tell me what to change at doing any activity.

Third, Freely to choose your way of thinking. for examples. ""Generic_Name "" my sister told to my mom , if she can participate at the "" project of making a novel "" in her school , so my mom let to her participate. She thinks that would be the winner for being the most iconic novel might be existed in the world, so she starting to writing it down, each content at her novel but she dont need a examples of novel because she got her own style to write down, she say her novel would be a entertainment novel because her way to thinks it's different at the other types of novels, her novel will be a her own creativity and passion to make the novel the next most read novel in the world. This explain,free thinking its discovering a new person.

Individuality, makes us special to achieve it goals. style of works different than anyone else. we don't need to someone to tell us what to change. Being free to choosing thoughts it 's s a perfect way to express it with the real world .some says individuality is to be a selfish behavior for doing the things at ours own ways but Individuality it's just a sense of life to find your own way to work. In the future individuality would be the secret tool to reach different goals.",576,12,Female,Not economically disadvantaged,Hispanic/Latino,train,2,3,2.5,3,3,3,2,3,2.5,3,3,3,2,3,2.5,2,2,2,3,3,3
CE9843304D87,Individuality,"I am agree, but sometime it is not possible to make something that we want. There is a lot of thing that we want but we can not to have it. Yeah, he was right to be ourselve in world that is constantly trying to make us something else is the greatest accomplishment. but in some situation we can not do what we want? for example; I want to be a doctor and my family support me for that, but the problem is that I am trying to to learn and search something about human life but I can not, because it is hard for me. Only in one condition I can reach for my goal. if I try my best and I study a lot. then I will be a good doctor.

If we do something for ourselve it will be good because we do the thing what we want it. It will be great to doing something good but we should discase with someone who is so close to us. by asking someone about our problame maybe we solve it. If we want to do something for ourselve so we need to finish high school and university. take digree after all that I will take a good job and then I make a good career for myself and tehn I will be have a great life in nthe future.

sometime it is possible to do the thing what we want. world is to big. whatever we want we can do it but we need someone to support us in the any type of situation if it is bad or good. if it is bad thing then he/she can tell me that it is bad and you can not do that stuff then I will never do that. If it is good thing then he/she can tell me and support me for doing that good stuff.

Everthing is possible in this world if we try and we should search about the thing that we do not know about it. by asking someone who have experience in the thing that we do not have. by searching I can change my life. trying is best to have great life. I will try to make a good life for myself. i have a lot of goal to reach for those goals but I should try because it is hard for me. everything is possible.

for making a good life in this world is not that mach easy that we thing. We need to face to face every problems. if we scare from the problem then we will not be able to do something what we want it before and we can reach it in the future. so we should be do the thing what we want to do.",451,11,Female,Economically disadvantaged,Asian/Pacific Islander,train,3,2,2.5,3,2,2.5,3,2,2.5,3,3,3,3,2,2.5,3,3,3,2,2,2
D03AC4A82463,Individuality,"do you enjoy peolple that is contantly traying to meke you momethimg else?

Some people believe that is good to meke people change because they might like the person but not the person's personality. I'm not agree, becase if someone loves you they are not going to try to make you change, they knew how you were and even thought knowing your deffects they decide to be with you, and to love you how ever you are, if they try to change you means thet tey do not leve you the way they say, so is better to get away from them.

If someone loves you they are not going to try to make you change, dont let anybody to make you change, because if they really loves you they need to learn to loves you, and your deffects matter what.

They knew how you were and even thoght knowing your deffects they decide to be with you, and to love you no matter what, just be yourself do not let anybody play with your mind, because all people are going to try to make you change and they are going to even start say bad things about you but you know who you really are.

I

f someone ever try to make you change means that they do not really loves you the way they say, so is better to get away from them becase it can be that they can hurt yourself.

However you can change if you want just remind if you change is a big step and it's because you want to change not because people is asking you to change bvecause if they love they are not going to make you change, they are going to treat you good.     ",279,12,Female,Not economically disadvantaged,Hispanic/Latino,train,2,2,2,2,2,2,2,2,2,3,2,2.5,3,2,2.5,2,2,2,2,2,2
D13D39A7CD7E,Individuality,"To be yourself is the best privilege that just can do, and can get many accomplishment in the world. It is difficult make you something in a world that is constantly trying to which , to be yourself in the world should be the greatest accomplishment .

Have a positive attitude help their many security by self . Always think duly with positive mind for example , get many things important in the world . It is best option have in clear of be positive for to going for a good way . Also , to be yourself is best manner of demonstrate greatest accomplishment .

The principal point in the life it is have dream . Inspire to have many accomplishment in the world for example , it is beginning to created your own ideas for be greatest in life . Is important have dreams because the life not is easy but neither impossible . However dream is the principal goals that can reach accomplish by yourself .

While some people believe that to be yourself in the world not should be the greatest accomplishment , other argue that to be yourself in the world should be the greatest accomplishment

, because all is possible accomplish if a purpose . Although this be valid , there are several important ideas to be considered , such as goal yourself need thing you can do everything that you purpose , for example all sacrifice made by yourself get great opportunities . Endeavor is the principal motive for ahead leave . Nevertheless , make your purpose in the life advance to be matter .

To be yourself accomplish goal of reach many thing in the world . Not good be negative attitude in the life because all people can reach much objective in the life with a positive attitude . A self have that get inspire something for be the greatest accomplishment . It is consider to be yourself in the world of created and make ideas for accomplish the difference that can do greatest accomplishment , nevertheless , i believe that be yourself in the world don't matter the opinion of others people because yourself are responsibility of greatest accomplishment .",342,12,Female,Economically disadvantaged,Hispanic/Latino,train,2,3,2.5,2,3,2.5,2,2,2,3,3,3,2,3,2.5,2,3,2.5,3,3,3
D41787486DA6,Individuality,"Generic_Name has a plan on the future, but she need to think and she need to trust in herself to achieve the plan, and she said that she like working alone and she don not want have friends and she said that not needed help somebody more. Every people have the opportunity to realize the plan that they have to achieve the dream that they have. To be yourself in a world is the greatest accomplishment because every person have a great dream to achieve on the life or every people take a great decision by to realize a great things.

First, every person have a great dream to achieve on the life. For example: A student have a plan to realize a job, but the student don not want to have friends by to finish the work. Another example: One boy is working in one project by the school, but the boy want to work alone, the boy said if he working with your partner never to finish the job. Every person have the opportunity to achieve their dream, and every people can try to make something else is the greatest accomplishment.

Second, every people take a great decision by to realize a great thing. For example: On boy is playful and don not pay attention on the class, but the boy take a decision of no more play, and the boy start study and he is so happy because he has a great qualification. Another example: A teacher said at the students that working together buy one student take a decision not working together,

and the student that working alone he make a great job and the others not make nothing. All people have the opportunity to take a great decision because every people thinking different, and have a different dream.

To conclude, every people take a great decision by to realize a great thing, every person have a great dream to achieve on the life, to be yourself in a world is the greatest accomplishment. is better to be solitaire because you can achieve a lot beautiful things alone, and when you make everything you need to take your time and relax yourself. Is better that the people to keep the trust themselves and trust their own decision, if a person love anything to make that person trust in yourself and that person is feeling better when he is alone. ",387,12,Male,Economically disadvantaged,Hispanic/Latino,train,2,3,2.5,2,2,2,2,3,2.5,2,3,2.5,2,3,2.5,2,3,2.5,2,3,2.5
D7E4E0A1B943,Individuality,"Do you agree or disagree whith Emerson's statement about individuality ? Author Ralph Waldo Emerson wrote ,to be yourself in a world that is constantly trying to make you something else is the greatest accomplishment ."" I disagree with Emerson's statement about individuality .

my first important why I disagree whith Emerson's statement about individuality :

the humen, or the person, if he whant to be the greatest accomplishment i don't think he can be greatest accomplishment by hemself because he need help from shool or the teacher because you cant do that whithout help .

to be the greatest accomplishment you shoulde to study, or work whith groups not only if you work only you cant understanding you cant investigation your dream .

the work with groups that will help you to know our life that will help you to be greatest accomplishment my most important reason why i disagree whith Emerson's statement about individuality ;

To be th greatest accomplishment you need to study about what you whant to be you need to learn a lot of things about the world and every thing about the world you shoulde be the best one on the earth in conclusin , why i disagree whith Emerson's statement about individuality because he cant be the greatest a ccomplishment to be your self in aworld that is constantly .",202,11,Male,Economically disadvantaged,American Indian/Alaskan Native,train,2,2,2,3,2,2.5,2,2,2,2,2,2,2,2,2,2,2,2,2,2,2
D9B44BD44222,Individuality,"To be my self in this world I do not necessary need all the people that are around me. I can continue with life by my self. All the achievement that I been doing are made by my self because, I effort without the help of people that are around me.

In this world that I am know, I can not trust anybody because instead of wishing me the good things they wish me the worst. People sometimes are bad because they are telling me to do bad things, school does not help me to be someone in life, and they do not want me to be successful, but without them I would be someone with a better future in the world.

To make an accomplishment, I do not need all people that are around me. They are not going to help me to be successful in this world. An example is I had a friend named Generic_Name she was a nice person with me, but them she started to change. Generic_Name told me to me to skip school with her because, school is not going to help me to be someone in life. She had a misconduct with her parents. She did not stop to do bad things, so I stop talking to her because, My parents did like her anymore. I wanted to be friend with her but,what she was doing it was not good, so I need to worried about me.

To be someone in this world I have to work hard to do what I want without others around me because, when I need something or I get in a trouble they are not going to be there with me. An example is yesterday I took a test with others students in math class, and one of them told me to help him. I did not wanted to help him because, the teacher can get mad at me. After we finished the test he got closed to me, and he was complaining. I told the student that he should studied because, people are not going to be their when he needs to take a test.

Another reason to be successful in this world is that I would never give up, and will always do what even if the people said that I am not going to made it. A example is I am graduating this years and my cousin told me that I am not going to graduate because I am not very smart. I do not care what she said but, the only thing that I know is that I am trying my best to graduate this year. Sometimes I want to cry because she is always saying bad things to me. In this world I dont need nobody to be someone else even my family.

After all this, I think that I do not need people around me because they are not gonna be there to support me. Being with people that is around me is not good because, some of them would tell me to do bad things instead of doing good things. In this world that I am living right know people can killed me and cause me so much damage. It is better to just you in this world because you do not have to worried about someone else.                          ",550,12,Female,Economically disadvantaged,Hispanic/Latino,train,2,3,2.5,3,3,3,2,3,2.5,3,3,3,2,3,2.5,2,2,2,3,3,3
DA00F2B25B8C,Individuality,"According to the author

''To be yourself in a world that is constantly trying to make you someone else is a greatest accomplishment '', is hard because we are in one world that the most important thing is the appearances more than what you are, most of the people prefer be and appears something that they can not be, for example most of the people when someone comment about how they look or how they are, some of them get frustrated, is a biggest accomplishment because they critic your form of walk, how you use your clothes and how you do the things.

We lives in one world that the opinions are more important or what others thinks about you, are more important because the constantly opinions from people that the only things they care about is their appearances, one of the first reason why is a biggest accomplishment try to be yourself and be individuality is that you need to appear how you are, do your own stuff, no matter what the opinions are.

I am agree with the author of this prompt because is true that is a biggest accomplishment that everyday we have to tried to completed and do not do what others want you to do to make them feel better, or just do it for appear something that you are not, is good to be individuality and do your things by yourself and do not get influence with bad comments or opinions from others that are not satisficate with their personalities but is not easier to be strong in the world where the appearances has a big influences in the community.

In Conclusion, not everything is easy, when people do not try to let the stereotypes when is talking about how to be yourself, and leave others decided for you or left them influences you with negative thoughts, those people are not better enough to stay in your life, is a greatest accomplishment to dissolve but nothing is impossible and believe in yourself individuality and do the rights things can help you to finish the thoughts about others people with try to change everything.",370,12,Female,Economically disadvantaged,Hispanic/Latino,train,3,3,3,4,3,3.5,3,3,3,3,4,3.5,3,4,3.5,3,2,2.5,3,3,3
DA43320FCA57,Individuality,"This quote by Ralph Waldo Emerson wrote ""to be yourself in a world that is constantly trying to make you something else the greatest accomplishment"". People don't have to be something else as a greatest accomplishment. People are not being themselves in the world. This quote is not true because people are not achieving their goals, they are trying to be someone else, and they are not being about themselves.

The're not achieving their goals if the the world wants them to do something. People need to achieve their goals without someone telling what to do in their life. They have to know if they if the goals right for them to achieve, People with goals often don't like their goals because the world wants them to be something else in their lives. Often times people mistaken for want they want to be versus what they don't want to do. People who are not achieving their goals they go to be something else because they don't have a goal, or they are not themselves.

People are trying to be something else in their life by being not themselves. People have tried being themselves but failed because they can't find themselves. The majority of people will be something else rather than then be who they are inside of them. The world is a big place to be in for people and they don't want to express themselves out in the world, so they try to be something else to fit in. The majority of people who are something else are not happy for their decision because they are trying to hide their real self.

The majority of people are not being themselves in the world because they are not happy about themselves. People don't want to express on who they are in the real world and hide themselves. People are not showing who they are out in the world.

Often times people don't like to see themselves because they haven't found themselves.

People are most likely to go out at be something than to follow their goals.

People don't have to be something else as a greatest accomplishment. People are not being themselves in the world. They hide it to become something slese in the world. This quote is not true because people are not achieving their goals, they are trying to be someone else, and they are not being about themselves.                                         ",394,12,Male,Economically disadvantaged,Hispanic/Latino,train,2,2,2,2,2,2,2,3,2.5,3,3,3,3,2,2.5,2,2,2,2,3,2.5
DA4E1BDBD778,Individuality,"What Ralph Emerson say,sometimes it could be a challenge for some adult but it is more then a challenge for teenagers,because since you are a children you know how your life is going to be.

If you grow up in a family who cares about you on what you do the whole day you know that you are lucky because not all people have the same family as you. When a teenager have a family who do not care about him he is going to end up having more problems them that one who have a good family. At this point this teenagers has to decide to be himself a man of good and make proud his family and show them what you did with out their help or end up in jail. When the person don't have support from their family they do what they can so they can have some money on their pockets and have some food on the table for their family. That is what be yourself mean care about you and your family and give to your little brothes the opportunities that you did not have. Most people take that decision when they are teenagers,that is the most hard decision to make because you are living all your past behind and trying to work hard and never go back to the same place.

People who did take that decision when they where young they know how it feels be on that situation, they learn how to be themself and how a real man act. This world is for the people with strongest feeling weak people don't survive in this world. So to be yourself you have to be strong mind.                                                                                                                                                                                                                                                       ",488,11,Male,Economically disadvantaged,Hispanic/Latino,train,3,2,2.5,3,2,2.5,3,2,2.5,3,2,2.5,3,3,3,2,2,2,4,3,3.5
DBF44F842C57,Individuality,"Dear Generic_Name

It is a honor for me to respond your statement about human individuality and I agree with your statement and i believe that be yourself in a world is hard. The world is something that the human we can not answer and be yourself is definitely the same is hard everything is hard but you can get a lot achievements for do and treat the best the you can.

First, I think the when you are alone and the city or other place and you got this situation you are alone there is not family, friends, parents nobody is there but you have to be sure that you can live without people that grow and start think what is going to happen. I believe that everyone can do everything that we want each achieve or something else because everyone can be smart, we are the people that we wanna be and yes if you are alone in the a big world you are going to scared first you have to work and pay everything that you want but that is help you to get the greatest accomplshment.

Second, be yourself is everything that all people want because to can express the real person that you are not a fake person cause if you are in a meeting or school or whatever place you have to be yourself and demonstrate the person who are you inside the feeling the you have all the characteristics that you have the point is to desmonstrate the world the you can be yourself and make more to get something else and be something else.

Next, desmonstrate the person who are you one reason is you can get more friends because your are showing to other person who real you are.

In clonclusion, be yourself in a world is more better then not we have to continue trying the person who wanna be for get more achievements and other things. Thanks for give me this opportunity to response you what i think and give you my opinion.

Sincerely.",331,12,Female,Not economically disadvantaged,Hispanic/Latino,train,2,2,2,3,3,3,2,3,2.5,2,2,2,2,2,2,3,2,2.5,2,2,2
DC099826F469,Individuality,"People is always trying to make you be someone else or follow new tendences ,especially in this time everyone is trying to have the same haircut,color hair,or body. A lot people is afraid to be themselves which is mean show to the world who they really are. For these and many reasons is why i am agree with Emerson's statement because if you obtain to be yourself you are gonna be unique,you are gonna follow your dreams,and you are gonna be confident.

Everyone is trying to do the same things that someones else does, but imagine being unique you would be different from other people you would play or practice any sports that you want. You can get your own style use or create your own clothes, and start to use your imagination. You do not have to be worry for follow any fashion because you would have your own sunshine.

Dreams? I am pretty sure that you have dreams like I do, but my dreams migth be differents from yours, probably you want to be a doctor and i want to be a singer. However if you get to find yourself you are follow your owns dreams you will be more happy that anyone else doing the things that you love. You are gonna enjoy your life every single day, every moment ,and everywhere. You alwalys are gonna get the positive side of the things even in your bad days because you are gonna love what you have and what you do.

In this time be confident is something really hard for many people but if you are a confident person you will not care about what people say, which is mean you are not gonna care about they opinions because you will be focus in your goals .You will belief in yourself, in your decisions do not matter what will happen. You will be an example for many people who does not felling in the same way that you do and you migth inspire them to follow their dreams.

In conclusion be yourself does not matter what people say or what they want for you,live your own life because life is only one. Get your own goals ,and do not try to be like someone else, do not follow their style because if you do not be yourself ,you are never ever gonna be happy with your life and you will not get all the things that you want in your future. Get your own sunshine just try it, it is inside of you and it is waiting for you ,Love and be yourself.                      ",418,12,Female,Economically disadvantaged,Hispanic/Latino,train,3,3,3,4,4,4,3,4,3.5,3,3,3,3,4,3.5,3,3,3,3,3,3
DC2E6750CDEC,Individuality,"Nowadays we live in a world where everything has to be perfect if you wanna fit into this society, therefore humans have made up an exteriotype of how people are supposed to dress, look, act and live. We all have the right to do whatever we want and be whoever we are unless you want to hurt someone. We are free to do what is better for ourselves without being judge, so why do we let society control us?. People should not be afraid to be who they are and show the world what they are made of. All humans are different, we all come with different shapes, sizes, personalities, skills and that is what makes us beautiful, the power of being ourselves.

Experiences make you grow and morph you into a better person, life makes you realize how bold and smart humans are, in addition to this we all have been raised differently so trying to follow an exteriotype is like letting go the opportunity you have been given by life to find out what you are made of, to find oud your power, your way of doing things and solving problems, and last but not least you are letting go the opportunity to make up your own thoughts just because you are giving people the chance to control your mind and the way you think.

I totally agree with this statement, to be yourself in an environment that is constantly trying to make you something else is one of the best decisions you could make, perhaps just by being yourself you could teach someone else how to improve its personality, or maybe you could show them how to act when it comes to solve an issue, theres is multiple opportunities we miss just by trying to be someone else . All humans have a superpower within their selves that they could share with everyone, therefore, trying to fit in, follow an exteriotype and trying to act the same way the others do is equal to not take advantage of our power wisely.

We are afraid of showing who we are because, to us is more important what they would say and think about it. We care more about their reaction towards us and what we do not realize is that maybe they would like more who we actually are than the person that we are trying to be. Once humans face the truth and notice how valuable and special we are, that will mean that we have gotten the greatest accomplishment in life, which is being ourselves no matter what the others say or ask us to do.",425,12,Female,Not economically disadvantaged,Hispanic/Latino,train,4,4,4,3,4,3.5,4,4,4,4,4,4,4,4,4,4,4,4,4,4,4
E0B86027C5C5,Individuality,"Do you prefer doing things in life by yourself or with a partner? Some people prefers to work or do things with a partner or in groups. Although, most of the people think that working or doing things individuality will make them more succesful in life because, you know what you are doing, you know what you want in life and what your goals are. being yourself in this society is the best for you.

Working or doing things individuality will result better for you because, you know what you are doing. you know what your dreams in life are, only you have that knowledge so, you will work hard to make them come true. when you are doing something and you feel like you are doing it wrong, ask for some help or advice. show people that you do noy give and that you can do it.

When working individually you know what you want. when you get that, you will feel proud of your self, because you did it by yourself without any help from anyone and that makes it more special. to the people who did not believe in you, you will make them see that you can do it. whatever positive things you do for your life, they are better when they are self made, you did everything you could to accomplish.

Achieving your goals individuality is the best accomplishment in life, planing things and accomplish them by yourself, is one of the best thing that can happen to you in your progress. always be your self, do not try to be someone else, put effort on everything that you do to achieve your goals. fight for your goals, the most special feeling is when you achieve something that you proposed to yourself. being yourself is the greatest thing.

Most of the people think that working or doing things individuality will make the more succesful in life because, you know what you are doing, you know what you want in life and what your goals are. you could have important skills and that could make you someone important for the society. always be yourself. don't try to be someone else because you can do things that the other person can not do or viceversa.",364,12,Male,Not economically disadvantaged,Hispanic/Latino,train,3,3,3,3,3,3,4,3,3.5,4,3,3.5,4,3,3.5,3,3,3,3,3,3
E103955391AB,Individuality,"Yeah we all have our own freedom but well that's not always true a lot of people let others control them. So it is said

Author Ralph Waldo Emerson wrote "" To be yourself in a world that is constantly trying to make you something else is the greatest accomplishment""

Like i said we all have our own idividuality that what makes us we have our own way of being, own name and own way of looking we are just our selves. Specifically individuality shows us that not everything should be given to you if you want something you work hard for it but also it's a sign of your own development that you can do everthing by your self but it's because you are who you are and no one can change you. Therefore, itis proven that it's better to be individual than anybody else just giving you everything by hand .

""FREEDOM!"" is a good word all of us love to hear. When you realize you can do anything by yourself you feel like no one can stop or as free as the wind but theres always going to be obsticles without a doubt. To be Indivdual it can happen to any one such as a kid who has learned to do thier stuff alone or when you move out of your parents house and get your own home. It honestly can happen to anyone becuase thiers so many types to define the word individual. well to fell free is not a bad thing after all .

When your individual you mean something to this world because you think about yourself. You set your own goals and accomplish them and you maintian yourself the way you are it's even more better becuase it's the hugest goal anybody should have to not let anybody change you wreck all you have accomplished. To your self you feel like you value your self and it's not bad at all to value yourself because it biulds self confidence within you and that means you have you feet on the ground and yeah your ready to face any obsticale.

No one should define you except you because the world will defenitly try to change you but if you don't aceppt it won't happen like Author Ralph Waldo Emerson said ""To be yourself in a world that is constantly trying to make you something else is the greatest accomplishment"" whom we have someone to look up to and understand that to be inividual is okay.",399,11,Female,Economically disadvantaged,Hispanic/Latino,train,3,3,3,2,3,2.5,2,3,2.5,3,3,3,3,3,3,3,4,3.5,3,3,3
E1CAFEEB258E,Individuality,"Author Ralph Waldo Emerson, have's kind of a point about the world trying to make you something else.

My point of view is that we all have choice's we make to better our selves to make us better people in the world but some of the choice's we make as human's can lead us to a wrong path. We as people have to set goal's for the future and plan ahead to accomplish them. One thing i learn while being incarcerated you got to value yourself more than you value other's, if you dont value yourself what's the point for setting up goal's if all they going to do is collect dust.

Everybody haves different opinion's some people might think the world is at fault for the choice's they make and thats not true, people blame others when they know their in the wrong or done something wrong than try to say it's the other person's fault. I'll say is, with everything going on in the world we got to get together and help each other more and come together as a team NO! more as a family, when one of us fall down we lift each other up, if one of us get's hurt we heal each other. There's got to be thing's we can do, hard time's dont last forever at these moment's we got to remember how far we come from hard time's when things didnt look good for us. The world can try to charge you, it can try to break you, it can throw you to the side but the goal's you set up and the people by your side will help you complete the dream's and goal's you wish about.",254,10,Male,Economically disadvantaged,Hispanic/Latino,train,3,3,3,3,2,2.5,3,3,3,3,3,3,3,3,3,2,3,2.5,2,3,2.5
E22AC96B8B1D,Individuality,"I agree what Emerson is talking about because nobody should ever tell you that you can not be yourself or feel wrong about them self. if you want to be a doctor then go head make your dream come true or if you want to be a nurse then go head do not let anyone stop you because at the end of the day your the who wants to make your dream come true and who wants to be a better person in life and who wants to make your family proud of you of, what you have become, what you have been working hard for. if you want to be a nurse then you will need to work really hard and study if you want to get to that level and to that point. if people do not like who you are and they think bad about you do not let to them bring you down keep doing you prove to them that you do not need them in your life and that you can do better without them

Because your the one who wants to be a better person in life. if people wanna say stuff behind your back igone them beacuse they are the ones who are gonna feel bad about them self. ",216,12,Female,Economically disadvantaged,Hispanic/Latino,train,2,3,2.5,2,3,2.5,3,3,3,3,3,3,2,3,2.5,3,3,3,3,3,3
E6346D434004,Individuality,"It is a most important thing to be yourself. At first pass, it would seem to be obvious that you would aspire to be yourself. But we all know of the pressures to please others as we grow up. First the pressure comes from your parents, then your young peers, on to teachers and bosses. You find yourself constantly trying to live up to the expectations of others and why not? It is usually a good things to follow the wishes of those who have raised you, and it is natural to conform to the ways of people who help you along the way. it is alot like osmosis. It is also expected that prescribed pathways are followed, in a way, to repay kindness and debts. As an example, parents pay for your education, including arts and sports activities so surely it makes sense that you would try to excel in those endeavours as a form of Thank you. The same goes for showing a good teacher or mentor that you understand their lesson and often end up developing further on the path they revealed and recommended.

However, at some point your own predictions and dreams emerge. Let them and pay attention to them as they will become your guide to your ultimate destiny. While showing respect for your parents and elders, start to forge your own identity. Those who truly love you will be on the sidelines cheering your every step. Consider he words of Dr. Seuss, ""Be who you are and say what you feel because those who mind don't matter and those who matter don't care''. I couldn't have said it any better.

Essentially, and ultimately, you don't have any choice in the decision about being yourself. Since the time of Socrates, and no doubt before, a predominant human instinct has been to know thyself. The problem for some people however is that they harbour the inner self and keep it separate from the self they display to the world. This predicament can eventually morph into a personality disorder if the gap between your inner person and public persona is too wide. Soon being in public will become a chore you will feel like a phony. you will probably end up living the life of the recluse. Not a good result for most people except the odd monk.

The best way to allow your inner self, that part of you that holds your real aspirations and dreams, to become what the world sees is to start cultivating the key aspects of those chracter traits. Start becoming that person in your mind and begin to feel this is yourtrue self soon actions will follow. You will begin to feel comfortable in your own skin. For example, if you want to become a musician then slowly tell people that you ""are planning a career in music"" and start acting that way. Surprisingly, this will start you help you as other people will begin to look at you in that light. Eventually they will tell others who are interested in the same path. Soon that will led to communications between you and a host of other like-minded people. Your network will expand and you will soon be part of a musically inclined community nurtured and growing professionally all the while gaining confidence in the new you.

Another way to look at ''finding'' yourself involves a more prosctive, less reflective path. Life is not about finding yourself ; Life is about creating yourself"".

This is the other side of the coin. Maybe our ""selves"" are like a blank slate waiting for someone to write the future. Maybe we should not dwell too much on ourselves. Too much soul searching can lead to a sort of paralysis an inertia brought on by excessive searching for the meaning.

I think we all instinctively know what we want to do it is just some of us are a little hesitant to breakout. But, it is the only way you will reduce anxiety and eventually find a sense of fulfillment. So just do it as the Nike ads encourage. Step into that real you and have some fun along the way. Be Yourself. Everyone else is taken. So, we need to keep this things into our selves that way we could improve our selves as the best human being in the world. No one can make you feel inferior without your consent.

So, I totally agree with Author Ralph Waldo Emerson that ""To be yourself in a world is constantly trying to make you something else is the greatest accomplishment.",737,12,Male,Economically disadvantaged,Asian/Pacific Islander,train,4,4,4,4,3,3.5,4,3,3.5,4,4,4,3,4,3.5,4,3,3.5,3,4,3.5
E7E6102C559E,Individuality,"Im completly agree with this quote, because actually is hard to be youself, a person who dont even know who him is and his proposit in this world and a society were literally nobody cares about who you are, your aspect and your skills that probably gonna be used to enrich other people who doesnt even know you. Sometimes life could be misleading and maybe will be hard to find yourself or your proposit.

even your family could have 2 faces and make your way harder, thats why you need to take care who you trust and select correctly, theres bad people and just because the blood is shared doesnt make them your family. Nobody has born yo be the center of everything, even if everything looks immposible you are still able and free to be the person you wants to be even thought is hard when the world is facing you and making imposible little things,but sometimes you need to accept that somethings aint for you, nothing is just when they was maded to people with more opportunitys sometimes you will feel that you will never get a good chance to do what you actually wants. The future and the time could be creppy but you need to rememember all dreams are possible if when you keep them in mind, is not impossible to be yourself is hard ans sometimes sad when you get lost tryng to find who you are but at the end life will be good because you finally gonna be the person you wants; Because trying to be yourself in this ugly and unfear world is the greatest accomplishment, at the end nothing is more important than you.",274,11,Male,Not economically disadvantaged,Hispanic/Latino,train,3,2,2.5,3,2,2.5,3,2,2.5,4,4,4,3,3,3,3,2,2.5,3,2,2.5
E91431653DE3,Individuality,"Prompt

The author Waldo Ralph Waldo Emerson wrote, about to be individuality. I disagree with him because there are many occasions that you need help from someone in life. Is not just to be individual is to know how to management your life in your time. In this essay i will talk about some ways the we can work together. Firts i will explain about, job issues and results. Second i will explain about society, and how can be relative to be not a individual person. Finally i will expain how to take decisons, and to make them work. This may prove that individuality doesn't change the you can not be, what you want be.

There are many ways the can be a ocation of individuality. In your job, might be someone you do not like, because his or her behave. You can try to work with the person, is not just be a individual person, beause you might need the help of the person one day. If your try to work with the person to broke the individuality between the person in you, that can be a avance to be relative to other people. Another occasion on individuality in your job can might be because, you are not doing what you dreamed about to be in the future. The doesn't mean the you can not fight to get your goal, if you don't like your job try to do something the you like been working in a job that you don't like is typical of individuality behave. Many companies work together as a team to get there goels, you can work with other people in your job as a company.

Some people prefert to be alone in many times, these people we can know as asocial. This people just want to be alone becuase they feel comfortable like that. There another people the doesn't like to be around others people, because they like to do the things by there own. They like to be the one the everyone see, the point of attention these people we can call as indiviluatys. Not all them are the like that, because there might be a reason to makes them to be like that. Maybe for their background. Be around of society is sometimes is more complicate then what it looks, mostly if you know people like that, but you can try to work with them or somethings these people chage. Some them beacuse they look for help and others change because someone close to them help to change for good.

We all make decisions in life but some those decisons can make us to do something wrong or to be a different person. Try to be anoter person is not just to want to be the person is to make a decision. You can make the decision to be push it by the world, or you can make your own decision of what you want to do in life. Many people take the decision to stay in a world that management their life, because they think the is better or because is the easy way. The president can deciside to work alone, and make the things as he wants but he knows the he needs to work together, we the people in the congress beacuse by himself can not do everything. As the president we can make the same, decision as him to work together or not. you can make your own goal to fight for what you want or to be constantly push it by the world to change you to be something else.

In summary we all have the decision to select which way to follow. As i went throught about job and result. Also i wrote about hoe we can live around the society, and how we can result conflicts. Finally i explaned how we can take are own decision, to be what we want to do, and what can be goal to follow to change, or fight for it. This can be a result the Ralp Waldo Emerson, is wrong about to be push it by the world constantly, beacuse you change that and be what you want to be.",685,12,Male,Economically disadvantaged,Hispanic/Latino,train,2,3,2.5,3,3,3,2,3,2.5,3,3,3,2,3,2.5,2,3,2.5,2,3,2.5
E9947D032E7B,Individuality,"What is the greats accomplishment to be yourself in the world? Today some people think the greats accomplishment to be yourself in the world is doing, they favorite things and they feel proud to be like you want. In other hand, when you love yourself or if you value who are you in this world nobody can change yourself, as your accomplishment is to be better in this world and your best accomplishment is your goal, Because you accomplishment guide your future, you love how you are and never give up in your accomplishment.

People in day the greats accomplishment, it's to be better everyday, in make happy yourself when you try to better with you and always you do your accomplishment real, because you have a courage to do your think, although many time is had but never give up. You accomplishment in yourself can change your future. ' My dad one day he told me, if you don't have accomplishment, you don't can to live the life because you accomplishment make your future, no body can do your accomplishment just you my beautiful daughter"" This show us like nobody can change yourself and decide for you just you can do it, because it's your decision what you want to do in your future, but never forget your accomplishment in yourself can be stronger in the future.

Some people don't like, how you are but in this life the most important is how much your love yourself, because other people can to critic you, but never put attention what people think or said because your plane it's to be better and you could be who change the world and put example in other people because if you don't love yourself you cannot be stronger in the future, but it's beautiful when you love yourself, you can to respect other people, you will be kind and always you be happy. ""My Teacher told me Generic_Name. Are you love yourself? Why asking you that because you are beautiful and you have a future in your live you can be more like you can image."" This show us like love yourself because nobody want to do for you and the love is for share with other people.

Finally, never give up in your accomplishment, because it's important to know what you want to do and what do you want, sometimes like you want it's not like how you planed but for that never give up, always will be a wake, but not always too everything be wrong, just you need to have a courage and to get everything in your accomplishment in yourself is the power. When you see your accomplishment real you will be proud, because was your brain and yourself

"" My grandma told me. Never give up when you accomplishment is in front you."" This show us although it's difficult to realize your accomplishment always think in everything what do you want in yourself.

Conclusion, the greats accomplishment to be yourself in the world, it's to do your things what you love and love yourself, because all this is important to have a better life and have a conversation with people, but happy an share all positive opinion with them. ""The life is one so live like if you don't have tomorrow"".",515,12,Female,Not economically disadvantaged,Hispanic/Latino,train,3,3,3,3,2,2.5,4,2,3.5,3,3,3,2,3,2.5,3,2,2.5,3,3,3
EBD559A9576C,Individuality,"Being yourself is being true to yourself and to others for example. When you're hanging out with a group of people. Don't act like someone else but yourself because you will get caught for trying to be someone that you're not and get made fun of for being something that you're not. It's better to be yourself because you want people to like who you really are. Not someone you ain't your just lying to yourself and others.

Ralph Waldo Emerson was a Author who believe ''to be yourself in a world that is constantly trying to make you something else is the greatest accomplishment''. I agree with that statement but not so many could say the same. There is many human on this planet who cant accomplishment being their self than being someone else than their self .

Many people struggle to be their self because of society. Society brain washes people to be someone else than being their self.

Nowadays being yourself is lame and being someone else is Amazing to some people. Their is con on being someone else like lying to people until they fine out who you really are. Than they might not like who you really are then your feelings are hurt . Therefore your friendless and hurt ,But you could always pick yourself up by being yourself. Than by over time people will start to notice how you change and they will want to have relationship with you.

It's healthy to have relationships with you being yourself than being someone else. The reason why i am saying that is because you dont want to be lying to the other person the whole time during the relationship . It will bring problems to the relationships .However its always a good idea to talk it out and come clean.

Being yourself make a huge impacts in people daily life. It could go for the good or the worse its all up to the person. Therefore its important to be yourself always no matter what or whats the cost of it . Also make sure to take pride of being yourself.        ",347,12,Male,Economically disadvantaged,Hispanic/Latino,train,3,3,3,3,2,2.5,2,2,2,3,3,3,3,3,3,2,2,2,2,3,2.5
ECEE1FB05BDE,Individuality,"Let's be honest if you're yourself and not faking who you are in this world you'll become a better person in this world. One thing you don't ever forget is to be honest,and to be real with yourself and everyone around you.

Girls,if you reading this please don't make the same mistakes that i did in my past be always honest with your partnership or whoever, because the consequences are not how you might think. When i was in 8th grade i met this person i was so in love with him,he add me on snapchat so that same day that he add me i post a pictures that i was in the field,35 minutes after he text me i was so happy,and nervous because i liked him so we start texting but we never talked in person,a week pass by and he start to being disrespectful with me,playing with my feelings i knew that we were just friends in those time. One day i told him that i want him to be honest with me,he always said that he was honest with me,2 week pass by he were keeping playing his little games and i did not say anything i just leave his message in delivered,1 years pass by he texted me saying that he felt so bad for everything he did to me in the past,i just told him everything that i felt for him in the past but he was not honest with me. Girls,let me tell you my big mistake that i did,we talk about 5 months as a friend after we talk for 5 months he make me his girlfriend,at the time i was still feeling butterfly for him that first years is was perfect like any relationship,those 12 months i was so happy,i always told him that he was ''the love of my life'' and i just say it for everything we went trough since middle school also,because he was my first boyfriend and my parents were fine that i was dating him because they though he was a good person.

Girls,find a guy who is real with you all the time they might be a lot of guys out there that can pretend that he is in love with you. Yes, they might be real and make you feel butterfly 5 months or 6,but things changes in this life person change not everything is always the same,anyways he started to lie to me when i knew that truth of that problems is when he start to hurt me all the time but when you love someone you let them hurt you,so i keep letting him hurt me,i started crying and to supplicated to stop hurting me he stop like any relationship we were okay for a week and then he started doing things that hurt,he started talking to girls,and cheated on me but us girls we so dumb that we keep them.2 Years after i was in depression i did not tell my parents they found out when they take me to the hospital because i passed out in my room crying, without eating for days i was in the hospital for a week after that i was able to go they take me to therapy. after 5 months of going to therapy,i was able to talk him to close a chapter because i learn to forgive but in my heart i felt hate for him what i told him was ""i love you but i love other person more than you and that person i'ts me"" yes, he cried but he did not deserved me .Finally i let toxic people leave my life,i'm not going to lie like i'm afraid to talk a guy again because i feel they will hurt me. i'm not thinking to go out with a guy because girls you have to love yourself to be able to love other person.

In conclusion,if you are honest with yourself your life will be okay without any problem.     ",610,12,Female,Economically disadvantaged,Hispanic/Latino,train,3,3,3,3,2,2.5,3,4,3.5,4,3,3.5,4,3,3.5,3,3,3,3,3,3
EE392BB6CFD1,Individuality,"kind,caring,nice. Those words explain the meaning of a person if they are trying to be their self. Although some people may think its okay to be yourself in a world where its always trying to change you , nevertheless , some people may think is not okay to be in a world where its trying to always trying to change you into something else because people should express them self how they want to they shouldnt be in a world where its constantly trying to make them into something else and people should live how they wanna live.

For example , people should express them self how they want to be they shouldnt be in a world where its constantly trying to make them into something else. People have all right to be who they wanna be but if you in a world where it is trying to change you that is not a great accomplishment. Clearly people should be who they wanna be.

Therefore , people should live how they wanna live. Everyone picks how they wanna live in a world some people pick to live in a world where people get to pick who they wanna be and some people pick for them self who they wanna be. But its NOT okay to live in a world where everyone picks for you u not making a great accomplishment for yourself. If your making a change for your self you should be living in a world where it doesnt judge you for trying to be something you wanna be and you turn your self around and be come something where everyone want you to be a they call it ""great accomplishment"" .",287,12,Female,Economically disadvantaged,White,train,3,3,3,3,3,3,2,3,2.5,3,2,2.5,3,3,3,3,3,3,2,2,2
EFCC45260444,Individuality,"Well on my opinion I think that the best accomplishment is when someone tell you to be your self, no need to act or being someone we are not, It's better when we can be our self on this world.

When someone act something they are not, they are kinda lie about how they really are, When we chose to be something we are not, It's the worse decision that we can do. But I know that every person think different to what others think. some think that act someone they are no is something better for the world. I totally disagree.

We need to stop thinking or worry what other people are going to say, we just need to worry about our self and for the people who accept how we are, with the people we can act how we really are and those people who don't judge are the best people in the world the best accomplishment a person can give is when they tell you that they accept you how you are and that we are unique, don't need to change to something we are not, that is the best accomplishment that someone can give to someone.

I don't agree with what Emerson's statement say because, we don't need to change to someone else. We can't let the world change how we are. I don't think the greastes accomplishment is to be in this world constantly trying to make us something else. The greastes accomplishment is that we show how we really are we all have something unique we need to be ourself in order to make the world better.

Being our self with someone it's kinda the best thing someone can experiment, being our self with a person is the greastes thing in the world, now and days most all the people can't be them self around other people some of them laugh at the people who act exactly how they are, some of them don't really care or pay attention to what others are doing, and I think that's how it should be. now and days we see a lot of things, people that are gay, transgender, people that are bisexual, homosexual, now we see all that for almost all the people in the world that is something normal but most of them is not. but they just acting how they really are but sometimes it can just be confusing.

Something that happened when I was 16 years old is that I had a friend that always was lying of how she really was, she used to said that she had a lot of money which wasn't true, she did have like the normal she was okay with what her parent had, she said that she was rich and all that, and because of that she make a lot of friends even that ones that were my friends stopped taking to me because i wasn't how they wanted me to be, they would tell me to go party with them, to drink, smoke and all that, my answer to all the was always no, so they stopped asking me, later on they find out that the new girl didn't have that much money as she said she had, the people who I thought that were my friends told me all that and the realize that acting something we are not is not always good being someone we are not, or telling people that we have something when is not true. We all have to be honest with each other.

That's why I always tell people be yourself no matter how hard it get, the best thing we can do it's to be our self, people need to start accepting others how they really are, Don't need to be two faces, that is how we saying now in days. Now in days most of people would wear say whatever they want,

most of the people don't care anymore they just focus on what they are doing no in what the others are doing.

When you show to someone else how you really are is because most of the time, we felt comfortable with that person.",648,12,Female,Economically disadvantaged,Hispanic/Latino,train,2,3,2.5,2,3,2.5,2,2,2,3,3,3,2,3,2.5,2,3,2.5,3,4,3.5
F131A67F5B95,Individuality,"Being yourself is better than try to be someone else, being yourself brings you a true friends, not afraid to know who you are, and the most important is that you are honest. When someone is dishonest the person will not have true friends, maybe the person do not know who is. Being someone else is the greatest accomplishment in this world.

Being yourself brings a true friends.

In this world we love to make friends. Why? it because friends never let you down when we need them. Friends brings as happiness in our life, we can count with their time in conditional, friends are gift of God, whatever place we go, we always are going to find a friend. Friends are like family, they there for you no matter what, sometimes we fight with them but they will there for us because they know that you are being a true friend. Being our selves we always going to successful whatever we go.

Being yourself is know who we are. Know who we are, is being honest with our selves and not only with our selves same thing with the society that is around us. However;

some people might not likes us too much because of our action and the way how we talk hurt them. One action talk a lot of a person because demonstrate that that person know who he is. Know who we are helps with our self steam, also we make friend, the love of people and most important is that we loved who we are and not act like if we are someone else.

Finally being honest, is the best action that a person can have in life no lies, no disappointed on people, no issues. Being honest is how we can have true friends, not only true friends, we earn the respect of every single person that we work with or meet in life. People will trust in a person that is honest. not in a person that is dishonest. Whatever place we g, we most be honest with all kinds of people no matter what. Friend, teachers, family, etc; will not disappointed on us, if we are honest every single thing will work for as , there is not issues when a person work honest, it is all the contrary.

Being yourself is the best choose than try to be someone else, being yourself you re not fear to know who you are. Also, the most important is that you are going to made, ""real friends"". However, honest is a strong part of being yourself. No matter what, stay the same, because try to be someone else will hurt you and all the people that is around you. Stay your self eventho the world constantly tries to make you something else.",471,12,Male,Economically disadvantaged,Hispanic/Latino,train,3,3,3,4,3,3.5,3,3,3,4,3,3.5,3,3,3,3,2,2.5,3,3,3
F166A6757369,Individuality,"Present. A lot people have a busy life and work hard. Because every one need to have a happy life. A lot people have a happy life just because they have to do something they like. But lot people believe happy is come from money and work hard to get it. But most of them not happy. Because they just work for money not for happy.

Generic_Name graduate yesterday from university. She begin looking for the job and go to work in the TOYOTA company. She smart and working so hard and because that make she have a good income. But when she working almost 2 years she so tired every day and she begin don't want to work. And then she begin thinking ""I have money, I have house, I have car but way I am unhappy"" Generic_Name go to consult her mother. And Generic_Name mother say "" Maybe you are tired you should to take some rest"" then Generic_Name go to vacation to rest. And then between vacation she see the flower farm. She like the flower and she have idea to make a flower farm to. She sill work in the TOYOTA company but only 3 day per week. And other day she make the flower farm and she feel happy. She can sell some flower and get some money. And then 1 year has past. she don't work in the TOYOTA company anymore. She choose to spend time for flower farm. She like this work and she so happy.

The life is short. Everyone have only one life. You should spend you time for something you like to do. It doesn't matter you have a good income or not. To be yourself. You might think the rich people is happy. But rich people happy not because they have money but because they have time to do anything they like.",295,12,Male,Not economically disadvantaged,Asian/Pacific Islander,train,3,3,3,3,3,3,3,2,2.5,3,3,3,3,2,2.5,3,2,2.5,3,3,3
F1B1760AD63F,Individuality,"I disagree with Emerson statement about individuality, because you can't think about only yourself, I mean sometimes but not everytime like me, me, me and nothing else bised yourself. So you have to think about others like; family, parents, brothers or sisters, grandparents, collagues (sometime), friends when they helping me in some situation and after that I do care. For example if you are in team or more than that, when you participate your members may asking quiestios to solve the problems, what are the planes for next few weeks we will do, or projects. And ""it's about teamwork not a selfish"" if you decide to ignore and don't even trying to helping your team members, what kind of person they will think about you as team member, but if you will help your team, well then.... push yourself and at least do your best to succeed. When you have a job at business office or somewhere else, they will watch you how you behave, why they should higher you, handel your working and etc. Just don't overthink about yourself, and just do not forget about other who you have.",186,12,Male,Not economically disadvantaged,White,train,3,3,3,4,3,3.5,3,3,3,3,3,3,3,3,3,4,4,4,3,3,3
F3259CFA6566,Individuality,"Being yourself brings out the better you in a person. When you are yourself your a better person because your not changing yourself to be someone your not. Sometimes its good to change in your life but don't loose the way you are to be someone worse because your attitude and personality is what stands out the most in you. Most people change because they want to be a better person or they are tired of being so quiet and keep to themselves. The way someone is shows the kind of person you are and to try to change back to the person your not anymore could be difficult because you are changing your ways as a person.

Firstly; being yourself means you are unique in your own way. You don't have to change yourself to prove a point to someone. No matter how mean, rude, disrespectful you are you can't really change the reason I say that is because that is how you are already as a person. Most changes can occur maybe from someone loosing another person like they passed away and it hurts you so much you loose yourself as a person. Changes can reflect you as to what goes on in your life. Like maybe you suffer from abuse, violent actions, or even depression that can change you as a person. Just by being yourself and pushing yourself to change can be such a big change in your life even maybe to your family that are already used to you being a certain way. If you want to change your way of being change to be someone better the who you are now because out don't want to be the person everyone talks about. Just by being yourself you should care about what other people think about you because you are who you are and no one can change that.

Secondly; just by changing you can loose your inner self. You had already been trying to be someone that you like or maybe even respect. If you want to change you should do it for yourself don,t do it for your friends because at the end of the day they won't care who you are or what you are. Most of who you are and what you do can reflect you as a person of good. One thing my grandma would say to me is "" sweetie be yourself don't change yourself for anyone because no one will respect you and love you like your family will"". Be you don't push your inner self away because no matter how rude and annoying you are your still one of the best person in your family. No one deserves to be changed just because people think your not a good person already. Show your inner person because you are probably hiding someone you haven't brought out yet. Most people can bring you down just by talking about you are even getting other people to hate you maybe because your to quite or your not a good person. Be you unique in your own way and show everyone that you are good with who are already.

Thirdly; your personality shows your character as one. No one wants to b friends with someone that he or she is better than everyone else because thats not true. You should always show where you come from even if you are poor and dont live in such a beautiful house. One reason i could say is because most of those things show that you dont care about what people think or say bout you because everyone stands out as who they are. Don't be someone you'll eventually regret being because that could reflect on you changing. If one of your friends, cousins, siblings stops talking to you dont bring out a mean person you weren't supposed to be because they could pull away from you and not want to be near you again. You also can't be a coward just because someone gives you advice on changing the way you are because maybe they are trying to help you be someone better and of good. Be the person that stands out for being himself or herself and not the one that everyone says oh they copy everything

I get or ever wanted to be more popular somewhere be more known as a person.

Fourthly; Changing back someone you had already change to can be difficult because you had already pushed away the person you didnt want to be. Trying to go back to that person you used to be can be long ago by the time you try to change back to that person. Most of the people that pushed away from you now may never come back because of you changing who you are and or were at one point. Most of things you did to change yourself can just now affect you and can never be out back together again. Be yourself dont be that person that tries to back to him or herself just because you dont like the now you. You decide to change to be a better person so move on and keeping that person you wanted to be at one point. You've changed for a reason so now you should em braise it and love your change. Who you chose to be will be that same person you'll possibly be one you are more grown into life.

Lastly; be yourself and dont try to change yourself to be someone your not. Who you are now could help you throughout the rest of your life. Maybe not always be yourself but dont do it or someone that doesnt deserve to see a change in you do it for yourself. Do everything to try and be your own and unique person all at one because a lot of people would like to around you. Just by being yourself could always reflect on who you want to be once you grown up and leave from your families home.",983,12,Female,Economically disadvantaged,Hispanic/Latino,train,5,4,4.5,5,5,5,4,4,4,5,4,4.5,5,4,4.5,4,4,4,4,4,4
F38E063ED945,Individuality,"Being yourself doesn't depends in how people see you, it depends on you because you are the only one that can choose to change or not, it makes no difference if you did something right or wrong the society always will discriminate and see that at the way they think it is,and you can't do anything about it, you are doing the things that you feel that are correct and how is the way how is has to be, however being in a world that is trying to make you something else is a great accomplishment because there is not way people make you change;

you had to live your life at the way you want it, you have the opportunity to express your feelings everywhere, and you are in the world to be happy and not to satisfy every single person

Sometimes it's hard for you to be deal in the society with opinions that hurt you and make you feel bad about it, and that is something that you cannot change, but it is something that help you to learn how to be more responsible when you are growing up and to be overconfident about what are your thoughts, you have to know that in the world are many people want to see you go down and change the way you are, in that situation you have to be with your head up and be who you really want to be, you can do the difference in your life, but not in others person life

In addition, you have to be proud and brave everywhere you go to because you have the opportunity to express what are yours feelings, there is not way that somebody can change what is in you heart, only you choose who can hurt you and if you want that continue, try to stay positive all the time not matter what is going on in your life, do not let someone know what are your debilities and how you feel about things go in on in your life that person can hurt you every time he/she want it, do the things that make you feel better with yourself

Finally, be happy all the time with the things that you have because it might be the little things, but are things for which you work really hard to have it, you have to be brave especially when you have done something that probably other person will see that bad, however that doesn't mean you are wrong is just what they think about it, you need to be how you feel comfortable and not to maintain happy the society, reach your goals how you want it, don't let anyone destroy your dreams because if that happen you are not going to be cheerful about it

In conclusion, live your life how you want it because is only one, do what you think is correct and follow your dreams, since the moment you let the time past by doing what other people want; you will not be happy nor proud about what you really want to achieve, it's difficult to trust people that one day made you feel safe and in peace and then did things that they knew that it hurt you; if you really want something good for somebody else you will do everything to protect that person and make it feel unique, simply be yourself without get involved in other person's life. ",545,12,Female,Economically disadvantaged,Hispanic/Latino,train,3,3,3,3,3,3,3,3,3,4,4,4,3,4,3.5,4,3,3.5,3,3,3
F3996EB91406,Individuality,"I'm agree with Ralph Waldo Emerson because people in this world want you to be another person that yourself. I have two examples, my family want me to be another person that my self, and the second example is if you want to be yourself in this world you will never find a job; You have to be another person the they want you to be.

I start with my family; How i said my family they don't like when you try to be yourself, they want you to be what they said, like jobs for your future they want me to be something the I don't want to be like: Soldier, Fireman, Lawyer, and president; I want to be someone else the they don't like to much, they don't like when I think in my self just what they want, they think if you are someone else you will have a big accomplishment.

In the case of jobs if you try to be yourself, and not what the company want you will never find a job; The happen to me alot of times when I try to apply to a job, they want you to be another person with different expression like: happy, active, team work, and accurate; If you are opposite of the expression you will never find a job with the expression the you have, so you have to be like the company want you to be and they would give you the job, then you will have a big accomplishment from the company because you are someone else.

That's why I'm agree with Ralph Waldo Emerson, we live in a world the people don't like when you are yourself and they like when you are someone else; I don't think the accomplishment is just for be someone else and not yourself, if you try hard when you are yourself you will have the greatest accomplisment in life and for people who don't belived in their self like: Family, company, manager,people, and you; If you belived in yourself everthing will be good and the accomplishment would be often.",331,12,Male,Economically disadvantaged,Hispanic/Latino,train,3,3,3,2,3,2.5,3,3,3,2,3,2.5,2,2,2,3,2,2.5,3,3,3
F6C88F801A8A,Individuality,"I would have to disagree to this statements. Letting be controlled by the world

(people)

it's not a good idea. There is so many things to accomplish, by not being controlled by other people. We can so many things without people controlling us, we can succeed our life. We can actually be someone though our hard work and deduction.

being us:

just being who you are would be the best and great choice to do. You would think properly with correct knowledge, just by doing that, You would accomplish so many things in life without people going agents you. NOT being you or being someone you really not are, is not a good idea.

Don't let them control you:

letting people control who you are, isn't a good thing. Many people think is a good thing because they can fame or attention, Its like having a double life, 1: living the regular life, being who you really are, 2: Being out in public pretending to be someone when your not. You won't accomplish the things you want to do when your not yourself. You will feel important when the world wants you be someone. Be yourself and accomplish the things you want to do and you will improve your skills and achivments. They will just control your life and they won't help you on the long run. No one can control someones life who they want them to be.

being us, not them:

We need let people do what they want we shouldn't be controlling their life. Everyone should chose there who they want to be and what to do. Not everyone should be controlling them. Not everyone are they same, they are different from others. They don't know their weaknesses to be telling them to be.

We shouldn't be controlling other people what to become. Many people do it for the fame and attention but they are the most unsuscceful people. They dont achieve things they go by there fame and people. We should be us and not be someone we cant be. They end up being embarrassed.",324,12,Male,Not economically disadvantaged,Hispanic/Latino,train,3,2,2.5,3,2,2.5,4,2,2.5,4,2,2.5,3,2,2.5,3,2,2.5,3,2,2.5
F711DAD6AA51,Individuality,"I agree with Emerson's statement about individuality ""To be yourself in a world that is constantly trying to make you something else is the greatest accomplisehment"" because of Success,being yourself,and being the owner of you life.

First success is the most important thing for the sociaty because we all need great people like philantropist who help reducing povrety in the world,great inventor who creat thing tahat today we cannot live whith out it such as Car,internet,and computer. and the Evolution of Human being by creating a safe enviroment for everyone to live a long and healthy life.

Secondly being yourself is a great accomplishment because you truely the person you want to be, you are true to the people around you being showing them who you really are by acting truely without faking who you are,and you are live a meaninfull live by being yourself instead of what the world want you to be.

Thirdly being the owner of you life is really important because you can your own decide, you can decide what kind of futur you want ,and being able to make this decisision by yourself will make you life greatfull,and mostly an healthy live.

Some people will said that is worthless or is better to be told what to do,but being able to creat your Success,being yourself,and being the owner of you life is somthing really important for the development of Human life and for every individu to dicide what they want to be or what they have plan for they futur.

All this will drive a person to a great accomplishment because life is a text and every individu have a different text so being yourself in this world will always be a great accomplishment because some people a conditioner to live the live that the world gave them. ",281,10,Male,Not economically disadvantaged,Black/African American,train,3,2,2.5,3,2,2.5,2,2,2,3,2,2.5,3,2,2.5,2,2,2,2,2,2
F93A5B7E57AF,Individuality,"Being ourselves in a world strongly influenced,manipulated,and corrupted by people. Make a big difference in our lives .This also make us to know, who we are. Because we should not change our personality,our cultures,and how we were educated.

Although being like other people make us to socialize easily. Nevertheless, we should not change our personalities. Because our personality is what help us to become our dreams in reality. For example there is a case of two guys who were twins one of them was nice all the time, and the other rude because he was influenced by his friends all the time having even a weird personality, that nobody liked. They attended to the same school their last year in high school, the one who was rude had many problems and one of those problems took him to death, however, his brother who was upset by his death, never stopped being a nice guy and having a great personality,he graduated from high school and attended to one of the best universities in the United States. Additonally having a real personality without any change help us to be more honest with ourselves. I remember last year in my math class my teacher told us to check our assigment by ourselves. In the honor system and I only got six of the ten questions right which was a sixty percent I told her the true and after she checked she gave points extra, she said that I deserved for being honest. In fact our personality gaves us an attitude and help us to be honest with ourselves.

Another important reasons for which we should keep being ourselves is because we should not lose our culture. Because our culture makes us special and different to the rest. For example there is a story of a girl who moved from Colombia to Canada where she always practiced her culture even made a club with her traditions that colombian people in Canada visited,so she became famous really fast and made a lot of money. Additionally it is important to keep our culture in anywhere because the culture is an important legacy that children adapt from their parents. One amazing example of this is Leonel Messy a great soccer player, from Argentina, who has been living in Spain for a long time. However he is still practicing his culture and does not change his accent thanks to his family which made him to beloved by all Latin America. Therefore keeping practice our cultures will make our families, and others to be proud of us

Also it is important to be ourselves, to show how we were educated. Due to our education is what define by itself how we threat other people. For example on the newspaper was written a story of a guy who teached a long time ago English to his students in a particular way giving them candies when they participated,he never changed his method and all his students got good scores always. Actually our education is most the most need in our life. For example my uncle graduated from high school and ten years after that. He attended to college and the university where he studied languages now he has a family an really good life,but he never stopped being the nice man he was and still being today.

in conclusion,we must continue to be ourselves in anywhere, anytime to have a real and nice personality. That will open doors to become our dreams true. Also to keep our culture alive for the next generations. Making our families proud of ourselves. Finally it is important to be ourselves because it shows the way we were educated. Because a good education brings a good life. Therefore being ourselves bring so much good things to our life, that we should not change by the influence of other people.               ",591,12,Male,Economically disadvantaged,Hispanic/Latino,train,4,4,4,5,4,4.5,3,3,3,5,4,4.5,4,4,4,4,4,4,4,4,4
FA0A1D6FEE25,Individuality,"I agree with Ralph Waldo's quote "" To be yourself in a world that is constantly trying to make you somthing else is the greatest accmplishment. In todays society everyone wants to be part of the wave to whatever is popular. People always go the extra mile to impress other people even if they have to change their style or the way they act. It's hard to be yourself in todays society so those who can do it have accmplished something great. Being yourself is better because then you'll find your real friends.

Students in Middle School and High School for whatever reason want to be cool. They think doing drugs, breaking rules and being disrespectful to others is cool. When they get home they're a different person. They're respectful, follow all the rules and don't do drugs because thats the way they are raised, They're being themselves. That shows the impact of what people consider being cool is.

Some students are at the wrong spot at the wrong time and start hanging out with the wrong group of people to be cool. This is important because they could be offered drugs or be offered to skip class. The students would say yes because they want to be cool knowing very well never to do it. This shows what could happen to a student who are trying to be cool. when they know to stay in school and never do drugs because that won't help your education it would only slow it down.

For example one of my friends was skipping school and doing lots of things he wasn't supposed to be doing. He thought he was cool and told everyone. I guess you could say he got cool from it but in the long run he suffered. This is important because while him trying to be cool he ended up getting bad grades and getting kicked out of school. The school gave him one more chance and made him go to the carrer center where students who fail usually go. This shows what could happen when you try to be cool.

Being yourself is the best thing you can accomplish because you wouldn't worry about most things other students wear or say. You would go further in life being yourself and becoming something you want to become. If your don't want to become a doctor and want to be a car machanic then that what you do. Being yourself would make you more happy then trying to fit in. ",402,12,Male,Economically disadvantaged,Hispanic/Latino,train,3,3,3,3,3,3,4,3,3.5,4,3,3.5,4,3,3.5,4,3,3.5,4,3,3.5
FAA0197AFF57,Individuality,"To be yourself in a universe, that is faithfull examine to make you something else is the excellent achievement.

To be you in a world, it is not the easy part of yourlife. That is why the Author Ralph Emerson mention the best qoute for us to believe in ourseleve and do the great jobs to became a good person. For example the only key that is gonna help you to be success in your timeline is to be yourself to trust your faith. I can see too much people in this earth the people whom is just sitting down, and waiting for a wedding party to eat something free. I mean by saying that is; you have to move, you have to try, and you have to trust yourself that you can do everythings to achieve the greatest accomplishment.

However; to be yourself, it is gonna help you to have a good personality between the people whom is living around you in the earth. For example, if you have a good personality and have a meeting with people like President, voice President, this is also gonna rely your ability surround those people.

Other than that, convince people to be someone in their life. It is also gonna indicate yourself, and your good individuality. For example, if you persuade someone the person who give up in her/his life, and never try to do something for their future. They need to support by someone,by the person who is always saying that "" Be yourself and make others too, to be someone."" So, it is also gonna consider yourself and get respect from the people to known as the best person in a universe.

Make smart choicess to prove yourself, and try to bright your future.         ",275,12,Female,Economically disadvantaged,Asian/Pacific Islander,train,3,2,2.5,3,2,2.5,3,3,3,3,2,2.5,3,3,3,3,2,2.5,2,2,2
FC86782120D3,Individuality,"I would do better thing that will push me ahead so I can do better in school and outside of school . I would make a list of thing that I have to do so I

can be a better person and have a good time and a better person so I can finish out strong and have a good job and help out with thing that people need help on and i will give them the best thing to do so they can make it ahead and have a better life and they can say "" I made my life better "" and they can go around and help more people and help them out with there problems that they have and make them a better person and give them the power that u have so they can move forward and i can get more people to come and we can all work together

. and everyone that want to do they can sing up for it .

People would like this one thing that everyone is doing so they can make u work more hard and have a good personal plan and if they want they can be anything in the world and make a good choose in there live when they move on and they can teach the little kids that want to have a good lifestyle. and everyone can say they all made a good path in there life when they have something to doing there life and they can life a better life and have a good House and have a good job .and finally . We can all live a good life with this progam .  ",261,11,Male,Economically disadvantaged,Hispanic/Latino,train,2,2,2,2,2,2,2,2,2,2,2,2,3,3,3,3,2,2.5,2,2,2
FE1D0E5EA2EB,Individuality,"The Author Waldo Emerson wrote ""To be yourself in a world that is constantly trying to make you something else is the greatest accomplishment"". I agree with Waldo Emerson's quote because if theres someone thats trying to make you something that your not, being yourself will be a very duanting task. When I was in the 8th grade someone who I thought was one of my friends wanted me to change who I was because they though that I was'nt cool enough to hangout with anymore, at first i thought that I was the problem, but I learned that true friends won't try to change who you are, no mather what. Being yourself is one of the hardest things you can try to do, possible because your to shy, you don't think your good enough, your scared of what others will think of you.

I always hated thinking about myself because i never though that I was good enough for anyone or good enough to do anything, so I kept everything bottled up inside, at one point or another I even thought about killing myself but was to scared to do antthing to try anything. So I decided acted like everything was ok untill I tricked my self into belaveing that I was happy, but that did'nt last. Now i'm in the 11th grade I came across a certen individuality(my current girlfriend) who, when I around, can't stop feeling real happyness. Everyday I think about how lucky I am to have met her. The Author Ralph Waldo Emerson wrote ""To be yourself in a world that is constantly trying to make you something else is the greatest accomplishment, as an individual I agree with his quote because in this world not everone wants to see you sucssed in your efferts.",292,11,Male,Not economically disadvantaged,Black/African American,train,4,3,3.5,3,3,3,5,3,4.5,4,3,3.5,4,3,3.5,4,3,3.5,3,3,3
FF8BCBD76108,Individuality,"I agree that ""to be yourself in a world that is constanly trying to make you something else is the greatest accomplishment"". A lot of people now a days are trying to be somoone else like soccer players,rappers,basketball players, and not to choose they self and that not going to make them reach for they goal.

From my experience in life is that I want to be ronaldo when I was 15,16,year old and that wasn't good because it change my mind set not to be myself and to be someone else. But I learned a lesson is to be my self all the time to know who I'm today and reach for my own goals. People should be proud to be they self because being yourself make you ,stronger,helpful,and smarter. And my advice is to be yorself and learn from your mistakes.

Don't look at famous peopel and try to be them just be yourself and do your on thing to be successful in your life.",157,12,Male,Economically disadvantaged,White,train,3,2,2.5,3,3,3,3,2,2.5,3,3,3,3,2,2.5,3,2,2.5,3,3,3
FFCDB2524616,Individuality,"I agree with Ralph Waldo Emerson's ""

To be yourself in a world that os constantly trying to make you something else is the greatest accomplishment.""

because, in this generation kids are trying to fit in with other kids, by changing the way that they speak or the way they dress. Kids also try to fit in by doing what other people tell them to do, making dumb decisions that could potentially end you up in jail or possibly something even worse effecting their future all because they wanted to fit in.

Peer pressure is a main factor in kids that are trying to fit in. Kids pressure other kids into making poor decisions when in reality they don't wanna do it but they wanna look cool infront of others kids so they do it anyways. In reality it isn't cool to do what people tell you to do especially when it's just to fit in with others.

In my opinion people shouldn't make poor decisions trying to fit in with the others, you should be yourself, it doesnt matter where you from or what type of clothes your wearing everyone should be accepted no matter who they are. Kids should be leaders not followers, you can end up with the wrong friends that could care less about you, but are only with you because you make the poor decisions they're telling you to make.

Kids should just be themselves, you don't have to try and fit in with the others, there plenty of other kids with possibly the same interest as you.",258,12,Male,Economically disadvantaged,Hispanic/Latino,train,3,3,3,2,3,2.5,3,3,3,3,3,3,4,4,4,4,3,3.5,3,3,3
2.45E+11,Individuality,"To be somebody in a world that would make someone else can be a great accomplishment if they willing to put in the work or effort into it. What's that make a great a accomplishment is the mind set, the goals, success, and motivation.

The mind set is the first thing to be somebody in a world to make a great accomplishment is that they must have a good reputation, credentials, and status. They must have a great dream that they could pursue in their lives that could come true. They must stay on track to be the successful person in society. However, the mind set or goal should never forget on what they are pursuing in.

The accomplishments they could have done would most likely to succeed. They might able to get a high paying job in society, they could have their reputation status increase, or being in public media. On the contrary, these successful people that could accomplish any task in the workforce or in the society the lived in.

The motivation they have. Everyday, these civilized people get motivated everyday to be themselves to be the most successful person in the world. In society, motivation is the key to become somebody in a world with a good reputation. However, individuals sometimes don't get motivated they sometimes lose track on what they are doing.

To be a somebody could make them be successful if they could follow these ideas to be in this successful path they are walking in.",265,12,Male,Not economically disadvantaged,Asian/Pacific Islander,test,3,3,3,3,3,3,3,3,3,4,3,3.5,4,3,3.5,3,3,3,3,3,3
003D42DDACFF,Individuality,"Althought people might say that you need to be someone else or act like someone else to live in a world in order to accomplish what you want, nevertheless, I agree in order to accomplish what you want you don't have to act or be someone you're not, in order to accomplish what you want beacuse if you are by yourself you can acheive by doing the right things, you won't have bad records or bad behaviors, and bad habits, you can be yourself without having someone to bothering you.

If you are by yourself you can acheive by doing the rights things. Like if you are with someone, and that person tells you to go steal something and you say NO you are doing the right thing. If you are by yourself nobody will tell you what or what not to do. Their are something you can't do by yourself, but choose that right person, don't just go random and choose a bad person when ever you need help. Always try to do the right thing no matter what.

You won't have bad record or bad behaviors, or bad habits. If you hang out with people who smokes, or selling drugs or does bad thing, and if those people get arrested and you're with them, the police would say that you are involved with it too even thought you don't do any of those things they do, just because you are with them you are going to have consequences. That is why you should always choose carefully your friends and who you hang out with. Sometimes we hang out with those type of people because they understand what sometimes we feel. But never let them wash your mind by doing the bad things they do, once you do something bad that something can ruined your life.

You can be by yourself without someone bothering you. When ever you're by yourself nobody will judge what you do, or what you wear. Their is just some people that don't understand when you want be alone this or that happened , their are just somethings to personal to tell them , and you just have to be alone cause of that reason. When someone is bothering you too much is because that person is wants you to get in trouble or in series problems and no matter where you are their is always people pushing you to do bad things in your life. Life is like that sometimes is hard, sometimes is easy. Their are days where you are going to have good days and their are days where you are going to have breakdowns, and their are moments where sometimes you feel like you don't know what to do at those points.

Although people say that you need to act different or be like someone else, they are wrong. I agree in order to accomplish what you want is to be yourself, don't let other people push you away from doing the good things.      ",487,12,Female,Economically disadvantaged,Hispanic/Latino,test,3,3,3,4,4,4,3,3,3,2,4,3.5,3,3,3,3,3,3,3,3,3
04184B40C7F4,Individuality,"To be Yourself

How I went from being no one in life to being myself with no shame in my game. The only friends you have to support you through any situation is your family.

I strongly agree with the quote ""To be yourself in a world that is constantly trying to make you something else is the greatest accomplishment."" In the world we live in today we have people that push you too be something you dont want to be. The closest friends you may have are sometimes the ones to pure presser you to do something you dont want to do. I was once Surrounded with negative vibes, The negativity that I was surrounded with didn't motivate me at all to do or try the new things. I have only had 4 true friends in my whole Seventeen years i've been alive. Allow me to introduce you to my best friends My mother, father, sister, and lastly my brother. They have been their for me since the day I was born and since then they have given me nothing but good advice and push me to be the best i could be.

My family are the ones that will always be by my side and have my back threw any situation. I have encountered many people wanting me to change just to make them feel happy. I will never change to make someone else happy, I prefer making them mad because I'm not changing and being true to myself and know my worth. I am really big on self worth, I can't stand people that treat others poorly. We are all human. We are all equal. We all have Feelings. I have had a family friend go through being put down by her husband. She will be told things she isn't like ""slave"" ""You an anyone"" ""worthless"". She had to obey the husband or their will be consequences.

In her situation I feel that the way she was living was hard and she should have taken action such as divorce. Later on in the year the fear she had fear towards him went away and she didn't care. She went to court filed a case towards him and also got a divorce. Now she is happily married with a sweet husband and two kids. I am proud of her how she accomplished such a big optical and got over her fear and said something to the authority.

Always remember your worth and never go by what someone is telling you. Only you know who you are and what you are capable of doing. Always have a positive mindset and know you can over come any optical. Alwyas belive in yourself that you can do anything you set your mind to do. ",481,12,Female,Not economically disadvantaged,Hispanic/Latino,test,4,4,4,4,4,4,4,3,3.5,4,4,4,4,4,4,4,3,3.5,3,3,3
061AD4A149E6,Individuality,"author Ralph waldo Emerson wrote to be yourself in a world that is constantly trying to make you something else is the greatest accomplishment

Do you agree or disagree with emerson's statements about individuality ?take a positionon this issue support your response with reason and specific we live in a world designed in a way to Maine us all out as followers. Due to the internet anyone can talk to anyone or know anything they want,yet along with it we have thing like media which always shows people in their ideal and promotes only certain ideas because of this, people all end up acting similar to what they see online or in TV a day and age where they have all the freedom they can imagine at their fingertips. Based off a quote by the Author Ralph Waldo Emerson, it is those who able to remain individual that are the most impressive .progresses,Since we have the option to have more and more individuality, yet we all seem draw to the few ideals based off what others think of you in the past decade social media has grown to became of the most reliant forms of communication an gaining information through various social media platforms ,individuals can be ins pirated to create personality and style that is their own allowing people to present themselves in a way that exceeds the social norms has become such a fad in the past years that others have been ins pirated to do the same,thus creating a world of individuality. No matter what the topic whet ether it be extravagant make-up designs or gay rights there are trending topic or nearly every platform and whether or not and individual decides to look at it .Their will always be inspirations from that one main topic .it is a great accomplishment to learn the breaking from the exaggerated limits of society and to be free fromwhat is expected social media also enables individuals to export his or her ideas and interest to the public it is open door for people to expresses their true self. Throughout my experience, I enjoy positing pictures on social media apps such as Intagram and Facebook that show how i am .Due to societal expectations and peer pressure, people are limited to express their personalities .social media allow my voice to be heard and not silences however it also take personal courage and determination to post different ideas for the entire world to be see. Therefore ,i agree with emerson's quote that being yourself is the greatest accomplishment because people need to be brave in order to expose themselves to society's criticism .

social media it all easy to spread an ideas without saying a word .spending most our time in a atmosphere like this we aren't granted a personality out of anyone real or fake .I've found that on my personal account it's easy to base a good post myself has never been necessary in my greed for the attention all i have to do is post a picture in the same vibes of any tumbler account ever created .A

tumblr to and artist is make-up to guru, flashy clothing to stylist ,or drag race to a wannabe comedian deciding to express my oppinions or writen anything at all is merely and afterthought this observations this observations alone burns emerson's quote in the angst filled fire that social media is those turned away from social media are usually equipped with more more life experience (being older ) disagreeing with emerson could I've found that personal feelings or mental status remain separated from their career, and fell they have conquered much bigger thing than being themselves others may be societal norms that the rest of the world either push towards or run away from; the way they are suits their positions perfectly

So in conclusion we do agree that people should be themselves and that anyone should have their own individually . Individuality is what reflects and individual's interest and trait social media are why some people are their own person or have their own individuality social media can create a person's style. Being yourself can help you speak up for yourself an be your own person . Also the internet is another big reason to agree with emerson's quote too . Not caring what think or having your own particular is the least part.  ",676,12,Female,Not economically disadvantaged,Hispanic/Latino,test,2,3,2.5,2,3,2.5,2,3,2.5,3,3,3,2,3,2.5,2,2,2,2,2,2
068D538BE131,Individuality,"I agree with what

Ralph Waldo Emerson wrote that to be your self in a world that is trying to make you something else is the greatest accomplishment. Because I feel that if your there is someone in your life who will try to change the way your are always.

One Reason i agree with Ralph Waldo

Emerson is that If you are yourself and dont try to change for other people you will have more friends. If you try to change for someone your not you wont have the same amount of friend that the person that are being them self will have. Also if you are your self and you dont try to change for anyone you will feel better about yourself and feel accomplished about not changing for others.

For example, I had a friend who she was kind and always fun to be around with and she was someone

I could trust and go to her when

I needed something. During the summer break she changed and I feel like she was not being herself so I try talking to her but it was different

I found out that she met a new friend over break and changed her and before that she had other a group of friends, and I notice that the same group of people she use to hang out with did not want to be her friend because she was not being her self.

So now she has lost her group of friend and only stayed with the person that changed her.

Another

Reason that I agree with Ralph Waldo Emerson is that there are people in this world that will wanna change your personality, attitude and the way you act. For example, I know someone who use to be one of the nicest person I have met he use to be himself but, once he started high school and starting to make new friends. He Started to change his attitude and the way he use to act. I feel that his new friends his personality and his attitude because he started acting different around his others friends .

Another great reason why I agree with Ralph Waldo Emerson is that people will pressure you to became someone you dont want to be became and thats a big problem for people. They change because they want to fit in with other groups of people. For example, I knew someone who wanted to became friends with this group of friends but she was not sure she would fit in so she try everything to talk to them but she got ignore after a while she stop talking to our friend group and we had no idea why she changed until i found out that the other friend group she wanted to be with told her that she needed to stop talking to us for her to fit in. So she stop talking to us and went over to the other friend group.

I feel like if your not yourself and people changed you is not a good thing and nothing comes from it but if you are your self good things will come to you and you will feel accomplished and proud with the person you have become and you will be happy no no one changed you so its always good to be yourself and not someone your'e not.",520,12,Female,Not economically disadvantaged,Hispanic/Latino,test,3,3,3,4,3,3.5,2,2,2,3,3,3,3,3,3,3,3,3,2,3,2.5
07150605AAEB,Individuality,"I agree to be yourself in a world that is constantly trying you to make you somenting else is the greatest accomplisment. If you try to be yourself you do not have to live force, fear, or remorseful.

First all is great and feel glad to be yourself because you do not feel frustrating, or to be the boring person that every persons is used to see every single day. Take out the happy person have in your inside because if you live doing the same thing you do because you foccus what others person think about you. Just be happy try to be free matter what the world said. For example I was the boring person the people used to see every single day. I took the happy person have inside of me. Now-day I feel glad that person do whatever I want.

Secondly you dont live with fear or you feel that every person want judge you because you want to be a different person. Do not feel fear about be happy change what ever you want take out the person you get inside just be different in a good way like if you like sing, dance on the street do it, or you like art do it whatever you want. For example one of my friend live with his parent but his father force him study what the his father want. He live with fear beacuse he cannot do it what is want. He want to be a artist but his father want he become a layer and work with him.

Otherwise if you dont try to be yoursel when you get the chanse you have to live remorseful beacuse no every single time in your life can be yourself. I said this because I know some of my friends live remorseful because when they had the chanse they do not exploit the time. For example one of my cousing he wanted to be a doctor but my aunt told he to became a singer now-day he live remorseful because he cannot exploit the time when he get the chanse. My mom tryed the same thing with me but I listening my self and I do wantever I want but in a good way.

In conclution I agree with this prompt to be yourself matter what others person said. In this world if you dont try to have fun you never feel want is yourself just try to be your self and you can see the difference. ",404,12,Male,Not economically disadvantaged,Hispanic/Latino,test,2,3,2.5,3,2,2.5,2,3,2.5,3,2,2.5,3,3,3,2,2,2,3,2,2.5
0803F2812306,Individuality,"Im disagree with the statement from the Author Ralph Waldo Emerson Wrote because. What can to do with myself in a world ? I can't talk with somebody, if need something, not body can help me because just me it's in the world, for to be agree i need a world with so many people, because with myself i can't to do nothing, do't has family eny friends and animals that sad for me because i'm happy with the animals too, A persona need so many things in the world for to be happy, for example. The first step it's a family then so many friends and animals, I need study first then find a job, for find a job i need somebody give me the job, has to work with anothers peoples, For that reason and more i can't to be myself in a world, Ican't to be happy just myself in a world, Was sad and bored.

Im agree with the statement from the Author Ralph Waldo Emerson Wrote because, If to be myself in a world, i think was genial because i don't has to worry for somebody or i can to do whatever i want, Live for myself was a dream because not body tell me what has to do or don't, I can create new idea for a bettle world, For example a world where don't has bad people, no body kill people, don't hide and anothers things that was bettle because everybody want a world bettle for a good live.",238,11,Female,Economically disadvantaged,Hispanic/Latino,test,2,2,2,2,2,2,2,3,2.5,2,2,2,2,2,2,2,2,2,2,3,2.5
0BE3F2A2835B,Individuality,"I am agree with the idea about individuality and from my point of view this is the one of the best way to be yourself and nobody can not tell you what you have to do in your life, but at the same time you need to do everything well or try to do your best because your actions can affect others persons, in life you will gonna get what you give to others, for example if you are a good person, people will gonna be good with you but if you are rude , life is gonna be rude with you too, one of the biggest problem in life now is the changes of the gender, just because a boy likes other boy he is doing something inopportune, inhuman, no I do not think so, I think that is not important he is not guilty to feel what he is feel he not star feeling those things because he want .

It's not important if you are rich or not , everyone are the same not because what you have some ""importants opportunities"" on your life , you are more than others , If you are a indivual person that means that you do not have to be what others people wants , you are what you want, nobody has to tell you : Show me! what you can do or who you are , you just are what you want or can keep tryin and doing your best.

In life so many people will be rude with you or disagree with you on your personal bussines but there is where you need to be original as be yourself; Other example can be that you need to be positive in life if you get in a problem that you think you don be free easy just keep thinking in the positive way, people can tell you what they want to you but they do not know if that is what you want.

Also I have to say that your family is somenthing important in this case, because they teach you how to be in ""real life"", so your famlily have to let you know how to be , how to act, in what believe for example they can tell you if you have to care what people say about you or your life, if you need you to have a individual life or no, in facts that is big point that you have know .",405,12,Female,Not economically disadvantaged,Hispanic/Latino,test,2,2,2,2,2,2,2,2,2,3,3,3,2,2,2,2,2,2,3,2,2.5
0CE342F791B1,Individuality,"'Be Yourself""

To be yourself means a lot for the community in their trajectory in life. Although some people say not been yourself can affect a person's journey, the reality is that society can show can show skills and be more creative. To be yourself is the best way to show your knowledge, express yourself, and demostrate confidence.

First, if people show their knowlegde at work or school, they have more opportuities to go foward in life. For example, for those students that demostrate they have a good potential, they can receive a schoolarship from the state. This is important because for those that are interested in continue progressing and have good reputation, now they have the motivation to keep working hard everyday. Also, this can help a person to find jobs; and generate more resources. This is important because people with good knowledge, have the chance to be in a very high standing at work.

Secondly, expressing yourself, and giving your opinion can have an effect on the next couple years. For example, people have the right to vote at the age of 18, so this give them the opportunities to make the change they think is the best. This is a priority for the United States future. Also, people can help society by doing little things. Some people say that government is guilty for most of the massive shootings in schools, or public places; that is the reason why a lot a people is asking the government to change the law of buying guns around the country. This is essential because it would decreased the shootings, and lowered the number of deaths by fireguns in the United States.

Thirdly, if a person had never fail, its because they did't try. People need to be confident, believe in themselves, and look for new goals and opportunities. Sometimes people need to take a risk to get higher, and accomplish their dreams by working overtime, or students that stay after school to get extra help. This is important because most of the people would be proud. Otherwise, people need demostrate confidence, help others, show them respect, and be real. We all know how difficult is to be alone or the things around us are just not going well. This is fundamental because the envirionment around us would be better.

Lastly, to be yourself is the best way to show your potential, give an opinion, and demostrate the world what people is made of. Some people say that not been yourself is bad for a person's trajectory, the reality is that been yourself is showing all your knowledge. Be yourself, have fun, and enjoy the all of the awesome things life offers. ",488,12,Male,Economically disadvantaged,Hispanic/Latino,test,4,4,4,5,4,4.5,4,4,4,4,5,4.5,4,5,4.5,4,4,4,4,4,4
0F2569608FE2,Individuality,"i strongly agree with emersons statement. First of all, as an individual, you have freedom of action rather than being controlled by society. Being indepent help you focus on what is in our mind with no confusions. Next, self reliance people are better off their own. Self reliace person mostly do an excellent work on a project instead of being in a group. Though, he or she knows what is right, but as a group, they'd rather get information from everyone. Further more, independency gets you fast; far beyond accomplishment. Without uncertainty or lack of understanding, you're in the center of activity, and thats what makes you quick or have a good score on a project. Lastly, independent people are surprising. indivedual people do unexpected thing, and that's why it's easy for them to acoomplish what they want in no time.

in conclusion, individuality people only can rely on themselves. They know what they can do and what they can't. Individual people are deferent from others, becasue of their quility or character of a person or a thing.",180,12,Male,Economically disadvantaged,Black/African American,test,3,3,3,4,3,3.5,4,3,3.5,3,3,3,3,3,3,3,2,2.5,2,2,2
1044E1AAD86E,Individuality,"I totally agree with Emerson's statement about individuality. Ralph is a grown man and he wants to do things all by himself. He wrote on paper like it was some sort of an essay, all he ever want to do is do good things have good experience on adultry. Ralph may be married or single if and only if he wants to have a wife and children. Ralph can earn money by getting a job just so he live in the house, make lunch or dinner, pay bills, and use mobile devices. He can also make new friends with his neighbors or his co-workers at work, Emerson can visit his parents sometimes or his old friends. Emerson can accomplish a goal for getting an award for working really hard and making the manager super-duper proud. He and his family could afford getting a mansion or going on a vacation on a cruise ship, they actually could be gazillionare. ",154,12,Male,Not economically disadvantaged,Asian/Pacific Islander,test,3,3,3,4,3,3.5,3,3,3,2,3,2.5,4,3,3.5,3,4,3.5,3,3,3
10CA6A380793,Individuality,"I though to be yourself in a world that is constantly trying to make you something else is the greatest accomplishment. I agree with Emerson's statement, because I think that the world every day will still change and people also will still change their life, their goals and their future for something better, So this make you that be yourself can be too hard for you and everyone's else.

I believe that to be myself is something special for me, but i think that to be different to other that make me more special, i mean it doesnt matter how people want to see you or how they saw you, its how you want to look like, if you want to do something for your life, something that you think its gonna be better for you future just do it. ( Dont wait for that), fight for them that not body stop you. show them that you already accomplished yours goals like you wanted's.

Many people around you, they dont care's you, they just want to be better then you, in this world the people still change, someones for goods, someones for bad , that means that not everybody ind this world does, what they want to do, because they did, what the other people told them that doing, something that is wrongs but they has to do it, So what happened that make them feels obligated to still a life that they dont like.

To be yourself is really important, is like living the real life, a life where you feels good, where that news thing dont make you different to other. All this means, that to make something else to accomplish your goals can be better for you and yours family, just try the best of you and go head.

In conclusion everything in this world make you change something of you,but you can be yourself, also no always the things gonna be the same things all the things change.",311,12,Male,Not economically disadvantaged,Hispanic/Latino,test,3,3,3,4,4,4,3,3,3,4,3,3.5,3,3,3,3,2,2.5,3,4,3.5
11BD08CDC59B,Individuality,"What do you think if To be yourself in this world is the best tool to make you something else? In this paper, I will argue about that be yourself is the best accomplishment that does not matter what people say because you don't hear what people say, You are smart, and you demonstrate what you are not what people think

There are 3 reasons that happened to some people, and I never will forget that be yourself in this world is important for us. First, My mom wanted to be a nurse in the future it happened when she was 18 years old she was too young she told her friends that she wanted to be a nurse her friends were laughing at her because she said it and she listened them, her friends did not believe on her and she talk to herself that she never ever will say that she wanted to be a nurse and finally she did not complimented her dreams. Second, My best friend wanted try to travel for all the countries he wanted to meet new traditions and study in others countries when he got 18 years old he said this is my time, I will start to think where do I need to go, what I want to do with my life, and how do I need to apply to go to study in other countries after 5 years his mom gave him a present that he got and the present said "" You can travel I will pay what you want to study in Canada and he was like I always imagined that this day would come to me, and then he complimented his dreams because he was demonstrating what he wished. Finally Three, Mom friend is a gay, he don't want to demonstrate to people because he think that they will talk bad about him, I told him that it does not matter what people say you have to be yourself not their self you are living your life, you not depend from other people only God can judge you,

he was like crying so he said you have the all reason and my mom told him you can take your time to demonstrate what you are but if you keep saving all this in your heart you will end up really affect.

Be yourself should be something that all people would have in this world because we are what we are not what other people think. We have to learn that be our self is something that nobody can change and it depends of us how we want to live and be better by our own.

People say that To be yourself in this world is not good idea. They are wrong because so far some people still think about that they need to demonstrate their self is important and not having bashfulness that people talk bad things about them or trying to make their self-steam down.

In the future, I hope that all this that is happening in this world can change for those people who are blind and think that they don't want to demonstrate their self because they feel that some people going to make feel them like nothing like if they are not important in this world, in this world every people are important every people have their own abilities to know what they think and what they need to grow up and be successful by their own.

I learned a lot in this essay, thanks for let me inspired my self. ]9",587,11,Male,Economically disadvantaged,Hispanic/Latino,test,3,3,3,3,3,3,2,3,2.5,3,2,2.5,3,3,3,2,3,2.5,3,3,3
128612174F5D,Individuality,"Emerson's statement about individuality is very powerful and I agree because you're future looks brighter, make your own choices, and grow in self esteem. Your future looks brighter and it showing that you have independence. It shows that you wont let anyone bring you down, but will also stand up for yourself when needed. Making your own strong choices shows people that you are not listening what people are saying. Your future will be brighter when you are the leader of others and do not follow others.

First, I know that everyone's future will be brighter because I saw this one girl and she never listened to anyone who were trying to bring her down. Her name was Generic_Name and she was very focused on what she had to do in this big world. She showed the people that were trying to make her something else that she could do it on her own and she was so happy in the end. If you be yourself and dont worry about other people and what they are trying to make you out to look like then your future will be very big and successful. People are going try and influence you to do things that are not good ,but you have to be strong enough to say I am going on my own. That shows that you will be independent, good influence, and have a big future in the big world.

Second, when making your own choices in the big world will show a lot in yourself and in others. Everyone does not want to see everyone succeed in life, so people will try and make you out to be someone else. Individuality is making your own choices and not being influenced by what someone is trying to make you feel or be in the world. Make your own choices and show everyone that you can make it and succeed in the American dream. One time there was a boy and he couldnt make choices on his own and I walked up to him and said, "" you can be yourself in a big world also make choices and not listen to others."" He did everything and felt so accomplished and kept living his life to the fullest.

Third, showing that you are being yourself in a big world will make your confident's to go up and self esteem. When you show high self esteem that will prove that you will not listen to others when they are trying to make you look bad. When i would feel less self esteem I would listen to others and not be myself. i would be easily influenced by others and making bad decisions. For example, I would start being independent and i would be focused more, be more of myself, and show others that i dont need them to make me out as something else that you are not. Not everyone will be strong enough to be on their own and tell people that they feel they succeeded from being on their own. To know you accomplished something will make your self esteem to go up and also show people they can not phase you.

In conclusion, to be yourself in a big world is a very successful accomplishment in everyone's eyes. You will show a lot strengths and independence in the future. Making choices on your own is not everyone strength, but if you can do it then it is a very good strength in the world of people telling you to be something else. Self esteem int he situation shows not only are you strong to show different but also speak up. Your future will be bright and it will be the greatest accomplishment of your life and a wonderful skill. Never listen to others also go on your own path,be yourself, and feel accomplished at the end of the day. I believe this argument is very strong because of my examples and details. ",646,12,Female,Not economically disadvantaged,White,test,3,4,3.5,4,3,3.5,3,4,3.5,4,3,3.5,3,4,3.5,4,3,3.5,3,3,3
130FF3CB379E,Individuality,"I agree with Emerson's statement about individuality because being yourself is what separates you from everyone else in the world for example. If people were trying to make you something else trying to change the way you walk, talk, and act then you're pretty much being told what to do, you're being told who you can and cannot be. Imagine being in a world where everyone was the same the world would be very boring because everyone would walk the same talk the same act the same and wear the same clothing, everyone is different in every way shape and form.

I had a friend who was going to meet his girlfriends parents for the first time he wanted me to help become someone that hes not to impress his girlfriends parents, I told him just to be respectful and be yourself, I had one those moments as well where I was meeting a girls parents for the first time and I was thinking if I should change my look just to impress them but I decided to meet them as myself and they liked me for I was, even though you can change the way you dress and change your appearance thats true, but you cant change the way who you are as a person even in a world that is constantly trying to make you something else, you can say that you've changed as a person but in reality you cant change who you are as a person because who you are as a person will be the reason other people will know you as an individual. Personality is the main thing that people cannot change not matter how many times they try, or say that they changed. your personality is what helps to be yourself in a world that is constantly trying to make you something else. Going back on Emerson's statement.

Emerson's statement about individuality is very motivational and very humble. So,""To be yourself in a world that is constantly trying to make you something else is the greatest accomplishment"" is a statement I can agree on, because being yourself is what separates you from the rest of the world.",356,12,Male,Economically disadvantaged,Hispanic/Latino,test,4,3,3.5,3,3,3,3,4,3.5,4,4,4,3,3,3,4,3,3.5,4,4,4
163640053B57,Individuality,"Is ""To be yourself in a world that is constantly trying to make you something else the greatest accomplishment? Yes, I agree that it's the greatest accomplishment. First, you as a person and as yourself is worth more then what the world is trying to change you in to. People and specially kids are alwasy influenced by the things they watch and the people they hangout with. Acting like someone else other then yourself makes you seem cool and loved by everyone but, at the same time it makes you forget about who you really are and what your capable of doing in this world.

Even thought, most people act like their someone else to be cool or to get more attention from their friends, not everyone does it for the same reason, some people do it because they truly don't like who they really are, where they came from, or the way that they were raised. People like this are usually made fun of, and laughed at about where they come from, the clothes they wear or the religon they believe in. This makes them hate their self and who they really are and force their self to prtend like they are someone else so that they could fit in with people and places they couln't before.

Furthermore, people shouldn't act like they are someone or something else to be cool or to fit in and people shouldn't have to feel the need to hate who they are because people made fun of it. Everyone has a life that is worth more then anything in this world. People should love and embrace who they really are and what they believe; in sted of forgetting who they are and act like they are someone else becuse, only you have the power to be you.",380,12,Male,Economically disadvantaged,Black/African American,test,4,3,3.5,3,4,3.5,4,3,3.5,4,3,3.5,4,4,4,4,3,3.5,3,3,3
195BE5C95449,Individuality,"How can someone been his/her self in a world that is constantiy trying to make he/she something eles as a greatest accomplishment. I disagree that to be yourself in the world that is constantly trying to make you something else is the greatset accomplishment.

People can compelet want they don't like in life all they do is stop at one place or the other becaues that is not what they want. Some can be a doctor when he/she want to be a teacher the person will not know nothing about doctor. The person my kill someone one because is what he/she lean how to do is not what he/she is doing, he/she will not be in his/her right self or his/her right mind about what is happing.

Accomplishing what you don't like is fostering , is forsaking it will ruleling peoples life the world will not be a joyful and happy world for people.

If the world is making people what they don't want and know nothing about that will make some people lose their in this world we are today.

someone can't become as an Oil rig workers when the person did't study about Oil rig what will the person do, how can the person work! the person can never do anything because he/she knows nothing about the job.

The person did't study it so the world have the people what they study and something they knows and the person will not be in self.

I know the word has is way owns of doing thing but not in what people want to do in life forever. Let the world give us what we want at a greatest accompilshment for us to be in ourself; let it make our dreams come true as we ever wanted it to be.

There is nothing like accomplishing what you ever wanted in life something that will be a great help in the future, not something that will not.

If the world will change you from what you want to become to something else as a greatest accomplishment this world will not be a better place. It feels good for someone to accomplishment the greatest thing he/she ever wanted in life and be in his/her right self.

For examples; someone want to go to Generic_School and the worl change it the person will not happy about it.

The person will like to everything to make/she it work for he/she to go to Generic_School; because that is the greatest accomplishment the person to accomplish.

If I want to become a doctor in a world that constantly trying to make me something else as a greatest acco,plishment my life will never be the same! as I ever wanted it to be.

If a person is requiring a great job after college and the world contsantly trying to make something else for the person. The person will feel bad because the is trying to give he/she something he/she don't want or like to do! the person get a job that he/shedon't like I know as the same time the person will be happy about the job.

the person will not feel good comfortable about the job, is not he/sh want.

Been yoursef with something you don't like is not a greatest accomplishment in life. Great accomplishment in life is completing something you like and ever wanted to de so that will make you be in yoursife. Been yourself in a world that is trying to change you to something, something you don't like, something you don't know nothing about is not and can never be a greatest accomplishment.",613,12,Female,Economically disadvantaged,Black/African American,test,2,2,2,2,2,2,2,2,2,3,3,3,2,2,2,2,2,2,2,2,2
1B2B5D08014D,Individuality,"I think being youself is the greatest accomplishment because people can be comfortable for them self, people can accomplish goals faster than they could ever be following the rules and people can over come jugdement around them. Aurthor said "" to be yourself in a world that is constantly trying to make you something is os the greatest accomplishment"". The society may be mess up but you can overcome yourself to be what you wanted.

Being yourself in public might cause to be comfortable with people around you. First of Anxity. People have it, I have it. Being yourself around people might cause your anxity to go away. For example. My girlfriend when the first i meet her she barley talk to me, she look at me without saying a thing because she is afraid that i would say something wrong about her, like her action. When she started talking to me getting to know each other, her anxity went away. We hangout mostly everyday and share our feelings for each other. Second of people you can make more friends. Being yourself around people may scared some of you but being yourself around your friends is different than around strangers. Being yourself with your friend is more fun. They might like they thing you, you never know without making some friends.

Being yourself in public may cause your to accomplish your goals. For Example Comedians. Comedians are funny they make you luagh your butt off. Do you think do you know how they got that by being themself around people. they won't let people judge them. They go on their life to make people luagh. Comedians sacrifes themself to make people luagh. they also laugh with their joke or when people around them laugh also. Kevin Heart makes alot of money just to make people laugh. You may not be able to overcome yourself anytime soon but thing won't be better is you don't show what you got.

Judgement may cause everthing. People treating you bad or just saying bad things about your behind your back. Judgement cause thing that people may not know thats around our society. For example ME. People can't understand me when i speak or text because of my grammar. They compare me to Characters on TV shows but honestly i don't get those things stick to me. Jugdement cause people deppresion or way worse. I know that things people say don't get to me. It's way more better to stick with your friend and be yourself.

Being yourself may cause a lot of things in your life. Being comtable with people, acomplishing your goals or overcoming judgement but things will never come if you don't be yourself. Just like Author said "" To be yourself in a world that constantly trying to make you somthing else is the greatest accomplishment"". People will never know what would happend if you don't be yourself, so be yourself and find out. ",482,12,Male,Not economically disadvantaged,Asian/Pacific Islander,test,3,3,3,2,3,2.5,3,3,3,3,4,3.5,3,3,3,2,3,2.5,2,3,2.5
1C62037C5F0F,Individuality,"agree, with to be yourself in a world is constantly trying to make something else is the greatest accomplishment. by doing this you will improve more in life. trying to become a better person and help you in some ruff time trying to be a better person its going to be hard if you still not going to improve on what you want to do in life for example i was working with my uncle doing roofing an he told me to do this side an i did an i messed up so many time and he taught me how to do it and now i improve what i did wrong. working an improving it better then doing nothing in life to putting effect to improve .

to improve in life you can ask people whats better and learning more at school. dont try to be with people that you know they going to bring you down foccess on your improvement so then you can follow your dreams an go on and you can accomplishment and improve something in life which they can help other and you can help something out in your life my conclusion is, if you trying to improve something or want to do better success on what you trying to accomplishment there for you can get out of school out early and start woring on what your going to improve and you can become smarter to do more things and help you out ",234,10,Male,Economically disadvantaged,Hispanic/Latino,test,2,2,2,2,2,2,3,2,2.5,2,2,2,3,3,3,3,2,2.5,2,2,2
1DAF72D388B1,Individuality,"That I agree with this accomplishment. The first reason is to be yourself on what you are good at. The second reason is people working hard and being successful at it. And the third reason is doing a career that you like to do in the future. Example: Being positive, always be yourself, and choose your favorite career that you love.

When I'm good at something that's just me. I put this reason because I want to do a career that I like and focus on. It really help finding a career that I like. When I like to do a career, I will earn money, And I might give some money to my parents. Because I'm the type of person that shows respect, honest, and careful. Like when I play basketball everyone told me to be yourself and just play and it was successful. That being yourself will always be positive and accomplishment moving forward.

I want to be successful by working as hard to earn money. Even athletes work so hard to reach the Finals, The World Cup, and others. Athletes wanted to success and win the playoffs for the fans. Everyone earn a lot of money by working hard and being successful. Life would make it much easier if you just be yourself, work hard, and always be positive. People wanted to get money so they can by things for parents or even cousin. When I work hard, My parents are always happy. That being yourself calms you down, when you get mad at something.

Doing a career I like will help me make it easier to be positive, be myself, and being a hard worker. That I can accomplish everything by during the thing I like to do and know how to do. Some people makes it that simple to be yourself on what career I really love to do. I like to do marketing about sports because I watch a lot of sports. I will be myself by choosing what college and career I want to do.

Conclusion: That being positive, get a career, and being yourself will help me get money and make people respect you. Like being yourself is like doing your own job. But it look easier by doing it. Being yourself helps me with choosing career, college on what I want to do, and always be positive. Some people want to do their job by themselves so they can accomplish and get money. I should always be myself when I'm mad or sad to calm myself down. It helps when that happen so thats why i agree with Emerson statement.                    ",438,12,Male,Not economically disadvantaged,Asian/Pacific Islander,test,4,4,4,3,3,3,4,3,3.5,3,4,3.5,3,4,3.5,4,3,3.5,4,4,4
1EFFE819A2DC,Individuality,"Emerson's statement about individuality has been discussing by many people over time. Altought, some people disagree Emerson's statement. Nevertheless, Emerson's statement is in complety reason about individuality, because many people can enjoy their jobs and enjoy their lifes.

At this time, 6 of the 10 people hate their jobs by the influences of the people around them. For example, my aunt hates her job as a cleaner houses because she was influenced by her parents of do not go to the college in just focosed to work. She always comes tired and mad because she does not like her job. This shows that if my aunt did not led her parents influenced her taking a job that she does not like it. She probabily do not be mad and tired all the time. Clearly, the most important accomplishment that you most have is been yourself and taking your own decisions.

In this world exist many people trying to make you something else and people that forcing to be something that they are not. For example, people that lie about their sexuality in just because their family or friends do not accept them for whom they really are. You can see in the tv many cases of bullying to people that are homosexuals and many of these cases end with the life of that person comitting a suiced. This shows that many people took their lifes because they can not enjoy their lifes been something that they are not. Oviously, people get tired of people that are trying to make them something else.

In conclussion, Emerson's statement is good for society. Because people can enjoy their jobs doing something they liked or appacionate. Also, people can be free been what they really are and enjoy their life. For all of these reasons the greatest accomplishment in this world is been yourself.                 ",304,12,Female,Economically disadvantaged,Hispanic/Latino,test,3,3,3,4,4,4,3,2,2.5,4,4,4,3,3,3,3,3,3,3,4,3.5
2087926315D7,Individuality,"Some people believe that the world is constantly trying to change you and you are trying to be yourself. People agree with Emerson statement because it is like people are trying to change who you are when you are just trying to be yourself. Emerson statement is true to people who believe that the world is trying to change you but you just want to be yourself in the world.

The world is trying to change you when you want to be yourself in the world because it wants you to be the same like everyone else, and you want to be different from everybody else because it is hard to be yourself in the world that is constantly trying to change you.

First, the world can be like people who try to make you like everyone else because they can peer pressure you to be like them. the TV could be like the world and even parents too. the TV could try to persuade in to being like everybody else on advertisements. Parents can be like people say you should not be weird, crazy,and energetic and just be normal because people will try to change you and try to make you feel like you should be just like them.

In addition, being yourself show your personality and the way you look because nobody is the same. People should not feel unashamed due to the fact that no one person is not like the other person. Everyone has different personality traits and that is what makes them unique. People who are different do not care what other people think of them because they are just being themselves. Being yourself show's the true you and who you are inside an outside.

Some may argue that being yourself is easy. In today society everyone is forcing everybody to be like everyone else. So it is hard to show your individually around people. However, In society if people were the same it would be boringand it would be like looking at yourself.

Many people said that being yourself is hard because people will not leave you alone, due to the fact that they think everyone shloud be the same. People think that being the same not different is better in today society. Obviously we know the truth and the truth is that being different is better than being the same.          ",394,12,Female,Not economically disadvantaged,Hispanic/Latino,test,3,4,3.5,4,3,3.5,3,4,3.5,3,4,3.5,3,4,3.5,3,3,3,3,4,3.5
26DF88270348,Individuality,"Ralph Waldo Emerson have right, you can be whatever you want and you don't have to be someone that you don't want, this is a free world.

t's okay don't be the same than another people.

For example the society wants to you be like a ""normal"" and they tell you how you need to act.

The society don't cares about you want, if you says something they don't listen to you because they thing you're not important or you're opinion is not important, and says you just have to do the thing they tell you.

But you need to know the you have opinions and they (the society) need to listen, because everything is important in the world and (again) is a free world, so you can be whatever you wants and you can do whatever you wants in this world.

Then sometimes you have to thing about what you want to be, because you can hurt someone or the other can hurt you and you just take care about that be careful and free to express yourself.

Sometimes the world can be so rude but the humans have the ""power""to fix the bad decision, so if you do the things wrong just try to fixed and don't do things like that again but that is not a option to give up and don't express your self, you can express your self in whatever time just now you have to do the things more better then the others time.

Be yourself.",224,11,Female,Not economically disadvantaged,White,test,3,3,3,2,3,2.5,3,3,3,3,3,3,3,3,3,2,2,2,4,2,3
280BED11B625,Individuality,"Most of he people are always triyng to be different in this world. It depends how is their bias and the society because we use to try to be better by working hard every sigle day. As Emerson said individuality is the greatest accomplishment, he has been in a world where people think being or living in individuality it's important for society because they must care of themselves. I agree with his statement about individuality, and I think it's really great being in a individual society because I can make my own decisions, no body can judge me, and trying to do my best.

We live in a world where poeple want us to be different or be better. Therefore, few peolpe are waitng something else from us, even if we can do our owns decisions. Hense,it's interesting how nowadays people are awlays judging others because someone is different or someone does not think as the way they do. However, I can make my own decisions to be different or better in this world because I can do whatever I want and it's my responsability to take care of my consecuencies. and persevere.

We already know since we were born that we have to be carefull in situationst when we are about to collapse. Therefore, we might be smart to make this world different, even if we are having problems to be succesfull. Also, because of the society we know we have to greater than others , but I

think if I want to be different in this world depends on me or my decisions because no body can't tell me nothing to be myself a better person. In another hand, I think my life depends on me, that means I am the only responsable in my decisions and try to make defference in this society, even if someone judges me.

My mother and my father always are trying to make my life easier because they want the best for me and they give me advices. However, living in my way makes me fell my parents were right, I have to fight for whatever I want, even if I do not what I am going to be in the future. Also, I have leaned it's always important to try my best to make my life better in acertain time to be a great person. Living in this kind of society makes me try always my best to change and be different in my own way or being individual to make my world or my life different than others to feel myself comfortable.

In conclusion trying to be different it's really hard, but we have to be smart and never give up to do not feel morosely. In my opinion being in a individual society could be great because I can make my own decision and no body can't tell me nothing. Also, this statement makes me think I am the only one who is the responsable of my actionc and try to be different in this world even if people judge me. However, trying to do my best in this society can be a great challenge to be a better person to feel myslef comfortable, even if others do not trust me..       ",513,12,Male,Economically disadvantaged,Hispanic/Latino,test,3,3,3,3,3,3,4,3,3.5,3,5,3.5,3,3,3,3,4,3.5,3,3,3
2B7D6422D991,Individuality,"Generic_Name

October 31/2019

SLO writing

Be yourself.

Don't let anyone tell you different, know who you are, never doubt yourself.

I agree with Ralph Waldo. Because people are willing to discharge you with their native mindset.

In my opinion being confident always be the best in life. People can say what they like all day long. But you are the only 1 who know where you headed with your life. in the society that we are living in today, is complicated so you have to be you. however you need to be strong in other to do it.

If you unsdernding exactly who you are. Then you don't have to care at all, because you are bold. Whatever they are saying will be just wast of time to you. it's so important to be awed of who you are. Never worry about them just shine like a domino. That is the king of person you should be.

If you are doubting yourself, the others will get opuntunty to ruined your life more. But if you said no, is no,that mean you will keep putting hard, and harder. that will pull them closer to you, and they will start doing same think. Be brave and honest with yourself. you can be anything, or do a wonderful stuff in live time. You can take advise from people, although you know what you are going to do already.

When you are so nice people will try to show you how they though things should be, but if you believe in who you there will be a big different forever.",260,12,Female,Not economically disadvantaged,Hispanic/Latino,test,2,3,2.5,2,3,2.5,2,4,3.5,3,3,3,2,3,2.5,3,3,3,2,3,2.5
2C34B6221141,Individuality,"I agree with this prompt because if you studying comstantly your lessons and get A this is grater then cheating during the test. for example I had a test for go to the high school ( you need a get a graet point if you want a go graet highschool) and I studying constantly every day I studying after school when I went to the outsite I studied with my friends and finnaly i get really great point on the test and this is really great acomplishment for me.

Now i studying constantly beacuse i want to pass my class and if a get great greades my mom buy a ps 4 for me and if this happen this will be my best accomplishment.                                                                                                                                                                                                                                                                                                                                                                                                                                                                                                                                                                                                                                                                                                                                                                                                                                                                                                                                                                                                                                                                                                                                                                                                                                                                                                                                                                                                                                                                                                                                                                                                                                                                                                                                                                                                                                                                                                                                                                                                                                                                                                                                                                                                                                                                                                                                                                                                                                                                                                                                                                                                                                                                                                                                    ",1404,12,Male,Economically disadvantaged,White,test,2,3,2.5,3,3,3,2,3,2.5,2,3,2.5,2,3,2.5,3,2,2.5,3,3,3
2C3DDBD72A9C,Individuality,"when i started school, i had to do everything alone, why? you may ask. well my parents weren't alway home and my sister never had time to help me out with my homework because she had her things to do around the house and school. I had to teach my self, force myself to become the person i am now.

I agree with Author Ralph Waldo Emerson Quote, "" to be yourself in a world that is constantly trying to make you something else is the greatest accomplishment."" being yourself can get you to places that your couldn't even imagine, it not necessary to change your personality just for someone to like you or get accepted in a job. In this world no one going to like to see you accomplish something that they probably couldn't. People are going to hate on you, criticize you, treat you differently. It like a latino artist rapper said, ""haters go down and we go up."" I personally refected to this quote because, when i started highschool people would hate on me, just because i would get good grades in school, i would get along with everyone and be myself. Everyone wanted to see me fail, everyone would attack me with mean things. At one point i was doing terrible in school, my relationship with people was horrible and it all happen because i was trying to defend myself, but everything would go wrong. When 10th grade started everything turn out different for me. i had good grades, pass all my classes and look at me now graduating early, accomplishing things that everyone that hated on me didnt wanted to see and just see me fail. i did that with faith of God and also my self, confident, and just being myself.

Being yourself is the key to everything, get told to be someone your not it taking you to any good, we are just getting push to something that we can get to huge consequences and regreted for the rest of our life. It better being a leader then being a follower.",336,12,Female,Not economically disadvantaged,Hispanic/Latino,test,3,3,3,3,2,2.5,3,3,3,3,3,3,4,3,3.5,3,2,2.5,2,3,2.5
2CCFDD86A250,Individuality,"Be yourself in a world that is constantly trying to make you something else is a great accomplishment because you can take the opportunity to be a different person and be who are you want to be. not everyone has the opportunity to see the world differently from others , and making you something else there you not really are. For example: lets said that you live with your family and you don't see that nothing is changing ,and they don't give you the opportunity to express yourself or you dont feel uncomfortable. you decide to move to another country and them you see that in the new place is giving you more opportunity them the one you was live in.

Sometimes to be on a world that is trying to make you something else is not always is a great idea because sometime you can start doing bad things no matter if you are a good person or not. there is always going to be one bad side of the world that you can start see it if you do bad things .

like using drugs, killing people,drinking alcohol. or if you have family issues and you don't have nobody to talk about it.

Its kind of good and bad because it depends on the people too if there are trying to see the world different or not , because there are some of them like they don't care much about the world so I say that being yourself on a world that is giving you different opportunity , is helping you to see the different meanings,things that you see that is impossible to do you can see it differently ways and you can take the time to show it to the others.

I think that if you wants to be someone else is depend if you're a positive person or not. And you see yourself being be successful ,and do the things things you want to do no matter what kind of place you are or not it always depends on people how look the world in different ways and act . And the ways you can achievements your goals is doing the right things.

For example: let said you like nursing and you decide that is what you want to , but your parents tells you that is impossible to force a lots of money to study that but you want to make your goal can true and many people is giving you the opportunity become who you want to be .

Being on a world that is trying to make you to be someone better and its giving you many opportunity to show in different ways like:

studying .

showing your talent on what you like to do.

do the right things.

be who you want be.",432,12,Female,Economically disadvantaged,Hispanic/Latino,test,3,2,2.5,3,2,2.5,3,2,2.5,4,3,3.5,3,2,2.5,3,2,2.5,3,2,2.5
2DAF1DDAB6FF,Individuality,"We are living in a world where's everyone likes to hit them self just to look cool in their community. I agree to be yourself in a world that is constantly trying to make you something else is the greatest accomplishment because do what's makes you happy and accept yourself.

First of all, do what's makes you happy. For example every time I tell my mom I want to became a flight attendance, she says that flight attendance is not a good career for me just because she wants me to be a nurse. Even tho, I know my mom doesn't like it my career I will still do it and convince her because this career is something that I call passion . I don't see the point of trying to pleasure people if you not happy with yourself and you not being yourself that's may be kind of frustrated. Furthermore, being yourself is being honesty with people around you. Keep yourself and people will admire and respect you just the way you are.

Second, accept yourself. For example, I have seeing Muslims girls in my school that since they came to America, their live change too( the way they how they dressing and acting) because of something that people call influence. I don't believe in influence i believe that people have the right to make their own chooses. No matter how hard it, no matter what people will say because people always have something to say to make you feel bad even when you are doing fine. Be yourself is the greatest accomplishment.

Some people say sometimes you have to be someone else to be in the same level as the people around you. But do you really have to be in the same level as the people around you? I don't think so because everyone is different, by the time you doing what makes you happy instead of make people happy is the a great accomplished. Therefore, be yourself brings real people in your life such people who really appreciate the way you are.

In conclusion, I strongly agree that be yourself in the a world that is constantly trying to make you something else is the greatest accomplishment, because you are doing what makes you happy and accept yourself. It's kind of hard to keep yourself but it's not impossible.",361,12,Female,Economically disadvantaged,Black/African American,test,3,3,3,4,3,3.5,3,3,3,3,3,3,3,3,3,3,3,3,2,3,2.5
2FC4AFBC19C5,Individuality,"To be yourself in a world that is constantly trying to make you something else is an accomplishment, at this moment we are living in a crazy world, where horrible things happens. Many teenagers getting in trouble with drugs, they decide to do drugs because they thing that it's something fun. If you are a person that doesn't cause troubles you should be proud of youself that's a huge accomplishment.

First, at this moment we are living in a world where horrible things happens, for example some teenagers have had decide to do shooters in some school and they have killed many students that they were the future of the nation. we must have to put more attention to the kids because we don't know with who they are been friend in the school, we don't want our kid to be someone that is gonna cause a lot of damage to another family. We must have to care for a good education fot our kid so he won't do anything bad.

Second, many teenagers have decided to be using drugs because they thing that it's something fun but no it isn't. This tells us that they aren't getting a good education, if they are having a perfect education they couldn't be using drugs because that's something that does many bad things for your health it doesn't let you thing in good things you probably could have ended in doing something bad. This is a big issue because if we don't decide to stop this it's gonna get worse that what it's already.

Also, if you are a person that doesn't cause any trouble you have to be proud of youself that's an accomplishmet that should be really good recognize. Not many teenagers are so well educated right now and when people see that you are so different from anothers they get surprise, and you must have to keep going like that and try to help others kid that aren't doing great. People are going to admire you if they see that you are a really good kid, they will always are gonna be telling you good things and will also win their respect.

In conclusion, at this moment we are living in a horrible world were bad things happens, for example teenagers decided to do shooters in some schools ended killing many students. Also students deciding to get involve with drugs they care more for that than to be getting an education we must have to try to fix that, we want them to care more for their education. There are many kids that thinks different they know so well what's the good thing for them and they just focus in their education.",461,12,Male,Not economically disadvantaged,Hispanic/Latino,test,4,4,4,4,4,4,3,3,3,4,4,4,4,4,4,3,3,3,4,3,3.5
316BC8F49C0A,Individuality,"Emerson wrote ""To be yourself in a world that is constantly trying to make you something else is the greatest accomplishment"" and I agree with it. I will explain why it is important to do the stuff that makes you happy. Believing in your self. I will also talk about how it is important to be positive and not listening to what other people have to say about you. At the end of the day you know who you truly are and you should never be ashamed of it nor change to ""fit in"".

To be yourself you have to find yourself first and by doing that you should not be embarrassed of yourself. Finding what you want to do completes apart of yourself that no one should have a say in. Finding or doing something that makes you happy should always be a part of you. Never stop doing something that makes you happy for anyone or anything. Whether it being a job or hobby happiness brings you to a full and people will always try to ruin it but if you love it you wont allow them too. Dont allow the world to choose what you do, do what you love and what makes you happy. That's what make's you, you.

In my opinion you should always have confidence in yourself. With no confidence someone can say something to you and it can change the way you carry yourself in a bad way. You should always believe in yourself theres always going to be doubters but u have to prove your strong and not like everybody else. Being humble shows that you are different. So many people are not humble and thats what the world wants them to be cocky,arrogant somebody that they are not. Always remain humble no matter how much money you have it should not change you.

People will always come into your life trying to change you. They do that because they dont want to see you succeed. Ignore them and always listen to yourself, your heart. Being yourself in those moments show how strong you are and only you can change yourself for the better. Always have positive attitude. You bringing positive attitude into the world and the world will give it right back. Most of the time they want the negative out of you to see you mad at your lowest moments talking about someone you have nothing to do with. Being yourself is the biggest thing you can do in life.

People come and go from our lives everyday. Only a handful makes a difference in your future. As soon as someone enters our life we see the world from a whole new perspective. Everyone has their own type of personalities but what makes us humans is being ourselves. The media wants you to be someone your not and so does the world. Everyone is for themselves but you choose who you want to be and make a difference in this world. Show people theres nothing wrong with being yourself. ",520,12,Male,Economically disadvantaged,Asian/Pacific Islander,test,4,4,4,4,4,4,4,5,4.5,4,4,4,4,5,4.5,4,5,4.5,4,4,4
319547B4ABAA,Individuality,"Being yourself is the best thing you can do for your well being. Now and days everyone tries to be like one another, and i honestly do not think it should be that way. People try being like there friends just because they think its cool, or because they think they won't want to be friends with them. A lot of the times people think that if they act themselves that people going to think that they are weird. But a lot of the time that isn't the case. A lot of people don't care if you act the way you truly are. There is always that hand full of people that won't care who you really are. There is nothing wrong with being different from everyone else. be the person you want to be, and do not let anyone else tell you other wise. This world in constantly trying to make people something that they're not, and it shouldn't be that way. If you are the person you want to be, and you are happy with it, then i honestly think that it is the greatest accomplishment a person can have. There will times in your life where a lot of people may bring you down just because you are not like them, and it may happen a lot. Just keep doing you, that is the best thing you can do for yourself. The world is full of many problems. Just do not let those problems get to you, and do not let them change the person you want to be.  ",250,12,Male,Not economically disadvantaged,Hispanic/Latino,test,4,3,3.5,4,3,3.5,4,3,3.5,4,2,3,4,3,3.5,4,3,3.5,4,3,3.5
31C1A9D7C580,Individuality,"To be yourself in a word that is constantly trying to make you something else is the greatest accomplishment.

Trying to be different is way better than trying to be like someone else just be you and original never try to be like someone else. If you want to do something in your life that you really want to do go for it no one is going to stop grind and success that you have going on. If that one word that you are tying to be changes you dont let it sink in to far or you will be stuck forever and will not recover.

One word that i would call myself is to be great because i want to be great at something that i really enjoy doing like playing basketball and playing the ps4 or streaming on YouTube, because i really like playing nba2k or call of duty or maybe fortnite those are the type of things that i like to do and maybe one day it will be my job. All those things i listed are so awesome but they are way to hard get into like basketball you have to be tall to play and i am only 5'5 so is hard and being a YouTuber is also hard because everyone is doing it and is so hard to blow.

I really want to succeed in life and enjoy it to the fullest because you never know when will the day come and you have to say you final goodbye. Accomplishment is everything because in this life if you dont work hard or do great things youre not going to get far. So dont try to be your self in one word all the time. Never be one word or be stuck on what someone tells you because is not going to go well.

In conclusion, I dont agree with Author Ralph Waldo Emerson with the quote he wrote because not everyone wants to be stuck in one word for ever. So dont listen to everyone and dont believe everything you see on the internet. And if dont pass this i really dont care because at the end of the day your opinion dont matter what matters is what i think and believe. ps.. enjoy your life and dont isten to anyone but yourself.",381,12,Male,Economically disadvantaged,Hispanic/Latino,test,3,4,3.5,3,4,3.5,3,3,3,4,3,3.5,3,3,3,3,4,3.5,3,4,3.5
337A0B3AD1AE,Individuality,"Do you think to be yourself in a world hat is constantly trying to make you something different than anybody else is greatest accomplishment? when we should make something else, we would got experiences. image when somebody go to a place when he's never go and he want to new experiment and evolutionist about something else. Also when we talk about '' trying to make you something different'' we talk of so much means for example, different place's, challenge, success, achievement, ect... but less focused in over challenge, place's, and success.

''Success''in this life we have the opportunity to make new ideas, because that make us different person's than anybody else is good when we make evolutionist from ourselves, constantly we tried to do individually because when somebody would near to you they say to you "" you make the difference of the all world"" Why? because you made something else then anybody dare to make difference.

for example: a sister from my friend she never tried something different, her always closed her felling and her mind when her sister and me we made a party on their home and pijamada, we always invited her and she never goes to. But three years later she now do whatever she want but with carefully what i saying with this?

do not closed to anyone's your mind do all you have it's within everyone's reach, do not are person of low intelligence.

what are you thing? Do you thing is good or bad? you believe in to mark difference? Do you thing changing constantly yourself is bad? Do you think when you do to a places that you never know is to make you different? ",266,12,Female,Economically disadvantaged,Hispanic/Latino,test,2,2,2,2,3,2.5,2,3,2.5,3,3,3,3,2,2.5,2,2,2,2,2,2
34A66EFBF3AA,Individuality,"if you trying to make you somenthing else is the greatest accomplishment. so if you accomplishment take option in your life is more easy for you because have more opportunity and have more option the have one life more beautiful. for example,some people no have opportunity in your life. that sad because some peple no have economic and support .Although the people trying have the life more nice. so for this reason all people need take more option in your life. in conclusion the people trying have all in your life because want have for your future.

some people think is good idea for all world he trying to be strongly and have energy and accomplishment take opportunity for all world that good. for example, the people want more option in your life have more jobs and more economy for your family. so for this reason some people want to world in yourself. also this important to take desicion in your life. In conclusion if you take chooise in your life that very important take with precaution .

Ralph Emerson he is world in yourself he is trying take more concentration only he is to make you somenthing else is the gratest accomplishment. something some people want more easy the life and them no trying take responsability and your life. Also the people trying take individuality is accomplishment to take option important in your life. In conclusion the people need take in really all.",240,12,Female,Not economically disadvantaged,Hispanic/Latino,test,2,2,2,3,2,2.5,3,3,3,3,3,3,3,2,2.5,3,2,2.5,2,3,2.5
36D2192013B8,Individuality,"I disagree with Ralph Waldo Emerson, because to be your self in this world,you have to the things you like to do, and follow your dreams to be or get that job you always wanted to get, or a carrer you would like to do, for your self and not for the others, and not do things that other people tell you to do, like get a job that you don't want to do,because you problaly dont like it or your not good at it, but if your not good at that job,but just keep trying because you maight be better at other jobs that you dont know and it can problaly like you, even if you failed keep doin it and see the things you did wrong and keep trying until you succes and complete the job.

Let other people know what you want to be in life and they wuold problay help you and give you tips to complete the carrer or job you wanted and always show your personality and br good with them and dont cgange the way you act with the, because that can problaly affect your frienship with them and they would problaly stop talking to you.

in this world, it will take a long time and a lot of work to complete your goals, you will have to focus and spend time on your dream job, because you have to risk somthings for the things you want, because in this life nothign is free and you have to work hard to get the thinghs you want and always be humble and support your family and the people that supported you and helped you to comple your goals and dreams, and not make bad decisions in life, because it can change you or othre people's life, always believe and be your self even if you completed your goals and followed your dreams and don't change your sefl and be the same.

there are people that are going to laugh at you just for the job you want to get, or the carrer you want and they are going to say bad things about you, because they dont like your personality, but don't care about that people that are going to hate you, because that class of people don want you to succes or be better than them, just keep being your self and keep doing the things you like,and act the way you act, because you dont have to have to act different just because someone dosen't like you or hates your personality or the way you are, jus be your self and don't care about other people's opinios.",420,12,Male,Economically disadvantaged,Hispanic/Latino,test,2,3,2.5,2,3,2.5,2,2,2,2,3,2.5,2,3,2.5,2,3,2.5,2,2,2
37CCCFE419BC,Individuality,"I agree that it is the greatest accomplishment to be yourself in a world that is always trying to make you somebody you are not or that you don't want to, even if it is not the best version of yourself but that is the neartes of the person that you want to be or just to be succesfull because that will make you and the people that really cares and loves you be happy.

Be yourself in a world were you are surround by people that is always offering you "" have fun "" by consuming drugs or alcohol, because they tell you that is the greatest think in the world and there is nothing like it that would make you happy or make your life easier, even tell you to get in to a crimonal asociation just because you don't have any other option in your life, or because you don't have anything in your life that matters and that you dodn't have anybody else care bout you like this person that is trying to convence you saying that everithing in your life will change and will be better than ever before, just to make you take the decition to do what he wants instead of what you want to be or what you want to become in the future.

What would happen if somebody feil on life because didn't took the best decitions to be happy or succes in life for example, when a person let his parents decide what they want for hem, his parents want the best of the best for his son more than anything on their lifes, but don't let hem decide what he want or what are his dreams about and they take the decitions for hem, this perons will never live the life he wants, never will know how would be his life if he would follow his dreams, the ones that had to give up on because led his parents decide for hem or because didn't have enough strength to follow his dreams and make his own decitions to make them come thrugh.

one of the bigest goals in life for every single human being is to be happy or succesfull, for a lot of people that's something really easy and for others hard, when somebody born in a succesfull environment being succes is easier than somebody else who didn't had the lucky opportunity, where everything and everyone helps you follow your dreams and make them happen, in the other hand people whose opportunities aren't the best or the ones they want, in order to have the same opportunities as the lucky ones who have them already, they have to work hard make decitions that may not be the best ones, yet in order to have the ones they have beeing working for hardly, they have beeing passed through lots of obstacles in order to be succes, those people who work really hard in life have a very strong decition on what they want in life and don't let anything stop them to be what they want in life.

So, beeing yourself on a world that thinks your wrong or wants you to be something else is the best think that somebody can do to be hhappy in life, no matter if a "" friend"" tells you to do something because he sed that is the best thing for you when you know that it is not true, or when your parents takes decitions for you and you think that is not what you want for you and your future, don't give up on your dreams, even if you have to work ten times harder, don't give up because the bigger the obstacle is the bigger opportunities you will have ones you finished them. DO NOT LET ANYBODY GIVE UP ON YOUR DREAMS OR GOALS IN LIFE.",654,12,Male,Economically disadvantaged,Hispanic/Latino,test,2,2,2,2,3,2.5,2,2,2,3,2,2.5,2,3,2.5,3,2,2.5,3,2,2.5
3875FD41B005,Individuality,"IM agree with the things tha emerson want to do with me to be inportant in this world, because we have to do something on this life, like you have to know how to live on this world with yourself and you have to know how to get a job to support you and you family,

but first i have to take out the school i have to learned a lot of things from the things that i wanna do, i wanna be something on this world i wanna be like a better person i wanna get jos to halp my family, and the things tha is inportant to me is the school, because if i take out the school, Im goin to get better job.

Everyone have to learn something of this life cause, they have to be somethig on the world like every one have to learn haw to live with they self and support they family and do inportan things, the life is not deficult but you have to know how to live and how support you and how to get money, because in this contry you have to play oll the things like you have to pay all your bills, because in this world is nathing free that's why each person have to work to have a better life well not for have a better life but to support the house and they family and you have to get money to bay food or some other things that the family need like personality things if yo live with yourself you have to do the same things becase you have you mam or you dad and you have to support them's like ether way you have to worck to be the better person on this life becase is more people on this world but no one is better then the other one cause we are the same people, just the things that make us diferent is or personality but the things that the person have to do is gradulate from the school is the easy way tha you can get easy job's and to have a better oportunity's because if you dont study you dont gon to do something on this world cause if you go to school you going to learn more about the world or about job's or about how to support you like how to live like no one halp you, for example if you gradulate from the school you going to do a good person you going to help another person to do the same thing's as the other person did like every one have the oportunity to learn something from this world or this life on the school they tell to eaach one how life worck's on this world so we have to think aboutte what we wanna do with or life every one have to chose what they want on the life cause is deficult to tell to the other person what tha person have to do every one ir free to chose what they want to do with they life but the reson why we have to chose the school is becase we have to do something on this life and worck before of school cause like i say we lear more on the school and when you go out you know how the things worck outside like you have idea how the worck and how the thing worck's but you allways have to not forget your family cosuse the family is first then the others thing's like i say we have to help or family.

Because we have to learn aboutte life how to live how to support you how to do you owns things with not help of no one but i know tha we have to asck to people how to do somethings but not all because like i say we have to learn from the school or from other say but the thing is tha we have to learn about life cause is inportant how to live cause if you dont know how to do the things on this world you allways goin to be down, but we allways goin to learn from another person we goin to make a maystakes but not one is perfect on this life every one leorn from another person how to do the thing's but it is inportan to see more thing's so you leorn about that.",953,12,Male,Not economically disadvantaged,Hispanic/Latino,test,3,3,3,3,3,3,2,3,2.5,3,3,3,3,4,3.5,2,3,2.5,2,2,2
3C818D5455E0,Individuality,"To be yourself in a world that is constantly trying to make you something else might be the hardest thing to do in today's era because people are always trying to brainwash other people and change their minds! I believe that being ourselves is the most important thing because that way no one can change the way you truly are! We can influence other people with our ideas, being ourselves also makes us a unique person, and we can stay happy by following our own ideas.

To begin with, you can always influence other people with your own ideas. There's lots of different people in the world with different ideas but when you have your own ideas, they are gonna come in handy in case of a dangerous situation when sometimes even the most intelligent people can't think of any ideas. Sometimes people might also think that your ideas are not all that good but, when you actually try it's going to work and people are going to get influenced by your ideas and they start thinking in your thinking pattern! For example, my sister who is 10 years old came up with a solution to a problem where we couldn't open a tightly sealed jam bottle, but she ran up to us and told us to try and open it with a grippe pair of gloves that she had and at first thought it was bizzare, but it actually worked! Ever since that idea worked we open an sealed bottle with the same thing. Some things might not always the way they seem to be!

Also, being your self makes you unique as a person. We have our own ways of thinking: the way we dress, the way we talk, the way we express ourselves every thing wires down to if we are being ourselves or not. We can always show people how unique we are by doing our own thing. Following the crowd and doing what other people do might be an ordinary thing. Standing out from the crowd and following your own ideas might be something extraordinary! People might also like you for standing out of the crowd and they would want to imitate your style and the things you do. For example, the car company Rolls Royce designed their car of the future 2035 which dates back when the legends Rolls and Royce started making cars and driving people to their destinations. They made the car look just like the car from the olden days and it's self driven. Let's not always assume that being ourselves make people thin bad about us, because our ideas might as well just wow them!

Lastly, we gain happiness by following our own ways of living our lives. Sometimes we are not happy in life, we have that feeling that something is missing. Have you had that feeling? Even though we are happy, well settled, getting good grades; something just does not feel right sometimes. It's probably because we have listened to someone else's idea that would've changed our minds. Going by what other people say and not doing what really makes us happy is not going to get us anywhere. We always got to do what makes us happy and not change they way we think because someone else told us to. For example, I made a mistake by taking the art course that my friend told me to take, and honestly I'm not happy with that decision. The class is fun, everyone is nice to me but I just don't enjoy because that was not something that I was interested in. I've learnt my lesson from then that I should never listen to what other people say and that I should always do the stuff that makes me feel happy.

In conclusion, being who you are naturally does have a lot of benefits! Although some people might say that being yourself is a hard thing to do because people are always trying to change our minds and way of thinking, but being your self is the ultimate way you could lead a happy life. We can influence other people with the way we think, we are one of a kind by being ourselves, and be happy in life for following our own ideas because we know what's best for us. With these things in my mind, now we know that being who we are is really going to benefit us in our lives. Let's make the most out of our lives and be ourselves!",725,11,Female,Not economically disadvantaged,Asian/Pacific Islander,test,4,4,4,4,5,4.5,4,4,4,4,5,4.5,4,4,4,4,5,4.5,4,5,4.5
3CB1B6AACD95,Individuality,"Dear Ralph Waldo Emerson

,I think being individual doesn't accomplish somebody,because if you get to any problems you can't do it all by yourself ,working in a group will solve something you don't know about, and will make it easier for you,that way you are gonna achieve and be successful,i think to be yourself you might succeed or you might not,and working with group i think is the best way to achieve.

If you have a business and you are all by yourself nobody with you, then you can't achieve or you can't run the business,if you are all by your own,then you are not gonna get the work done and stay in the same place as you are,and you would not any know anybody that can help you or will help you,Individuality won't accomplish you or someone that want to be,and it is not gonna take you where you want to be.

Accomplishment or to get something right out of the way is not gonna happen all by your own,and it would take sometime with group or family members to work with,and there is people at first they have worked individual and the fail at the work,then they started working with their group of his friends and now the have achieve with their group,and i think the best way to improve yourself is or to accomplish to be working in team,and if we are working with team or group everything can be organized,and onetime.

Greatest accomplishment is the team working with each other,and if the members needed any help with certain stuff,and working with each other will help them to achieve their goals and be success in their work,many people uses to work with team,there is less amount of people that don't want to work with the team or group,and they are gonna hurt them self by not working in team,and the reason i want to work with team or group work is you could get stuff done very easy with your members of the group.

And the reason why i don't like to work with myself or individual is that if i don't know something about the work we are doing i can ask from my team members to help me solve the problem,and i think it is a good idea of working in group or team work,and if you fail something in individual work it can cause you a very big damage,because you did something wrong that you can't handle it back,and by team work or group work it would be easy to get is safely.    ",372,11,Male,Not economically disadvantaged,Asian/Pacific Islander,test,3,2,2.5,2,2,2,3,2,2.5,3,2,2.5,3,2,2.5,3,2,2.5,2,2,2
41E7B2A49FAF,Individuality,"Do you know to be yourself or individual in the earth it doesn't mean that you have to work hard and reach the biggest achievement. To be one person or individual in the earth it means that people are can do everything they want. so they are making their own path and going to their own steps to be success in the world. I am disagree because to be individual in this whole world it dosen't mean that we can reach or get the biggest achievement,a person by oneself can't progress he/she can't arrive the highest way that they wants to reach thier success, a person by oneself is not complete so everybody needs help in their life to direct the rigth way and attian their biggest achievement.

A person to be individual in the earth can't make their greatest achivevement;because every human in the world needs to the instruction of their family,best friend or someone elas that help and modifiy thier life. the cradle of every success person is that,they are listening to the thoungh of their familes or friends. and they are interested the specch of them that how to be a powerful person and how to make ourself to be someting in the world and reach the greatest thing that we want.

Be individual a person can not arrive the highest position because life is very difficult. everyone needs help that who can help and direct the right way. for example; so at the first beginning I want to say, the one who make our life amazing and give us the capability of anything we want,that is our family. like when a baby is born he or she dosen't know anything about life,and their family's are responseble to understanding their childern the good and the bad thing of the world. so we can say our family is the most powerful person in our life that they are helping us that how we should progress and how we try alot to be a person that we can reach the jewel,treasure of the biggest achievement of our life.

A person by oneself is not complete or sometimes we can say no one is profect,it means that everybody needs a good helper to direct the right way and to modifiy and compelet their life to reach and get the biggest achievement. for example for the first time when we are coming to school for understanding the knowledge, at the first time in school teacher is the best and the good helper for a student,because they are teaching the student and showing them the right way and makes the student to the biggest position,also teacher show the diffcultices of life for the student to never ""give up"" and be positive. they are helping the stundent that should have to attian and accomplish the greatest thing that the want. so in this way every one needs a best friend that can follow their decision and find the right way to be success and get the biggest treasure of thier life.

So and the end I want to say that every person in the world can not do any thing with out of instruct and guide of family,friend. so when we are individual we are not profect or we are not compelet. the best way to advance and progerss our is to communcation with other person to expand our life in to the right position and make ourself to the capability of thing that we want and be a helpful person in the world to attian or reach the biggest thing that we have wish. so every person has the worthiness of this to arrive the highest way to get the greatest achievement.",570,12,Female,Economically disadvantaged,Asian/Pacific Islander,test,2,3,2.5,2,3,2.5,3,3,3,3,3,3,2,3,2.5,2,3,2.5,2,3,2.5
474CC11D250E,Individuality,"Trying to fit in a world that judges is hard. Remember these wise words that Author Ralph Waldo Emerson wrote,'' To be in a world that is constantly trying make you something is the greatest accomplishment.'' This quote is outstanding because its going to have an impact in your life.

These words are agreeable because its a wonderful accomplishment, every person in the world would be the same, and you will find happiness.

First, it's a wonderful accomplishment to be yourself. For example if someone is expecting you to go to college and you don't want go, It would feel like your choice is wrong and their choice is right. People are going to like you for who you are. Pretending to be someone that is not you is hard. Being yourself is a great accomplishment when its difficult.

Second, every person in this world would be the same. For example if everyone in the world dressed the same there won't be new styles invented. If we all talked,acted, and thought the same things there won't be new things invented. The world would be full of the same things. Being unique is important even if it feels and looks weird.

Last,you will find happiness when you are being yourself. For example, if you follow your dream and not other peoples expectations you will be happy that you followed what you wanted. When you like the you are don't let people tell you are wrong. You won't let yourself go down when you are happy. Even if its challenging find ways to make yourself happy.

It may be true that someones choice may help you look at things differently. However, it is more important to be yourself. It will be hard to pretend to be someone different. Agree with the quote,'' To be in a world that is constantly trying make you something is the greatest accomplishment'' because its a wonderful accomplishment, every person in the world would be the same, and you will be able to enjoy life. ",310,11,Female,Economically disadvantaged,Hispanic/Latino,test,4,4,4,4,4,4,4,3,3.5,3,4,3.5,3,4,3.5,3,4,3.5,4,4,4
48600CC6449A,Individuality,"Importance of Positive Main in Individuality

I agree with Emerson, beacuse the idividuality is necesary to learn, you have to do somethigs by yourself. Some persons are lazy, they don't work, so that is what make angry the persons who really worked, but some times that person's need help, and you can help them to by doing better.

when we have a positeve attitude in our life will desmotrate that we are a good or positive person; when you are positive you trasmited that feel , to other person, that help you to have succes in your indivial activities.

Having a positve maind can change our style of life, the relationships with other person's, the positive maind helps when you do the things by your own.

Use our knowledge experience is one of the most options, What you can use when you have to realize a work, or ptroject by our own.

You have to by daring, this helps to find a good job, and open opportunity's in othe place's, this can help you to have what you want.",183,12,Male,Economically disadvantaged,Hispanic/Latino,test,3,2,2.5,3,3,3,3,2,2.5,3,2,2.5,3,2,2.5,3,2,2.5,2,3,2.5
4CBF3F0B2FCC,Individuality,"I agree because be yourself in the world that want to change yourself is not a greatest accomplishment is just selfish.

In this world a lot of people will to anything to change our self but we need to be careful and strong because just by saying yes to them is a lot risking. Be yourself in this world is something we try to do but we need help and support from each other, a lot of people will try to make you something else by saying that you are alone with nobody support you and there will tell you a lot of stuff just to make you try to change yourself we will need to be strong.

Be yourself in a world try to change you is not a world is just ignorance stuff like this is just make people mad and inaction by make other to change yourself, you going on a job interview that you need to dress up like this or you will not get a job but inside your, you need that so you have to do want there want so that what i am say to let nobody to tell how you need to dress up or treat you for something, a lot of people will try to change yourself by treating you with something that you love the most so don't let your arms down.

You need to show people that be yourself is not bad or worst is just expressed what you feel,think,and you expressed what is inside you many people will think that is crazy but is not because they don't know what actually be yourself can bring your more benefit,and protection they most and considering thing about be yourself is to be honest ting because a lot of people say love say I just choose be my self but when is nobody they change they self.

Be in the world that will change yourself is not a greatest accomplishment is just arrogate,people yourself are matter what it will he us with and thing in this world don't let people to tell you what to do because is not fair and you need to know if be yourself is you decision because a lot of people will try to change you so you will need to tell them that is you decision to be yourself matter what happen even the whole world is against you, you will need to be strong.",387,12,Female,Not economically disadvantaged,Black/African American,test,3,3,3,3,3,3,3,3,3,3,4,3.5,3,3,3,3,3,3,3,3,3
50E98F3FCC76,Individuality,"Yes,I am agree with Emerson's statement because not one want to do your work in this world you has to do by yourself, if you do by your way you can has a greatest accomplishment.

If you has a worksheet is most important for pass a class you has to do your best because not one do it for because is for your own grate in other words you has to do the best you can in the worksheet. Other way is about your own things, some time you has to buy your things like your car, house and your own business the most you can do in this situation the only you has to do is do your best and work hard. In references for take greatest accomplishment in this world you has to be nice with everybody in your work, but the most important you has to be nice with your boss.

If you trying to make your business,for example: a liberty,restaurant, super mark,etc. You has to do by yourself because no one want to helping you. Also,you has your own forms of the definite your work and you limit how much you want to spent in the business. Generally you just get one job but some time you can have two because you want more money in your life but also is by yourself.

Emerson write the prompt because all the greatest accomplishment he has is about him work all him work is by him self. All him work is by the own effort he get, that prompt he write is the fruit of the accomplishment he has.",258,12,Male,Economically disadvantaged,Hispanic/Latino,test,3,2,2.5,3,2,2.5,3,3,3,3,2,2.5,3,2,2.5,2,2,2,4,3,3.5
5229242BED40,Individuality,"To be yourself in a world that is constantly trying to make you something else is the greatest accomplishment. Doing something new feels like i been doing this form long time . i'm totly agree with Emerson statement because some of us are interesting in new things,going around seeing the new things,and when you achievement something you never did it before it feels specials. We trying new stuff to learn not to lose hope.

First,their are some people who are interesting new things motivation their self. like i want to go to India to learn their cuter because i like their dance moves, i like how the make the movies, and why Indian people belvlies in many gods. Look everyone have different profanity to do what ever the wants.

Then, Traveling to new place staying their for long time. Like i came to USA but i did not know anyone here but still i lived here because i wanted to accomplishment the new life,see new people, and find the greatest in my life in USA. In first it will be hard to live new place but litter you will get used to it.

Lastly,when you achievement something you never did it before it feels specials. playing new completions in life is the greatest accomplishment because it motivation you new jorurny of life, give you enrgy to do stuff, and help you in fctuer. So always look for the best not for the easy sit.

Be coming yourself in a world that is constantly trying to make you something else is the greatest accomplishment. Trying something new feels like i been doing it form long time. I'm tolty agree with Emerson's samtamnet because their some people are interesting in new things, traveling to place staying their for long time,and achievemening something you never did it before it feels specials. we always learn from our masiktes.",280,12,Male,Not economically disadvantaged,Asian/Pacific Islander,test,3,3,3,3,4,3.5,3,2,2.5,3,3,3,3,2,2.5,2,2,2,2,3,2.5
537ABE71CF0E,Individuality,"Have you ever asked yourself what you get get from being someone you want to be. Being individual is the best way to develop yourself as a human being, because you can be who ever you want to be, you are capable of enjoying some fun activities, and show the world that you don't need to be supported when you want to make a dream come true.

One good thing about being yourself is that you show the world who you really are, we are living in a world that is being affected by famous people, just because you like or admire the role that your favorite character plays in a movie doesn't mean you have to be exactly like them, remember, their purpose is to show how good or bad you might look to someone else depending on the choices you make, how those choices will benefit or affect everybody else, including your family, friends, or someone you are getting to know. Another good thing about being yourself is that you show what your thoughts, skills, and the way you have you handle a situation, so other people know what to expect from you.

The second good thing about being yourself is that you get to choose the things you like, for example, playing a sport you want, wearing clothes that will make you feel comfortable, and doing activities or things that will reflect your personality and emotions. When you are able to do things that nobody asked you or told you to do, that means you don't depend on anybody's opinion or ideas, which is good because that demonstrates that you can be meaningful in this world based on your personal thoughts, once you get to that point, you will notice how funny and happy life can be when you do things that interest you, not someone else.

The third good thing about being individual when you are trying to persuade a dream and make it happen you get to it no matter how hard it is, anything is possible when you want something so bad. A great example of that is the person who founded Kentucky Fried Chicken, he had many failures before getting famous for his chicken, he lost his loved ones, and tried to work in many different areas, but he always failed, and one day he decided to sell chicken in a bridge, he never asked for support or ideas about how to get a business going, he became so popular, his restaurants are currently all around the world. Sadly he passed away, but his legacy continues to inspire and let people know that they are capable of achieving great things in life without the help of others.

Overall we realize that you can be anything in this world without following someone else's examples, when you are sure about what makes you happy, you will know what fun activities you can do to have a fun time. and you will have in mind that no matter how many times you fall, you will always get back up and that is going to make you stronger and smarter to accomplish the goals you set up.",513,12,Male,Not economically disadvantaged,Hispanic/Latino,test,4,4,4,5,5,5,4,4,4,4,5,4.5,4,4,4,4,5,4.5,4,4,4
53846B5CCD99,Individuality,"Octuber 21, 2019

Dear, Autor Ralph Waldo.

Hello, Mrs. Waldo is my pleasure communicate what I think for this idea you wrote. ""To be yourself"" in the world that is constanthly help trying to make you something else is the greatest accomplishment. I agree with this stament for several reasons for, Examples; own personallity, be yourself, freedom.

First of all, if I have my own pesonallity, helps to find myself because I can decide what I want in my life. Also in our life is a lot of things we can do but, if we have somebody to decide in our life never we can have our, personallty. Because many people want to do whatever they want in our, life. that in not fair for me bacause everybody have rights in this world to be free to do many good things can helps to reach our goals.

Second, if I am myself I have the liberty in my life. Also I believe to have better life because I like to do many good things like finish my Education is one of my goals in my life. To be better person and, helps other who's need my helps iether in this life. Because nobody like to helps person in good ways some people help always thinking in double ways so day by day in this world we not trust everybody because for the same reason they do bad staff what make us don't trust them. Because they don't do anything in good ways.

Third, if we have freedom in this world the world can be different because everybody can take own decission to be theirself. Also when we have life without presure we can think better before to do anything in our life. If we have time we can think better if something could affect in our life. Because everybody think defferent sometimes they give the wrong awser that's why we have to decide for ourself. What is better and, convenient to help our personallities.

In conclusion, thank you for the excellent idea to be ourself in this beautiful world. I believe to be ourself in this world will helps for us become an extraorninary person because I'm very sure we will choose the right decission in our lives. What's great for us to have wonderful lives now and, the future too.

Sincerity,

Generic_Name        ",369,11,Female,Not economically disadvantaged,Hispanic/Latino,test,3,3,3,3,3,3,3,2,2.5,3,3,3,3,3,3,3,2,2.5,3,2,2.5
59708B02501E,Individuality,"Dear readers I disagree with Mr. Author Ralph's statement, for several reasons, it is ture that the world is trying to make you someone eise always. but you don't have to chang with the world, you can be who you are and do better.

frist it is impotant being yourself becaues thats shows who you are changeing is good but not for evryone. It is better do things that you like to do as who you are without the change that the people aroud try to change you.

Just being yourself should be good for everyone, because when your yourself you feel happy, and good about what you do if you are helping or just to better yourself.

trying to be something else that you not it will not make you better than anyone or make you happy.

In conclstion,

I disagree with this statement,being yourselef is important it shows who you are,

it makes you better person, also you will be happ if you know why are what you are doing.         ",161,11,Female,Not economically disadvantaged,Black/African American,test,2,2,2,2,3,2.5,3,3,3,3,3,3,2,2,2,2,3,2.5,2,2,2
5E5C5B4F692B,Individuality,"I'm agree with Emerson's statements. To be yourself in a world it is constantly a gift. Some people think that the world can change you for something else. A good person is the greatest accomplishment. Some people are not agree with this statement they think that the world will make for something else, but with different meaning. They think that the world is not totally good to change you for something else. The most greatest complement that can support you to improve your life is to be person optimistic, responsible and independent. To be your self in a world it is actually a gift.

One reason to be yourself in a world is constantly trying to make you something else is the greatest accomplishment. To be a person optimistic is expect the best mood in the most horrible situations. For example:Once time I was at work and that person came to the store to buy food. The person was so angry because they need to wait 10 to 15 minutes for the food. That day was so busy I was actually streets for all the costumer. I know was my position in the day that need to keep the best mood even was not the best place to be. The world is teaching us to be yourself to be someone else is the most greatest accomplishment.

Another reason is be a person responsible. Began a responsible person is telling the people who are or how is your education. To be a responsible person is making moral or rational decisions on one's own. For example: One I was so stressful to make a decision. To go to my friends birthday party, or go to work. I aspect my decision to how that decision will change me to something else like a irresponsible person. Someones people think different that me. most of the people do not care what the other person is said about then they have their own respective opinion for what they are not what the people think. To be yourself in a world is constantly just trying to be better every day is the greatest accomplishment.

To be yourself in a world that is constantly trying to make you something else is the greatest accomplishment. Be a independent person is the most beautiful thing the a person has. Some people are not independent they depend for someone else to be a person. For example: I'm working by my self to be a independent person i wanna buy my own car i saved money to achieve my goal. Having the means by good judgment is constantly trying to make something else. Many people do not want to be a independent person because they do not want to do any work to improve in life.

You have your own judgment to be whatever you wanna be the world is just a little help for you. The greatest accomplishment are what you are or what your have. Good thing to be your self can improve you to someone better. Began a responsible person independent and optimist.                                          ",509,12,Female,Economically disadvantaged,Hispanic/Latino,test,2,2,2,3,2,2.5,3,2,2.5,3,2,2.5,3,2,2.5,2,2,2,2,2,2
5EA5BB6A198C,Individuality,"Chances Of Yourself

Introduction.

I agree that being yourself is a good way to prove when you takes your own decisions and constanty doing something else, but trying be part of this world with many chances with people that's constantly changing and giving to you the chance to grow as a person, and get the necessary experience but all this is necessary to convert you as a profesional and makes you grow and get maturity, makes you know what you need or learn about how constantly you gotta be or how hard is going to be your life but knowing how you are active in this cases like that.

Got the chance to get experiment another way's and get experience about what you need it, meaning that if you take two things for being active or decide prove another way, you will get many experience and is going to be helpfully for you because is a great decision when you being active, your personality your own decisions but is also more than that, just because you experiment and get experience, your prove yourself that you got the chance to experiment new things or constantly being active is going to be helpfully in to your future or when you take decisions, you will know it or got the experience to take the best decision.

Makes you being constantly active and prepare for your future or something else that's going to affect yourself in to your own future. You to got the maturity to prepare yourself and think about your's mistakes and change it, doing you; that nothing is going to affect you because your personality is helpfully to decide what you going to be in to your future, what type of person you want to convert. A lot of those things are necessary for you, part of this life is when you're be able to change your own future, your personality by the time that's constantly passing in your life, makes you grow, makes you think with more maturity but is something that is necessary know how you going to be in this situations? how you going to be as adult? how is your future is going to be? all of those questions have an only one answer ""yourself"" if you are type of person that enjoy constantly trying to be active or for be prepare for new things that coming in your life, something that really going to affect yourself in a good way.

Got many opportunities to prove yourself, and learn about it. Takes what you really want to be or what your really inspire to grow as a person. Opportunities are in all the world the chance to change your mind and have to decide something is part of yourself, also to decide what you inspire to be like that. How is your capacity think and help to get some people inspire of your's decisions. To grow as a profesional and have the capacity to learn about the opportunities that are in front of you is the best way learn about you, ""yourself"".

Student thinks that got the chances to get experience for something else while you're constantly do something else is going to help you to get what you really need it. Makes you being active and prepare for everything it's can be for your decisions, for your own future or something else. You have the chance to prove yourself, learn about it, take what you really need it, also decide what you want to do in the end; meaning when you constantly being active but when you get every experience takes your decisions own decisions and final, change mistakes for be very professional as a person. To know all this is a good way discuss this with friends, families, teachers or who ever is in front of you to discuss ideas and share this with someone who has a different personality or is different to you but knowing how your personality grow and knowing how yourself work in those situations.",652,12,Male,Not economically disadvantaged,Hispanic/Latino,test,2,3,2.5,2,3,2.5,2,2,2,2,3,2.5,3,3,3,3,2,2.5,3,3,3
6133A8065DB0,Individuality,"I am agree about the decisons about how they thinks. The authores Ralph with his parner Emerson. They think about the words that said to be yourselft on the world about trying to make something . It is the best way about all thinks about that we can do. they tech us about how improve yourselft for exemple there are many things that we can improve if we take part of our free time do think about the things that we like to do. And the things that we think do like things that are really hard you have to try it. Everybady has to try things new to improve yourself. The authores's words bring us one idea that it will help us. The most important part about their words is that we can grab many ideas about thtat and we have to put on practic this.

Theirs words will help many people because word obout one big idea that will help all people that wanna improve their future becuase we want to make in our life a big future with many goals. I have many things to do and all this thigs are in each day because I do it every day because we have a new experince each day that is part about all that. It is like a little story that we can do amazing just we have to be very patient and things about if you are doing the thigs well and check if every time is good if you know that something is worng you have to stop do it and improve doing the things differents and be happy and do the best thing wor the world. The main point is dont copy nobady just do the all that you want to do don't care about what the other people said aboutif it is good or ot not was the best.

If you think about yourself and you see the things about how it will be in the future with people that give up for the reason that they never try do the best part of his life because the people alwas we talk about that is worng or they said that the people who is trying improve will have not good result and will fail in the try, is Really hard take sit and thing about all that is happening on the world that the people dont wanna try nothing to improve and alwas is one or two people who said I give up I can not go far. when they never will known if was the best decision or a bad decision if they never try it. for exemple if a student want to go the college when he gradute the

High School to be something on the life and has in his future a great job like an doctor or work for the government and he can go really far but always is somedady that said do not do that because you will lose your time you will fail because it is really hard for you. And olmost for every one cuz you have to be very smart do it, That's the reason about why alwas nobady thinks about his future becase they has a negative mean. The best that you could do is not listen the people that do not tell you positives words and only said words that never gonna help yourself you have only ingnore all bad words and you have start listent your heart about how do you feel with all that are you doing if it makes you feel bad jou have to stop do it and think in the really good thinks that make you happy that you never ever thinks about try it. But now it is the time to start do this thing that will help you on the future like Actor's word that meke me feel really good for do the all that I want and now is the momento Im on 12 grade of high school I almast gratute the next year on 2020 I feel the time pass really faster and if don't do nothing started now the time is less each day for do all my dreams that my dream is study nurse and see all the octions for with the time can became a doctor because there is something that i want to do help the people that has problem with theirs health or something and learn more each day about them .

The actors' words make me feel really good about my situation and this help me to think differrente and it bring me many ideas about all that is happenig on the world with the other people that they dont wanna try nothing and the actors belive that all can happen if you want because you have the last word about your decisions about all that you want to do for your future the main point about it is make understand that you can do it just try it and never give up and in your life you will make feel also your family will be proud of you. For that reason now I am 100% really sure about what said the author I am agree with them and is time to make a reflection and think about this world that we can do many things here like study all that you want and find solution in the mistakes and the most important thing is learn about the mistakes and do what you have to do to improve the mistake that you did and put on practic the things that cause the mistake to never fail for something like that all these tech you somenthig that will help you in you life about when you want to try someting you have more experince in your life and with that way you will do the things different to never fail and do however you wants. The most importnt in you live have to be thinks in you future in if you are doing something good that will help the world's future you only follow the steps of these actors theirs words said it with the intention of help me and help you with try all that you want. dont listent people that will not bring you a good comentary just listent youself your heart and find one person and ask for help and tell him what you wanna do and how you can do it it and the most important alwas follow your drems and put on practic it and do a dood future.

Conclusion

Im agree with them beause they tech me about listen my ideas and do all that I want and thiks on the tomorow about how do the things good it make me feel about that I will try do all that I want and never ingnore nothing becuase if I ingnore something I will lose a lat because I will never know the result. for that reason I will not ingnore my idea. Also all this help the other people who listen their words. And do what they want for exemple: take classe on academy and more things for your future.",1195,12,Male,Economically disadvantaged,Hispanic/Latino,test,2,2,2,3,2,2.5,2,2,2,3,2,2.5,2,3,2.5,2,2,2,2,2,2
62A77EDBF3AB,Individuality,"I agree with Emerson because we always have to be our self's. In this world that we live people is constantly are trying to make people be someone they not. For example, ""I go to a friend house and he likes soccer but i dont and just to make him happy so I pretend to like soccer too""thats an a example of been someone i'm not. Just to make other people happy and this is why i agree with Emerson to always be your self.

Pretend to be someone we not make us look bad because other people think we don't have a life. People think we live for others by trying to be someone we not just to make them happy. Some people like to pretend to be someone their not because they feel unwanted so they act different but that's not good because by them acting fake to make others like them, but make them self's look depressing because they live for others by pretending to be something they not.

The lats but most important reason why I agree with Emerson. No matter if we act like someone, or something we not or just be our self's people is always going to want us to be what they want. they going to try make us be who we not but is our choice to act like we someone else or to be our self's. In conclusion, I agree people should always be them self's, and don't care what others think because there's only one life time and we have to live the best way we can by been our self. ",244,12,Male,Economically disadvantaged,Hispanic/Latino,test,2,2,2,2,3,2.5,2,2,2,3,3,3,3,3,3,2,2,2,2,2,2
64EFD2ED44EB,Individuality,"I'm agree, do you i need alone because is important for yourself because you more experence for you when you go to individuality neither help you because this future is very complicated only you family help you do you have a porblem come economic only you family help.

In other ting is bad idea because do you has one person help do you have more opprotunity for you finish you college or anything else in you finish you college you to take work because is important for you go to individuality because you i need one job you payed you car in other else, when you go to individuality you not dependely the person or you friend only you because do you take job you have car is it you have responsabelity in you work because do you have one person in you else help you for you in go to individuality is it a gret bacause in state is easy you finish you college in you have more opprotunity for you to surpass your future in you i need job easy benefly for you because is it important for you gret you individuality in you future.

When in the future Emerson's you to get married, you i need good job for you family in you future because is important for you in you desagree do you individuality you a good because is important sted to joined because you i need you car because the car is important for you go to the work because you no have one car in you jod is long you i need car for you in you flamily and you chidren in and you future.

Do you ting is good idea you go to individuality for is bad idea because do you i need help no person help you because in this future the person only ting for you self do you have porblem this person no help only dependely for you family or you mother in you borther because you go to other person you help me the person sied sorry no and you go to family you sed help me you mom sed yes and for me i desagret don't like individuality because in family every is easy you the job you take fast one job because you family is help. ",378,12,Male,Economically disadvantaged,Hispanic/Latino,test,2,2,2,2,2,2,2,2,2,2,3,2.5,2,2,2,2,2,2,2,2,2
65844D26FDC2,Individuality,"Author Ralph Waldo Emerson wrote ""to be yourself in a world that is constantly trying to make you something else is the greatest accomplishment ."" do you agree or disagree with Emerson statement about individuality take a position on this issue support your response with reasons and specific example.

I agree to this statement i feel like you should be yourself in this world, because why would you try to be like everyone if you could be yourself and live your life how you want it to be and if people judnge toy then you dont have to worry about it becsue your not like evyone else you diffrent and are very great.

The first reason i think that you should be yourself in this world is because, there are a lot of people who are going to judge you no matter how you act. I feel like people just think so different so why do you want to change yourself other because people are not going to like you because everyone has different opinions. The world is full of different types of people why so why would you want to be the same like everyone else you, should be yourself and not care about what people have to saying about you. I also think that if change people going to think your have changed some people probably like you how you where so they probably going to miss the old you other then the new you. The last thing I want to say is that you might feel really bad and upset on how you act now from how you acted then because you changed and act like everyone else.

I fell like if you choose to be like everyone else you would not be special or different out of anyone else because you are the same as everyone else, so if you act like everyone it will be very boring. I think that you should be yourself be proud of how you are dont worry about what people will think about you. The other reason i feel like you should be yourself because you would show everyone how different you are why be like everyone when you can be one special person and not act like other people. I think that you should not worry about what people have to say about how you act like its your life style why do they care on how you should live it. There are a lot of people in this world just be yourself and dont chance the way you act or are.

I have a great example, so there are people who dont like me because of the way that I act i have this great personality i am very crazy,loud,funny,and last but not least im wild. I love the way i am i love myself I would not triad myself for nothing in this world. I feel like people want me to act grown like more older and calmer then what i am but I dont want to because then i'm going to be like everyone else and thats not fun. I feel like if i act like everyone else i, not going to e happy because i want to be my own person in this world you choose how to act and if cant change that i am if people want you to change well its up to the person if thats what they want. The way i am i dont think that you have to change the way you are just be happy and be yourself.

i have another example, so like say if everyone acted the same then there will be no fun in jokes and having fun because evyone is the same so if people are diffrent then they will have a great time becasue they are not the reast they dont know how they going to respond or how are they going to act. I fell like people just are better being there own person,like for example we have funny comidians there are diffren they act diffent some are nice some are mean if they where all the same then it would be no fun. The other reason i picked that i agreee is because i notice there are alot of diffrent types of people there are funny people,mean people,people who are crazy and loud so like eveyone is diffrent and thats good you dont have to be like everyone else. I think that just atct how evy you want to act be glad about how you act and are. last thing i want to say is that you should not worry on how people think about how you are just be yourself .",1041,12,Female,Economically disadvantaged,Hispanic/Latino,test,2,3,2.5,3,3,3,2,3,2.5,3,3,3,3,3,3,3,3,3,2,3,2.5
6802A682429E,Individuality,"""To be youself in a world that is constantly trying to make you something else is greatest accomplishment."" by Author Ralph Waldo Emerson. I agree with this statement becuase if you are trying to be better in your life you should change. If the world trying to make you better then go for it. Don't stay at the same place you're right now. As you grow up you'll be changing,and while you are growing up you gonna make accomplishment as you go.

Also we can't stay as we are now, to make the accomplishment we have to change becuase not everything gonna graet as you expective,well you gonna make mistake but from that mistake you can learn from it,but othere people will think what should I change or how? when a day come you'll notices that you have to change so you can caccomplish youre goals don't stay in the same hole becuase you won't accomplish anything.

For me this statement remind me as a job if they pay you nine dollars an hour,and you been working their for seven months but suddenly you found a another job that are paying eleven an hour well u should change don't stay at the places,we should change where we can get more benefits becuase that how we can start getting our greatest accomplishment soon as posible most people do that and also as they move on they will find new people in their path and those people and people gonna impacted at the person gonna change his way of personality.

But for me if the world that is constantly trying to make me something else I will let my self becuase sometime I need to change something so i can acomplish my goals but we don't need to obligate you to do it,but you have to see that we need to change so we can accomplish the goal that we have or it well benefit you so you can do the greatest accomplishment this is why I agree with Author Ralph Waldo statement.",312,12,Male,Not economically disadvantaged,Hispanic/Latino,test,3,2,2.5,3,2,2.5,2,2,2,3,2,2.5,3,2,2.5,3,3,3,3,3,3
68E0C70F0193,Individuality,"Some people believe you can prove something by yourself. However, you can be yourself or you can be something else. Because you can see yourself the things you are capable of doing, and you can achieve more by yourself, and it takes time to accomplish something that is hard and difficult, and impress yourself that you can handle small and big things. First, being by yourself is like you don't need someone to help you that you are independent enough to know the problem, Second, you need patience and dedication to accomplish something. Lastly, if you are by yourself you can be more responsible and take responsibilities. People can see yourself from different environment or in your surroundings because you don't know and never know if its gonna happen well or not. The more you do on yourself the greater the outcome will reveal. you can see yourself that you have a lot of opportunity.

Nonetheless, youself must have a experience to this typical type of thing.

Some people say through something else you can do the impossible to possible because its your passion and you can exceed yourself to the limit and if you feel unsure about it make yourself nothing to lose. people make mistakes in order to succeed, and be as you are as you see as i am. because you choose the right decision that you made is correct, and for your happy thoughts this is you goal for yourself. you have the chance to rewind yourself and live again. Change the world and try to figure out the things that are worth the wait. make yourself feel brand new at all times, and don't lose faith on yourself. Be hopeful and make way on yourself. Take risk and sacrifice to yourself to earn gratitude for something you do, and stay ahead for the better and best future. Understand each and every situation for yourself and try hard but you gotta try harder to accomplished, at the end of the day you ask yourself what are the things the you are good at and things that you are not. Observe and listen to yourself and prepared what is coming and remember to have respect to yourself. This is your obligation for yourself to improve more things. Therefore, you make choices for yourself and you don't look back. It takes a lot of time to process to know what are the things that your good at and if you are really interested in it, and the work may not be difficult as it seem to be, and deal the consequences that are not allowed to yourself. other people are negative when it comes to dealing by yourself because they don't wanna be right there are focusing what is wrong and not listening to other peoples opinion. ",456,12,Male,Not economically disadvantaged,Asian/Pacific Islander,test,3,3,3,3,2,2.5,3,3,3,4,3,3.5,3,3,3,3,3,3,4,3,3.5
68EF6752D314,Individuality,"Why we sup post to have to change?

We are as we are and we can not change that.

At the world their is many people everybody is not perfect they make mistakes every time, we can not even count how many we did today, but that is why we are humans because we are not perfect and also we are not machines to make everything perfect, all the people who think that can change you that is totally wrong, some people has to understand that.

Anyways if the don't try to change and try to help you to improve yourself as person and as a human thats the only way that the people that this world has to understand.

If the world try to make you change it says to much of the people that we are in this society we been doing the things totally wrong.

Is everything as it sup post to have to be?

The world has to many stereotypes where everybody think that can make you as they want but they dont have an idea that the people is against that system, against the change that wanna make us be as they want to, we got a function be as we want to and that would never change.

Be ourselves means more that commentary it means our find of happiness when the people wanna make you change don't let you think about what you want, about what you want that is an oppression of our freedom.

We don't have to be something else to make the world happy, we got to be ourselves to make us happy.

The world will try to hit to destroy you but it does not mean that you got to give up and follow their rules and change it means that you as a person has to improve to show that you can be wherever you want.

In conclusion

We don't have to change and be what the world want to be happy we got be ourselves and improve ourselves and be happy.",311,12,Male,Economically disadvantaged,Hispanic/Latino,test,3,3,3,4,3,3.5,2,2,2,3,3,3,3,3,3,3,3,3,3,3,3
6A37A496A9C8,Individuality,"To be yourself in a world that is constantly trying to make you something else is the greatest accomplishment?

I will said that this is a big position,trying to be different, when you have you own personality. people should have to be what they wants without afraid what others said about it.

For example in chruch long time ago i went to the chruch with my granmonther and alwasy have to use dress bacuse if i did't use they told my mom something bad or warning her because she had some privileges in chruch like read the bible or make mettings so i have to used dress all the time i clould not use makeup and nothing that they didn't say, it was hard for me.

Other reason is when you are someone different than others i didn't talk about others fisical personalities, but for example parents always tell us that we have to get good grades in school ,that we have to graduate ,graduated from school is important but mental healthy is important to, becasuse if they seen that you young brother have only A A or B +B some parents said your brother do better that you and they have some preferences, we are different nobody thing the same nobody do the same. and no one have the same capacity to do the things equality.

For other wise in this actuality we saw many people kill their self because the population does not acept how they are, they feel different and i am talking about the people with different sexulity the bad comments can make someone do something bad something that can brig consecuenses because the only thing the we can do is point others, we have to know that in this world we chose what we want to do ,if others is different that is not my bussisnes.

Be your self in this world be what you want make you happy everybody make a mistaked we have to know that,

the negative side always cames from people that want to call others atencion, because they are unhappy and they want to make others unhappy too. in conclusion be satisfactory be happy be you.         ",343,12,Female,Not economically disadvantaged,Hispanic/Latino,test,3,2,2.5,4,3,3.5,3,2,2.5,3,3,3,3,3,3,3,2,2.5,3,3,3
6AB6AEFF3200,Individuality,"I do agree with Emerson's statement that to be yourself in a world that is constantly trying to make you something else is the greatest accomplishment because you will go forward, accomplish your goals, and be able to talk on front of classroom. To be yourself is really important because you meed to have that confidence in you to keep going forward. for example: you have a speech and you have to talk or you fail but you scared to go on front of people because you feel like nobody will like your speech. After a hour you decided to go and let yourself out there and it shows that you don't have to be perfect to accomplish something and go forward.

In this world we live in you just need at least to have a little of""to be in yourself""to be able to work in big company because before getting to do what you wished to do, all of us have to go to a interview first before we get the job we want to do. So to be yourself play a really good role in it because when you are in interview,they will ask you questions and you have to answer it with honesty. And that when most of people get nervous about it. Most of people when they are too nervous they'll not answer their question correctly and that is very bad for them. at the end it will end up a mess and they will lose their opportunity and that what I mean to be confident because you don't you what you just missed.

In the other hands you have students I will take that has an example, most of the students in high school or college have stress, many of us doesn't like presentation, and it a very a big deal with students. It hard for students to express them self on front others and it understandable because they think when they tell their friends about something they will think bad about them. And that most likely doesn't motive them anymore.

Goals. Goals are very important too, Especially for young people. Goals are something that all of us supposed to have or think about when we finished high school or late college(university).Some goals need to recure or have confidence. For example:If you wanted to be a reporter and a reporter have to talk, even on front of people, and questioning them also. Those kinda things recure confidence and courage. Maybe if we all started to think and make a effort to believe in our-selfs more and more we will accomplish more.          ",405,12,Female,Not economically disadvantaged,Black/African American,test,4,3,3.5,4,4,4,4,3,3.5,3,4,3.5,4,3,3.5,3,3,3,3,3,3
6B7C6E33A4D7,Individuality,"I agree with Author Ralph waldo Emerson quote, "" To be yourself in a world that is trying to make you something else is the greatest accomplishment."" The reason why i agree with this quote is because people now a day don't try to be them self. They're trying or acting like to be someone else not them self. Everyone is too busy trying to fit in with the rest of the world. That they forget that being them self is the most valued thing to others and the greatest accomplishment to yourself.

I guess that you can say that being yourself is really hard when everyone around you is doing the same thing just to fit in. but Why be basic like everyone else. Don't you want to be different from everybody else in the world?? Acting or pretending just so you can fit in with your friend. friend are't forever so just be yourself it'll be your greatest accomplishment.

Others may disagree with ""To be yourself in a world that is trying to make you something else is the greatest accomplishment."" Here are some reason why they might disagree. if i want to accomplish something i need to be like everyone and follow what they are doing. Others think that they need to change so they can fit in with the rest of the world. They don't think that being yourself is the greatest accomplishment.

in conucluesion its all up to you and what you think is the best for you but just remember that being yourself is the most valued thing in this world. ",248,12,Male,Economically disadvantaged,Hispanic/Latino,test,3,3,3,2,3,2.5,3,3,3,3,3,3,3,4,3.5,3,4,3.5,3,3,3
6FB91939F1F1,Individuality,"I disagree with Ralph Waldo Emerson statement because, I don't wouldn't like to live in a world where I have to be something else instead of being myself and what i want to be in the future and to follow my dreams to success and to not have the feeling that I'm not somebody in this world. To become that i did on my own.

There's always going to people in the world that will force you to be something that you don't want to be. For example let's say you wanted to be a firefighter but you couldn't be one because you are forced to be a mechanic. Some people would love to be a mechanic some don't becuase it's not something that they are not very good at. People just want to persue their dreams to what they want to be and to not have the feeling that you can't be yourself.

My next reason is the people who won't agree with your choices in life. I say is to find people who you like you for you on your choices, jobs. For those who don't agree with you it's better to exclude them from you and to not give you a bad vibe or they will make you over think to much on your choices. And to not let them control you just beause you made the wrong choice.

My last reason is to think and move forward. I would rather live in a world and get to be who i want to be in life and just ignore all the obsatcles that get in my way. I would want people to be proud of me of who i become in my life to say you really did it and you should be proud of yourself that you made it so far and to see how much you have grown to the person that you are.

Anyone can make any accomplishments by who they are it doesn't matter if your a police officer, dentist, doctor, teacher you name it you can do it and feel good to have the feeling that i got to where i am today to believe and in my self. Thats the most important part is to just belive and move foward with success and have good people your life to support along the way. This is why i disagree with author Ralph Waldo Emerson statement about individuality.                                  ",391,12,Male,Not economically disadvantaged,Hispanic/Latino,test,3,3,3,3,3,3,3,3,3,3,3,3,2,3,2.5,2,4,2.5,3,4,3.5
7671E46A99D3,Individuality,"To be yourself in a world that is constantly trying to make you something else is the greatest accomplishment. I am agree with this statement about individuality; because encourage you to be brave to show your soul, your personality, and the real way you are without fears of what people is going to think or say about you. Do what you love without letting people interfere, or trying to change the way you are.

Being yourself in this world comes with many obstacles that you confront every day trying to change the essene of who you really are. For example some parents wants their kids to choose a career that they do not like; just because that is the career that the parents wanted to take when they were young, but for some reasons they could not take it. Parents forget that verybody have the right to choose over their own lives, or who they want to be; choose a career that really inspires them, make them feels good and proud of their accomplishments.

You are going to find many people trying to change you. For example your friendships, when some one of your supposed ""friends"" is trying to convince you to do bad things or taking wrong decisions just because they do the same. Some of your friends showing you how to smoke, or how to steal things from the commercial centers; if you do not feel good doing this things, then do not do it just to be part of their group. Do not let people influence your life in a bad way if you know that you are a different person. Be yourself real friends will understand that you do not feel good doing bad things and will love you for who you are.

In conclusion to be yourself in a world with many obstacles is the most greatest accomplishment you could rich in your life, and few people achieve. Be yourself means that you feel confortable with the person that you are, and you do what you love without nobodys interferences. Do not let obstacles change your essence and your individuality. Express your ideas, do what you like, trust you before anyone else, be proud of who you are, and be happy being yourself.",376,12,Female,Economically disadvantaged,Hispanic/Latino,test,4,3,3.5,4,3,3.5,4,3,3.5,4,3,3.5,3,3,3,3,3,3,3,3,3
787BD112C114,Individuality,"A world that doesn't make you feel yourself!!

I think that the world doesn't make you feel yourself..

Because in the world there are a lot of thing that doesn't make you feel yourself, one of those thing is our society. In this society there may be some people that hate you, also some of them are jealous at you and that's why they are trying to make you feel something else but not yourself.

Another way to show that the world is trying to make you something else is the discrimination, in some places like your job, some store, countries, etc. Some times you can be discriminated for something that you like, something you want to be and that does not make you be yourself. Also if you want to be a singer for example, you are trying to be yourself, to be what you really like, and only for the reason of being catholic, Christianity or a different race they don't accept you, some of them don't want you, they think you are less them everyone else, and that's another way that doesn't let you to be yourself.

There are some people who try to help you in many ways, some of them are really nice and friendly, but there are some that they apparent to nice, and kind with you, but that is fake and they try to take advantages of the situation, and they end up lying to you, in some situation they end up hurting you, and changing you for another person that has like more power for another that they thing is better them you, and in the worst case they end up killing you because of the the hate that some people have.

The ways you look, the ways you look that's another reason that can be an obstacle to be yourself.

You always dress out exactly how you like to be, you are trying to be yourself by the way you clothe is like, but that can be a reason for some people to make fun of you, and depend on how you dress is how you feel comfortable, and you dress/clothes is based on your personality, but they don't let you be yourself because they make fun of you, but in some case you don't have to care about what others said about you, about your dress about anything, because you must take care about what you like or what you want to be, you don't have to care about others people but the world always try to make you something else them yourself. And some peoples almost never change their way to see the world, the ways to think about, because people almost have the same ways to think most of the time.

And for all of these reasons is why I'm agree with the Author Ralph Waldo Emerson. I'm agree with what he wrote and what he think about the world. And I like his statements.",642,12,Male,Not economically disadvantaged,Hispanic/Latino,test,3,3,3,2,3,2.5,2,3,2.5,3,3,3,3,3,3,3,3,3,3,3,3
7C0624581C8C,Individuality,"I disagree with Emerson's statement about individuality because you can be yourself without people constantly making you something else instead of what you want to make your self as the greatest accomplishment.

The first reasons why I agree with the statement is becuase you can accomplish your goals individualy as long as you work hard on your goal but if you mess up or struggle really hard and then ask for help then the person might tell you to find another goal and that what is making you something you don't want to be so it's sometimes better to work alone then with someone.

The second reason is if someone or anyone makes you something other then what you want to be. You might not like the opportuntits that you get because you didn't want to do that but someone made you somthing that you didn't want to be so you sometimes shouldn't lisen to people that want to change your goals. The last reason is That people tell you to be something else is because they didn't have the oppertuint to accomplish their goals so they tell other people to do it cause they never had the change to complete their goals.

In concoulsn, i disagree instead of making people make you something your not just be yourself and accomplish your goals. You can be yourself withouth people constantly making you something else.                                                                                                                                                                                                                                                                                                                                                                                                                                                                                                                                                                                                                                                                                                                                                                                                                                                                                                                                                                                                                                              ",719,12,Male,Economically disadvantaged,Hispanic/Latino,test,3,3,3,4,4,4,3,3,3,3,3,3,3,3,3,3,3,3,3,2,2.5
7CDC7C9EDE61,Individuality,"Being yourself to the world is the greatest accomplishment in life. It makes you ten times happier just by being yourself. If you're under pressure of society to be something you are not; therefore, it will cause you to be stress or mad. Always be proud of who you are.

To be yourself makes you ten times happier than being someone you don't want to be. For example, if like going on adventures and society says that it's not a good idea. You should go for it because that's one thing what describing you. Not being happy can affect the people who surrond you. Also, can affect your lifestyle because you can start off in the morning in that great mood knowing you are going to do the things you like. Instead, waking up in a bad mood and knowing you going to do what others want you to do.

It has been proven when you are under pressure to be acting like someone that you are not you will get frustrate, mad, or stress. Being stressed out is not good for our health which has been scientific proven. There is time when you feel like that you make wrong decision; however, that is not always the case. Majority of the time people go to the wrong path; therefore, they can get the things easy and make it seem like they accomplished it by working hard.

You should alway proud of who you are. Not everyone is going to agree with you or like the same thing as you do. However, you should always express yourself in any type either with action or verbalize. As long as, you're happy and love yourself thats all that matters. Do what you like to do,

speak how you want to, or dress how you want to as long as yourself. Not what others want you to be.

Being yourself should be important and the biggest accomplishment in life. You should never let anyone change you or you change yourself for anyone. The world should accept the way you are because everyone is unique in their own way. You got to be happy, not under pressure of anyone to do something, and you should always be proud of who you are.          ",377,12,Female,Economically disadvantaged,Hispanic/Latino,test,4,4,4,3,4,3.5,4,4,4,4,4,4,3,4,3.5,4,4,4,3,3,3
7DE7664D8F20,Individuality,"Being yourself in a world that is trying to make you something else.

First It is important to be ourself, we can't be the way that someone else would like to be,Nevertheless, it would be hard if we try to be someone that we don't used to be. I belive that our character determine the type of person that we are.

As the author Ralph wrote in his statement ""it's the greatest accomplishment"" to be yourself where everybody else is trying to change you. Being around people that are the same way and you being other way for sure they will try to make you as the way they are becuase all of them are being controled by someonem, It will be never easy to be ourself, there will always be persons who will try to change the way we are but if we don't give up being our ownself then no one will be able to change us.

I am truly agree with Mr. Ralph's statement and about individuality, becuause we are free to be whatever we want doesn't matter what, and not body else can dicide for us who we want to be or how we would like live our life, so It's our live and we are free to decide what we want to do with it, and i also think that we cannot be the same way as other because if that happen we will never know the reality of other, because they will be someone that they don't really are, and i believe that to know people better those persons has to be their self because all that matter is if they are being honest and if they are saying what they feel to say and make sure that they won't be saying something that someone else told them to say it, also show the things that he/she likes and doesn't like.

Therefore the first time you see someone and you see the way that person is,that will become your fist impression about that person but we cannot start juding someone by the first impression we have to get closer to that person because all of us has had a friend that is kind of serios, doesn't like some things and we think that you and that person will never be frinds or get closer because you dont like the way that person is, but we will never know about that person if we don't try to share time and start telling each other things about friends, things that like or doesn't like each other or what are you passing through, and after all the thoughts you had about that person can change becuase you both are starting to know each other much better and sharing things that you never thought you will share and after that you and that person you didn't like can become the best friends, so that's what i think that we need to be free, to be ourself, to show what we feel, and don't be controled by anybody so that's how we will start knowing much better different types of persons.

In conclusion living in a world that constantly is trying to change who you are and trying to controled you, that it will be the badest thing that could ever happen to the society, so we never would know the reality of others the feeling, thoughts, expressions, wishes,...etc. That's why all of us are free to be our own, we will never be happy if we are being controled by someone else and the happines we show it won't be ours it will be the happines of the person we are being controled by, so thar's why everybody needs to be free and be the way that it would like to be with the persons that will feel confortable.         ",614,12,Male,Not economically disadvantaged,Hispanic/Latino,test,4,3,3.5,4,3,3.5,3,3,3,4,3,3.5,4,3,3.5,4,4,4,3,2,2.5
8139DE5DA880,Individuality,"I think that this prompt is true,some people wants you to be as them. And you have to be careful with that people, because it is important to know yourself as a person. Always remember, you are not going to like all the people that you may meet, and some of them are not going to like you. But it is part of life, that happens to everyone.

Bad people will try to destroy you but that is your decision, if you will listen to that people or you are going to ignore them. Why to be yourself? well because your life is your life and you have to be happy in the way that you are. And don't worry to try to fit in a group, most of the times those groups force you to change as a person.

To be yourself you have to make decisions, and that decisions are yours, not your friend decisions, yours. So don't let someone to make decisions for you. Those decisions are for good, you don't want bad decisions in your life, your friends can help you if you make bad decisions but they can't choose decisions for you. And you will take bad decisions but that is life, you learn from your mistakes.

In conclusion I think this prompt is true. Don't let anyone to choose your future or important decisions on your life. Your life is your life and you live it on your way. Be happy in the way that you are, because that is the way that you are going to be happy.",252,12,Male,Not economically disadvantaged,Hispanic/Latino,test,4,3,3.5,4,3,3.5,3,3,3,3,3,3,4,3,3.5,3,2,2.5,4,3,3.5
842DB1548726,Individuality,"Individuality is the key to living as succesful life. No one can make you feel interior without your consent, and every pure and wise spirit that ever took flesh, a supporter of individualism is make your property to adapt to the needs of an individual has certain political or economic rigths, showing marked individuality or independence in thought or behavior.

To be yourself in a world that is constantly trying to make you somenthing else is a greatest acomplishment. All peoples are uniques in this world, no body is more than others, we can do whatever we propose, be a greatest human in the life think about a good future, or how to help anothers peoples is have to, must intend.

The key for for arrive to the succesful is start to follow yours objectives, and think what position you wanna stay, be yourself, in this world no one can change how you are now, is something is negative just have to withhold the bad things, however, the main idea is go ahead.

Everybody think different about individuality, is how to separate two things, therefore, we know what we has to learn and have the mentality to be myself and not be equal to the anothers, if have a different environment around the peoples that follow me.

Although we know what accomplishment we want, but sometimes we are not sure, however, intend, or trying to make somenthing greatest succeed make all individual peoples start to try and make their life happiness.                                                                                                  ",274,12,Female,Economically disadvantaged,Hispanic/Latino,test,2,3,2.5,2,2,2,3,2,2.5,3,3,3,2,3,2.5,2,2,2,3,3,3
85E806A814BA,Individuality,"""To be yourself in a world that is constantly trying to make you something else is the greatest accomplishment."" Ralph Waldo Emerson wrote. While I disagree with Emerson statement. Many people around you think it's there job of choosing what makes your future, but there wrong. Don't let someone push you on doing something you don't want to be. If you want to be someone important, then be that important person. Never stop walking on the pat that's leading you to the future you want.

Let everybody see who you are. Dont hide away because your shy or because your scared that they will judge you by who you are. Let's dream together, stand up for what you want to be. Let's do something that the whole world will see. It doesn't matter if your goal wasn't as big as the person beside you, at least you know that you reach the goal you stared with. You will be happy that you've matter too. All the accomplishment that the world wants to make you do, just turn it around make it to your goals. Make it to what you can do. Suprise everyone to the REAL you! Their is always great accomplishments around you just make one yours!

Many People thing its hard to go through so much work just to meet your goal, but later you'll see that all that hard work you work for was worth the time. You now know you don't need someone to pick your future, because your proving them that you can do it. That you have other choose make ahead. To ever look down, and always look up.

Me have to be someone else to make the world happy, just by make the people think I like what there doing? No I won't like to do that. Doing what I really want will not just make the world happy but also make me really happy of myself. To not let others effect me too. Not everybody good at everything. We all have different skills and talent in us. We have many amazing things in us, just for someone to tell us that we can't do it. Nah I'm here to make my goal shine as bright as I can to let other people see I can also do it. That they are not alone, that they can choose what they want to be.      ",363,11,Female,Economically disadvantaged,Hispanic/Latino,test,4,3,3.5,4,3,3.5,3,3,3,4,4,4,4,4,4,4,3,3.5,3,3,3
86FE30AFB1DD,Individuality,"I agree with Emerson's statement because if the world is constantly trying to make you something you're not, you're going to feel out of place and feel like you havent fully accomplished anything. How can you fake a persona and still feel like you succeed? Nobody should be afraid of who they really are just to try and make it in this life. I believe everybody has their own creativity and own flow. If you accomplished something while you weren't being yourself the whole entire time you're not going to be happy in the end. For an example you created something about yourself in your head that isn't true but you still made something out of it and the outcome of that is that you're not going to be comfortable with the person you made up.

I understand being yourself is scary because you're afraid that nobody is going to accept you for the way you are, but theres always going to be someone who will judge, and that is possibly because they aren't happy with themselves. Being yourself shows that you dont care what others think. Everyone should be their own person without feeling like they aren't accepted. Being yourself is probably one of the greatest achievements you can accomplish. Living in a society where you cant express yourself by the way you dress or communicate is pretty hard nowadays because there are people who want to feel better about themselves by making others feel down, as if they have some sort of power towards people who are very sentimental. I think trying to be your own person takes awhile, but sometimes you just have to let that person out and its okay to be scared but also people should understand that everyone is going to have their own opinions.

To be yourself and showing off the creativity you can do and having your unique personality can make others not be afraid, together you can come as a union. Accepting others individuality is great, they feel like its okay to be themselves even if others think otherwise, they know that they have peers who accept them. Now generation is getting tough for the little kids in elementary especially for the teens in middle school and high school. They see stuff on social media and immediately think thats the way they're supposed to act or pick up the trend of style because they care what people at school are going to think, and that can lead to anxiety. Caring what others are going to say about ones individuality can mess with their insecurties and i think that is something the teachers should talk about in school. Nobody should feel a certain way of their religon, culture, sense of style, or the way they choose to express themselves just because people are too selfish to see the beauty in other human beings. Sometimes you have to pick your head up and not be afraid to be yourself, it may take awhile but people are always going to say something negative and that is the way some people are, and you just have to ignore them. Being yourself when others are trying to make you something that doesnt exist is the greatest accomplish, and others should feel good about that. ",530,12,Female,Not economically disadvantaged,Hispanic/Latino,test,5,5,5,4,4,4,5,5,5,5,5,5,5,5,5,4,4,4,4,5,4.5
8B6086ADA4DC,Individuality,"What Author Ralph said. ""To be yourself in the world that is constantly trying to make you something else is the greatest accomplishment"". and i agree in he statement just be yourself in the world, you have to be you and accomplishment something in life. One of an accomplishment that need in life is, graduating from high school or from collage. and the other accomplishment is you can have or stater your own business or create a career

The best accomplishment that you can have is graduate from high school, because when you have your diploma you can have a OK job or a great job, that pay good amount of money just for you or for your family. and the second reason is you can make your own business, and that how you make more money and mostly you can chose people that can work for you if you don't like how they work can fired them and find other people that can better. more people you find more of your business will out there.

But however you want to be the only thing to do is just be you, in the world don't let other people control your your life or what to do. if you let other people control your life or the way you work, that way be not success in life and mostly you will not have your dream job,house and ,car and that why you don't let no one the control of yourself.

The most important thing in life is to success in life and accomplishment on something that you will like over the time.",247,12,Male,Economically disadvantaged,Hispanic/Latino,test,3,3,3,3,2,2.5,2,3,2.5,3,2,2.5,3,2,2.5,3,3,3,3,3,3
8CFDD16685D4,Individuality,"I think that there can be side effects of how being yourself in a world that is trying to make you something else is an accomplishment. And I agree, because being in a world where you can be yourself, can make the the world a better place, simply by just experiencing your creativity and some people can be different by their knowledge, and/or their skills. And being yourself is something that you can do that nobody else can. For instance, if you want to become a Doctor, you'll have to do something where it can lead you to succeed your goals, such as, taking classes, researching, study program,(etc.) Anything is possible if you try. Being yourself isn't bad thing, unless if others disagrees, which i know, we all have our own opinions on something.

My side argument, I think others may disagree that being yourself in a world that is trying to make you something else to accomplish, because, its okay not to be yourself, and nobody can force you to do something, unless you need motivations. And its either see that some peoples may not have the skills to do so, and I think that it's okay, they can have much time on what they want do to accomplish it. Anyone can be in a world whether they can succeed or not, people need time.

In my opinion, not everyone is the same in this world. We all may have different hidden skills, or talents. I think that it's a matter of choice of what you want to accomplish. And most importantly is by trying the best you can. And hopefully everyone can achieve their greatest accomplishment on anything in this beautiful world.  ",268,12,Female,Economically disadvantaged,Hispanic/Latino,test,3,3,3,3,2,2.5,4,2,2.5,4,3,3.5,3,2,2.5,4,3,3.5,3,3,3
92B25E7B3454,Individuality,"Let's be honest, no one would like to live in a world around people that want to change your personality or the way you are. I totally agree on Emerson's statement about individuality because i think everyone should be how they are and not how the world wants you to be.

One reason why i agree is because my mom taught me if someone wants to be your friend or wants you in their life, they going to love you and accept you the way you are. For example, my mom is a funny person; she is always in a good mood and she talks a lot. One day i was at her work and i heard someone whispering ""Ugh she's annoying"" i noticed that she heard it too but she didn't care, she kept doing her work.

Another reason why i agree is because some people can be annoying or ridiculous trying to change you. For example, I am a really shy person and I usually don't have a lot of friends but that's how i am. since i was little i've been like that and one day in school i met this person, she judged me a lot because i prefer being alone than with friends. i remember she telling me if i wanted to be her friend , I needed to change and be more friendly. knowing the fact, that she wanted me to change my personality just to be her friend. i didn't like that and i thought she was being ridiculous.

My last reason why i agree is because you don't want fake friends or friends that pretend to be someone with you and then a different person with others. For example, in my sophomore year, i tried out for my school soccer team and apparently I met this girl. Nowadays she is my best friend. Her personality still the same since the first day i met her. Even though with adults. When she is around my mom or my uncle; she makes jokes, she is hilarious and she is so sweet. At the same time, she is like that with me and even with people that she doesn't known and sometimes some girls acts innocent in front of adults but with their friends they are so different and that's not something you should do.

In conclusion, don't let people change anything from you and be however you want to be. Keep in mind that there is going to be people that if they want you in their life they accept you as you are, but some people will judged you and others will pretend to be your friends by faking how they are.",437,12,Female,Economically disadvantaged,Hispanic/Latino,test,4,4,4,4,5,4.5,4,4,4,4,4,4,4,3,3.5,3,4,3.5,3,4,3.5
978B0771857C,Individuality,"What is the greatest accomplishment in this world that we leave now to be yourself?

Some pleople believed that the best accomplishment in this world is to be yourself, and don't leave that somebody taken your inspiration for accomplishment that you wanted, and for that you need to love yourself, make that your more like, and never to put attention what the other people think about you.

The most important is how you feel for accomplishment that you want in this life.

Others people in the day, loved yourself for feeling more happy but ever remember that they want accomplishment because they want a better life,

when you purpose something that you want for the future we need still sure, because still sure helping to think different.

We don't need that nobody for accomplishment that we want, the code is not put attention that others peoples says about your life, feeling good ever and love others peoples that lived around you because some human dont need that other human for power accomplishment the goals.

Make your more like can helping in your life and belief that you have accomplishment you cant have more oportunities in the futuere becausae if you cant complishment something first time you can complishment more the one time.

Believe that not nothing better that accomplishment that you ever want in the life when that you porpuse something in your life, you dont have that other peoples to put off your dreams, when you effort and give everything the you did't importance how much times you fail and arrive this day that you so much wait, you see that matter that other person think about you the importat that you accompshment that the real thing you want.        ",276,12,Female,Not economically disadvantaged,Hispanic/Latino,test,3,2,2.5,3,2,2.5,3,2,2.5,3,2,2.5,2,2,2,3,2,2.5,3,2,2.5
9844C7BF41F6,Individuality,"Do I agree with being yourself?

To be yourself in this world means a lot. People can make a lot of accomplishments. Because every person have opinion. We are don't tell everyone about own problems. We are solve it by yourself.

We can do something wrong or something right in our life, but it doens't means that we need to tell someone about what we need to do in this situation. If person will be yourself, he can do whatever he want.

Independent person can be successful, because he has own opinion. He will be love yourself. If person don't love yourself he can't be independent. Because in his life he will be follow another person. I saw some people when they call each other that you are fake person. What I want to say with this, that a lot of people can't be yourself. They are choose another way, and they become a fake. Because they are lost yourself.

In our life, we have a lot of moments when we are confuse, we are don't understand what is going on. In that moment we are should to be a strong. Because if we are don't be a strong we can lost someting, which is bad.

In conclusion, I want to say that I'm agree with Mr. Ralph. He said very good and truthful words. ",210,11,Female,Economically disadvantaged,Asian/Pacific Islander,test,2,2,2,2,2,2,2,3,2.5,3,3,3,3,3,3,2,2,2,2,3,2.5
993B1A123D61,Individuality,"I agree on the position about individuality that , ""

being yourself in a world that is the greatest accomplishment can be good or just terrifying.""

Behalf on the position I agreed Is , I love to be myself and be diverse with the people around me that don't like to be so hypocritical what so ever. Also, I like to make decisions on what Is valuable, or what Is not instead of someone telling me like If they were my mother or father. Therefore, In my job that I have right now I get a lot of people that give me so many opinions that, I don't be saying that much back to them. Genuinely, as myself I like to be more humble by not being like someone else, or even trying because that's just not me. Personally, some people thought I acted or even looked there own daughter like ""

oh no, please don't say that It made me feel some type of way when the person said that to me, but they were so sweet that the lady wasn't mean at least.''

Being myself Is awesome, because I've faced people that are really rude, disrespectful , Incriminating and that just really don't care. I will never let someone criticize me on what I can or can't accomplish In this world that Is full with racism people all over the world no matter where you live. Also, I can stand up for myself If I ever come to someone that, just wants to bring down my dreams and hopes like I would just have to Ignore that person that ain't good for me In my future. Being humble with some people that aren't mean or whatever you want to call them can be an accomplishment in the world someday. Honestly, as well I don't like people telling me to be him/her based on their attitude or how their apperance looks like so technically judging. Therefore, what else Is terrible that I don't like about human beings, Is how racist can they be up to where It says ""

oh she's a hispanic little girl she shouldn't be doing this whole political thing, ""

cause that's what my whole job Is about or more like In general you're always going to find some type of rude people anywhere. Now, say If you were In my position wouldn't your feelings or emotions be so hurtful like mine, If some mean person would to say that directly to your face. Personally, I love who I am I'm never going to let someone else change that, no matter what type of people I find In my life or outside I'm going to stay with a positive mood swing. I love being so social and outgoing with some people not the rudes ones of course , I just like to have someone to hangout or go out on a date with because that's just me personally. ",459,12,Female,Not economically disadvantaged,Hispanic/Latino,test,3,3,3,3,3,3,3,2,2.5,3,4,3.5,4,3,3.5,4,3,3.5,3,2,2.5
9A757FBBB15D,Individuality,"Imagine live in a world where everybody is trying to be what others want them to be, that would be horrible, I always will be agree with the fact that the greatest accomplishment for every human is be themselves. Everyone despite where they came from and what are their believes, shouldn't be trying what others expect them to be. If everyone start realizing how good is be themselves, people will be less depressive and they will be happier who led them to confidence,and they will start to accept and respect each others.

Being yourself will make you less depressive,

and will make you happier, beacause by the fact that you are being what you really want, gives yourself happiness, you wouldn't think more about what others say about your look, how you act, and also what you want. You will have confidence in every aspect about yourself as a human being.

When you accept someone that's mean that you feel good with how that person is, but also when you accept someone that's mean that you respect that person. If people try to be what they want they will respect to each others, because if they are being themselves, and they accept and respect that, they will respect the others too. When someone knows how you feel, that person will respect you, beacuse he/she might was in the same sitituation or might feels the same like you.

My cousin Generic_Name used to be what others expect him to be, he also did everything that they asked him to do. One day he didn't want to do that anymore, but he was so afraid of what the others would probably say to him, his mother told him to not be worry about it, because if he try to do so everyone is going to know how cool and funny he is. He did it, and since that day everyone respect Generic_Name how he really is, a good friend, a cool guy and also a good student.

Try to be what others want you to be it is not a great idea and also it's not worth it. When everyone start realizing that being ""yourself ""is one of the gratest things as a human, the society will grow as human beings that accept and respect not only themselves, but the others too, and everyone will be happier and will have confidence about who they are.

It's crearly that beng you is the gratest accomplishment for yourself. If it's not, what do you think is the greatest accomplishment as a human being?.",401,11,Male,Not economically disadvantaged,Hispanic/Latino,test,3,3,3,3,3,3,3,3,3,4,3,3.5,4,3,3.5,4,3,3.5,3,3,3
9B6C97052EF1,Individuality,"I am agree with author Ralph Waldo about individuality because,no one can tell anyone to be someone or something else if they don't feel comfortable or good with it.

Many racism people find the way to bother other people that are not from their race, religion, sexuality and many more cultures that other people can have. For example,in our jobs people that work with us can be rude and can make you do many more things that you does not suppose to do. The majority of managers and boss fire people or they make their coworkers to respect other people but,

many other managers agree with the idea that her/his coworkers are doing with the person that is not like them. However, there are more nice people than bad in this world and now our generation there many people with different style and many more things that people can become rude for it.

How can people be rude and problematic with our same people that the anger make them kill innocent children and teenagers,it doesn't make sense. But, now there many institutions and rights that protect people from our same community. people can be like that, because the different people that they call different are more intelligent, happy, and grateful and that makes racism and bad people anger.

There are many more reasons why people does not like people that are different from them. For example,immigrant people that came to this country to have a better life and better opportunities. have a bigger percent of discrimination and racism from people that they may prefer to kill innocent people instead of respect them or just don't talk to them but, don't go to far away with your anger that they are progressing or have better life. One more example , Donald Trump because he does not like immigrant people from any parts of world nor,Latinos community that's why he want to build the big wall between the two frontiers

Society are not going to do or be something that other people want they to be because they are not going to move to their violence country, change their race, change their religion or be what other people want they to be; just to make racism people happy. Just respect others no matter where they are from and what their culture is,but now thanks to freedom of speech,Freedom of religion in this country people can yell aloud their sexuality, religion and many more cultures that they can have from their country no matter what other people think because no matter what there is always going to be at least one person that is not going to like it no matter if we are in the year 3000 something is always going to be like that. Furthermore, having a positive attitude is always going to benefit your life and is always going to be your greatest happiness no matter what other people think or said about.

people from different religion, sexually or that have different culture are free to do what makes then happy and that what's matter.

Thanks to the rights of the people and how Ralph waldo wrote you can be yourself in this world that is constantly trying to make you something else is the greatest accomplishment. In addition, you always have to wake up with a positive manner and a positive attitude that way you can be successful in life and that way people who does not like different people, they may learn to don't hate people just because people dress up differently and have other cultures.",534,12,Female,Economically disadvantaged,Hispanic/Latino,test,3,3,3,3,3,3,2,4,2.5,3,4,3.5,2,4,3,3,3,3,3,3,3
9C1560BB2AF0,Individuality,"To be yourself in a world that is constantly trying to make you something else is the greatest accomplishment.

I am agree with the author Ralph Waldo Emerson. In my opinion I have to be my self in this world where everyone is trying to be better than others. I have to do my best , my dream after finish high school is. I want to take a carrer in nova I want to be a better person in life. I want my family to feel proud of me. For example to be a better person i have to start from the bottom i need to work hard to get what I want. I know that the way it wont be easy but I have to fight againts the obstacles to make my goals. In this world no everyone will be agree or disagre with me. Some people will feel proud of me but in the other hand some of them will feel jealous because I will made what they could not make when there were young. some times I think about what would happend if one day I give up and I dropped school, of course my family wont be happy with that desicion. They will ask me to think everything. I swear that my mom will tell do not waste this apportunity not every one have a second chance. I believed in you and I know that you can do your best to accomplish your goals. Thats why since I am living in this country I have been working hard every day because I want to graduate and I hope to find here the opportunities that others wish to have in their countries.

In conclusion be yourself and do not let no one to make your self change. In this world the only ones who reach their goals are those that work really hard and fight againts obstacles to get what they want.",316,11,Male,Not economically disadvantaged,Hispanic/Latino,test,3,3,3,3,3,3,3,3,3,3,3,3,3,3,3,3,3,3,4,3,3.5
9C926EF2F15D,Individuality,"To be yourself

Being yourself, is that a great accomplishment ? Some may say it is some may say its not. In my opinion is that I agree that if you can be yourself in a world that is constantly pushing you to be something else that is a great accomplishment. Your trying to be something you want to be and thats a good thing never be someone your not always be yourself no matter what. Im going to tell you about my opinion and other people opinion about this prompt cause everyone thinks differently.

Author Ralph Waldo Emerson wrote "" to be yourself in a world that is constantly trying to make you something else is the greatest accomplishment"". I agree with that statement cause a lot of people try to be someone there not cause people tell them to or they believe that they are not good enough and that they want to change and try to be a different person. I think thats a bad idea to do that cause your just lying about who you are then you have to live your life doing things that you wouldn't want to do but only thing that people tell you to do. Its better just to be who you are cause your the only one that can be the best of who you are. you shouldn't listen to people that tell you no you cant do this,you cant be this,be different, and stop being yourself and just change. Those people dont know who you are as a pesron. You just need to be yourself and stay true for who you are cause you can a accomplish a lot of things for just being who you are. In this world there are a lot of people who have change the way there are I know they can accomplish things but one great accomplishment they can't do it stay true to them self. I can relate to a person who tried to change who they are. Growing up I didn't know if I was going to make friends so I would tried to be like them and try to fit in. Some times they would be talking about somethings that I didn't know about and I would lie to them say I know what they were talking about. I would get in so much trouble with them. just so I could've hang out with them but then i got tired of trying to be someone I am not so i started to be on my own I am still friends with all of them and i even made more friends for just being who i am and i did a lot of things i wanted to do like play soccer, go to the mall learn about cars those are things that i like to do and i would've never done those things if I would had change and try to be someone I am not ,so just be who you are. Don't let anyone tell you to change who you are.

Now, other people opinion they say its good that you change from who you are. so you can do a lot of different things,Then maybe you never know you try something you never tried before and now its something you enjoy doing now or lets say it doesn't go good and you mess up people are going to start to make fun of you for messing up cause i know people try to change who they are because they see other people doing it to. They mostly see people that are just trying to fit in or just trying to be a different person but sometime change is good because lets say you were a bad person growing up but now your trying to change that and have a change of heart and your trying to become good thats where change is good cause you made your own decision to change to be good. you didn't have to do it for someone else your doing it for yourself but i know a lot of people would disagree with me then again everyone thinks differently.

I gave you my and other people opinion about Ralph Waldo Emerson quote i told you that I agree with him that its a great accomplishment to be your self in this world going against people constantly tell you to be somethings else in this world but you should never listen to them you should always be your self no matter what you dont need to change for anyone just be true to your self and live your life. I know people are going to talk about you being different but let them talk no one know you better then your self you dont need to change for them but remember change is not always bad if you want to change for good thats a different type of change because your change cause you want to you made that decision to change no one made it for you. A lot of people need to go for this great accomplishment in life but people are not going to see it how I see it. just be yourself.                 ",875,12,Male,Economically disadvantaged,Hispanic/Latino,test,3,3,3,3,3,3,2,3,2.5,3,3,3,3,3,3,3,2,2.5,2,2,2
9E7045A798AE,Individuality,"Do you think been your self it's a great accomplishment? In this paper, I will argue on how been your self can sometimes be a bad idea. Sometimes people need to change in order to adapt to this world. The process that people go through in order to change can be harsh, but with good results.

The world sometimes can be hitting you with a basseball bat today and tomorrow giving gifts. The reasons I would change my selft is that it would give me more advantage over other people who wants to stay the same even in the difficult times. I will always be prepared to what the world has to offer me. my success rate would increase as I'm changing.

accomplishment can only be achieve by changing. many people think that if you change, many people are going to start seeing you as a strange person, but they wrong people don't pay to much attention to other more than themself. I would advice you to change to a way that you can keep up with this crazy world.",170,12,Male,Economically disadvantaged,Hispanic/Latino,test,3,4,3.5,3,4,3.5,3,4,3.5,3,4,3.5,4,4,4,3,3,3,3,3,3
A072BE57256A,Individuality,"I am totality agree with Emerson's statement about individuality. Being your self it's a big challenge that not too much people are dare to accept. It's true that if you have different personality and opinions can became a greatest accomplishment in peoples lives and also to change the society opinion.

Thereon, an achievement for the simple reason to be your self, that can help you in your good mental health. Because, people doesn't have to be worried about what the society think about them. For example, if a person follow what the society say, their lives will became frustrated and can fall in depression, thats represent a dangerous problem in their mental health. Therefore, be your self is the best way to show the world who you are.

In addition, Being your self will appeal true friends and relationship in your life. for instance people that are around you will know how really is your personality and they will chose to stay or leave, who stay in your life will accept you with your defects, also they can help you to improve in your life and resolve problems and if you need them their will be there for you. In the other hand, demonstrate your clear personality make the opportunity that others peoples can trust you and make a comfortable environment with them, at the point that they can even show their personality. Also, if the peoples share their own opinions can help others to improve their work. In the other side some peoples are afraid to be their self. Because, they think that this can cause that constantly others peoples makes bad comments about them, and also they think that they can't be accepted in their society with their own opinion, this's the reason why they prefer to follow the typical system of our society. Thereby, this can be reflected how your own personality can have a positive impact to create and appeal true friends and relationship even if peoples are afraid to make change.

One of the others benefit factor that cause if you show your natural personality thats mean that you're improve on the society and help to make better change to peoples to be better. For instance, if peoples start to change and be their self to persuade other peoples that maybe are wearing to someone inspire them to go out of this system that is trying to make you or apparent who you are not.

In conclusion, even be your self it's a big challenge and peoples have to go trough adversities in the way to change and improve, the result will be a greatest accomplishment in your life and also in peoples that are around you.            ",443,12,Female,Not economically disadvantaged,Hispanic/Latino,test,3,3,3,3,3,3,3,3,3,3,4,3.5,3,3,3,3,2,2.5,3,3,3
A0AC5AEBD8C9,Individuality,"Author Ralph Waldo Emerson wrote, ""To be yourself in a world that is constantly trying to make you something else is the greatest accomplishment."" I believe that being yourself in a world that is constantly trying to make you something else is the greatest accomplishment. Being yourself and deciding what you want for your self is the greatest accomplishment in life. It helps you to have more self confidence. I have seen my friends loosing their selves just to be like others and not their selves.

Why I believe in being my self is first, I had a great friend. His name was Generic_Name. He played soccer and he was not good at it. One day we went to Generic_Name soccer game. The game was going amazing, but Generic_Name was not to happy about it. We went to him and asked him why he was not happy about the game. And he told us that he never wanted to play soccer instead he always wanted to play football. He said the reason why he joined the soccer team was because all of his friends played soccer. For that they wanted him to join and he did not want to disappoint his friends.

On the other hand, I have a brother and his name is Generic_Name. One day his friends wanted him to skip the last period of school and go get food. They told him if he wont go with them they would not talk to him anymore. Generic_Name told them that the teacher told the class that they will be revising for the next science test, but they did not care and they left him. My brother stayed in school and did not skip with them. The next day Generic_Name got a hundred percent and showed them the score that he got. They told him that they got F on the test and that they must retake the test. He was so happy that he did not Chang his opinion about skipping just for his friends.

In addition, My other friend Generic_Name wanted to go to the hunted house that is in Generic_City. Her other friends thinks that her wanting to go to that place is not a good idea. And they try to talk her out of it, but she told her friends that she wont be disappointed at them if they do not want to go. She told them that it is what she want to do. Generic_Name did not change her mind just for her friends.

In conclusion, I believe that being yourself in a world that is constantly trying to make you something else is the greatest accomplishment. Being our self will help us understand the good and bad of the world. We can develop our confidence and know what we are able to do by being our self. Being our self is the greatest gift that we can give to our self.",475,12,Female,Economically disadvantaged,Black/African American,test,4,3,3.5,3,4,3.5,4,3,3.5,4,4,4,2,4,3,3,3,3,3,3,3
A14414093914,Individuality,"Individuality is an important trait of mankind, no human being is meant to be the same as another or function the same as others because then there wouldn't be any kind of ""difference"" in the world.

Showing others yourself shows them who you are as a person like how you act, speak, dress and hobbies but why would anyone want to be something they're not ? why sacrafice your life to be able to be different from others and to be able to set your self different from others to be unique and one of a kind. The outcome of being yourself in a world that we live in is learning different things ... new trait new personalities of other people in the world you've never known and learn how they are different from you and different from the world, it is an accomplishment to being yourself and not letting other tell you what to be and how to be you. Not only you can learn from others, others can learn from you because of your individuality and what sets you apart from others...What would a world look like if everyone and everything was the same? what would happen if everyone was the same? how would we move foward in life and create new things and explore new areas and expand if we're are all the ""same"" and act as one where would that take us? what ""new "" things would you see in this world ?Look how well we evolved over the history not because we were all the same ...no... we we're are different in our on ways big,small, race,gender we all have different traits to move on with each other and to work together because of our differences in the world and not being one minded all together and not accomplish life.

Its better to be different because there can only be one of you in the world everyone has their own destiny, everyone is born differently from weach other and not meant to be eaqual as another (human traits and personality etc)showing others how different you are shows what you are capable of like in jobs or in life in general...everyone lives differently ,everyone eats differently whatever it is that you do individually makes you different from another person because that is who you are in this world and in this life you have been given. Being different is never a bad thing its a trait all people have, being different shows you can do anything but in your own way and go to different places with different things that are NOt the same. For examples all families are different individually, the mom is different from the dad the children are different from the parents because it's their nature we are meant to be different rom each other there woulsnt be life if we were all the same no one would learn no one would be happy.

""To be yourself in a world that is constantly trying to make you something else is the greatest accomplishment."" This world is meant to be different, you are meant to be dofferent dont let the world take control of you and make you the same as others because what would be the point of life if we all were the same person.     ",529,12,Male,Not economically disadvantaged,Hispanic/Latino,test,3,3,3,3,3,3,3,3,3,4,4,4,3,4,3.5,4,4,4,3,3,3
A1969089A3ED,Individuality,"Individuality: I am not totaly agree with this dotrine. But in this case, Mrs Waldo say ""to be yourself in a world that is constantly tring to make you something else is the greatest accomplishment"". This world is constantly advanced, and the people needs to adapt in this this new Technology era.

The individualty or individualism dotrine, some time is fine, and some time is not totaly fine, Why? Well in a social life, the people in this dotrine, they can do all they want, an the other people can't tell them what they need to do. But in some case the Govermment can tell them. ( But only for to prevent the Anarchy. )

Now. Why the individualism is not totaly fine?

The people thing, they can do all they wan. Because is they life, and the law or the govermment can stop them.

Yes is they life!

but they actions, can be affect the rest of the citizen. And that actions can be transform in problems. The situation can be turn very delicate.

That's my opinion. But I have a question!

The individualism work for all or only for some people?

but I thing I know what is the anwser.",207,12,Male,Not economically disadvantaged,Hispanic/Latino,test,2,2,2,2,3,2.5,2,2,2,2,3,2.5,2,3,2.5,2,2,2,2,3,2.5
A2CDB8946896,Individuality,"People said that you are free to do or to be whatever you want but do you really think than that is true?.

Let say this if you look is all dark and evil do you think that you can get a job in a daycare, we have to be honest people just want everyone that looks perfect for their eyes.

For instance, we can talk about all the pretty models they have to be all thins and have the perfect size and all that stuff; but do you really think that they are happy I mean who do not wanna be a top model right but is not that easy and just because you see all the beauty, all what you wanna see because that is all that we care about. We never see or try to see more of what they show us, and guess what, we buy all that because we wanna be more what they wanna see, we try to be more than them.

Now that was about our appearance but how we can say about how we really feel about it, well famous people do you really think that they are honest with us? let see, all this famous people that try to show us them ""really life"". Do you really think than that is the real them , they just pretend to be what we want to see. However, that is what we like to see and we wanna be like them buy whatever they have, live how they live, and just try to be ""perfect"" how we think that they are, but what about our feelings or their feelings. How can we show love when we did not love our self first ? why I said this? because if you do not accept yourself how can you love it.

So, when we thought about what how can show the world who we are we have to think "" do I really be who I want to be"". People always have something about you, no matter who you are or who do you want to be. And it's hard because something you have to pretend be someone completely different just for your job, school, family, and everyone around you because you're afraid to lose their company or what they bring to you.

And that is how our world works, is complicated but that is how we live and not because we prefer it, is because everyone have a different concept about freedom, and most of them thought that they can make you and dont let you make yourself. In my opinion that is why ""to be yourself in a world that is constantly trying to make you something else is the greatest accomplishment"".

Sincerely, Ralph W. Emerson",438,11,Female,Not economically disadvantaged,Hispanic/Latino,test,4,3,3.5,4,4,4,3,3,3,4,4,4,4,3,3.5,3,3,3,3,3,3
A4795F763FDB,Individuality,"Do you agree or disagree to be yourself in a world that is constantly trying to make you something else? In this Essay i will argue, why am I disagree with this statement, because if we let someone else to choose for us, we won't be happy at all. One of the most important things in life, is to let yourself to be happy. One reason we'll shouldn't let anyone else to make us change, is because you wouldn't be fine. Be yourself. And do not permit anyone to tell you what to do without your consent.

First, once you permit someone to do something with you. For example, you would be a messenger for bad. They wouldn't even care if you're feeling constable. All they care is to do with you whatever they want. It's not them who are going to be feeling bad at the end, it's only you. Since we start talking with someone, it's better to let them know at the beginning what we like, and what we dislike. Keep this in mind, "" spoiling other people, and not you it's not the greatest accomplishment in life.""

Second, back in Australia. I had a friend name Generic_Name, she has been very quite all the time. At school, a group of girls used to surround her. Generic_Name was afraid, so she let those girls to do with her whatever they wanted just because she didn't want to have a fight with them. People made fun of her, also less, because of how she was. This is an example, why humans need to speak with the truth every time we need it. Its hard being in a problem where no one can't help you, and it's up to you if everything would be fine or not. Speak at the beginning not at the end.

People think that spoiling others is good!. But they're wrong because it's not a great idea to follow directions of others that is not you. In Conclusion, do an effort to be the happier, try to be better without anyone telling you what to do, Otherwise you won't be happy at all. Just be yourself, so in a future you can have success in life.",338,12,Female,Economically disadvantaged,Hispanic/Latino,test,2,3,2.5,2,3,2.5,2,2,2,2,4,3,3,3,3,2,3,2.5,3,3,3
A566B3142E27,Individuality,"I agree with Emerson's statement about individuality because as a person you are going to experience new things,meet new people everyday and try new things

As a person you,re are going to experience personal changes in life, these changes can effect your whole life. Some of these experience can include a loss in your family or even something tragic thats happen to you like not being to walk or write again. Theres going to be a lot of personal experiences in lide like meeting new people.

Meeting new people can be good for you or sometimes bad depending on the individual. Having a lot friends can be very helpful because they can lead you to good things like helping you find a job or helping you with personal problems, but your not always going to have that one good friend guideing you to good things. By meeting new people you could try out a lot of things like what they like to do or eat.

Trying out new things can change your life forever. We live in a big world where theres a lot of cool fun things to do like getting a job, going around the world and even eating places where you never been before.

You are not always going to be the same person you are now, theres going to be a lot of things that the world can do to change you.",223,12,Male,Economically disadvantaged,Hispanic/Latino,test,3,3,3,3,2,2.5,4,3,3.5,3,3,3,3,2,2.5,4,3,3.5,3,2,2.5
A87ECDDAE5A1,Individuality,"Author Ralph Waldo wrote, "" To be yourself in a world that is constantly trying to make you something else is the greatest accomplishment.""

I can will tell you that I massively agree with Emerson's quote, and I will tell you why. You only live one life, because there's one lifetime, and If there's one life, would you want to die with regrets? Would you be okay with another individual telling you how you can and cannot live? Im assuming most human beings wouldnt be happy with that, because after all, it is your life.

We live in a world where there's so many opportunities that We often tell ourselves what we want to be when were just little kids. But one thing to know is that nobody can ever tell you what you can and cannot be. Thats unless you let them. Everybody wants to be successful in life, everyone wants to be who they want in life, But that will always come with hard work and determination. We all here this every time, and we all know its easier said than done, But no matter how hard you try, there will always be obstacles in path to success. And that will always be the reality of life. Theres always gonna be that one Obstacle that will brings you down. for all we know that obstacle can be a person, place, or thing. But one thing you should know is that, that one obstacle can make you be something else you dont want be, therefore it results in you giving up on yourself, and thats what Emerson meant when he quoted, "" To be yourself in a world that is constantly trying to make you something else is the greatest accomplishment."" Most celebrity's have always mentioned that there was always people trying to bring them down, but they stood strong and did not let anyone tell them what they can and cannot be. So at the end of the day, its not about how hard you fall, because that will always happen, but its about how strong you get back up, and be that person you always want to be.

In conclusion, we as humans are not perfect in any way shape or form. We never have and never will be. Not every human being is a good person. There is evil in this world. There always has been and most certainly always will. Thats why people always say, live life to the fullest, and dont take anything for granted. If you take everything Emerson said in his quote, and everything I told you on this essay into account, theres no doubt in my mind you will be as successful and happy as they come. And this is the reason I strongly agree with Emerson's magnificent quote.",448,12,Male,Economically disadvantaged,Black/African American,test,4,4,4,4,4,4,4,4,4,4,4,4,4,4,4,4,5,4.5,3,4,3.5
AA36E879B375,Individuality,"We are living our lives in a crowded world with thousands peoples ,

we all have something in common it can be the same color hair , tone of the skin , color eye , but everyone personality is different either can be good for you and bad for others or the apposite .However be yourself it can be one of the greatest accomplishments on this days.

One reason why it can be the greatest thing to be your self in this world is because the world and people behaviors is a obstacle to be you ,they would try to change you. Second reason is that to be your self , is important to find out who we are ? and what is the purpose that we want to achieve in our life thats one step. Last reason is that if you are your self the world is on your side with that you have a big weapon to make a different. Thats why I agree with Emerson statement that "" To be yourself in a world that is constantly trying to make you something else is the greatest accomplishments"".

The world is constantly trying to make us become something else,but the world is us humans.

One or a group or persons can be either good or bad influences to our life's .They literally can push us to do anything if we given them the control of our lives .For example in the United States we have a higher percentage of shooting in high school's and stores. The majority of them are commitment by two or more persons .The police reports that I had read, they constantly give more years in jail to the main responsible. To me one of them was a bad influence, they become a obstacle for them selves and for those that they kill. fairly both of them get to pay for what they have done .However thats why we need to know who do we call friends and family because they can push you to do things that maybe you don't want to do they become obstacle. Furthermore if you get to do anything that they want, you totally lose your self and always be the way that they want you to be .Thats why we need to find out who we are find our self ,and a purpose.

Is important that we find out who we are and what is the purpose that we want to achieve in our lives. To me in personal is hard to know everything about me, some times I do things that I never though about it. There is one phrases that is inside of me it say ""If you don't know yourself how you pretend to know others"". That phrases reflects to me how do we pretend to go against the world if we don't even know who we are? We basically do what we see on the world .There is violence ,murders,economical problems ,rapists,robbers, and more. In addition this include how important is to give us a purpose. It is important because if you are focus on your goal. For example you want to be a Doctor you spend a lot of time in studying and working that you would forget about what is going on in the world , you going to ignore problems and others people lives and be focus with yourself to achieve your purpose. Ones you get to be yourself the world is on your side and with that you made a different and that becomes a big accomplishment.

The personality works better when is positive and you have a good heart, you get to support others and they support you .If you have everything under control you know who you are ,and your purposes ,the world would be on your side. That makes a different to you and others,

become successful and a great influences to others. For example the majority of us have read documentaries about persons that had impact the world to become better.

For example Malala , she was a young lady who decides to fights a against her government to get the right to study, in her country women wear not allowed to go to school. Malala was very confident in believing in her self and she knows what the purpose was, pass the time Malala achieve her accomplishments now thanks to her and all those that give their support ,women are allow to have education. Malala is great example to believe that be yourself is a greatest accomplishment.

In conclusion, the world and people behaviors can be a big obstacle to us, it can be friends or families members, thats why we need to know our self and learn how to know others. It is important to give our self a purpose,so we would get focus and ignore the problems that are going on in the world and while that time we would be founding our self .

Ones we have confident about our self and know the purpose in our lives everything would be very different. The world would be on our side and thats a big weapon to supports others and help the world to become better .In my opinion I agree with the idea that be your self in a that is constantly trying to make you something else is the greatest accomplishments .                                                                                 ",851,12,Female,Not economically disadvantaged,Hispanic/Latino,test,2,2,2,3,2,2.5,2,2,2,3,3,3,3,3,3,2,2,2,2,3,2.5
AC9FF74CC392,Individuality,"I agree with Ralph Waldo Emerson quote says and Im going to tell you why.

To be yourself in a world that is constantly trying to make me something else is the greatest accomplishment and I am very grateful for that.

First of all, This world in a way is trying to change us but we can't let it because what ever we are trying to do in life is what we are going to chasing and we are going to keep chasing it because we can do what ever we set our minds to. The world is life and life hits us with unexpected things but you know what we can fight it no matter how hard it hits us because us human beings are more stronger then we think we are. Most importantly we are strong when we come together and fight together as human being.

In addition, Some people would just give up when life finally hits them, they don't keep going because they don't have that motivation in them or they don't have anyone to motivate them and that's why us as humans should come together so more people can have that motivation and so we can start spreading that motivation. That word motivation is key because that's one of the things that keeps us going in life ""motivation"". Always repeat that in your head and if you don't know what it means look up and read what it says because then you would understand why you do the things that you do, why you behave the way that you behave because you have no motivation and don't think that you have nothing that motivates you everyone in this world has something that motivates them you just haven't opened your eyes wide enough to see it yourself but one day you will and when that day comes you will feel like you made the biggest accomplishment of your life. Im very grateful for what I have in life and very grateful for who i am today an eighteen year ago high school student trying to do what I'm going to do in the future and not letting the world also known as life take over me.

Lastly, being myself who i am today is the biggest and greatest accomplishment of my life because I stood my ground and took on life because if it wasn't for my motivations and would've make it to where i am today and loving the things I love to do. I would says that I had a rough start in life but that the thing most people have rough starts but they come back from it and gratefully thats what happened to me and I'm very very grateful for that. For the people that are still hanging in there, find your motivation find what you love to do because once you find it and love to do it thats your motivation and thats what you can do to get back up again and to be yourself again. It's never to late to start and it's not as easy as you think but it is sure hell worth it. All you have to do is stop what you're doing and go find it now. Ralph Waldo Emerson is a wise man and what he is saying in this qoute is very true and I agree with him on it.

The world ain't all sunshine and rainbows it's very mean and nasty place and I don't care how tough you are it will beat you to your knees and keep you permenent there if you let it, you, me or nobody is going to hit as hard as but it ain't about how hard you hit it's about how hard you can get it and keep moving forward, how much you can take and keep moving forward that's how winning is done, now if you know what your worth then go on and get what your worth but you have to be willing to take the hits and not pointing fingers saying you ain't who want to be because of him or her or anybody cowards do that and that ain't you.                                                                                                                                                                                                                                                                                                                                                                                                                                                                                                                                                                                                                                                                  ",997,12,Male,Not economically disadvantaged,Hispanic/Latino,test,4,4,4,3,4,3.5,3,4,3.5,4,4,4,4,4,4,3,4,3.5,4,4,4
ACCDC0CDDDA5,Individuality,"I disagree with this prompt because everyone is different to achieving their own goals .""To be yourself in a world that is constantly trying to make you something else is the greatest accomplishments"". It takes time and dedication of reaching your goals.

Because it shows how much effort you put in towards your goals. Staying after school for help, and asking your teachers for some advice. But making sure staying focus,being proactive and organized.

However, it shows your process as it becomes more precise and continue your accomplishment ,and never give up on yourself. Most people will guide you through the right path but always remember to achieve your goal. But most in importantly to stay focus and be successful.

Not a lot of people don't realize how it's important to follow your own path and achieving your own goals. Because it could lead you to be more independent. It takes a few steps of reaching your goals and encouraging everyone to take that risk and do it for yourself.

Because it shows how much effort you put in towards your goals. However, it shows your process as it becomes more precise and continue your accomplishments,and never give up on yourself. Not a lot of people dont realize how it's important your follow your path and achieving your goals.                                       ",417,12,Male,Economically disadvantaged,Hispanic/Latino,test,3,3,3,3,3,3,3,3,3,3,3,3,3,3,3,3,4,3.5,4,4,4
AF1146DE0A0D,Individuality,"People prefer to fallow their dreams. Because they want to have a happy life, it's better to do what is better for us. I agree that to be our self is the greatest accomplishment. To be our self we need to: fallow our dreams, make our life different

, and complete our goals.

People need to be confident with their self. For example, Fallow our dreams. The majority of people have a dream, that they want to be complete. Also, open a company that we dream to have. However, not all people prefer fallow their dreams, someones are afraid to don't get goods result, but it's okay to have good and bad experience. That can help us to learn about the life.

When we learn about the result to have good ,and bad experiences, we are prepare for change. For example, make our life different. Be happy with the things we choose to have it .In addition, our life change with those dreams that we choose to fallow, and we want to be successful. Therefore, make our life complete help us , to see a new expectation in those goals that we want to complete in life.

The best way to be successful in life is to have goals. For example, complete our goals. Finish that career that we push , and work hard to have. Also get that position in the job, that we get for trust in our self and complete with energy, and passion. Neverunlees, complete our goal is not only have that job, or that career. Also is get that goal , when we want going to other country, save the money for a car, etc.

We always think about life,

future, and what we want to be when we finish school. To get good opportunities, can going to college ,and get a good job. Also all the peoples are worried about their future, stressful for don't find a good job, have money to support their family, and sometimes it's hard to fallow our dreams, because we need to work for pay rent , bills, etc . In addition, other people want us to be what they want us to be, and we try to fallow their steps. We need to be consent, that not all the people have the same dreams, or goals, not all the people want to go to college, our study. We are different mind. However, we can be different, but we can be our self, fight for those dreams, and goals. We need to demonstrate to the world, that we are strong , brave , and confident, to support and fallow our belief. In addition the best accomplishment that we need to have is belief in our self. Remember that the life is only one , and only you can choose the way you live.                                                                                                                                                                                                                                       ",534,12,Female,Not economically disadvantaged,Hispanic/Latino,test,3,2,2.5,3,2,2.5,3,3,3,3,2,2.5,3,2,2.5,2,2,2,3,4,3.5
B0870AA74054,Individuality,"One of the Ralph Waldo Emerson most famous quote is ""To be yourself in a world that is constantly trying to make you something else is the greatest accomplishment"". Some people think that being something else in this world is an accomplishment. They feel that change is a good way to succeed in life. I agree with the quote, I believe to be myself in a world that is constantly trying to make me something else is the greatest accomplishment is a truth because being yourself help you to be honest, to be more secure of being who you are and people love you because you show yourself and you are not trying to be someone else.

Firstly, I believe being honest all the time has to do with being yourself, and honesty makes you be yourself. Being honest is good because people believe in your words, and if you are doing something good people are going to do it too. Some people are always lying to be someone else to impress other people, and lie to impress other people is not good because every lie in the final will affect your life. I think if people really like to be close of you they will accept your mistakes, it is like when you are starting to know someone and you tell him how you are.

Secondly, to be secure of how you are is being yourself. People think that changing the way they are is going to change the past , what they did or how they look before. They think that just because they change their faces they will change the bad way they treat people, but a lot of them change because someone hurt them and they don't want to go back to the past full of bad memories. Other people love how they are and they don't want to change anything because they feel secure.

Lastly, just because you are yourself people will love you and because you don't try to be something else. People treat you as you show what kind of person you are. If you demonstrate yourself to people they will not doubt. People love people who show their self, how they really treat other people or how they really act. When you don't show yourself to people they will think you are lying and maybe you are telling them the truth but you are not being yourself, but when you are being yourself and you are telling the truth they will have more confidence with you.

As you have read I agree with the quote because that's the way that I think. I feel that being yourself in a world that try to make you something else is a accomplishment, but most of the time a lot of people think they want a change, but to a better way. People hurt you in life and you change because of them, they make you more stronger. I feel that don't changing is a good way to feel satisfy of what you did right in the past, and that is why being yourself is an accomplishment.",503,12,Female,Not economically disadvantaged,Hispanic/Latino,test,4,3,3.5,4,3,3.5,5,3,3.5,4,4,4,4,4,4,4,3,3.5,5,4,4.5
B4527B75DDD4,Individuality,"""To be Yourself in the World is that Constantly Trying Make You Something Else is the Greatest Accomplishment""

Have you ever hard about the people who get regretted because of unknowing the awarded that they have? their is same people though been yourself in the world is not true.

I believe that ""To be yourself in the world is that constantly trying make you something else is the greatest accomplishment"" will reduce self confidence, reduce trusting your socialite , and Increase jealousies

First, I believe that, people who constantly chose to be something else is the greatest accomplishment will reduce their confidence, because of people should trust themselves before think about how people been accomplishment. Not only this, your enthusiastic will of doing something will get reduced too. A lot of people the accomplish that been made them to achieve in their success , so if we will thing that been our self in the world will constantly that will reduce our self confidence. Moreover, the crucial thing in our life is to build a self confidence before thinking about some one else. All of human being in the world they have the ability to do a special thing.

Second reason , I believe that people who thought that been themselves will constantly some thing else is accomplishment will budded their socialite. Every people have various kind of behavior and ability. In facts, same people tells a hoax story and this cause of avoiding our personality. Not been yourself will cause a problem with your socialite by not true their socialite. Because not everyone tells what they did about their accomplishment.

Thirdly, I believe that been yourself in the word will constantly make something else is grater accomplishment will increase jealousies. Nothing will equilibrium your jealousies, because people will avoid trusting in themselves and start to tracking other people, and they will thought that the fundamental accomplishment is what people have been done, and this will increase jealousies. However, people can not live permentaly by getting jealous from other peoples.

For this reason, people should truest on them self by avoid jealouesty, build a self confidence and,

get more socialite. Been ourselves is the best thing that we could do in our life and this will guide our life to get our success and accomplished.      ",364,12,Female,Economically disadvantaged,Black/African American,test,2,2,2,2,2,2,2,2,2,2,3,2.5,2,3,2.5,2,2,2,2,3,2.5
B603F496ABCD,Individuality,"I disagree that the point of people that are in the world , trying to change the way you are and the way you act. It's not good in a way that some people are trying to change what you have accomplish, because those people are telling you what decisions you, need to make which people should not tell you what you need to do or you can not do. Because if you have something in mind that you want accomplish in life and be someone else in the world people are going to start telling you to do the ideas that they have to hurt you and not be successful in the ideas that you have in mind and those ideas that you have in mind dont change them because you are trying to be someone in the world. That is trying to be different than people. You are not trying to be that person, that want's to change other people's mind.",157,11,Male,Not economically disadvantaged,Hispanic/Latino,test,2,2,2,2,2,2,2,2,2,2,2,2,3,3,3,3,3,3,3,3,3
B91C5FBD2A7C,Individuality,"People always argue when it comes to be yourself in a world that is constitly trying to make you something else is the greatest accomplishment. Although some people do not agree with the aouthor Emerson's statment nevertheless to be yourself in a world that is constanitly trying to make you something else is the greatest accomplishment. Because the way you grow up and way you talk those are your value that keeps you who you are and being yourself in a world that not really femililar to you is that makes your personality strong. also people shoulod act with the way that they are comfortable with.

The way you grow up and the way you talk those are your value that keeps you who you are. Sometimes people feel alone even you have a lot of people around you because you always feel that you are different then those people around you want to be different and you want to keep who you are . when you see someone who speaks and eats same as you do you feel happy and proud becasue they do not want to change in meantime they are happy with it so you are.

Being yourself in a world that not really femililar to you is that makes your personality strong. whenever you are in a hard ship you encarege yourself to do it and without those feelings you felt like you are just a regular dude. whenever you meet new people you introduce yourself by who you are that even makes you more proud and you can really be yourself in a world that constantly trying to make you something else.

people should act with the way that they are comfortable with. If you want to eat your own coulture's food you should cooked even if it takes you longer time then eat a CHICK Fl A hamburger . since we are living in a life which is very compatitive you should not wast anytime to trying to be someone else which you are not.

Inconclusion first the way you grow up and way you talk those are your value that keeps you who you are Second being yourself in a world that not really femililar to you is that makes your personality strong third people shoulod act with the way that are comfortable with.        ",369,12,Male,Economically disadvantaged,Asian/Pacific Islander,test,2,3,2.5,2,3,2.5,3,3,3,3,3,3,2,3,2.5,2,3,2.5,2,2,2
BC8379B07ED3,Individuality,"Interesting fact Did you know that 99.8% of teens get in bad steps due to what they see around them or what parents or friends do. The world is always changing everyday like new things, new rules,

new expectations around us in our community. The teens always trying to change there lives,looks,someone to impress,or to be popular,or other things. Teens just get influences what they see on Television,Phones and around the community. I think that we should always try to be ourselves not changing for someone or what others think about other people. What people where is what they like no person need to tell them what to wear or what to do.

I disagree with Author Ralph Waldo Emerson quote to what he wrote,that to be yourself in the world you have to constantly making something else to be the greatest accomplishment. There are different ways to be yourself in the real world. Generic_Name she is a Mexican women that had no money she lived outside no shelter nothing to eat nothing not even a job. She didn't have any family any friends she never went to school. One day this wealthy man came from United States was in Mexico for his job and he was walking and found. Generic_Name beside a trash can sitting asking for money he said that how old was she said 15 he said come on he took her to the United States she went with him and they lived together he adopted her. She went to school and got a Bachelor degree in Nursing she got accepted into many schools and jobs and she picked a good job and then few years past then she was building a place for kids that are and can't pay a hospital or a doctor and she helped the people there and then she found a husband she was with a year with him he wanted her to change and be a person that she didn't want to be and then few years pasts she found another husband he supported her and helped her in everything and they worked together. She was a strong working women she helped the people that needed help her adopted dad was so proud of her and all the things she accomplished. She went to Mexico she took things to give things over there and she gave the people in despite need gave them a little present and gave them food and drinks they really appeared it. She did a bunch of things that were great things. She didn't change her self she accomplished some goals that she didn't think that would happen to her. She didn't want to change her self and someone else and people boss her around she really did a life difference.

There are some positives about Author Ralph Waldo Emerson quote, The world is always bringing new things into the the world maybe teens really like thing that a great use might find them usefull. Teens will argue what's good for the world and what is bad for the world. For some Teens it might help them find there strengths and weaknesses. I think that we should never change yourself and always be proud of your goals that you try to do. I think that what we should always do our best then we should not be someone that you are not.

The 99.8% of teens are in bad steps due to there influences and what they just see around them and on Television and family and friends. We should never change how we look and what we do to someone telling you what to do and what they influence you what to do. We are all equal no one is different we all have same things. We are different skin color and what our traditions we are celebrate what we do in our homes are different we are all made the same. We don't need to change how we look like and what we do and what people like why we don't need to please them and be someone that we don't need to be. Everyone should always just be yourself and always never change for influence and if you change leave things that you enjoy doing and don't change cause you are influenced. Always be yourself and never let others put you down not the world and people that are famous if you don't that is all right cause yourself will know that you always try your best everyday.",671,11,Female,Economically disadvantaged,Hispanic/Latino,test,3,4,3.5,3,3,3,3,4,3.5,3,3,3,3,4,3.5,4,4,4,3,4,3.5
BE8B3F7D2D12,Individuality,"Author Ralph Waldo Emerson Write, ""To be yourself in a world that is constantly trying to make you something else is the greatest accomplishment."" I disagree with Emerson's statement about individuality because work in a group is more easy than work individually and every person need the help of their family or friend an also we need the people to have more knowledge of the life.

First reason, work in a group is more easy than work individually for example I am student sometime I have big projects in my classes that needed to be finish before end of the week but I have only two day, then the teacher gave us to choose what we want to do work individually or in a group I choose work in a group because sometime the help of others are give us more opportunity by finish our tasks on time.

Every person need the help of their family or friend, for example I live with my parents,

my father work hard to give me all the thing that I need, without my father were difficult by me to go to the school or to be focus in my grade and sometime my friends help me with the tasks that I do not understand. They always are there, without them my life were difficult. I depend of my family and I know is for them.

Some people say is better to work individuality than in a group because individuality you can do what you want like choose go to a party without permission of your parents or drink all the night and after drive whatever they are wrong because the consequences of your act not always can be affect you also can affect all around you, not always you can make the right decision, it is important in this type of situation have someone to help you.

In conclusion work in a group is more easy than work individually because you have more opportunity to finish a project.

Every person need the help of their family or friend to have the help to enjoy the school and to have good grade. Some people say is better to work individuality than in a group because individuality you can do what you want but not always you can make the right decision for that is important the help of others.                          ",391,11,Female,Economically disadvantaged,Hispanic/Latino,test,2,2,2,3,2,2.5,2,3,2.5,3,3,3,2,3,2.5,2,3,2.5,3,2,2.5
C19EDCF7BDD6,Individuality,"Sometimes is us the ones who want to change, but more accurate is the world who make us change. There only a few people who can behave the same way they usually do no matter who or what is in his/her side. People that are usually insecure usually feel shy and nervous next to '' Handsome guys or beautiful girls '' or confident with ''No handsome guys or not good looking girls''.Unfortunate we are living in a world that make us believe in which way you should behave or what things you should do in order to fit in this system.

Over the next couple years , we have been following a pattern and running on circles, what I mean by this is that we always do what other people thinks is right for us . Other problem we have , as I mention before is the way we behave next to people we consider superb or better than us .

Why is that we always do what other people think is right or no ? , It has become a normal thing to do. Some people are afraid to tell their parents they don't like their opposite sex, people for lower class don't like to say that their parents work in construction or clean bathrooms , etc. Why is this happening

? , it's because we're living in a world were you have to do some things in order to like other people? , funny but true it has happen to all of us , feel shame or scared to say or do something in front of people not because it's a bad thing but more because '' Is not appropiate to say this , what will the other people say ''.

Why is that some people still believing in being less important or put other people in top of them ? , A guy who considers his self unatracctive won't talk to a pretty girl , you know why this happen ? it's due the ''Pretty'' , he instantaneosly will consider his self less important and a lot of thoughts will go trough his mind . I really feel bad but this is the cruel world we're living on, we're scared to feel rejected or simply ''be ourself'' .

In conclusion, we are living in a world that makes us believe in which way we should behave or what things we should do in order to like other people , otherwise we could be ourself and we will not feel scared about rejection.",378,12,Male,Economically disadvantaged,Hispanic/Latino,test,2,2,2,3,2,2.5,3,2,2.5,2,3,2.5,3,2,2.5,2,2,2,2,2,2
C373FE627501,Individuality,"Society is a big part of our lives now in days. We all feel like we have the need to look or dress a certain way because if you don't your not ""fitting in"". Trying to be yourself in a world that is constantly trying to make you something your really not is a great accomplishment that i've dealt with before. Its something everybody has to deal with everyday, but we all never really think about it because we all do it and at this point it just seems so normal. Society can be bad but also very good if you know how to maneuver it. Society really sets goals for your mind and truly can help you with great accomplishments that maybe you would've never thought of if it didnt exist.

I take position in this issue and i'm sure many other people do too. In this world it is really hard for some people to be themselves and not feel insecure or judged because of society. Being yourself shouldn't mean you have to meet every ones expectations to what the ""real world"" wants you to seem like. We all have freedom of speech and freedom to do what we would like.

You really just have to appreciate everything life has to offer instead of complain. At the end of the day being yourself is the only true self you ever will be. Theres truly nothing better than that. Constantly trying to please people on how you should act or talk etc; will take you nowhere in life and if anything you will just be upset about yourself all the time. Although without society we wouldn't really have any goals in life.

High school can really teach you somethings about being yourself in a world that is constantly trying to make you something else. Students try to fit in to groups that sometimes they really don't belong in. Then end up get them selves in trouble because of the people they chose to hangout with. This all just ties around to just being yourself and loving who you are and every single insecurity you might have.",339,12,Female,Economically disadvantaged,Hispanic/Latino,test,4,4,4,3,3,3,5,4,4.5,4,4,4,4,4,4,5,4,4.5,4,4,4
C68729D41C77,Individuality,"I strongly agree with this statement, because if you with what socaity says and want you to do or be you never going to finde true hapines anf joiy in what your doing. for example growing up in my house my perents alwys told me tht i have to go in the medical feld and become a doctor or a nurs i have always had a intrest in computers i realy love computers, i like being able to take thighs apart and put them back together. so my junior year of high school when i was looking at a carear fildas that i want to major in i came acros cyber security and instenty i knew i wanted to get that feald so i whent home and i told my perents what i wantd to do and they loked a litile opset because i didnt want o go in the carear feald that they had planed out for me. but that was nor going to stop me i still wanted to pursu the carear so i did some more reashers, got more educated on what cyber security actualy is so i code get a beter undertanding and explane to my perents in dealtels and what it actualy is. we all set down at the diner table and i expland to them in detele what cyber security is actuly about. they seid to me that they are going to soport m with any dision i make and with any carer path thet i chose to persu. righ now im a senior in high school and i plane on going to a local comutnity colege to save money and do what makes me hapy with is working with computers. peaple may look at you and try to brig your spirit down on somthing you are trying to do or trying to acheve or acomplish, you need to just stay at it and forget what anybody has to say about you or the peaple aroud you and what your tring to do and acomplish in life. by not being yourself your contanty pleasing the peple aroud you and not yours self im sory but the word needs to lern how to be more slfish and think about them selfs a bit more then they think about other people. my conclution is the if hapines is not leading you in evryting that your doing or plane on doing then you shoud not be doing it and do what puts smile on your face, with is pursuing the carer path that you want to persu do those litile thigh that make you happy. drss houever you want to dress and be confident every sep of the way.",449,12,Male,Economically disadvantaged,Black/African American,test,3,3,3,3,3,3,3,2,2.5,3,3,3,3,3,3,4,3,3.5,2,2,2
CB78B5B5E942,Individuality,"Once upon a time, there was a little boy named Generic_Name, he thought that doing his work with others was more beneficial; however, he did not learn anything while working with others. He decided to his things individually and felt more better and proud of what he accomplished by doing things individually. Individuality is an accomplishment in a world that is constantly changing. First, in school people will learn more. Also at home people will improve. Finally, in work people will learn more about all kind of jobs.

The first reason that individuality is an accomplishment in a world that is constantly changing. In school, people that make their homework alone will make the improve. Also individuality apply by doing school projects, people will learn more about that subject. Studying individually before taking a quiz or a test, people will know what they have learned

The second reason that individuality is an accomplishment, is at home. At home people can do their chores will make their family members proud. Also people can learn how to manege their income and save money. People will be more responsible about what they need in home, for example food, clothes, and bills.

Finally, the third reason that individuality is an accomplishment, is at work. Doing jobs individually can make people's self esteem grow. People who do their jobs individually, gain more knowledge. If people work individually, they will be more efficient at work.

Some people may say that individuality is not an accomplishment; however, is it. Because people can improve in their lives. Individuality is an accomplishment in a world that is constantly changing. In school people will learn more. Also at home people will improve. Finally, in work people will do all their jobs. In conclusion individuality can make a better person.",288,11,Female,Economically disadvantaged,Hispanic/Latino,test,4,3,3.5,4,3,3.5,4,2,3.5,4,3,3.5,4,3,3.5,4,2,3.5,3,3,3
D17CC0BB1F10,Individuality,"BEING INDIVUAL IS THE GREAST ACCOMPLISHMENT IN LIFE

Ralph Waldo Emerson wrote, ""To be yourself in the a world is constantly trying to make you something else is the greatest accomplishment."" Believing in yourself without any distraction of other it make a person to feel more proud. Individuality assume people to be able to solve problem on their own, and it will encourage other to do the same thing. Being individual is the greatest accomplishment in life because it assist people to make their own decision without depending on other person's opinion, and focus to work hard to become successful. listen to yourself when you want to make a decision.

To begin, being individual is the greatest accomplishment in life because most people choose to work alone for getting better result by using their own brain, and push themselves to complete everything wisely. For example, a Generic_School student Generic_Name, she takes her time at home studying her biology test that due on Monday. Generic_Name studied the cell notes for 30 minutes, and practice the study guide. On Monday Generic_Name take her test and pass with 90%. Generic_Name's teacher praise her because she studying hard to achieve better. By work individual gives Generic_Name an opportunity to learn much without teacher's help or her friends. individuality teach people to control what is right or wrong, and people knows much when they'are alone.

Secondly, being individual is the greatest accomplishment in life because it help students to have a positive sense, and being the responsible of their own achievement at school, or even in the communities. For instance, the Volley ball player, everyone work hard to become a better player, also to gets the right score. They maintain their time, and some of them try to practice twice a week at the fields. They push themselves because the benefit of working individual would help each one of them in their future. The volley ball player Achieve on their individuality work, and they get benefit on what they working on. To become successful in life need to show how your individuality work it's.

Some people say that, being individual is not the greatest accomplishment in life. They argue that working together with people in life is more important because, it may organize to make connection with different people, and helping each other when it come something someone can't solve. This point admit because working with people can bring a difference in the world, also learning thing from people who knows; however to be individual in life may avoid to stay away with strangers people, and being a person who is always organizing. Therefore, Individual form a person to stay in one position, and having a strong believe. Feel proud to be yourself.

To conclude, to be distinctive in life makes people to have more pride, and feel confidence about their self. Over all, individuality assist people to make their own decision without depending on other person's opinion. To accomplish something in life improve the knowledge of a person. Lastly, People should be individual because it will show their ability or achievement of working without a helper.          ",510,12,Female,Not economically disadvantaged,Black/African American,test,3,3,3,4,4,4,3,3,3,3,4,3.5,2,3,2.5,3,4,3.5,4,3,3.5
E4D1075A87C1,Individuality,"I agree with the author Ralph waldo Emerson wrote, ""to be yourself in a world that is constantly trying to make you something else is the greatest accomplishment.""

On the other hand, In this word are many type of decisions that make you doing good and bad things. You need to stay strong, and smart, and don't change what you want to do or how you want to be in you life. For example five years ago, Went my brother and me come to America. My family wanted he and me study to become someone in the life. My father give us the opportunity to study to my brother and me. However, the first day of school, my brother was start to had bad friends. He start to skip the schools with his new friends. The school start to calling my father every day about My brother that he was absence. My father ask my brother what is happening why the school calling everyday. They say that you was absence in all the classes.

My brother told my father he went to the bathroom and he was two minute late at the class. however, he was in the class. My father was looking at my brother suspicious and he don't say nothing to him. One day one of the teachers call my father and asking what day my father came come to the school to told about my brother and me because she is confuse why I am in the school every day and my brother not.

The next day my father come to school. The teacher ask him about my brother that she was very worried about my brother, He had six day that he don't come to school, She wants to know what happened if my brother is sick, or why he don't come to school everyday. My father told to the teacher that my brother say to him the he went to the broom and he going to the class just two minute latte. My father was very angry that my brother was lie, and skip the school, Also the teacher told my father about me that I try to do my work,

She told him that I was passing one of the big test from her class. After that went my brother and me was in the house. My father was very angry with my brother and my father ask my brother why he skip the school, where he went. My brother do't say nothing and he running to us room very angry. The next day my brother leave the house to my aunt house because my brother don't like someone say something to him, and I am still here in the school trying to be someone in the life. Also Trying to get a better job and doing good for My life..

In fact, I agree with this statement to be yourself in a world that is constantly trying to make you something else is greatest accomplishment. you always need to represent yourself in the world the best the you can. It is important because are making you a good person. For example are make you open many doors in you life. If one day you lost your job for same reason many people, or companies are going to trying to helping you with what they can do They can give you a job or recommending you to a good companies. This is why I agree with the author Ralph Waldo Emerson.      ",552,12,Male,Economically disadvantaged,Hispanic/Latino,test,3,3,3,3,2,2.5,3,4,3.5,3,3,3,3,3,3,2,3,2.5,3,4,3.5
