essay_id,prompt,text,words,seg_grade,seg_gender,seg_economic,seg_race,seg_split,overall_r1,overall_r2,overall_human,cohesion_r1,cohesion_r2,cohesion_human,syntax_r1,syntax_r2,syntax_human,vocabulary_r1,vocabulary_r2,vocabulary_human,phraseology_r1,phraseology_r2,phraseology_human,grammar_r1,grammar_r2,grammar_human,conventions_r1,conventions_r2,conventions_human
02B07248077F,Self-reliance,"I am agree everyone should be make own decisions because you have just one life if you permit other people take you own desicion, you never built you own history if you sometime make mistake, thats ok because, we can learned when did sothing wrong,

I was feel good and great.

Should people take own decision of life.

l must learn take control of my life.

Becuse if I did something bad,

I can not tell other person is you fall,

I can not live with fear did somethin wrong, becuse we can learned own mistake, and future can be a better person.

For example if you want to buy you own car, if you have money buy.

if you practice any sport, you can ask opinion someelse but,

do take accion.

If you do working get you goal never get, all guys get dream is following taken accion get exito, all life is one desicion everytime, we have to make desions and, everyday some time it was exellent sometime wrong is thats matters, we are learning, all the time,

I not agree becuse when you pertmit somebody take desicions fot you you life turned bored and, you are unhappy. when you bult you own life with you own misteke it was exating and you can tell finaly I did. it thats matter what thinks others.",195,10,Male,Not economically disadvantaged,Hispanic/Latino,train,3,2,2.5,3,2,2.5,2,2,2,3,3,3,2,2,2,3,2,2.5,2,2,2
03CB73341E0E,Self-reliance,"Do you think its a good idea to have somone make your decisions for you all the time? There is somthing you should know about having a person make decisions for you, and making decisions for yourself. I think making your own decision is the best way to solve life important problems, and I will tell you why I think so.

Making your own decisions is a sign of taking your life to the next level in many ways. Ways such as maturity, self confidence, determination, and intelligence. The reason why taking others advice all the time isnt good is because there is going to be a time where no one will be there for you when you make that life changing decision or in a situation where you have to make the decision right away. When you learn to follow your own instincts and learn to make your own decisions is the moment you can show others that you are a responsible for your actions, That you are a fully matured adult. At the end of the days its all about whats best for you and the people around, the people who depend on you.

Having somone make your decisions for you is a sign that you are not ready for the real world. Like I said before, you will get to that specific point in your life when you are just going to have to make this important decision. Thats why its always important to learn to follow on what you think is right. Your dependents when you were a kid, always taught and told you what the best thing to do is. So when you get old enough to make decisions on your own, you know whats best for you. The times you should be taking advice from others is when you're a learning child. A child learning off examples from your parents or dependebles. The times when you should be making decisions for yourself is the times when you have learnt off these examples as a child from your dependents, now to grow up as an adult and do whats best for you. And the cycle continues. I think its more understandable when you put it that way.

In conclusion, self decision making shows you are a responsible adult in many ways. And most importanly shows you are ready for obsticles that will come in your way in the real life. depending on others just shows you still need people to make these decisions for you even though there will certainly be a time when there will be no one but you. And this will really hurt you if you dont start to take responsibility for yourself and your dependents. So yes, I think people should make there own decisions.",454,10,Male,Economically disadvantaged,Black/African American,train,4,4,4,4,3,3.5,3,4,3.5,4,4,4,3,4,3.5,4,4,4,4,4,4
04B3A4DD9460,Self-reliance,"I agree that talking to guidence is a good idea because guidence can help people on what is good or bad things to do in life. same people can even talk to guidence about thier problems and tell them what can be best can be a good solution for thier problems or for what they are passing throw in life too, However not that many people like to talk to guidence about thier problems people prefer to stay silence about their issues.

Eventhough some may say that people should not talk to guidence because guidence does not help in anything. guidance is the best resorce person to go to because they help you to stay focoues in problems you go throw in life.

Let say for example if you need help in school problems with family's or someone dies that was really close to you guidance could help you with depresion problems, familiy problems they are councelers but just few changes,

guidance can help you with paper work that you don't understand and fill in the paper work. Guidance is a good idea because guidence can help people on many stuff and find sulution of it one way to another. Guidance is the act of process of guiding, it also has counseling such as that provided for students about vocational and eduaction matters, Any of variovs processes of guiding a vericle by means of biltin equipment.

Guidance is someone who guides to the right way, or someone to look up too. gauidance is a good solution to problems and festration when a person does not have no one to talk to and they could have trust on guidance. where could people find guidance well guidance are in school or out of school too. Guidance help kids with school and fouces more on school and talk to parents, on how to maintan a kid focues in school and home.

Guidance helps kids to love and keep parents involved with them more and show them how to pertect thier kids.

finally, gudiance is a very good resource for who needs it people could find guidance in schools in courts, cummunity centers or so other who ever needs help guidance is a good resorse for them.",333,10,Female,Not economically disadvantaged,Hispanic/Latino,train,3,3,3,3,3,3,3,2,2.5,3,3,3,3,3,3,3,3,3,2,1,1.5
0546517E6BAA,Self-reliance,"When we make our own decision , we are creating our own world. People should make their own decision than be guidance from experst and authorities because they can't grow like a person by it-self. If they are guidance from experts or authorities they can't develop their own knowledge. That not help then because they are depending by other people and they can't never try something different by it-self. I agree with people who make their own decision because they build a self-confidence, learn be independent, and develop own skills.

When people make own decision they build a self confidence. One example of build self confidence is that we can believe in our self in what we can do. another reason is that we can feel confident by making our own plans. last reason to build our self confidence is that we have the ability to create our own future by making good decisions. Taking our own decisions always help us to feel confidence because we feel like a responable person in each decision maked.

Taking our own decisions helps us learning to be independent. One reason is that we learn to work by our self by making the decision to create our own businees without be guidance from a experts. Another example is that we learn to get up by it self, when we fall down by a bad decision. Last reason is that we have the right to do better if we get something wrong in our lives by a bad decision. When we make a good decisions by our self we feel independent because we are learning to live by ourself.

The people who make their own desicion, they are developing own skill. When we take own decision we are improving our knowledge becuase we are understending about what are the good decision and bad decision. Another reason is that we are learning to develop our own personality because making desicion help us to get more experience in our lives. Last reason is that to make decisions also help us growing like a person because when we take decisions they make feel us with confidence that we are people with great capacity to do anything. Make decision in our lives help us to develop our own skill because we are understanding how hard is live if we select a wrong decision.

Make owns decision always help us to grow by ourself. By doing own decision we can build self confidence to be a successful people in our lives. Practicing own decision help us to be independent and make feel us as a responsable peoples. When we make own decision ,we are making our own progress for future coming by developing skill like doing better our personaliity. It is for this an many others reasons that people should believe that is better made their own decision than be guidance from experts and authorities.",443,11,Male,Economically disadvantaged,Hispanic/Latino,train,4,3,3.5,4,3,3.5,5,3,3.5,4,4,4,4,3,3.5,4,3,3.5,4,3,3.5
057E81E19740,Self-reliance,"People should they seek guidance from experts and authorities about life's important matter. because they can find a good ideas from them. So its help full for anyone who is struggling with there own ideas. Even though they find a good think to make there own decision.

Even thought people need to see guidance from experts and authorities about life's important.

because, who confused with his/her ideas. They will find a good ideas to make a good decision for there ideas. Also Some times they does not have idea with what they have to pick or they have to do in there life .So, They need some one to find a good ideas from them. Some people keep his ideas with him/her self and think over. They get depression all the time with them life's. also they start doing other bad thing to get out from them depression. Fore example, drink alcohols.

I think sometimes we need some life's guidance to make a dissciocion for our life. because everyone think too many thing all the times. but, when we get confused with our own ideas. It is help full to share and to see guidance. we have to see guidance from experts and authorities about life's to make a good dessicion.

For example, when I start think about something hard and straggle to get a good idea. I always share my ideas with some one who can understand and help me with my idea. If

I got a good ideas form them I keep that ideas for my own life. so its better to share your ideas with people from experts and authorities about life's important matter.

People who decide his won idea with his self and sharing his own idea for other people and making a decision. Making a decision with other peoples are help full to make a good decide. because they find anther good think with your idea or they will tell you the bad thing about your ideas. So you can make you own decision after that thats help full to now your weekness.

So making decision with life guidance is help full to make a good decision for life.                                                                                                                                                                                               ",399,12,Female,Not economically disadvantaged,Black/African American,train,3,2,2.5,3,3,3,3,2,2.5,3,3,3,3,2,2.5,2,2,2,2,2,2
062AE7A344D3,Self-reliance,"people who value self-reliance

People who valus self-reiance defin it as the need for each individual to follow his or her own instincts and ideas. should they seenk guidance from experts and authorities about life's important matter? Take a position on this issue. support your response with reasons and specific examples.

First people who value stuff,cloth,shoes,phone and more. another thing that people value things is there family friend. Then they also value there house money. Everyone value something different. Some people have different cast. Everyone has to do different things in there self. If she had a pair of shoes that she had that are value $100 then she is going to value you because she would want to know,she would get mad or upset that her shoes get dirty or if there shoes get mess.

If the girl bought a pair of shoes for $100 she would be very upset because some girls don't ways there money on

$100 dollars pairs of shoes. If a guy bought appear of Nike,FIA,Adidas,Jordan,KD or something the guys will get made if there shoes cost more then $300 dollars and it got ruined. The guys hate when people mess around with there shoes and they ruin it. They don't like stepping in mud and they don't doing outside work.

If the guys are going to do outside work they should of bought in less expanse shoes not high price shoes. If they are going to work they should of boughting less expanve shoes like $20-50 not more then that so we could do alot of differnt things. Some people need to know about that shouldn't buy high price stuff they have to buy less its better if they do not buy high price shoes because they can work and bein looking at there shoes everysingle time and saying don't get my shoes dirty.

When teenage kids start work there like some I don't want to work but they should work becuse some teenger are like i want this no i this these expanve shoes. They are really exsenve stuff that alot of teenger want and like some just like to do differnt thing bought things they should not buy. Kids need to work so they now how much thing are because if are just asking and asking for stuff thats not going to work out wall there going to asking for really expance things that would not like.

Everyone needs to know how much things are and work for it and not ask because that is how they are going to value something. If they buy it with there money they will know and how they need too take care of it and not buy high price stuff. They more that kids start working and not asking there parent it would be better because the kids would be done.

I am working and i like to save my money because i can buy stuff that i need or anything but if someone buys me something i am going to value it becasue they took there time to come and bought something for me. like i did i bought my friend some pair of airpod and i bought my self some pair but when i gave it to him i said here is the pair of airpods that i got you for chrismas i wish you the best. It was better if bought him the pairs of airpods and not someone eles. He was so happy that i bought him a pair of airpods and i was his first girlfriend to and know that i am moving i told him and got sad .He told me i am very valued to him because i am all ways there for him and he is alllways there for me too. My vaule is my sister and my friend rj becasue of him i founf my true love. He makes me happy everyday i get to do alot of really differnt expernts and do fun things with him outside the school. He is the best I love him so much in all my heart because of him he has made me happy everyday no matter if i amsad or upset or anything.        ",666,11,Female,Economically disadvantaged,Hispanic/Latino,train,2,2,2,2,2,2,2,3,2.5,3,3,3,3,3,3,2,2,2,2,3,2.5
0B00BC4CBABC,Self-reliance,"So if it has come to a point that you don't have to make decisions on your own, even if you have what ever it takes to rule the whole nations, what would you do?. Nothing?, or run away to where you can make your own plans?. NO!. I strongly agree that, people should make decisions on their own.

Making decisions on your own can make you stronger. For example, when i realize i was failing my science class. I took a decision on my own by telling myself; i need to pass this class for the rest of the quarter. And i'm doing great now because i put in my mind with all my strength, focused and i'm doing more than amazing. If someone gave me that decision to pass that class, i wouldn't be able to, because i haven't made my mind up to that and maybe i don't or not into that class.

Secondly, you know your challenges to your decision that you make by yourself. For instance, i tried out this year for the school soccer team. I knew it was only 2 option: either you make it or you get cut out. So, me knowing that made me work harder when i get on the pitch. I get pains in my legs when i get home but i also know that, i have do it again tomorrow so it makes me do extra work home so that i won't be ill but be in shape for the next day.

Lastly, sometimes we make a bad decision which help us learn. To prove this, 3 weeks ago, my mom ask me to clean her bathroom for her, also i had a club to attend. Because i knew going to club will be fun and meeting new friends so, i told my mom i'm going to the club instead, and i will clean the bathroom the next day. And so, i went to the party. A friend of mine was a drug dealer: i didn't know, and he was wanted my the police. He came to the same party and we were sharing the same table. We were drinking, chatting, eating and having fun. All of a sudden, we saw 3 police men that came to arrest my friend but because we were sitting together; we were all arrested because him. If i choose to clean the bathroom this would have not happen to me. The lesson that i learned is that; i don't need to follow my decision every time, and also know who hang around with.

As a results, making decisions on our own can make us strong and focused, know our challenges and also learn. If all this ability only get reviewed when we make decisions on our own, why should we seek for guidance from experts and authorities about life's important matters?. Let's people take decisions and do stuff with their own mind set.",461,11,Male,Economically disadvantaged,Black/African American,train,4,4,4,4,3,3.5,3,3,3,3,4,3.5,4,3,3.5,4,3,3.5,3,3,3
0B478E81218B,Self-reliance,"People should go seek guidance from experts and authorities about life's important matters because a lot of people in this world are very isolated, like they are always to themselves, sometimes you can notice when people are going through things. People always need somebody to be by their side, it's not good to stay isolated it could make you go crazy. Fifty percent of all people go through depression, anxiety attacks and mental breakdowns because there's nobody there to help them, sometimes when you try to help they just either ignore you or they just don't want to be spoken too that means they haven't been seeking help. A person who has a companion can be going through things too you know, but they express themselves to their best friend but for more help you can talk to your specialist doctor. Doctors and authorities are really a good help, they hear you out and always agree with you. Experts should be people who are very close to you it could be a neighbor, family relative, family members, your boss, coworkers and even your friends.

Authorities sometimes don't really help you when your having mental breakdowns because sometimes they don't care or it's not their business. Life is way bigger than you think, don't take it for granted always be grateful that your living to this day. The Environment should be peaceful, calming and not to over dramatic always be positive in your life don't let anybody bring you down, Life is important, live it up to the best, In other places like work or school always express yourself usually at work you ideas but your not show if you should share them, don't be shy share your thoughts on new things. Sometimes at work it's hard for you to share what you are thinking even at school, a lot of people have to over think their ideas because they think it's not good enough, that makes them lose precious time because time is usually short and you need all the time you can get, it's better to go seek help because your struggling to think of a good idea.

Most of the people in this world are really good at making their own decisions because they have nothing really to worry about, they like to be independent and always get things done quicker that way. For some people it's really not that easy for them to get their work done because they have a huge struggle in their life, they need the help, but sometimes they don't ask because they don't want embarrass themselves in front of others that work independently. Everyone deserves to be treated fairly and equal, the world needs to open their eyes sometimes because a lot of people are taking their life because they don't receive they need, day and night, sixty percent of people in this world work hard to live, they work hard to cover your monthly bills, groceries, clothes and gas if they have a car. People who make low income deserve a big chance so they can maintain themselves, when you in situation like that look for people you know and ask what they work for, it might match what like to do. People who are struggling to maintain rent and other important things they can always seek for government assistance.

People are living in this world for a reason, they need to survive and live their life. Everybody got to do what they got to do sometimes when it comes to surviving, there is a lot of single family dad's and mom's in this world, most of the time they can't even maintain their kids and home. It's a good idea to always have someone in your life they motivate you and care for you, they do much more because their here for you no matter the situation, Always have help beside you, you will need it. A lot of people who are alone and make their own decisions, don't have families and friends, they just rather do their way because they know what they are doing. Not everyone is the same, everyone has different problems and they usually go through them alone, sometimes they don't know how to think and how to live. At the end of the day there has to be someone out there that can help you with your life, your never alone always remember that. Some people who try their hardest usually pays off even though they go through struggles but they have to be independent sometimes thats how you learn to be responsible and no one is always there to hold your hand sometimes you got to give it your all, just believe in yourself over time you will succeed",772,11,Male,Economically disadvantaged,Hispanic/Latino,train,3,4,3.5,3,3,3,2,3,2.5,3,4,3.5,4,4,4,3,4,3.5,3,3,3
0C7D385D812A,Self-reliance,"How should people take decisions?? thats the real question should a person follow a feeling or motion call instincts or should they make a decision by guidance by experts and the laws and authorities. Well a person should use advise really. For example lets say a business man has to make a decision about if he should invest money or not on a product thats been selling good for the last few months but in the pass they werent selling as much. so the business man has to go and get guidance with some experts because he doesnt want to make the wrong decision and make the company waste money they wont get back.

Thats why having advisers are so helpful because there suppose to help people get out of any concerns a person has. They can guide and advice you to do things right. For example when a person is in high school that person has a guidance. That person is always going to be trying to help, there gonna help decide which classes are best for a student, and there gonna look in to the student and check why a student isnt doing good and after that there gonna try to help him so he can accomplish hes goals and graduate.

Every time we take a decision over something serious we need to think about it more than once because if it is a decision like buying a house its life changing ether it can go really good or it can hurt you badly thats why its better to think about it and talk with an expert because its needed to know if that person is ready and its stable enough. For example if a person wants to buy a house theres a lot of responsibilities that come with that decision and he or she has to be ready that means theres no more playing around and settle down and he or she needs to think about it if thats what they really want.

Take decisions it always has a grade of difficulty thats sometimes not even with the best advisers can help to make a decision being one hundred percent sure that thats the right answer. Sometimes you just have to trust youre instincts because a person has knowledge about the answer to the question but he or she think about the answer to much that they get them selves confused and thanks to that they make poor choices when really you should just trust the person is right. For example when a teacher tells a student on a test trust your instincts and dont think about the answer to much is because they know that he knows the answer.

In conclusion its always better to have a person giving you advise about a question or problem, its easier to make good decisions when a person has help than when a person is alone confused and stress about a decision. But at the same time is good to trust your self and follow your instincts and not having to depend or need someones help.                                            ",505,11,Male,Economically disadvantaged,White,train,3,3,3,3,3,3,3,3,3,3,4,3.5,3,3,3,2,3,2.5,2,3,2.5
0EBED6896F51,Self-reliance,"Would you choose to fail for somebody else's ideas and not your own?

Although some say that people should seek guidance from people that have experience about life because they have become more wise with the years, actually people should make their own decisions because you already know what you want for your life and if you fail will be for your own decision and not on somebody else.

Some say that people should seek guidance from experts that have experience about life because they have become wise with the years. Old people like my grandfather for example, he always told me that the best way to accomplish something you really want is by giving the best of us and not wait for other people to do it for you because that is not going to happen.

In reality people should make their own decisions about what to do with their lives because you already have an idea about how you really want to be or what you want for your life to be in the future. When my brother was about to finish high school he tried to get an advice from somebody about what to do with his life, but my father was always working and my mom had not experience about life because she had taken some bad decisions in life. So my brother had to follow his instincts and take a decision in his own. Now he graduated from high school and he started an academy to be a police officer one day.

Some people say that it is better to fail by taking our own decisions and not fail because of decisions that other people take for us. I still remember my aunt Generic_Name she always wanted to be a cloth designer but she did not take her own decision and now she is still working and making some more money then a cloth designer, but she is not completely happy with her job because she followed some other people ideas and she did not think on what she really wanted for her life.

In conclusion it is better to follow your ideas because that way we will do what we really want for our lives and not what other people tell you to do even if they haven more experience sometimes is just better to follow your instincts. Seek guidance from experts that have a lot of experience about life is not always the best thing to do because if you follow their ideas you will not work on what you want. Although everything you need to succeed is to follow your dreams.",435,12,Male,Economically disadvantaged,Hispanic/Latino,train,3,4,3.5,3,4,3.5,3,3,3,4,3,3.5,3,4,3.5,3,4,3.5,4,4,4
0FD73E4EED03,Self-reliance,"People should seek guidance from experts and authorities about life's important matters because the people that wants make their own decisions they could not to know anything, just they are following their instincts and ideas so that mean they will believe that what they are doing is correct when it does not and it is against the rules.

Laws; the consumption of drugs and alcohol, to carry of guns, and to drive; the consumption of drugs is unlawful in too many states and you need a permission that you can buy it and the alcohol is legal but you need to be 21 years old or more to buy it, to carry of guns; is legal but is same to drugs and alcohol you need a permission to buy one and be older, and to drive to get a license need to be 16 or older that its up to you, but if you decided to get your license when you are 16 years old, you have to drive with someone also as copilot; the copilot need be more older than you, you need to do this because they want be sure you have the experience to drive alone.

Work; when you have a job you have rules that you need to follow as a schedule, duties; you have a specific schedule that tell you when you have to come to the work and when you have go to home this help to your job keep everything organize to the employers because if the employers come to the work whenever they want to, can this affect the company, like if you are an accountant and the company needs you in the morning but how you make your own decision to do not go in the morning you go in the afternoon, so as you skip your specific schedule the company have a problem with the accounts and its your fault for not follow the schedule, duties well you have specific duties for you by your skills, so that mean you can not make a decision do something also because you can be fire.

Society; well you do not have the decision to do every thing you want outside, like you can not to burn a library because you had the idea brilliant to do it, you can not kick or hit to everyone to see outside just because you have a idea make laugh your friends, and you can not into a private property to get a flower that you see and liked , you can not make that decision in your life

In conclusion, we can not let the people make their own decisions, I am not saying that people can not have rights to do or be something, I am saying that people can not do everything they want, they need guidance from experts and authorities to help them more to the minors they do not have the conscience to know what is right or no.",928,12,Male,Not economically disadvantaged,Hispanic/Latino,train,3,3,3,3,3,3,2,2,2,4,3,3.5,3,3,3,2,3,2.5,2,2,2
153C3543E432,Self-reliance,"People who value self-reliance defined as the need of each individual to follow his or her own instincts and ideas.

Should people make their own decisions about life important matters,or should they ask someone else for their opinion.

People should ask for guidance from experts about life important matters.

There are times when depression comes and stress appears because,of bad decisions made by one-self.

If people do not ask for experts guidance, there is a possibility that in the future the decision they have made, might affect them in the future and cause a fatality like, depression which can lead to deadly thoughts and mental problems like bipolarity.

Depression is one of the most know in all over the world which is caused by,bad decisions,over working by mental and physical jobs, family problems, and an unhealthy life style which all of this can lead to suicide thoughts.

For example, one of the most famous singers from United States Sia known for her most popular song ""chandelier"", she committed many bad decisions which had lead her to drug addiction.

Her fame was getting higher; and many contracts for more shows where she had it to attend to, were exploding her head which lead it to an over working stage.

She has an amazing soprano voice, with more than five different tones, and because of that, different music productions wanted to sign a contract with Sia, but she instead of taking a rest she decided to continue, knowing in which stage her body was passing through, she decided to take drugs to cover her stress but, instead of taking away her stress she became a drug addict which lead her to suicide, but thanks to the doctors she is alive; now she keeps being one of the most popular singers but, because of her pass, she covers her face with long hair bangs to the top of her upper lip; and no own has seen her face since that incident.

Also, bad decisions might lead to mental problems like bipolarity, and sadly most of the cases are seen in schools where parents and teachers do not notice until is late for that youth to recover, because of his or her bad decisions that this students had made.

For example, a student from a school in Virginia known for his great intellectual was passing through a rough time, he had to go to work every single day after school from Monday to Monday his hours to school were from 7:30 Am to 2:15 Pm, and his work hours were from 2:30 PM to 10:30 PM every single day.

He never gave up he always was the top student of his class, but there were times where his parents were putting more pressure, and Test were near to come and work was getting more and more exhausted until one day he exploded.

The day of hes graduation arrive and his most treasure sister wasn't able to accompany him because she was getting into the same stage that he already pass through.

After his graduation he wanted to have a life and do what he always wanted to do since he was a child which was being in the Marine, he was already in a bad state because of all the pressure he gent through but, he wanted to fallow his dream.

One Saturday in the morning he decided to apply for the Marine but, sadly he was not accepted because of his migratory circumstances and because of that, hes brain collapsed in a stage of dementia, but his mother instead of giving an affection, she got mad and told him ""Stop, you are a man already, act like one"", the only one who tried to calm him down was his little sister who did not know what to do but to say ""He needs some experts help, he needs to go to see a doctor in that way, we can make a good decision and know what to do"".

After all of this happened he went to a mental hospital where he was hospitalized for three long months and now he is living a life with medications from an expert who helped him to go through all of this where he was diagnosed with bipolarity.

In conclusion, if someone wants to make a decision which is about their life importance is better to ask an expert and prevent all this things to happen in that way there can be a reduction in mental problems and suicide attempts.",645,11,Female,Not economically disadvantaged,Hispanic/Latino,train,3,3,3,2,3,2.5,2,3,2.5,3,4,3.5,3,4,3.5,4,3,3.5,3,3,3
16B9EB49892E,Self-reliance,"The should be people make their own decision, or should be others make to Them.

The should be make their own the decisions. The have to self confident. because the decisions is more doing u can to the act of reaching a concly sion or just making up one's mind

The should be make theri own the decisions, They can be happy in life. because for life is the decisions are it's important. In the a victory won on points has occurred

The should be make theri own the decisions, The face challenging moments in life. because the challenging it;s hard but more better for we can be for the decisons.

People should make their own decisions because they would have self confident, They can be happy in their life ,and

They face challenging moments in life.

The people who don't make their own decisions can be have easy life and they don't have to think about only thing; however, It's better to make their decision by Them self.",312,11,Female,Economically disadvantaged,Black/African American,train,3,2,2.5,3,2,2.5,3,2,2.5,3,2,2.5,2,2,2,3,2,2.5,2,2,2
1703E46B4DC9,Self-reliance,"People this days deal with a lot of issues . Its clear that sometimes adults also need help with making their own decisions. Most of the time we tend to think that because we're adults we are doing the right thing, but instead we're doing the opposite. Once you start to see the downfall,or the bad things that have started to happen to you or the people close to you because of the decisions that you made, its time for you to go for to seek for guidance. Its best that you seek help before you're life falls apart.

Guidance has helped a lot of people with their daily lives. The best part about it is that their's no age limit for when you can and can not go. For example high school students have the privilege to go for guidance at school anytime they need it. One important thing that high school students are given during guidance is to always pick the classes that will help them in the future. Going for guidance should begin at an early age. When you start going, you get to understand the aspect of life and the decisions that you make as you move on with you're life. Its a great place to go when you have no idea of what you're going to do with you life or how to make the right decisions.

The best part about going for guidance is that you are assured you'll be talking to an expert;meaning that they are able to control themselves in any situation and talk to you in any circumstance. Most of the people who hold these jobs have degrees and are licensed to do that work. For most people,talking to someone the do not know is easier that talking to someone who they know. In this case it's easier to open up to an expert who will soon give you advice and what to do next with you're life.

After all maybe guidance isn't a good place to go. One of the reasons that people don't seek for guidance is that it's too expensive. Most people can not afford to go for guidance every month or week. You need to have some form of income or at least be making a decent amount of money in order for you to afford it. The second reason would be, you're not really sure that the decisions that the experts make for you will be helpful. Its not always good to rely on what people say or when people tell you what to do with your life. In the end we are the ones who know ourselves better than anyone else does.

In conclusion most of us still need help with the decisions that we make. We all make good decisions and bad choices. As we grow we deal with so many things and sometimes its good to always talk with an expert. After all we're not perfect but the best decision for you is to seek guidance. You will be surprised by the outcomes of it.                 ",455,10,Female,Not economically disadvantaged,Black/African American,train,4,4,4,4,5,4.5,4,4,4,4,5,4.5,4,4,4,4,4,4,4,4,4
172C8C3F5976,Self-reliance,"Should people make their own decisions, or should they seek guidance from experts and authorities about life's important matters? When it has to do with life's important matters people should be self-reliance. Making your own decisions in what you'r instincts tells you, or even ideas that crosses your mind. Can lead you to the path you want to be in. All decisions or ideas you have should be followed.

Making choices or even having ideas about your own life matters, it's important Because at the end of the day it's your life and you want to always make the choices for yourself. Your life dosen't effect others, what you want to pursue or have should be done by the choices you decide. Being told what is best for you is something that should be appreciated but its your life and not the others and decisions you make for yourself should be because you know whats best for yourselves

When wanting to purchase a car you want to make your own choice in what kind of car you want or if the payments for the car can reach your budget. Buying items that are needed in life is all about what you want and what your instincts tells you. Buying houses or what bank account you want is what you should decide. All that has to do about your life's matters it's your choices and instincts. Everyone wants the best for themselves and want to be self-reliance.

Decisions that are decided for yourself and ideas you come upon on should always be followed. Your life matters is on your hands we do and know whats best for ourselves and the choices we make throughout our life is what we want, and not seeking to others to make the choices for your life. Overall people who value self-reliance know exactly what you want and know whats best for themselves.                   ",554,12,Female,Economically disadvantaged,Hispanic/Latino,train,4,4,4,3,3,3,4,3,3.5,3,3,3,4,3,3.5,3,4,3.5,4,3,3.5
197F95A99618,Self-reliance,"Self-reliance allows one to follow their own path and make their own decisions. Guidance is taking advise and having other decide what one should do. while guidance can be helpful, it can also be misleading, and people aren't completely following their insticts when other decide for them. Being self-reliance is important due to the fact that if someone make their own decisions, they have the freedom to problems solve. Making mistakes enables one to learn and grow.

With the use of Self-reliance guidance from other human beings unneeded. Those who are self-reliant believe that other human are capable of doing the same tasks that they are. In nature, most animals have to be self-reliant in order to stay alive, for example, as a bear gets older, their parent has to, let them go off in the wild alone. Bears are able to maintain life by finding their own food and shelter.

With the use of guidance, humans and animals learn what works the best for them. Self guidance allows for mistakes to occur, be corrected, and allows for people to find their own solution. Even though not knowing anything or not being able to complete the tasks alone; it is a trait that allows individual to grow and better themselves by finding their own way.

Self-reliance is more than the choose and make one's own decisions. It requires integrity and the will to face up to the challenge that, ultimately betters one's character and work ethic. Solid solving capability leads to more creative.                            ",249,12,Female,Not economically disadvantaged,Hispanic/Latino,train,4,5,4.5,4,5,4.5,4,5,4.5,4,5,4.5,4,5,4.5,3,4,3.5,4,4,4
1BC40A063549,Self-reliance,"I am agree with this prompt, i think that everyone have to believe in their self-reliance, Because we have to follow our own ideas to be a unique person and believe in our decision in the life.

the only way that you can be a successful on your job or on your life is believing in your own ideas and value your self-reliance, and never think that you cannot do nothing because you can.

the only thing that you have to do is believe in your own instincts and ideas and don't let other to tell you something different.

i will like to reckon in my self-reliance to be a better person in this world and don't depend of other person to get my dreams.

(people who believe and value self-reliance define it as the need for each individual to follow his or her own instincts and ideas).

1-the school is one good example for this is because the school give you exams and work for do on your own self,

- the school give you a lot of challenge one of them are the tests, for get good grates on those test you have to self-reliance to study and pass those test.

2-the work (jobs) is other best examples,they give you the opportunity to show them that you are a excellent employee and that you can create your own ideas.

-the work is other place to explain the self-reliance, your boss is asking you if you can do a work for him and that work is important for him because he ask to other workers but they copy the work from other company so he belief that you can do the things better that other and you have to self-reliance for that work and create your own ideas for it.

3- on my own life, the idea to choose what we have to do on the future is because our parent want that us get the best opportunities but sometimes we don't want to do the things that our parent tell us because we want to do the best thing for be the best but not like they want we want to do the thing on my own way.

conclusion i believe that, we always have to self reliance because, that help you doing things that you never imagine that you could do that, and never keep focus in just one thing, put your mind open for make better decisions and follow your instincts for do the best that you can,

my conclusion is that you always have to believe in your self-reliance and always follow your dreams for more hard that those things can be but that is the opportunity for your self-reliance and show that you can do the things that you want if you bring your ideas and follow your dreams.",427,12,Male,Not economically disadvantaged,Hispanic/Latino,train,3,3,3,2,4,3.5,3,3,3,2,3,2.5,2,3,2.5,3,3,3,3,3,3
20A2147B6DB8,Self-reliance,"On life's important matters is it best handling by yourself or seek help? They're two types of people, one follows his or her own ideas , and the other seek guidance. I strongly agree getting help form a expert or authority is much better than following your own instincts. Reasons are teacher and therapist; Both help out a lot in peoples life. For example my friend Generic_Name and me.

Therapist help me when I was going through hard times. My family had split up, a good friend pass away, and I got bully in school, so many confusing and terrible events happening which teared me apart. Trying to work so hard fixing everything by myself, but non of my ideas work. Until I talk to a therapist about my problems. The therapist guide me to a better understanding of my life, and what to do next. Together we solve my problem with the bully in school, and help me got over my family split and my friend death.

Secondly, my friend Generic_Name is a senior in high school. She was never good in math, nor did she pass the math SOL. Generic_Name had chances to retake the math sol to graduate. The next one she taking will be the last SOL . Generic_Name study on her own and worked very hard. She like to be self-reliance But at this point it was not working, so Generic_Name ask her math teacher to help out before the SOL. The teacher saw Generic_Name had a lots of mistake, so the teacher guide her to fix it. Also teach her on the math problem she didn't know. Seeking guidance form the math teacher help Generic_Name pass the SOL.

In conclusion getting help form experts or authorities help, in ways being self reliance can't. Seeking guidance help a better understanding of the situation, less mistake, controlling stress, and learn something you did not know.                                                                                                                                                                                                                                                                                                                                                                                                                                                                                                                                                                                                                                                                                             ",643,12,Male,Not economically disadvantaged,Two or more races/Other,train,3,4,3.5,3,3,3,3,3,3,3,3,3,3,3,3,2,3,2.5,3,3,3
2157AE4AFAA6,Self-reliance,"I agree that people make their own decisions to learn about life, and be more independent. Sometimes it is difficult to follow advices, but that can make us a better person every day. As an illustration, every people comit defeats, yet that can teach us to be more stronger people,and never give up. People will grow only if they start being independents, trying new things, and learn to be better by they own self.

By being more independently, people will learn how to take their own decisions. People can start taking their own decisions when they do not live with their parents anymore. As an illustration, they can find a good work, pay their own things, and having the capacity to make their owns decisions. Besides, people have to have more responsability; in order to take a decision because that can affect ourselves. However, that can makes us more stronger, and be more prepared in life.

Trying new experiences can also, teach us to be more independently, and learn about others people experiences in taking a decision. In fact, we can ask for advices to our parents or in someone that we trust because they will tell us what is good or what is bad for us. Additionally, sometimes there is people that the only thing that they do is judge us for the decision that we take, but that does mean that we are a bad person. We can propose to ourselves everything, and we should never get down.

Learn to be better by our own self ca help us in many ways. that can be a benefit into our life because in the ways we can be more responsables with ourselves. For example, we can take many decisions , but sometime we do not know if they are going to be good in the way how we planed them. Besides, we always can try to be a better person, and think more about every decision that we choose.

Take good decision in our life we make us to have a better future. First, people can take any decision that they want, but it is better to take them with responsability. trying new thing can take us of our comfort zone, and that is good because we can think more about the good decisions. Lastly, we can learn how to be our best self without help. For these reasons and many more people should be more independently and try to take our own decisions.",440,11,Female,Not economically disadvantaged,Hispanic/Latino,train,3,4,3.5,4,4,4,4,4,4,3,4,3.5,3,4,3.5,3,3,3,3,3,3
219A0A3B6B5D,Self-reliance,"First each person decide what they want sometimes people have to make hard decision about any situation in their life. Also students have to decide what career should they take. Each person has the right to make their own decision about anything they propuse.

Second for example if a guy is in a relationship and he has to decide if he is going to stay forever with hes girlfriend. He has to decide but probably there will be opinions or probably he will need their parents help but the decision is hes. Also hes girlfriend have to make that decision too if she wants to marry him. However if both of them decide to marry each other that and agreement. They have define their decision.

Third for example some students started to choose their career early so they can have time to decide what career they want to choose. Some student are cumplicated for choose their career or what they want to be. Sometimes its hard for some students to choose a career sometimes students need help from their teachers. However the students can accept the teachers helped or opinions but the decison is the students.

Fourth for example every person has the right to decide what they want in their life. However young person sometimes they take wrong decision in their life. Sometimes Young people does not know what they want in that situation the parents has to help them to make the right decision in life. Although everybody has the right to decide what they want in life but some do not know therefore they required helped. Also it is important for them to learn and be more mature to take the right decison.

Clonclusion therefore every studunts or young person, should be more mature to make the right decision. All people in the world has the right to decide about their own life. There will be opinions of other people but the person has to make that decisoin. However it is very important to learn how to choose the right decision in their life.",303,12,Female,Economically disadvantaged,Hispanic/Latino,train,3,3,3,3,4,3.5,3,3,3,2,3,2.5,2,3,2.5,3,2,2.5,2,3,2.5
25F1B2374A32,Self-reliance,"Have you ever felt like you needed the guidance of another person? Many people have felt that way. It's never bad to ask for help or guidance from another person to get through things. Although having your life runned by someone else, seeking guidance isn't such a bad thing, because for some people making a big decisions on their own could be hard and stressful, and you could also be guided into a good and healthier life style where you are making better decisions and ideas.

A reason people should seek guidance is because for some people making a big decision on their own could be hard and stressful. But having someone there with them while making the decision would be more than helpful and could possible reduce the stress they have. For example my cousin would get very stressed out when she had to make big decisions on her own. But when she had someone there with her or she asked for help she wasn't as stressed as she was when she had to decided on her own. Making decisions on your own is hard and intimating, so why not seek the guidance of someone else to help get though that tough decision making?

Another reason seeking guidance is a good idea, is because you'd be guided into a better and healthier life style where you are making better decisions and ideas. As an example one of my closest friends was going through a dark time in her life and was making poor decisions. But she found someone she looked up to and asked for their guidance. So they guided her to a better life style, where she now makes better decisions than she did before. All because she had someone to guide and help her. Guidance really does play a big role in a better life style and better choice making on people.

However one might say, ""well your life is being runned by another person."" But it really isn't being runned by another person, because you also have the choice to listen to them or not. Or that your mentor or whoever is guiding will tell you what to do or how to live your life. In some cases they do tell you how to live your life, but they tell you how to live a better and healthier life, but can't force you to change in any way.

Having your life runned by someone else isn't ideal but seeking guidance isn't the worse idea because you'd be guided in good ways such as a better life style and could be guided through big hard decision making. In conclusion I believe peoples lives wouldn't be horrible with the guidance of someone because they aren't only guided you to better your life but they are also helping you with hard decision making and getting through things.",439,11,Female,Economically disadvantaged,Hispanic/Latino,train,4,4,4,3,4,3.5,4,3,3.5,4,3,3.5,4,4,4,4,3,3.5,4,3,3.5
26D32FF6313F,Self-reliance,"People should go see guidendes from experts and theorties about lives, and importances matters because some lions are very dangrous and not easy to teach them. Its very dangrous to teach them because some lions might not know what to do, they can just ran you over,and bite you. Its not easy to teach them because theres a lot of struggles, anger, they might want to play around with you, you could have a bad day, have a whole different mood the next minute and you might feel like you want to give up.

For an example, working alone trying to teach lions can be very difficult to teach them because your trying the best you can and get it in there minds. It just takes time for them to remember the things they suppost to do like us humans, process everything, and dangerously can get attacked or killed. Seeing a guidedes from experts and theories about lives, and importances matters can save your live if you can just follow their rules they tell you. You have to follow the rules to be save around lion.

Before you follow the rules to teach and be around lions, you need pratice. A lot of practice, step by step until the guidendes from experts and theorties says your ready. Having alot of pratice can help you do better and learn something new. You can get a partner to help you out during practices if you like. You have to hear the guidendes from experts and theorties information about lions of whats safety and what's not saftey, what to do and what not to do before you actually start teaching lions and being around them. Seeing a guidendes from experts and theorties could probably be there with you watching you do the tthings you should be doing like he or she told you, and to see if your ready or not.                    ",310,11,Female,Economically disadvantaged,Hispanic/Latino,train,3,2,2.5,2,3,2.5,3,3,3,3,2,2.5,3,2,2.5,3,3,3,3,2,2.5
2EBC2F60AAE9,Self-reliance,"life most important matter is when we make decisions for success or failed. The thing is when you make the right decisions which is a good thing however when we make the wrong thing. However we as Human learn from the mistakes we did wrong and try not to make it again and to do it better. Like for some instead when we have to trust your self for it to happen. In the way at People at think want guidance for some one it may be good or bad which sometime is must be good to have it when we need it in a bad time.

I think people should decisions for there own. Also to believe there self because nobody know you like you know your self .For example how would you know what is inside if the people mind and for you try to help him or her. Some people have to believe there self and have good faith and Am sure is going to help you to solve all your Issue.

In this world we live in people don't care about you they only care there self and money,family. For instead if you fail people think at they are better then you at is why nobody would never try to make you better person .All people these Days only care about there safe and money,family. At is why i choose to make my own decisions and if i failed i am going to try it again to i be better what i do. I have min reason to think at most people don't care about people.

For the people who choose to go seek with someone. I understand what it feels like to be. however i think they should talk with there self first and tell your self. What i am do wrong and how can i make it right and what i need to do so you can learn it. Your self because people are not going to be with you when you need them or for there to ask them for life important matters. At is why you should decision life matter's for you in do the right thing.                                                                                                                                                                                                                                                                                                                                                                                                                                                                                                                                                                                                                                                                                                                                                                                                                                                                                                                                                                               ",843,10,Male,Economically disadvantaged,White,train,2,2,2,2,2,2,2,2,2,2,2,2,2,3,2.5,2,2,2,2,2,2
2F7B0CE01B4B,Self-reliance,"People who take decisions with guidance from experts and authorities have a higher chance of making a correct decision then others, although many prefer going with his or her own instinct or idea. Seeking guidance helps to see from a different perspective, which could allow for a better choice to be made. At some point and time we all need advice from someone who is experience or would like to know what is there perspective of another person, even though may think that they need to make decisions themselves without anyone's advice or opinion.

Taking decisions is a tough thing to do in general, but seeking guidance from experts and authorities can help you make this decision with less frustration or confusion. For example, we seek advice on a daily base from our teachers, following our parents foot steps, but we rely on our own thoughts, we listen to our elder closely because they have more experience. People who lose sight of seeking guidance usually end up making a wrong or bad decision. Most people tend not to think about the cause of what made this decision come back or the effect it can have on others. As for, Someone who seeks guidance it is likely that they have gone through the same situation or something like your situation and can help you make a decision that can help you but also consider the effect it may have on others. As a result, with the advice of someone whom is more experience can bring a positive outcome.

Decisions are made on a daily bases from when people get up to when they go to sleep. For example, If someone has to take a decision some may fall into pressure and that led to take a decision that may not be the best and can have a negative outcome. When asking someone with experience there can be various ways or choices given to or ways to approve the situation. They can also give feedback on a decision someone was planning to take that could work out but also, could have been something that effected the person who was making the decision. As a result, If the person who was making the decision had not gone to get feedback or advice the choice of the decision could have been a decision that made to another decision allowing the decision process to be repeated and stay with a negative effect until that person has asked for advice from someone with experience.

People who make their own decision get ready for life guidance could help in difficult times, although they think that It Is smart just going with the idea or instinct they have it is also a good thing to ask for someone opinion or advice. Because, they may not being seeing the bigger picture or maybe they are not seeing the pro's and con's or the decision they are going to take. Asking for advice is also another way to assure that what you are going to do Is right. Therefore, whenever taking a decision it is best to ask someone for advice because it is likely they have gone through the same thing that someone is going through. ",529,11,Female,Economically disadvantaged,Hispanic/Latino,train,4,4,4,3,4,3.5,3,3,3,4,4,4,4,4,4,4,4,4,4,4,4
3012637E06B5,Self-reliance,"People should make their own decisions . Because everybody knows what is better for his or her life. And seeking help from an expert wont help because the person will not be able to help you for the rest of your life. Making your own decision. The more you able to make your own decision you be able to teach your kids how they should make their decision. Following your own instinct and ideas will be bad sometimes and always making your decisions should be positive.

One thing about this world is not to rely on someone, because everyone is doing everything to survive. Example if youre not able to make your decision, you will always depend on someone and at the end of the day the person will fail you. Thats why is very important to make your own decision. And rely on your self not anybody. And reasons why every individual should to make their own decision is to achieve their goals in life.               ",150,10,Male,Economically disadvantaged,Black/African American,train,3,3,3,3,3,3,2,2,2,3,3,3,3,3,3,3,3,3,4,3,3.5
392BCD798D37,Self-reliance,"What people can give she or he own ideas? people need to express their ideas, don't be afraid because, all people has own ideas all peoples has her or she own ideas , they be continues and to express opinions, I think is very good idea have my own ideas because ,I can say my opinions, is not necessary to seek guidance from experts you can do it . is fine try to say your opinions but if you are afraid or panic you never be successful in your life. for me is most better people make their own decisions.

People to seek guidance from experts they never be success in the life, always they wanted help from the experts, spend their money people are rights, if they can say their own opinion will has more opportunities for looking a good work,

people express opinion in the future they will has a good work, if has a opinion they say it.

sometime other people are disagree with my opinion but I should be the people make their own decisions is to much better because that person can express their ideas and has most opportunities, looking for a good job. or sometime their own ideas be successful and they doing a company, but you can express your ideas and don't be afraid , you need to try and looking a good future for you and your family.

my conclusion is people give their own opinions they have more opportunities in any place they will go because in a work they want a people are decide. all people need to trying and do not be afraid.",255,11,Male,Not economically disadvantaged,Hispanic/Latino,train,3,2,2.5,3,2,2.5,2,2,2,3,2,2.5,3,3,3,2,2,2,3,2,2.5
3EEB66F3630C,Self-reliance,"This is what the prompt is asking me to take a Position on this Issue. And to Support my response with resons and Specific examples on this prompt. So this is what the Countergraument is about and what it onces me to take the Position and Issue on is this Should people make their own Decisions, or should they seek Guidance from experts and Authorities about life's Important matters?

People should make their own decisons because in one point of another theres always going to be a time that we are going to have to make a decison on something like for example every four year's theres always a selection for a new goverment and what i mean by new Goverment i mean like a new President that when we have to make a Selection that a decison that we are making for our self but in this situation we are looking for our own Committing benenfical so that why it is good for us to star making our own decisons for our own self and specially for us as young Atults that we are in high school and that some of right now we are asking some bad choices but we can change that by staring making good decisons or at list trying to make the right decison in school.",216,10,Male,Economically disadvantaged,White,train,2,2,2,2,3,2.5,2,3,2.5,2,3,2.5,2,2,2,3,2,2.5,2,2,2
3EEEF86719CD,Self-reliance,"There are many reasons why people want to be independent. They major reason is because they want to start making their own decisions. Making your own decisions in life is a being thing in life it shows how responsible and independent you are. Some people choose to make goo decisions some choose to make bad ones. The bad decisions can cause a lot of damage to others in different ways.

Some examples of bad decisions are drugs, drunk driving, and joining gangs. these decisions can cause a lot of pain towards the people around you, joining gangs is a high risk of getting yourself killed and for no reason. once you get your self killed you did nothing but make everyone that love you cry. Then theres drunk driving you put yourself at risk as well as others that have a family waiting for them to come home to them. While you made the decision to drive after you drank alcohol you have to deal that to put others in the hospital because of the decision you made. Then you got drugs that is never good for you. The only way to stop doing them is to never start them. Your family wont be happy with you nether the people you love, but other than those there are some good decisions people make.

Decisions helps you figure out what you want to do after high school. Maybe Like what job you want to per sew or what you want to study in college or maybe if you want to start a family. All of these are good examples for making good decisions to make in the future. Jobs are really hard to find and get if you dont have experience. They are always looking for people who are ready and happy to be working in there store. But if your go to college first and youve figured out what job you want you now what you have to study to get that job. That helps you in many ways and with that you can make a family and not worry about haveing the money to support that family.

While people are trying to figure all that out we have kids that like to start trying to be independent and make their own decisions. while these kids are trying to do all that they have there family members thinking that my kid can do that on his own if you know what I mean by that basically what I'm trying to get to is that there mom and dad believe that there kid dosent need help with one thing. It shows them that there there turning in to a man or woman. there parents know that letting them make their own decisions help them think for them self and grow as a person. It also show there parents that they can handle them self when their by them selves

All these reasons show that making decisions is a hard thing to do for some people, but at the same time it shows people how to be independent in life and its a step kids and adluts have to take to move forward. Indenpendece is what people ask for in this worl and know that you have it what are you going to do with it?        ",554,11,Male,Economically disadvantaged,Hispanic/Latino,train,4,4,4,4,3,3.5,4,4,4,3,4,3.5,4,4,4,4,4,4,3,3,3
4256A9A1767F,Self-reliance,"In my oppinion people should seek guidance from expercts and authorities about life's important matter instead of making thier own desisions. A few people may not agree, but I personally strongly agree with my oppinion is very important. I belive asking and sharing our ideas lead us to making better desisions. Here are three reasons why seeking guidence from expercts and authorities is better than making desitions on your own.

In addition, confusion is one of of the most common reasons why people end up making bad desistion. A lot of people might not know what it is going on or how to make a good desicion because it is probably their first time going through a situation they have never been in. I was not in a position to make my own desistions, because I was young and confused on what was going well untill I asked someone for help,but when I started making my own desitionsions

Also, it leads you to do better when you communticate with others and gives you a better understanding on why making your desision with others helps you out more. When I began to speak out about my desisions to my closest friends and they helped me make me feel that I was not going through it alone and they always made sure that the desision I understand the desision I was taking before even making my next move. It honestly helped me a lot.

Furthermore, it makes your life less stressful. You talked about what you were stressing about instead of bottling It all up. It is like some stress relive. For exapmple, you have a big heavey backpack full with books inside and when you get some out the way, you take some books out , and the backpack feels less heavy. I would feel relive on talking about what was stressing me out when I had to make a desision, because it is hard.

In conclusion, Not only do you make a desision but you uderstand, you communicate, and you feel relived about your desision. In the end of the day you would feel not only good about your desision but sure about yourself and the people around you. These were the three reasons on why you talking to experts and ahorities about life is important.                      ",411,10,Female,Economically disadvantaged,Hispanic/Latino,train,3,3,3,4,3,3.5,3,4,3.5,3,3,3,4,4,4,3,4,3.5,2,3,2.5
48940AA0656E,Self-reliance,"People who vale self-reliance define it as the need for each individual to follow his or her own instincts and ideas. Should people make their own decisions, or should they seek guidance from experts and authorities about life's important matters? people should take the decisions from guidance and authorities.

First, In my opinion, people should follow the guidance and authorities about life's matters. The guidance people have more experience than the other people who make their own decisions. people can learn more new things from the other people about life.

Second, Some people like to make their own decisions and some poeple like to share their decisions with other people. But they have to tell their own story to the guidance, so they can get more experience and they learn more new information.

Third, the people who make their own decisions thinks the life its esay for them. No, not esay. They have to meet the people who has great level of decisions

.In concluion, people have to learn and study more information about decisions, and they have meet people who have good experience about life.",164,12,Male,Not economically disadvantaged,White,train,2,3,2.5,2,3,2.5,2,2,2,2,3,2.5,2,3,2.5,2,3,2.5,2,2,2
48BBB107A05C,Self-reliance,"Should people be able to make their own decisions or should people find some help?

As we know, sometimes we just dont take bad decisions at work, we also take bad decisions in our personal life, and it is not just because you felt it was right. Every day for some reason your feelings are involve so that makes that your ideology of your decisions change, and lets talk about meet someone or get a new job opportunity, every little detail change the way that you think, feel, talk, and yes the way you make decisions and that is okay and normal.

Make our own decisions is one of the things that characterize us as a humans, our necessity to express what we feel, what we wish, is the thing that have show us what are we capable of make, do, learn, built, invent, all the things that you can imagine in here are because humanity express their thoughts and make their own decisions.

Otherwise you are autonomous and you do not need that someone tells you what to do all the time, but do not take my point wrong, I am not saying you can do whatever you want because sometimes you would need some help and I can give you some examples where and how sometimes you would need help and your decisions and choices can not be just yours.

It can be in a court, your job, school or when you are not an adult, as you can see that there are some places, situations and times you can not decide for you own.

I believe we can make our owns decisions because I know if we do everything according to the rules that are around us, we can really choose our life and take responsibilities for that.

In fact, you are free to take your own decisions and be responsible for them(when you choose wrong) because it does not mater if you take a wrong decision, it matter that if you have the opportunity to try and figure what you want, it is okay to be wrong sometimes and also is wonderful to be right, the important thing is that you can choose because deserve to have the right to build your life, be wrong, learn and be free.",358,12,Female,Not economically disadvantaged,Hispanic/Latino,train,3,3,3,3,3,3,4,3,3.5,4,4,4,4,3,3.5,2,3,2.5,3,3,3
4B0CF2CFCB4A,Self-reliance,"Should people follow their own instincts, or should they follow other people step?

If people seek guidance from experts and authorities about life's important matters they would not fail in life; however, people should make their own decisions. People should make their own decisions because they can define their self, follow their instincts, and get experience through the life.

First, people should make their own decision because they can define their self. Every single person should make a difference on the world. For example, I do not like to be guide for others person, I like to be different than every one else, try new things, and have my own ideas. Also, around the world are many people that are known for define their personality and for try to change the world with their ideas. Barack Obama is one of them, he was known for his humanity and his charismatic. Every person was made it to perform extraordinary different decisions. People should make their own decisions because they can define their self.

Next, people should make their own decisions because they can follow their instincts. Many times ours instinct are right, but sometimes we let others person tell as what to do, therefore we fail. For example, when we are taking a test and we make cheating,

we fail the test because we not even like to try and follow our instincts. When I have to take a test and I do not know much about the test, I just follow my instincts and at the end, I got good result because is not necessary to do what others persons do. Is more about what you believe that is the best. There is not major accomplishment than do your best, to believe on your-self. People should make their own decisions because they can follow their instincts.

Finally, people should make their own decisions because they can get experience through the life. When a person make their owns decision do not matters if they are successful, or if they fail. Because at the end they learned how it was it and how to do next time. But if they never try, they never would know how hard, or easily is achieve something. For example, last year I fail all my SOL because an friend told me that he pass it all his SOL and was easily.

He suppose to be a expert, so I truth he. But was not tru and I learned that is better try by my self. now I capable to give advice to anthers students and help them. If I never had make my own decisions, I would never get experience. People should make their own decisions because they can get experience through the life.

In conclusion, people should make their own decisions because they can define their self, follow their instincts, and get experience. Every person should make the difference on the World and express their own ideas. When people follow their instincts we accomplish good result. Also, when people got experience through the life following their instinct they could be successful and are capable to advice other people. Every single person have different opinions, decisions, and experiences. With differents person we can build a rich world. ",499,11,Female,Economically disadvantaged,Hispanic/Latino,train,2,3,2.5,3,3,3,3,3,3,3,3,3,2,2,2,3,2,2.5,3,3,3
4B0F6070B45A,Self-reliance,"Every day all the people in the world make a lot decisions and each one have different way to decided. Sometimes you have you have to ask for help, becasue there is a lot of people with experienced for example, parents,teachers and experts. I think decisions can affect your future and also can affect other people. Adults, specially old people have a lot advices for you to be a better person.

First of all, decisions are the key of the one person and can affect the future for the rest of the life. For example,education is one of the most important thing in the life, and that's why your parents always keep saying go to school, and finish the high school that advice is given to you because they want to see a better future for you and you have to listen because is the experienced that is talk is not your parents.

Second, adults have a lot of experience specially old people (grandmother and grandparent).For example, every time when your parents talk for your future, they know about the life because all they have experienced and maybe when they were young, make a bad decisions and that's why the given to you a lot advices because they worried about you.

Finally, most of the time specially (young girls and boys) when they decided something always is wrong because they only care they self but that decisions can affect other people. For expample I from Generic_City and in my country all the time you see young people make the decision to drop out of school and get to the gangs. As a result, they get to the jail or they died and the only people who cry is your family bacuse they want all the best for you.

In conclusion make decisions is not easy for each one because some are easily and some are hard, but I think you shoot ask all the time first for help with your parents and with experts because they have a lot experienced.        ",313,11,Male,Not economically disadvantaged,Hispanic/Latino,train,3,3,3,4,4,4,3,3,3,3,3,3,3,3,3,3,3,3,4,4,4
4FE6EABBFC00,Self-reliance,"One topic that is frequently debated is if people should make their own decisions or seek guidance about life's important matters. People think that they should make their own decisions. They feel that it makes them learn from their mistakes and become mentally strong. I believe that people should seek guidance from experts because they know more about life's important matters, some people don't know how to make the right decisions , and they may help them with valuable lessons.

Experts may know more about life's important matters than most people. They might've learned from experience or studied others, a class of sociology. They know if something is wrong with the person, if they had a bad day, and if they had sleep.

Some individuals don't really know how to make the correct choices, they often try to make the worst choices work but that will never happen. They're afraid on what the good choices bring, if it brings good or if it brings worse.

As you have read, it is strongly recommended that people should seek advice from experts, because we will not let others make bad decisions unless they are good ones.",181,11,Male,Not economically disadvantaged,Hispanic/Latino,train,4,5,4.5,5,5,5,5,4,4.5,4,4,4,4,5,4.5,4,4,4,4,5,4.5
516E5D64BF6E,Self-reliance,"I think that people make their own decisions is technique good. I agree with that for 2 reasons. people have to improve their lifes without help and guidance. People know which is the best decision by themself.

First reason, people have to improve in their lifes without help or guidance. The people have to be indepentdient, also the people have to follow their directions.

Additionally, people know which is the best decision by themself. The people have the responsability to improve their lifes or not, and the people will assume their own responsability if their decisions are bad.

Some people would argue that people don't have knokledge to have a good decision,and they do not have a guidance to follow; however, the people do not have all the time good decisions sometimes the pople choose bad decisions, and the people do not has to have a guidance to follow.

It's clear that people can make their own decisions. I strongly believe that people have the best decisions by themself, and people have to improve in their lifes without help or guidance.",169,12,Male,Economically disadvantaged,Hispanic/Latino,train,4,4,4,4,4,4,4,3,3.5,3,3,3,3,4,3.5,4,4,4,3,4,3.5
59ADAA4D04E5,Self-reliance,People who value self they have defrine indidual to follow yea people should make theri decions becuse their odols and they go to new live they shold experts from a position odold have they problems which they can t do obothev they live i shold be respsbel for my self good friday waste my and parens time becuse is no good ifd you live weth your mother then you need follo ther rules bat if odeol what to live he can go onwer becuse he can desede take a position on thise people relince weith they problems if you are 21 then you are odold you can do aththing you whato                                                                                                                                                                                             ,191,12,Male,Not economically disadvantaged,Asian/Pacific Islander,train,1,1,1,1,1,1,1,2,1.5,2,1,1.5,2,2,2,1,2,1.5,1,1,1
5C017EF0CF1E,Self-reliance,"It's important to talk to a guidance and authorities expert when making a decision. People may say that making your own decision is good but others, say seeking guidance from experts and authorities about life's important matters is better, because it's helpful to hear other people's advice and they are experienced.

some people may argue that making your own decision is good because it make's a operson independent and people don't have to hear other people's opinion. They have a point but how do they know they are making the right choice if they don't try talking to a guidance expert.

Seeking guidance form experts and authorities about life's important matters is important because it's helpful to hear other people's advice. For example if my friend Generic_Name had to make a life changing decision it's important that she goes and talks to a guidance counselor. Also if she doesn't speak to a guidance expert and she makes a wrong choice who knows what could happen. It also makes room for less mistakes when you talk to others who are experts in guiding people. It's good to talk to a guidance counselor to make sure the decision being mabe is benefiting the person in a positive way. It's important to seek for guidance when making a decision.

Seeking guidance from experts and authorities about life's important matters is better because they are experienced. If people were to talk to others who don't have any idea what they are talking about, than that might not be helpful for the person who needs help. Also it makes it easy to trust someone who is experienced. which means the person who needs help would be less stress out when having to make the decision. When speaking to someone who is experienced it makes it easy for people to talk to with out having to worry if the person is going to say the wrong thing. Speaking to a guidance and authorities who is experienced is important when making a decision.

In conclusion when making an important decision its important to talk to a guidance and authorities expert, to reassure what the person is doing is right for them, So that the decision they make does not affect the person in a negative way. It also helps the person grow and it shows them when making choices they don't have to go through it alone.      ",367,11,Female,Economically disadvantaged,Hispanic/Latino,train,3,3,3,3,3,3,3,3,3,3,3,3,3,2,2.5,3,3,3,3,3,3
5C05D79FE75A,Self-reliance,"Should people make their own decisions or should they seek guidance from experts and authorities about life's important matters?

In my opinion, I think that people should seek guidance form experts and authorities, for many reasons this solution has prove to be effective, if a person listens to other people opinions, then the decision the person makes will not be base only on his/her opinion.

First, lets say if a male person seek guidance from experts and authorities when taking a decision, it shows that he is obedient and he will not act recklessly when taking a decision about his life, it shows that he is willing to listen to other people perspectives.

Second, in my opinion i think that asking for guidance shows matureness, it shows that you care about yourself and others opinion, it also shows wiseness when you ask others for guidance first so you can decide and make the best decision.

In conclution, people should seek guidance from experts when taking a decision about their life, I think that if people set aside their pride and worries, we humans would make better choices not just for us but for our entire environment which it also includes other species.",192,11,Male,Economically disadvantaged,Hispanic/Latino,train,3,3,3,4,3,3.5,3,3,3,3,3,3,3,3,3,3,2,2.5,4,3,3.5
5EA71157D48F,Self-reliance,"I supported that people make their own decisions and here's why.

You can learn your own expression, that you can learn something new on your life like building your own home or learn how to run a town for mayor. Following your instincts that can help you bypass tough problems like how to escape from a hole or how to dodge a ball perfectly. Follow your own path to see who or what to see the true you is. I don't hate getting help from others to seek guides but I personally prefer it because it would be challenging for me instead of taking the easy way out, if I did what did I learn something? nothing that is why I would like to learn something on my own. another thing here is that if you seek guides from others, its a helpful way so you won't struggle a lot and that is alright, that you cannot do everything your own which is fine.",159,11,Male,Not economically disadvantaged,Hispanic/Latino,train,2,3,2.5,2,3,2.5,2,3,2.5,2,3,2.5,2,3,2.5,2,4,3,3,4,3.5
62B3C9C3398E,Self-reliance,"Do we have to live other people experiences?

If we want to live our own life you should start by taking a break. Think how people would like to live their lifes and then, use this as an example but do not use it for your own. We all know that life isn't easy as we want but that's life, we cannot change it. If you put your life in hands of an expert you will have the opportunity to succed but it will feel strange and you will regret later. Why? if you ask why, and this is because everything you have done it's thanks to someone else not to you, you are not living your own life, youar not having fun, no mistakes, no experiences, no control of your own life. There's always going to be a person telling you what to do and if you don't follow his/her directions something could go wrong. That's why you should live your life as you want to live it without anybody help. At first, you can have a teacher during a period of time but it doesn't mean that you will have to go and ask for help everytime you have a problem. Make your own decisions mean that you will do mistakes but you will learn even more from this and it will help you to do thigs better and it also will help you like a human. When I said human I mean that you will have your own thoughts about something and your own way to live your life and no like a robot that just follow direction and have no sense of humor.

People will never discover their great mental power because until I know they just develop the 70.3% of their mental capacity and it makes them feel useless sometimes. I don't really like to talk about other people life but one example could be Homeless people. Everyone thinks and look at the as a piece on somethings useless but if you really meet them and talk to them you will realize that they are smart and all they do and what they have in their brains is even better than what we have. The way they think and the way they look at other people make them specials and unique. Now, what can experts do to change their life or take the control of what they want to do?. As we all know, they cannot do anything and no matter what the situation could be the answer will be the same. Their decisions and their style of life before the actual I think were made by someone else and after a while they were not able to pay for what they had. Experts help you to get things but do you really think they will help you when you are really on trouble? or will they help you with things you have to pay? the answer to this is NO. In my opinion they help you because they want something from you or they will try to get something from you after you learn it. Two years ago I met an old man from Washington DC, his name was Generic_Name. His parents are from Generic_City and Generic_City. Before homeless he was a mechanic but one day while he was fixing a car he met a person who told him that he could help him to have his own workshop and he accepted. Everything was good for the first years but after some years the person left the country and Generic_Name didn't have the capacity to manage the whole store. Bussiness came down, deppression started to make him use drugs, and after a while he lost everything he had and the expert (person who help him) wasn't there to help him when he really needed him.

If you think you have the capacity to succed on your own, you have to do it and don't let anyone ruin what you have planned for your own future. It doesn't matter if he is a proffesional, you just need to learn what you need but never let them maneuver your life. People will always try to control your life but you are the one who is going to decide if you want to live the life they want you to live or the one you want to live. I am not saying that you have to ignore the advices they give you but don't follow their directions.

Nothing is difficult if you really try it and nothing can be impossible if you really want to do it. Do not live like a robot, don't let anyone take adventage of your incapacity to succed just because you do not know anything. Ask questions, ask for advices and opinions but don't do want they want to do with your life. I know life isn't easy to live but remember that we just have one and after death we cannot do anything about it. Life is going to beat you up, experiences will make you stronger every single day, decisions will make you be independent, and at the end you will see that everything you did was good and you have what you wanted without anybody help. My friend, if you let people maneuver your life, then you will cry and you will not have the future you wanted. Everything will be destroyed and disgrace will follow you anywhere.

Don't follow experts, be one of them and do your own life, have a family, have a car, an partment or whatever you want to have without asking anyone. Help is given by God when you born. He gave you two arms, two legs, two eyes and a body. A person help you to walk and talk and one time you learn this you become an indepentent person. Do everything by yourself and don't let people make you feel useless because God make them the same as you and as everyone else but they have not develop their mental capacity the waht make them special. If you do everything by yourself people will try to destroy you but be strong and try even more until get what you want. Never try to kill yourself if you don't know what to do it is better if you believe in God and in his help because he is the only one who can help you without taking anything away from you.

Never give up and follow your dreams, live your life as you want to live it but remember that no one can control what you can do if you don't want to. Life depends of you and what you do with it. No matter what happen you have to do what makes you happy always just trusting God. Remember that just God and family are our friends. Anyone else is just people we know. Fight for what you really want no matter what comes next.",1151,11,Male,Economically disadvantaged,Hispanic/Latino,train,3,4,3.5,3,3,3,4,3,3.5,3,4,3.5,3,4,3.5,3,4,3.5,3,4,3.5
6422237D967F,Self-reliance,"Would you like someone deciding what's best for you or take matter into your own hands? Well in my opinion people should make there own decisions because they can decide how they want things and what makes them happy in there own way even though some would argue that, people should seek guidance from experts and authorities because some times they know whats best for us and our own health. Yes, sometimes when you seek for guidance they help you out a lot and lead you to the right path. They also, help you find whats happy but its not like if your doing it because you want your just doing it to better yourself and your not doing what you want your doing what your told.

Deciding what u want probably is what's best since your going at your own paste, your taking it how you want. your going at your own paste with things. Also, no one can stop you from doing what you believe is best for you. You can find your own ways to cope with things without anyone telling you other wise. Going at your own pace is better then getting rushed, doing what you dont want, and doing what your told even. However, getting help pushes you to do it better.

Seeking guidance isnt bad at all either you get the help you need, you get that push forward to bettering yourself. Sometimes in life there are moments where your not your best help and you need a hand. Theres nothing ever wrong with getting a little help. You sometimes need a hand to understand your values to get to recognize them and meet them.

we all have different life matters because we all dont care about the same thing. we all care about different things. your life important matters are valuable and there something that only you can decide on not any one else. Sure, our values all are different in every type of way thats the reason to why we should decide on our own why our life matters are important. thats why in my opinion people should make there own decisions, find out there matters, what there good at and what the things that they value are.",384,9,Female,Economically disadvantaged,Hispanic/Latino,train,4,3,3.5,4,4,4,3,3,3,3,3,3,3,3,3,4,3,3.5,4,2,3.5
654DF9ECDD42,Self-reliance,"Friday, March 22, 2019.

Generic_Name.

Should people guiadance from experts and authorities about life's important matter or should people make their own decisions? Why make own decision is better?

Generic_School, have different kind of career that student can choose for study in their life, also there is people who help to select which subject is better, they make opinion about why you have to take that career. Hear ideas and opinions sometime make you to do best things and get successful in the life.

Some students are thinking about choose Science, Why they prefer Science?, They believe that science could bring it better opportunities in their life, for example: Exist important people who created tools that are availabe to save life of people. There is more people who invented different kind of instruments, the microscope is one, this tool really that is very important, this one help us to see stars more close or any other thing that are a far of us. Those are some examples that why we took the decision of choose Science, does not matter what the instructors of the University said.

Generic_School, also have the career of study History, some guys voted for that one, But Why?, just because for a few reason, one of them is that they want to learn more about how each war started, Life's Presindents, etc. History is a great subject that teach us many important events that we even dont know that was real in the life, however, at end of the day just you have the option to do waht you like and want.

Following own instincts and ideas, is the best way to get what make you happy, remember, does not matter what others think about you. The life is about "" HEAR ADVICE AND THEN TAKE YOUR OWN DECISION"".           ",290,10,Female,Economically disadvantaged,Hispanic/Latino,train,3,3,3,3,3,3,2,3,2.5,3,4,3.5,2,3,2.5,3,3,3,2,3,2.5
66F03584BCA5,Self-reliance,"Should people make their own decision, or should they seek guidance from experts and authorities about life's important matters ? Some people value self reliance and feel the need to follow their own instincts and ideas. Although these people are confident and trust themselves,I believe people should ask for advice from their parents and other professionals before making important life decisions.

First of all, most people respect and value their parents. For example, when I consider getting another job,I like to discuss my options with my parents. They help me look at both the good and bad things about different job. They bring up things that I may have not thought about. Their advice help me make better decisions. I appreciate their knowledge because they know me very well and want the best for me. Therefor, I thing It' is important to ask for their guidance in these matters.

Secondly, I would ask not only my family, not also my teachers when I make decisions about my education. For instance, after I graduate from high school and earn my diploma I will ask my teacher about the possibility of going to a community college or taking extra classes to help me get a good job that will make me happy and provide me with skills make so that I can live a better life. My teacher have worked hard with me to provide me with guidance and the skills I need to be smart in life.

Thatswhy,

I think people should ask for help and guidance from their parents and teacher before making important life decisions. Both my parents and my teachers know my strengths and weaknesses and can help me in making the best decisions.",280,12,Female,Not economically disadvantaged,Asian/Pacific Islander,train,4,3,3.5,4,3,3.5,4,3,4,4,4,4,4,3,3.5,4,2,4,4,3,3.5
66F8D7FB98BE,Self-reliance,"I think that several people make there own decision's then other people about there life because"" they might need help on what to do?""for the people that need guidance to know more info.

I belive that the the people that found a way of making there own decision were so confidence that they had to decided on what to do. but if they don't, it would be wise to ask for assistance to make decision with experts so that way they can have in idea of what decison to make. because if they had made there own decision that they had regret that would have been there issue for not making a wise chose. but anyway people who are confidence can make there own choices.

other however the ones that need assistent might not know what to do when they have a decision to make. those people ask for help. they ask for guidance so that they can have more of an idea of what they are going to decide which gives them a more higher opportunity to decide which could led up to a good or bad situation. it all depend's on the person who is determen to decide.

i suggest that both ways all depend on a person because we all have our difffent way's and many can cause a huge impact on people life the more info you know the better you have to understand what path you are taking because new's had spred that people are making wrong decision which led to to be indanger.

some say that making your own decision is your issue while some ask for assistent to know what to do in a situation. which can be good for several people around the world.",271,11,Male,Economically disadvantaged,Hispanic/Latino,train,4,3,3.5,3,3,3,3,2,2.5,3,3,3,3,3,3,3,2,2.5,3,3,3
6751442A85E4,Self-reliance,"I remember when I got in trouble for making the wrong decision. In this essay, I will argue that making decisions on your own can lead to some problems and you need someone's help. People should seek for guidance before making any decisions because it prevents them from getting into trouble, can help you make the right choice, and you can be more successful in life.

Consulting with an expert can help prevent bad situations. Although, it might sound silly sharing your personal life. It can help you in many ways. For example, when you're angry and want to do something that will cost you your whole life. That's the time to express your feeling to someone else. The best way staying out of trouble is having someone guide you because you don't want to end up one day behind bars.

Making the right choices can lead to a healthier life. Meaning that, it's most likely for you to have a positive mind. I remember when I decided to break my friend's trophies. I was so mad that I wasn't thinking right. The next day I woke up and realized what I had done wasn't right. However, I decided to talk to my parents and they gave me some good advises regardless to what I had done. After that, I apologized to my friend and everything went back to normal. I felt relieved because I had so much pressure on me. Sometimes it's better to make the right choices because it releases our stress.

Having a successful life is what everyone wants. In order to be successful in life is to take advises from your parents. As a teenager, we might think we know everything but it's the complete opposite. The key to success is always get advises from an expert or even your parents, which will make you a better person in life.

Some say that, we as teenagers can make decisions on our own; but, they are wrong because not everyone can handle their own situations. Seeking for help from someone else is always a better option. In the future, I hope teenagers like me seek for help when making an important decision.                                 ",349,11,Male,Economically disadvantaged,Hispanic/Latino,train,4,4,4,4,4,4,4,5,4.5,4,4,4,4,4,4,4,4,4,4,5,4.5
685ABA004ADB,Self-reliance,"Many people believe that they should seek guidance from experts and authorities about life's important matter.

Other people believe that they should make their own decisions.

It is good for people who make their own decision, so that way they learn from their own mistakes, they need to learn how to get up whenever they feel in trouble. People who make their own decisions they know the consequences, but they know how to grow up as a person, and beat up any problem that they have. Sometimes, it is good to ask someone for advices because older people seems to have more experience in some topics.

First, people who made mistakes in life, they need to learn how to not made that mistake again.

If someone is there just telling people what to do and what not to do, people will never learn how to not made that mistake again.

Sometimes, it is good to ask someone for some help, but they do not have to tell them exactly what do.

If someone need help in something, they need to paid close attention, and see how is that person doing something.

Due to the fact that many people made mistakes, they have to learn how to do decisions by themselves.

Second, people who has been guided by their parents, but their parents are not with for them. Since their parents are not with them, and there is difficult time where some people will need the help of their parent, but because they was use to it, that their parents do everything for them, they will never know what to do.

Because of that, people will never know how to get up and do everything by themselves.

Sometimes, it is easier just to ask someone how to do something, but sadly one day they will be in the same situation, and they will never know how solve it.

Third, people who make their own decisions in life they already know the consequences, but they know how to beat them and grow up as a person.

Sometimes, people do no like to make their own decisions because they are scare to the consequences, but that is a way to grow up as a person. Also, that is how people are a better someone in the future by making their own decisions.

If people are afraid to the consequences of their own decision so that mean that they are not grow up.

In conclusion, people who made mistakes in life, they will learn from those mistakes.

People learn how to not make mistakes by making mistakes, but if people had never made a mistake in their life so that mean that their is someone who guide them through everything in life.

People are not perfect, they learn from their own decisions.

Also, people who is use to be guide by a parent, they do not know how get up whenever they are in a difficult time.

Parents will never be beside people to hold their hands all the time, and that is why people have to learn how to get up.

People who make their own decisions they already know that there are consequences, but they know how beat them, and grow up as a person, and be a better someone.

Because of all this, people believe that they need to make their owns decisions.

It is okay to ask for some help, but not with everything.",529,10,Male,Economically disadvantaged,Hispanic/Latino,train,3,4,3.5,4,4,4,3,4,3.5,4,4,4,3,4,3.5,3,4,3.5,4,4,4
6BB4BEB51A80,Self-reliance,"People can learn without making mistakes. People should seek guidance from experts and authorities about life's important. People should not make their own decision. First, they would learn in a better way, also people need someone to advise them. As well, the world would not be destroy as it is now.

People would learn in better way. To begin, if people seek the guidance from experts they would not make a lot of mistake, and their life would be better. For example, a person who seek the guidance from experts it would have more opportunities. Likewise, a student who doesn't understand math class can talk with his teacher or other expert in math and the teacher can explain it. On the other hand, if the student doesn't talk to anyone he provably would fail math. In addition, a person who get a new job need someone to explain it what to do. While, if nobody explain it the new employee would make many mistakes. As you can see, the people who take the advise of a experts would learn better.

People need someone to advise them. For example, everybody have problems, but not everybody have someone to advise them. First, a new student came to my school and he didn't know the rules of the school, so he did something that it wasn't good and he get in big trouble, but if someone would explain him he would't get any trouble. Therefore, many teenager do whatever they want because they doesn't have anyone to guide them, and the result of that is those teenager get it many troubles each day. While, the teenager who are guide for any expert they do well in everything they do. As you can see, everyone need someone to guide for the right way, and nobody would do a lot of mistakes.

The world would not be destroy as it is today. For example, if everyone would have the opportunity to have someone to advice them the world would'n be danger to anyone. Furthermore, in many countries the people are in danger because their governors doesn't know how to guide a country, but if an expert took the control of the government the people would not be in danger anymore. Likewise, teenager sometimes live by them-self, so they don't have anyone to tell them what is good and what is bad; teenager many times do bad things and they don't even know. As I repeat, if the whole world would have someone to guide everyone the world would not be destroy as it's today, everything would be in peace.

In conclusion, if everyone would have the opportunity to have an expert guide during life the entire world would be better. Likewise, people would make better choices in their life. Also, with a expert guide the people nobody would be in danger again. Furthermore, teenagers and kids would have a better future around the world; as well, the world would be in peace, and people would learn in a better way. Also, if someone doesn't know something he/she can talk with an expert and the expert would guide her/him. Finally, life would be better and easier if everyone talk to an expert what is going on, so nobody would do a big mistake.           ",527,12,Female,Not economically disadvantaged,Hispanic/Latino,train,3,3,3,3,3,3,2,3,2.5,3,3,3,3,3,3,2,2,2,4,3,3.5
6CD1B8B6BEA8,Self-reliance,"Should people make there own decisions, or should they seek guidance from experts and authorities about life's important matters? No people should not make there own decisions because sometime people need more opinions with thing they do. Like if they want to watch a move they can ask others on what to watch and they can help you out. Some people will say it's your life do what you want, make your own decisions but it is not that easy. I feel like sometime it's better to get guidance from other people, like my parents or older siblings because they are older and have been through some of the thing I have gone through. Sometimes things get hard in life and you are going to need help, we all as people need someone in life to help guide us through thing that may be bad. If you don't know what you want to be in life then you can think about things you like or get help from someone that you know that had that career. There is always going to be someone to go to for help even though people will say it's better to work by your self because you will not make any mistakes but we all make mistakes.

There was a kid named Generic_Name he was a smart kid he always got A and B in school Generic_Name really never talked to no one. People though that he was ward because did every thing by him self and never talked to others he did not even talk to is mom. One day a kid named Generic_Name went up to Generic_Name and started bushing him and every one was just watching and not doing anything about it. Generic_Name got mad and ran away and started crying he did not like what had happen Generic_Name did not want to tell the teacher because he though it was going to get wars so he just stayed quite. The next day Generic_Name wanted to take Generic_Name lunch money, Generic_Name was scared so he gave it to him and walked away people still did not do nothing about what was happening. Generic_Name kept on thinking he can do it by him self and that Generic_Name will stop but he did not stop Generic_Name though he did not need no help, but he did so one day a kid his name wasGeneric_Name came up to Generic_Name and told him ""he need to talk to some one about this because he was getting bulled"". Generic_Name did not know what to do because he always tries to solve all his problems by him selfGeneric_Name told him ""you need to tell his mom"" Generic_Name started thinking if he tells his mom it will get wars. The next day he went to his mom and told her he was getting bulled his mom was not happy about that so she asked Generic_Name who is bullying you Generic_Name said "" a kid for school his name is Generic_Name"". She told Generic_Name she will come to the school and talk to the principal and we can end this so she came to the school and talked to Generic_Name's principal about it they called Generic_Name and Generic_Name so they can talk about this Generic_Name said ""he only did that because he wanted to be friends with Generic_Name and get help in class but did't know how"" so Generic_Name said "" sorry"" and they both became friends and Generic_Name even help Generic_Name with work. Generic_Name was happy that he talked to his mom because he could not do it alone and he was happy that Generic_Name gave him that advise and he was happy that he mad a new friend.                ",589,11,Male,Economically disadvantaged,Black/African American,train,4,3,3.5,4,3,3.5,4,3,3.5,3,3,3,4,3,3.5,4,3,3.5,3,3,3
6D06DAD5446C,Self-reliance,"I agree that people should get the help, so they can make great decisions. Because the other person could probably be wrong with somethings. Also the other person doesn't have any saying in your life, if you don't want them to. And you are the only person who can change the outcome of your life. even so your the main person in your life, its okay to hear others out even though they are wrong sometimes or if they are sometimes right.

The first reason is that its okay if you don't want the other person's help. But you should hear them out so you can get something out of thing. For example my friend Generic_Name, she love to write stories and love to sing, and dance, but she too embarrassed to do what she love. So one day I gave her some ideas, but she didn't want any, because she don't want to do them, but next day, she gave some of my ideas a try and she like it but still don't want to do it anymore. But long as she listened that good enough for me.

The second reason is people don't have any saying in your life, yes its true, but theres people willing to help you through your life. But it only depend on you, if you want their help or not. For a example my sister Generic_Name doesn't want help from me nor our parents. But its okay, because she know that we want to help her, because we care about her,so we will not stop trying to help her. But there is times she let us help her out with her life, and that's good. Longs she lets us in her life, thats good enough for us.

Last reason is you still are the main person in your life, so no matter what you do your life, just remember it your life is your alone, and you are the only one who can change the outcome of your future. even If you want the help of others or not. For example I'm 18 years ago, and i'm still having problems in my life, but there are people that are willing to help me, but i'm scared at no matter what i'm still feeling down with stuff. But no matter what they are still willing to help me. And i'm happy, so yeah thats good for me.

So basically, NO MATTER WHAT THERE'S ALWAYES WILL BE PEOPLE WHO WANTS TO HELP YOU. So its good to get some advice and wisdom from others. even though you don't want the help, its still good to get some advice from others.",391,12,Male,Economically disadvantaged,Hispanic/Latino,train,3,4,3.5,4,4,4,4,4,4,3,4,3.5,3,3,3,3,3,3,3,4,3.5
6F9741277AB3,Self-reliance,"People should make their own decisions instead of seeking guidance from experts or authorites about lifes important matters. I personally know that making your own decisions is better then other people making your decisions because if a expert or other person did, they could probably decide something you dont want and then regret it later in life.

One reason why i know making your own decisions is better then seeking guidance from experts is becuase when making your own desisions you know what your doing but you have to think twice about it and then go with it. Like for example, if i chose to take geosystems instead of physics i think about it twice because i know what could be the bad thing and the good thing about that class and then go for what i think is better.

Second reason why i know making your own decisions is better because when a person makes a decision they made, then later regrets what they chose, they made a mistake. Thats a good thing because learning from your mistake's helps you a lot and benefits the wrong and making mistake's will make you a more successful person. For example, if i were to take an exam then get the results that i failed because i got a really bad grade i would try again but wouldnt give up which makes me successful.

Final reason why i know making your own decisions is better because who else in this world can? Its your life and theres never gonna be a person right by you telling you what do and what not to, so they have to learn by their selfs becuase no one is. For example, what if i said i wanted to go buy a house, who should i ask to make my decision? no one because you make your own decisions in this life.

These are the reasons why making your own decisions is better then seeking guidance from experts.",326,11,Female,Economically disadvantaged,Hispanic/Latino,train,3,3,3,3,3,3,3,3,3,3,3,3,3,3,3,3,3,3,3,3,3
6FEF6D46714D,Self-reliance,"Has it ever crossed your mind that people today are struggling to make their own decisions, and wanted feedback from other people and just maybe wanted to change their mind. Well people today are just going what their own decisions they make, I am the type of person to ask for some feedback or ask other people about, is this a good choice im making, can I do something better then what I did yesterday. I believe that people should take other peoples' guidance from experts and authorities about life's important matter due to people wanting help in the real world, and also tell them about the past so they do not mess up on there life choices.

What is more important the choices you make or the outcome of it? Teenagers about my age need to make better choices, but why you may ask. Today Teenagers are just ruining their own life in school. Teens need to focus on what is right for them making better decisions, like not to drink, help mom out in the kitchen, and do something productive. Teens decisions now can affect the decisions they will make sometimes in the future. For example I changed one of my friends decisions to not drink because that will cause him in the long run, like ever makes it big and someone sends that picture to social media his life can be ruin. Therefore I think teens or people should also ask other people that have already or still is living for a better decisions in important matters.

Why should I go to someone else for a better decisions for some dumb reason they are going to give me, wrong. If you ask someone, you should actually listen to see what they have to say and understand the concept. It is better to have someone else opinion on how to change my decisions. Well they have lived longer than you have, they have more experience,and more life choice taking. All im trying to say is that in my opinion is that you should always take someone else decision because maybe it will help other people in the long run. Maybe it will lead them to build something amazing, start their brand company. Just something between those lines. Someone else decisions can actually change the person you are right now. I've had so many people bring me down on how I'am going to never make it the Army branch. I'm just gonna be a lawn mower, a person who just cuts grass for living. Even though they making money that not my passion. My recruiter told me to never let someone enter your head with bad thought and let them struggle you with these bad thoughts. One of his saying was ""yesterday was the past,today is the present,and tomorrow is a mystery"".

In conclusion People should take other peoples guidance from experts and authorities about matters due to people needing a little more help, telling them stories about the past so they dont go through that rough past and make the same mistakes. I agree that some people may not what to interact with other people or even care about what they want to say. I agree but if you just hear them out they might just convince you to change your mind. All I'am just trying to say if you do not like the hits or opinion they are trying to give you just back off and find someone new or just go with the flow and follow what your heart attends you to do.        ",580,11,Male,Economically disadvantaged,Hispanic/Latino,train,4,3,3.5,3,2,2.5,4,3,3.5,4,3,3.5,4,3,3.5,4,3,3.5,3,2,2.5
71A9098715EB,Self-reliance,"Self-reliance is better then hoping someone makes the best decisions for you. This is because people need to follow there own instincts in life no one knows them like they do and what is best for them. Why would anyone want someone to make decisions for them, People will always want what is best for them so if people trust someone to pick a important life decision what if they pick something that will help them in there long run and not you.

My older brother 5 years ago was done with school and was planning his career he wanted to be a engineer but my mom and dad wanted him to be doctor; He made his own decision at the end and now lives his best life with a kid and wife. If he had chose to be a doctor he would be in school still and never meet his wife. This shows how important it is to trust your self even if no one agrees with you.

People will say that someone with more life experious will help others more then they can help them-self but they can make it so much further then others. Im not saying people should't have rolemodle just don't do something because someone else did it do it better then they ever could. My friend Generic_Name wanted to be a football player his whole life he was the best in our middle school team, but his mom and dad hated the idea they thought all football players end up hurt so he did't play in high school he did't like any other sports so he just went to school and went home. this left Generic_Name with not that many friends and he is sad and deperested today.

Making your own decisions all the time can be hard and at some point you may fail but if you keep trying you can make it big one day. There are many reasons to have someone make decisions for you it would be much less stressful and you would have less chance of failing, but everyone need to grow up at some point and do what is best for them, You can't live under someone your whole life at some point you will be on your own.

Those are the reasons I believe everyone should make there own decisions in the long run you will be 10 times the person if you trust your-self and do it your way. A person should never put there life in the hand of anyone but them-self. If someone stops talking to you because they dont like a decision you make and did't do what they said to do then they don't deserve to be in your life.",407,11,Male,Not economically disadvantaged,White,train,4,4,4,4,3,3.5,4,3,3.5,3,4,3.5,4,4,4,3,4,3.5,3,3,3
76E5D0DEC30A,Self-reliance,"People who value self-reliance define it as the need for each individual to follow his or her own instincts and ideas. There is a quote that says, ""If you want to go fast go by yourself, but if you want to far go with someone else"". As the quote says, I think that it's very important to have someone to guide us throughout the course of our lives. I agree that seeking for guidance from experts to make wise decisions can have a great impact in our lives. Experts and authorities can provide us with advices to make good decisions in life and accomplish our goals more easily.

First of all, having someone to guide you throughout the decisions you make in life could help you accomplish a goal a lot easier. For example, when I was in middle school I used to think that doing individual work was faster and easier. However, I noticed that most of my classmates who worked in groups finished all the assignments in less time than I did. This experience showed me the importance of always having someone to give you their opinion to accomplish a goal quickly and avoid wasting your time. Thus, seeking for guidance from experts can help you achieve any goal you set in life and avoid wastig your time on making wrong decisions.

In addition, you will learn and gain experience if you have someone expert to guide you. For example, having an expert guiding you will allow you to see his different points of view and learned from his teachings. This will allow you to learn from his teachings and experiences and reflect about them. Furthermore, relying on with an expert will give you the chance to learn new lessons and in the future give you the opportunity to make your own decisions. Finally,

you will learn how to make wise choices by learning from the lessons that an expert or authority could offer you.

Some people say that having someone telling you what to do will limit you from choosing what's best for you. For instance, when I was 10 years old I really wanted to make my own decisions that I thought were best for me. In whatever manner, I rarely got to choose my own decisions because my brother was always there telling what decisions to make. As I grew older I understood that my brother was just guiding me through the right path. Because my brother had experienced many of the situations I went through, he was able to help me and in many occasions avoid me from failing. Therefore, experts and authorities will be there to not let you fail and always look for what's best for you.

In conclusion, seeking from guidance from experts may not give you the freedom to make your own decisions, but it will help you accomplish your goals rapidly and efficiently. Since experts have already experienced many rough situations in life, they will know how to make decisions that will benefit us in the best way. Furthermore, in the course of the path with an expert guiding you, you will learn a lot of things that will help you make better choices. Finally, you will avoid wasting a lot of your life's time trying to follow your own instincts and ideas. ",499,11,Male,Economically disadvantaged,Hispanic/Latino,train,4,4,4,4,4,4,4,4,4,4,4,4,4,4,4,4,3,3.5,5,4,4.5
76F0144EB703,Self-reliance,"Why should people make their own decision? I think so people should make their own decision becuse all peolple have to make their own decisions or their own choose. It is really helpfull to make your own decision you will know better what to do. It is our own life than we should make our own decision. If we make our own decision I think so we have more freedom.

All people should make their own decision. They all need to make own decision becuse you will have more freedom,you will know butter what to do,and mabey if we make our own decision life will be easy for us. It is hard to understand other people own decision. We all need to make our own decision to choose what we want to do That why I think so our own decision is butter than other people own decision.

I think so people should make their own decision. To make our own decision It is like we have more freedom want we want to do. Freedom is like that what we choose and waht is our own decision to do everyday ot on future. Our own decision is butter than other people own decision. Own decision is like wath ever you is raght you will do it.

Our own decision is butter I think so. We will pick waht we like to do in our own life. If we make our own decision than our life will easyer. Mabey other people own decision is differnt from oue own decision or mabey we don't like their decision. Then we will have hard time with their own decision.

Mabey if we make our own decision life will be easy for us. They mabey want something differnts or we don't like each other owen decision that why I thank each porson should have their own decision. It is good to make oue own decision we will have allwes a gerat life. It is our own life that we should make our own decision or our own choose.

Our own choose or our own decision is butter than other people decision or choose.

I think so people should make their own decision becuse all peolple have to make their own decisions or their own choose. It is really helpfull to make your own decision you will know better what to do. It is our own life than we should make our own decision. Other people own decision hard for some people to understand them. if we both don't like each other own decision we will have hard time.",377,11,Female,Economically disadvantaged,Asian/Pacific Islander,train,2,2,2,2,2,2,2,3,2.5,2,3,2.5,2,2,2,2,2,2,2,2,2
79BE4A2D8223,Self-reliance,"LIFE DECISIONS

In every part of our life, we need someone to share something with them.

Maybe they are our family or friends.

In these days, people are more self-reliance. They think, we don't need anyone to guidance us.

But I think in every moment of life, we need someone, who had a lot of experts to guidance us.

Father and mother are the best persons, to share our everything in our life.

They have a lot of experience and important matters in life. They can feel us In every situation.

We always should ask from our mother or father, about our life decisions.

we should have someone to hear us and support us.

Our parent experience can be a lesson for us.

Experiences make our life. We should learn something from the experiences.

Life is full of thing, actually new thing. Everyday we meet a new thing in our life. That we don't know what is it? and where is it come from? Our parent are older than us, they know everything. They were in our age and now they're older than us. thats means, they understand better about us and about our situation.

My mom she always feel me. If i am sad even if i didn't tell her she know that I am sad. Because she's older than me. She was in my age before me.

We are like a person that don't know about anything, because everything is new for us. Because we don't have any experiences of the thing.

My uncle, he was 17 years old. He wanted to open a small fast food in our country. He always just listen to himself.

He didn't share anything with anyone until he did the work, than he comes and tell us that what I did.

Everyone was sad about him because he was younger and he don't know about anything.

His mother and father told him to finish school first then open a fast food, but he didn't listened to them.

He leaved the school and started his work. In the first he was so happy, but after a few months he become sad.

When he saw his all friends going to school and he works he felt sad.

He was so regretful, because of what he did. He didn't listen to his parent and he just did what he wants.

Than he came to his parent and said sorry, because of not sharing his idea with his parents.

My grandfather said to him"" I was in your age, I did the same mistake that you did, but in different way. I told you to school is the first important thing in our life, you can't leave an important thing in life"".""I had the experience that why i was trying to tell you that. ""My son always share whatever you have in your mind with the person that you can trust and believe, and listen to them, they will always guide you"".

Finally he understood, what he did was wrong, but he also like to work too.

That time he came to his father and share that he wants to study and work.

His father was so happy that his son come and asked him for showing the good way.

His father guide him and show him that what should he do.

He went to school and also continued his work too.

Right now he's a businessman, he always says"" to us to share anything with your family or friends"".

He said that to us"" the way that I am success and a good businessman was my dad experience, my dad guidance"".

I learn from my uncle that if your mom and dad teach you how to speak and how to eat and.... they also can teach us how to life good.

I always ask from my mom and share my day happens with her.

She hear me and feel me. Sometime before i say anything she know, I'm thinking about what and what I want to tell her. Having the experience are good, you know better how to solve a problem and guide someone who trust you.

If I have a plan for future I will share it with my mom, she support me and guide me.

Experience of the life are best lessons to us, everyone should guidance from experts of their parent or friends.",630,10,Female,Economically disadvantaged,White,train,3,3,3,3,3,3,3,4,3.5,3,3,3,3,4,3.5,3,3,3,4,4,4
79F917A8CFEC,Self-reliance,"People are capable of making their own decisions. Guidance is helpful if there are no choices that the person sees that needs it. With guidance it can be helpful, it can also be misleading and people aren't completely following their instincts. Self-reliance allows one to follow their own path and makes their own decisions. These types of situations is what most people struggle with, but this helps people benefit from themselves.

We all value self-reliance to the fact that if someone makes their own decisions they have to solve the problem. In our minds we think about different things in a situation, the good and the bad. Although guidance makes you sound weak, but we want to be satisfied with our decisions. People who are self-reliance are capable of doing the same tasks they are in. In nature, most animals get to be self-reliance in order to stay alive, for example, as bear gets older, their parents have to let them go alone in the wild.

We have voices in our minds that we talk to, and get really indecisive. Like when we shop, you choose between two or more pieces of clothing. An over-sized black hoodie and a regular sized white hoodie. The prices are in the same range, a worker comes up to you asks if you need assistance. Then you feel like you're being held back by people who offer advice.

When I read my prompt for this essay, I struggled coming up with ideas and examples. The thought of, what am I going to do, to make my essay satisfied so I can succeed? You feel like you need to find information yourself, managing your stress and time. The process of thinking about your ideas.

Our stance on the matter of self-reliance in humans stans to show people need to be self reliant because it is good to not distinctly require independence on any other. Others can conduse issues more than solve them, at times. With self-reliance, one is more keen on their own inabillities and strives to problem solve with a more in-depth and notable understanding.",331,11,Female,Economically disadvantaged,Hispanic/Latino,train,3,3,3,4,4,4,3,3,3,3,4,3.5,4,4,4,4,4,4,4,3,3.5
7CCC4CDC5CF0,Self-reliance,"People make their own decisions in life but, people can make mistakes in life. A certain people don't have have other people to help them with their decisions in life. People should seek guidance from experts because experts can assist people in situations, making sure that the person is doing it correctly, and give advice to a person that needs assists.

First, experts can help people about relationships in life for example a breakup, fights, arguments, trust issues, and lack of communication. They are good amount of experts who can deal with peoples relationship problems for example my father helped me with a breakup. my father said to me that ""she's not the only girl out there in the world"". I listened to my father's advice it helped me a lot. Experts can actually help through with your taxes and bills if you're having trouble, for example my grandfather who was helping my dad with his taxes because my father forgot to pay the taxes.

Secondly,experts can make sure if people are doing stuff correctly. Experts can assist people with their taxes to make sure if the person is doing their taxes correctly,for example my grandfather was making surer that if my father was doing his taxes correctly. Experts can make should that people is going to make sure that the person is doing the bills right,for example the mortgage for the house people need an expert to assist the person if they're doing the mortgage correctly. Not just the mortgage it can be bills in the house. Experts can make sure that the person is doing their car payments correctly in order to keep their car and not fall behind on their payments.

Lastly,Experts can give people advice in life,for example experts can give advice for taxes,payments,and etc. For example my father was giving me advice about how to buy a car because I'm getting a car over the summer. Experts can give people advice when the Person needs it to be successful in life. For example an expert giving advice to a person that is trying to get good credit to buy a house. Some experts give advice to people that are serious, for example people that are in a verge of crisis right now.

In conclusion people can make their own decisions in life but, people make mistakes in life. people should seek guidance from experts because experts can assist people in situations, making sure that the person is doing it correctly, and give advice to the person that needs help.     ",406,11,Male,Economically disadvantaged,Hispanic/Latino,train,4,4,4,3,4,3.5,3,4,3.5,4,3,3.5,4,3,3.5,3,4,3.5,4,4,4
7D1825E2F4AD,Self-reliance,"Why should someone, tell people what matters in life , or what decisions to take?

Everyone has the opportunity to live however they want by taking the decisions they want , if they have self-reliance , they don't need no one to tll them what to do.

People should make their own decisios, even if they are not sure, because if they are making a mistake they can learn how to do it good, they will feel secure, which is impoirtant to take future decisions, and they can find out what matters in life by themselves.

People make a lot of mistakes in life by taking the wrong decision , but that's not bad , it is just a way to learn hot to do the things rigth, a lot of people look for experts when they have to take a important decision, because they are afraid of take the wrong decision, and there's nothing bad with it, but they should trust themselves before pay someone else to tell them what to do , or what decisions take.

When people take the rigths decisions by themselves they feel secure about what are they doing ,so they earn self-reliance to make future dedcisions, and even if people don't take the rigth's decisions , they learn from the mistakes, to take the corret decision in the future, with no help from the experts.

Why should someone else tell people what really matters in life ? People don't need guidance to find it out , they should take tehir time to analyze what really matters in life , they should take their own decisions about what matters , because people is different one from others , so they should take their decisions about what really matters in their lifes.

In conclusion people should take their own decisions ,because it helps them to feel secure when taking future decisions, they can learn from the wrongs decisions , and they can learn and understand what matters in life.",296,11,Male,Not economically disadvantaged,Hispanic/Latino,train,3,3,3,3,4,3.5,3,2,2.5,3,2,2.5,3,2,2.5,3,3,3,3,3,3
81674F80999A,Self-reliance,"why should peopel make their own decisions? Each person has the right to make his/her own decisions. Each person has different ideas about what is important and what makes them feel best. Some people believe by making their own decisions. Others peopel believe to making your own decisions you have to have guidance that's means is not helpful for those peopel who want guidance because when some one help you to make your decisions for that time you can, but that person it's not help you for ever, so you have to practice to make your own decision. I believe peopel have to make their own decisions, here is some decisions peopel can make, decision of marriage, moving place to place, and choiseing a bad and good thing in your life.

First, some peopel think that making your own decisions is the best way to bo what ever you want in your life. Indeed, you can make your own decisions to do what ever you want. peoples make decision to married. Marriage is the most important thing for many peopel in this world. Having marriage is help you to have a better life. Because when you have wife you know you are taking big responsibilty for your self and for your family. Having family is good, but you have to work a lot to keep your family save. Having marriage is help you to make many kind of decisions. For exampel, if you are alcoholest you gonna make decision to quit alcohol because you have family.

As you can see, this is not the only thing making your own decision can do.

Also, making your own decisions helps you to move place to place. Some peopel the don't have confidence to make his/her decisions, because they don't believe by making their own decision. Moving place to place it's not really easy, because you have to have a plan which means decision before you start moving place to place, because you don't know what to do, so make your own decision to do what ever you want. Some peopel enjoy by moving place to place because moving place to place is help you to find a new things and to see how this world look like. As a person i really enjoy by traveing place to place because it's gonna help you to enjoy ,meet a new peopel, and new place it'a a lots fun. In addition, making your own decisions help you to have a confidence. However, making your own decision is definitly a best way to do what ever you want.

Finally, making your own decisions is helps you to separate dad and good things in your life. In this world there is many kidn of problems is going come in your way. In this condition you have to know which one is good which one is bad which means you have to make your own decision to make your life esay. Some peopel they don't know what to do when something happen in their life. Every time you have to have a decision and choices for every sengle things in your life. This is a few decisions peopel can make it, we can make more than this decisions.

In short, making your own decisions is very helpful and best way to have esay and better life . Some peopel make decision of marriage. making decision for marriage is one of the bigest decision you can do in your life time. Also, making your own decision is the right peopel got by constitution and naturally. The others thing peopel can do is moving palce to place and decisions of know a good and bad things. Making you own decision is helps you, your family, and other peopel around you. This three different thigs peopel can do by making his/her own decision. ",577,11,Male,Economically disadvantaged,Black/African American,train,3,2,2.5,4,3,3.5,3,2,2.5,3,3,3,3,2,2.5,2,2,2,3,2,2.5
82294A32E3E3,Self-reliance,"I believe that people whom value their self, should be guide for a person who they admire, so they can look at them like a great example to follow and hopefully one day be like them or better.

People always make mistakes even though when some times we don't admit it, no matter how good we are on something people always need help we can not always do things by our own. we always require someone to tell us that we are doing wrong .

Even in some circunstance we need to grow up and believe and our self, that we have the capacity like everyone else, to make our dreams comes true even when things goes wrong, that does not mean anything is just a challenge that we need pass to make us strongers.

However, just for being clear doing things by your own is fine, but if we have the incredible disponibility to have someone always there for you who you trust in. I think is the safe way to go because todays days those person whom use to give you advice and support you rarely appear, so do the best person you can and remember ask for help is just an option to help you out and improve the best of you.",198,12,Male,Economically disadvantaged,Hispanic/Latino,train,4,3,3.5,3,3,3,4,3,3.5,4,4,4,3,3,3,4,3,3.5,4,3,3.5
8778DE7C8D0E,Self-reliance,"introduction

The people who value selft-reliance should seek guidance from experts and authorities,

instead of taking their own decision about life's important matters. When we say experts we are talking about people that know alot more about the topic then us. We can compare this an a teacher and student.

The teachers they have graduated from what they know lets say science class. They have to do alot to become a teacher in that career. This is why I say that if we value self-reliance we need help from experts. that way we can subcess in life. However there is some decision that we can take by ourself. For example, we can choose if we want to drink alcohol, and smoke. for that type of decision we just have to think about who we are hurting too, and as we know it is ourself and nobody else. if we don't take about ourself and the decision thaty we make nobody will.

Reason 1

In my opinion self-reliance is really important in every single person life. When we talk about Self-reliance is about decision. There is times that we think we are right in every decision that we make. However, we have to know that no one is perfect as a human. So, there is times where we make bad choices. One good example could be when we are tenergers. at that age is when we need more help than anything because there is alot of things that can influenciate us really easy. At that time is when we need help from experts and what better experts then our parents. They want the best for us, so they will teach us what could be the best and what have to really matter is this life because they love us. I'm not talking and general because there are some parents that don't really care about what his son or her dauther are doing, but some of them do. Also, we can look for another type of experts who can be profesional and have a diploma in what they are experts in. So, it can be really helpful for us to subceed because they have been studying for years their career. Also, it can help us to make better decison trought life and make us a better person.

Reason 2

Bad decison can hurt ourself. decison is something that we all have to make one day. it could be good or bad decision or sometimes there are some decision that look good, but it could take us to do something bad. However ther are decison that cna hurt ourself and can take us to do something stupid in life. For example, a person want to nibest money to create a restaurant. At first it sound good because what we all think is that we only win in this type of business, but the reallity is that it could be like a challange for the person. some people don't take sometime to think about the consecuences of creating a restaurant. They don't think about the things that they have to pay out from the money that they are making of the restaurant. They don't think about that they can lose all their money if the restaurant doesn't work. When it happens that people lose all their money they can get depress, and some of them have even take their life. So, here is when we need the help from experts and not take the decison of creating the restaurant by ourself. Those people that we call experts know alot more then us because they have graduated from it. They know everyhting about business and what could be best for us. So, we can subcess in business life and don't lose money.

counterclima.

Someone would argue that making decison by ourself is better because that way we won't have to blame on anybody if we make bad decision. Also, we can learn how to be responsable in the decison that we make. Howevere, we don't need to wait untill that happen better look for experts, so they can help us to make good decision and not bad decision two heads are better ten one.

conclusion

In conclution the help from experts is the best way to do the things. They can teach us how to be better and thats why they have been created in this world to look for them and ask for help. sometimes we need to acept that we can do it by ourself and thet we need help from experts or our patrents. We have to look for different sources to subcess in life. In some points we have to be strong but to take any decision we need to be social, what I mean by it is to ask for help and make good decision.",918,12,Male,Not economically disadvantaged,Hispanic/Latino,train,4,3,3.5,4,3,3.5,3,3,3,4,4,4,4,4,4,4,3,3.5,3,3,3
883C1EF358F6,Self-reliance,"At some point in every ones life,There is a time to be self reliant.

People should make there own decisions, Because, As a self reliant person, making a decision based on someone else's advise can be very risky. For example, buying an insurance plan, going based in someone else's coverage will cover something you dont need, while if chosen based on your needs there wouldnt be a problem.

Self reliance is very important for person to become independent. If one dose not trust themselves how will they grow. for example, A famous quote by Micheal Jordan say's ""You miss 100% of the shots you dont take"". this quote eludes to the fact that as an individual it is important to have self confidence in their decision making, because if you dont take a risk in making your own decision you will 100% miss the shot's you take.

Furthermore Making o's own decisions are important ,because, People will not always be there, and you will be forced to make your own decisions. For example choosing your own apartment isnt anybodies else's job but yours. Choosing an apartment is very important and one must have self reliance in order to make the right decision for them selves.

In conclusion being self reliant is the most important skill you could have, while, I could see the other side saying that going to an expert is the best way to make a tough decision while that may be true, they will not always be there for you.",224,11,Male,Not economically disadvantaged,Hispanic/Latino,train,3,4,3.5,3,4,3.5,3,3,3,3,4,3.5,3,4,3.5,2,3,2.5,2,3,2.5
8AAC040AE6C7,Self-reliance,"i disagree, because of each people in the world still require of help of somebody, if not any peoples can believe that are most that other and with his strengh and ego can to get anythings without help of nobody or only they think follow his intincts and ideas without before they could hear any advise of people that are victorious in the life as in the job for what they always in his mind and heart to know follow advise. In the world still there people very specials that God or the destint to give in our life for help in moments diffilcult that all people in his life occur.

For this, is that i think that each people still need of other people for create a life most easy for his family and us and we can live with calm that take the best decisions in our life and here any reasons for that are very important the advice to take decisions in ours life:

""Still there somebody for you ""

Each people most reliace in his life , always there necessity of any people that can to give advise of as "" what to need to do"" or "" how could you make it "". Always they think that are people fortunates for that , has a person that is still prepared tom give any advise without receive something to change. But for other part the people that are unpleasant , without humility, or intolerant to advise can to fall in decisions very hard that may be can affect your life as the your family, only for not seek help with experts or friends that if has experiences in situations similar to yours decisions. Also we should to be still grateful with people that our help with his advice and why not , we can to help to other people in his life such a avoid a bad consequence in his life.

''Seek rather to perform''

Everybody should to search to peoples that can to help in decisions specifics in the life that can result terrible in ours life, for this is most better hear to person that has a lot experiences in importants matters of the life, later they could to refect that way can to give you the decision . they can think whether is correct or not and create situations for each decisions that take you and that influence would has in your life ,also they shall hear differents point to view for is very certainly of your decisions. Nevertheless , we perfom rather of view or hear differents opinions and actions of people that has experiences good as bad in his decisions. For this, the first step in a situation like this, is seek and seek help of any kind as the friends, professionals, experts, or authorities that know the importance to take a good decision in an important matters in our life.

""Perseverance and Humility""

Always in ours life should to exist the humility, and we believe that everything known and not is necessary seek to experts or receive any advice , but this is a great mistake in the life and for consequence to get failure, disilusionment, or to be alone . Only for follow ours own instincts and ideas without see towards the future and we think that only with our knowledge and intelligence, we believe what we are ""the best"" in this world and that nobody exist , because we have of power, also what happenned not result as we are waiting. after, only for not assets seek experts for that we to give advise of how to confront our decision or how find the best decision without wait a bad result . always has hope that if we hear advice is a little most easy we take the decision.

Always we should to be very carefulness to moment to choose it. Never allow that our mind or think that is it better for us without rather hear advice and reflect about if is or not the correct decisions in this matters.

In conclusion

, all people of the world needs any help to surpass a moment difficult in life, for this , each people should and has that seek and hear different help for take any decisions , if that ours instincts and ideas could not to give still the better answer to a matters,also in each moment we find to a person that can to give any advice that may be has any doubt and we leave to carry for the mind and is most better seek a specialists or friends that has any experience in same decisions. We living in a world very development that is very easy to search to professionals as psichologist that can help in mistake in ours mind as sexologist for help about mistake on a relationship and as this examples also there people experts in differents kind of situations that can help to take the better decision. Nevertheless , each people should be humble, because still to around of youir life find to people that still is ready for you in any moment that you should necessary his help or advice for any situation that you shall is happen , always receive the advice of the better way , after you are a advicer for other people that is in a situation very alike.",1107,12,Male,Not economically disadvantaged,Hispanic/Latino,train,1,2,1.5,2,2,2,2,2,2,2,2,2,2,2,2,2,2,2,2,2,2
8AB55CB5992E,Self-reliance,"There was a guy who decided to eat a ghost pepper because of a dare and next thing you know it they are in the hospital, not so good isnt it. One day one of my friends Generic_Name from a while back lets say elementary school, Generic_Name was eating lunch and some kid came by and swiped his tray off the table, he wanted to beat they other person up and I said no I suggest you go talk to a teacher about it. Although some might believe, asking for help (guidance), talking to your priors or family members, having confidence in yourself proves seeking for guidance from experts and authorities about life important matters is a good idea.

Asking for help and guidance. My friend Generic_Name was having a tough time choosing which college he wants to go to. I told him to go talk to your counselor and now he's now in Generic_school because he asked about what colleges seem good and are better for Generic_Name. This relates to asking for help because he had no idea where he wanted to go if he made the decision to go some college, having no background knowledge of the school and he got there noticed its not for me, he is screwed. That means it is a good idea to ask experts at finding the right college for you.

Talking to your priors, family members and communicating. I always ask my friends and family what to do for certain things such as what classes do you think seem good that I also like or what sport should I join and try out. I think communicating is great because it sets a good outlook on your personality. That's how you make more friends like you want to know what good advice they can give you and you can give them. People who don't communicate will always have a tough time talking to people, they will be really quiet and lonely at times. This relates to talking to priors and family members and communicating because they are here to help you out no matter what.

Having confidence in yourself. If you start communicating and talking a lot more, it will build up confidence to the point where you won't be nervous to talk in front of a class. One of my good friends named Generic_Name came to Generic_school awhile back all quiet and had a soft voice until he started talking to people like his friends and family everyday, now it sounds like he is a whole different person and he is way more confident in public speaking. this relates to the having confidence because he was scared of talking to people until he starting talking to everybody he saw in the hallways and built his confidence to a new level. Anybody can overcome the fear of speaking just by talking with your family first then friends and people you don't know.

Whats important is that you learn to talk to people like your family, friends, and your school administrators. Some people have a bad past in speaking to one another but it all comes down to are you going to make a change because that person who has difficulties in speaking, doesn't like it either. I want people to overcome their fear of communicating in the future because that's a big deal if you don't, many jobs out they need people to speak well with other folks. This relates to stuff in a political aspect basically media because people on there need to speak to one hundred million of people out in the world on TV.    ",559,11,Male,Not economically disadvantaged,Asian/Pacific Islander,train,3,4,3.5,2,4,3,3,4,3.5,3,4,3.5,3,4,3.5,3,3,3,3,4,3.5
8EEEF415AA1E,Self-reliance,"People can make their own decisions because they can do anything they like, something they aready goal on for a long time. Nobody like to do something that they don't want it, they have their own chose of life decisions on what they want to be or what they want to do.

However, some of the decisions they may have are hard way or easy way, the hard way is they have to try hard in life: study so you can have a good grade and work hard, the easy way is they have to put stuff or money on the first start of they future decisions, is a short way but is really hard and not all people can make that decisions depend on if they want it or not. Also depend on where they at in life for a example: people have alot of money the way they want their decisions on future is more short because they don't worry about other thing tact or payment and people are not have alot of money the way they start their future decisions are more longer because they have to worry about alot of money tact, payment, pay for their car,... also they have a to work more extra hard for they decisions. I meet a friend, he was go to school and work in the same time he was about to out of high school and go to collenge but he maked a bad decision on his life, he about to out of high school but he stop and he said to me that ""go to work are making more money than go to school"" so he stop school, his job now is doing nail that job do sometime do alot of money and sometime don't and he don't want to try more hard, he can go to collnge and later on got a good job make more money than Nail but lose that chance and it change his live forever now he can't take it back. And my brother was the same thing, he was go to collenge for 2 year and than he don't want to be in collenge more so desige to work, if he continue on collenge maybe he got a better job. So sometime people have to think of what about to happen in their future and desige what they gonna be in future lean on what they have and about to have. People can make their own decision but sometime they need help so other can support their life decisions. However alot of people don't know what they gonna do in a future, they don't know what they like or interesting job to do on future so they are stuck, they need help to chose their stuff that may interesting them later on in life.

The chose they have and everything that happen around them to make their own future decisions, and all of the support from people around or family can make it more better decisions on their own life. They have to desige their own life, work hard so they can have a good life on future and do anything they want. If people work hard enough so later on their children can more easy to make their decisions about their own life. ",523,11,Male,Not economically disadvantaged,Asian/Pacific Islander,train,3,2,2.5,3,3,3,3,2,2.5,3,3,3,3,2,2.5,3,2,2.5,3,2,2.5
93E62B4919A6,Self-reliance,"People who value self-reliance are people that can make their own decisions. They know what to do when it comes to the important matters in life. They aren't dependent on other people when it comes to most things in life and know what to do to get past certain things. These people grow a lot mentally because they end up knowing a lot because they go through with the decisions themselves; they don't listen to other people and don't make their decisions based on what other people say.

Self-Reliant people know how to get through their important or ""life changing"" decisions. For Example: Buying your own house, getting married , and dropping out of school are all very important decisions that you and only you can make. They think through about what decision they are going to make. People that don't make their decisions on their own always depend on someone or something else, especially when they are very important. You can learn a lot from making important decisions by yourself and it can help you in the long run.

Self-Reliant people aren't dependent on other people and always follow their instincts. They know making your own decisions is better than being guided towards what decision to make. Being Independent also goes in the same category as making your own decision. You do everything by yourself when you are independent, all the decisions you've made has either had positives or negatives for your life, asking someone for their opinion is only going to make you more biased to that choice. People should make their own decisions based on what they want/need to do for their life.

Making your own decisions helps you grow mentally, every major decision you've made affects your life every day. Most people always seem to ask somebody for help on a very important decision,

while others just think about what they should do themselves. People should just follow their instincts, their gut feeling of what they want to do; they shouldn't listen to other peoples opinions. The people should always try to make their own decisions instead of always relying on the guidance of experts and authorities.",321,11,Male,Not economically disadvantaged,Asian/Pacific Islander,train,4,4,4,4,3,3.5,4,3,3.5,5,4,4.5,5,4,4.5,4,4,4,4,4,4
951DBA563386,Self-reliance,"Do you make your own decisions or do you seek guidance from experts ? I believe that people should be able make their own decisions. I believe this because people are not away right about things and what they say. Another reason would be because only yourself know what chooses you want to make in life and so those are your decisions. My third reasons why I would say that people should be able to make their own decisions is because you shouldnt follow what others do. You always see people making good or bad chooses or making not good decisions but does that mean you got to do what others do, no because you have to make those chooses on your own.

My decision for people to make their own decisions would be because trusting others on what they say isnt always the right things. Would you want your best friend making a decisions for you ? Maybe not because you never know if she/he could be right or telling a lie. People in life are not always right about things ,you dont want to get in trouble for doing something dumb or that isn't the right thing for you to do . If you make a good decision on something at school or basically anywhere you can show others on how to make good chooses so they wouldn't make mistakes . This why you shouldn't listen to people making decisions for you this is because they can cause problem and get you in a situation where you dont want to be put in.

In life theirs so many things you can do but it all up to you . You decide what you want to do, you shouldn't let other people judge you in your decisions because they shouldnt get in involved . This is because everyone does what they want to do in life . If you make a bad decision thats all on you because you made the decision not someone else you can't blame others for that when it comes to you getting involved in a situation that you got yourself put in. I know your children in school might've gotten in trouble with something and if not it because they are great children who don't follow what others do. There are ton of students in school who make bad decisions and this because they like to do what others do by following what others do and seeing others do bad chooses. In that case that is not right because it makes them get in trouble and they lose time of education for making bad decision.

When it comes to making your decisions you make your chooses. Only you know what chooses you want to make. If you do don't want to do something you should't do it . Don't be afraid to not do something because you think it a bad decisions just first before everything think about what your doing. You should always question yourself is it a good choose or not because your the one making your own chooses. Everyone is their self you shouldn't be controlled by anyone. When it came to me making new friends at school I choose wisely with who I would want to be friends with because I didn't want me to be influenced by making bad chooses by others. No one has the right to choose to do things for others when it comes to making chooses it all depends on yourself.

In conclusion just always remember that you should always pick your decisions and not others for you. I know in the world we live in we all know that not everyone makes good chooses which is okay in some cases. This just means that not everyone is perfect which is true because their is at least one thing in life that you made a bad decision on. People just need time to think about what chooses or decisions they want to make so that after they make the chooses or decisions they don't think about it twice and why they should've made a wisely decision. Don't let yourself down or stress about what's rights for you in life.     ",647,11,Female,Not economically disadvantaged,Hispanic/Latino,train,2,2,2,2,3,2.5,3,2,2.5,3,3,3,2,3,2.5,2,2,2,3,2,2.5
9F27EAC1E27D,Self-reliance,"How people live their life is up to them whether to follow their own decisions, or seek guidance from experts and authorities for life's important matters. People should make their own decisions because relying on others will make you less self-sufficient and you should develop your own self-identity not from the choices of other people, although some people may say that people who seek guidance from experts are smarter than people who do not.

People should be able to rely on their own decisions on life, so that they do not become less self-sufficient in the choices that they make. Firstly if you keep relying on others than you become someone who can not do anything on their own without the help of other people. Another reason would be that people might think you are unable to do simple tasks in life because you relay on other people too much. Lastly self-sufficiently is an important skill that everyone should have through-out their life. Your past choices defines who are you today, so if you relay on others too much than you become a different kind of person you once were

Other people who spend their whole life heavily relaying on other people develop no self-identity of their own. I highly doubt that Tesla or Einstein relayed on anyone if not no one on the work that they did. Additionally if you do not have a self-identity people will not remember who you are. Secondly if you always have people telling you the answers in life it is hard to live without those people who helped you in the first place. Finally always become a person who does not have to relay on others for the sake of your own well being. You should always listen to your brain and not seek out help too much, or it will affect your life in very bad ways

Still, some may say that people who seek help from experts are smarter than people who do not. That people who seek out help will be more informed in life, therefore they do not have to worry about the things they do not know. This may be true but it's better to find the answer on your own than to always ask for help from experts.

In the end you shouldn't rely on other people too much because it will be harder to be more self-sufficient and it will be harder to develop your own self-identity. People should be inclined to make their own decisions in life whether they like it or not.",399,11,Male,Economically disadvantaged,Hispanic/Latino,train,4,3,3.5,4,4,4,4,3,3.5,4,4,4,5,4,4.5,3,3,3,4,3,3.5
A055576C0F9E,Self-reliance,"My name is Generic_Name. I am going to take a position about self-reliance, whether or not about if should people make their own decisions, or should they seek guidance from experts and authorities about lifes important matters. I honestly think that seek guidance from experts is better, because you can ask them about how they did to accomplish their goals and also they have more experience about life.

First, guidance from experts it can be much better, because experts can give more options, more ideas. Also you can ask them about what you need in life to be success. Also ask them about their life, how they did to accomplish their goals. Because if we are in any situation that we know we could not do it alone , we should ask them about any idea that they will give to us.

Second, those people they know almost everything about life, they could tell you whats steps you need to follow to achieve. As we know, billionaires people worked hard to be success, even if they failed something, even if life make them week, they never give up. they keep trying and trying until they make their dreams comes truth. thats why seek guidance is important for someone that want a better life.

Finally, in life we need help, even if we say that we dont need we need it. Because we can not do everything by our self. Thats why we should ask for help with people that can teach us about life. People that will give us tips to be success in life, because they have more experience and also because they know almost about everything.

Sincerely,

Generic_Name.",273,12,Male,Not economically disadvantaged,Hispanic/Latino,train,3,3,3,3,2,2.5,3,3,3,3,3,3,3,3,3,4,2,3,3,2,2.5
A1BFCDA12FB1,Self-reliance,"People should make their own decisions about life's important matters. i agree with this statement because once people get older as a person they know what they are doing and what they want. another reason is high school, people are a teenagers and people are still learning, but sometimes make mistakes. moreover when people are eighteen they start to make important choices and actions about their life.

When a person gets older they learn between right and wrong. for example a person should never spend their money on something they don't need and knowing if they do they'll be broke and have financial problems. people know what are the needs and wants in life, they learn this through out life and the one to make the decisions.

High school is where people start to have an idea or know what you wanna do as a career. In high school you get to meet a lot of people and make new friends, in addition you make a lot of decisions. The decisions people make and ask their self are, should i be friends with this person, should i go to this class, and sometimes people don't wanna continue school. more over people wanna experience a party in high school so they sometimes make the decision to go and drink or do drugs, but end up getting in serious problems. In the end people make the decisions.

When a person turns eighteen they are an adult now and probably out of high school. People are either in collage or working when eighteen. That's a decision people make before graduating and thats a very important life choice. Sometimes people make the decision not to go to collage or sometimes go to collage then drop out and thats a decision a person makes because they think its the best for them.

in conclusion people make decisions and learn from it. People know between right and wrong, need and wants, and what they wanna do in life. You also make mistakes in life and sometimes you need to make that mistake in order for you not to make the same decision again. At the end of the day people know what they want in life and know the decisions they make. Guidance from others is a idea or option, people will still have to make the decisions.          ",343,12,Male,Economically disadvantaged,Hispanic/Latino,train,3,4,3.5,3,3,3,4,3,3.5,4,3,3.5,3,4,3.5,3,4,3.5,2,4,3
A4A90A401002,Self-reliance,"People who value self-reliance define it as the need for each individual to follow his or her own instincts and ideas.

This is reasonable for each individual, and people should make their own decisions in life. We always ran into problems and sometimes we need to make decisions on our own.

When we have the choice and decide to make the differences, it's important to follow our instincts and we have to take the responsibility to make the good choice. This is how we learn by ourselves.

In our daily life, people always ran into problems and get stressed out, for example, the car broke down in the middle of the traffic, failing the test that you've been studying for weeks, your boss fired me today...

However, it is our choice to make the right decision and to change it; you could call for help from someone, you can study harder or ask others to help on the school work, and also look into other jobs that you are interested in.

There are so many options for everyone to pick and to follow our own instincts and ideas to make everything better.

As an adult, soon after high school I will be joining navy and have my own life, to do everything by myself.

Everything around me will change completely,I will not have my parents standing beside me to teach me common sense, nor my teachers to teach me about life lessons, nor any of my friends to be there and help me out, this is all about me and my decision to make.

If I'm going to learn the hard way, I will have to learn the hard way.

Maybe my instincts kick in and help me out, you never know.

Making your own judgment is one of the most important survival skills we will have to learn in life, everyone will grow up one day, to have your own family and all the responsibilities, now you are the one who have to decide everything, to have responsibility for not only yourself but you family as well.

Instincts will tell you which way your heart goes, and sometimes it might leads you to the wrong path, but don't worry, this is how we are going to learn.

Success is not an easy path, it's full of adventure and false on the way to finish.

You will experience more fail than you can ever imagine before you achieve the goal, to success it all by yourself is to follow your instincts and ideas.

You may have concerns that what if you seek guidance for experts and authorities about life's important matters?

Guess what, life is full of adventure, you never going to know what is coming next and not everyone's life is going to be the same, so therefore seek guidance for experts may work for some people, not all, you may have found a different solution for yourself.

All we can do is listen what others advises are, Because you will be the one who make the final decision, and you are responsible to your decision, not anybody's advice or common.

Everything is on you and to follow your heart to make things right, or to learn how to judge then choose the right path.

No one will change your life unless you let it happen, no one can change your final decision unless you don't follow your instincts and heart.

This is why we should make our own decisions, not only to make things right, but also follow your heart and to understand about life's important matters.",528,12,Male,Not economically disadvantaged,Asian/Pacific Islander,train,4,4,4,3,3,3,4,3,3.5,3,4,3.5,4,4,4,4,3,3.5,4,4,4
A87C80DEAB08,Self-reliance,"People use to say that working make better life. In now days people who are self-reliance define as they need people to follow their instincts or ideas and their is also people who are usually follow their own ideas. Both of them are working ways that are preferred to people, But I think that people should seek guidance from experts and authorities about life's important matters, Because it will make their life easier and help people who are having troubles in their life. There are a lot of thing that we cloud talk about people asking help from expert,But I got two of the story that I want to talk about and made peoples life easier.

The first example is a true story that happened to me when I was young. It was a summer in 2010, I was in a summer camp for basketball at Generic_City, It was the first practices day and I was so happy, Because I could finally start to have real training for basketball. At that time I was in a private school that have no sports, So the only way that I cloud play sport is going to camp in summer time. Well that day at middle of the practice I hurt my ankle because of my teammate so I had to stay in hospital. In hospital I thought that I will not able to play sport anymore so I was really upset about it, When I was thinking about that, My father told me that life is easy and hard some time and life will never follow the step that people go, so they have to be stronger to be able to control their own life so they will not follow the step that other people went, After my father told me that I start to realize that life ain't easy so I have to be way more stronger than before so I could be better me in future and it happened now, So that is the reason that I think with others help peoples life will be way easier than before.

The second example is a story that my mother told me when I was a child. It is a story about a young man trying to make a hammer. It was a winter in long time ago, there was a young man that live in a really old house, At one day he was trying to make a hammer so that will help him to make a new house. So he traveled a lot of place to find a perfect iron for that hammer, In the way to find perfect iron he found so many iron that's not perfect in his eyes. But in one day he found a old man that are making a hammer, when young man came close to old man he found out that is the perfect iron that his finding all day long so he asked old man how did he found the iron, After old man heard what he said he laughed and said"" young man in this world nothing is perfect if you trying to make a hammer like me you have to make everything equally, And nothing is perfect on lest you treat them perfect."" After old man told everything to young man he realized that the iron that he think is not perfect is perfect if he treated is nicely and in the end he made a normal hammer that could really help him in the future. After my mother told me this story I realized that with older help you will know a lot of things that you never knew before, And this is the second reason that I think that with experts help your life will be better and you will learn a lot of life's matter than before.

Some people often think that they will decide everything by their self, And there are some people are seek guidance from experts and authorities. But I think that people should ask form expert and authorities help, Because it will make people's life easier and help people who are having trouble in there life. There are a lot of expert that helped me a lot, And I think that it will help all the people who is having trouble in their life.",670,11,Male,Economically disadvantaged,Asian/Pacific Islander,train,3,3,3,3,4,3.5,3,2,3,3,3,3,2,4,3.5,3,3,3,2,3,3
A9A0D8CE21B4,Self-reliance,"Some people says decisions should be make by our self, however others says you should make decisions fallowed by people who are more experts have more experiences and time to deal with hard decisions.

I support the idea that we should all make our own decisions because its our life we should know what's better for us for our future, however some people like to make decisions based on others people decisions they think they would do the same as others when they make the same choices that experts and experiences people make.

In one case i had to make a hard decision probably a life chancing decision i had to choose between staying at my country or come to U.S.A and have a better life or at least more opportunities at first i din'd know what to do i wasn't sure what would be the best or what wold be the consequences from a bad decisions i want it to ask people who has all ready make that decision what should i do what they think should be best for me but i didn't because that was my own choice a choice that no one else can make but me.

But their are some cases where decisions are not make by the person who the decision would affect like when youre a baby, or under the age parents are the ones who would make decisions for you they would do what they think is bets for you, and some times you may not agree with what they decided for you but in those cases is where people with more experiences and knowledge meant to know whats best for you.

However i think we should all be free of making our own decisions ether you want to make it by your self or you want others with more time and experiences to help or make your decisions, but people should be award of what they choice because every decision can gave a consequence and the only one who can make the right choice is you.",304,12,Male,Not economically disadvantaged,Hispanic/Latino,train,2,3,2.5,3,2,2.5,2,2,2,2,3,2.5,2,3,2.5,2,2,2,2,2,2
AB9FC91ABAD7,Self-reliance,"People who value self-reliance define it as the need for each individual to follow his or her own instincs and ideas. Many people today and day has the problem about how to take decisions is so hardnees to take your own decisions, because some people think a lot of what decisions to take that's the principal moment that we need help from someone isnt's matter if your dad, mom or an expert . Sometimes in life you have to take your own decisions because you can fell or not but you're going to learn what's good or bad, taking your owns decisions it teach you many things about how to take your own decisions with responsabilitie . I take my own decisions because that can help me to grow as a person but yes sometimes we need somebody also opinion .

However , not everyone thinks like that because they like to ask for and opinion to an expert because, they think that can make you to take the decions easily and that's right but isn't enought for some people because probably they have done before and it doesn't feel enought for them , because that's the opinion that you're receiving probably you can be agree or not, but you still are thinking in what decision shoult they take decisions are not something easy nothing is easy in this life that's one obstacle in life basicaly is one step that can help you to grow as person because you can learn from bad decision that you have taked in the past.

Nevertheless ,

everyone can go to see and expert he or she can give you many types of ideas about what decision you shoul take but when you depends on someone you will never going to learn how to take decisions by your self, how I

say before that is one step the can help you to grow as person, you're growing base on what life is giving you is not matters if is good or bad but that's how you know what's better for you and it help you to grow as a person, makes your life succefully.

Moreover , you don't have to take decisions by your self everything is depending on the problem it can not be a problem especificaly but in case is very important to count with other person opinion it can make your decision more easy ,like my grandfather tell me every time when I talk to him '' be sure of what are you doing'' and what I reffer with that is the you must be right of what are you doing is so important you always count with friends or someone speciall in your life those people can make your life better and far away of the problems .

Overall , people have to take their own decisions using the best way for each of them , Because decisions are not easy to take you must take it without precupation because when we worry about that and we say or we do the first thing that it comes to our brain isn't one hundred percent right sometimes it can be good or not but that's how we learn of our mistakes , that's how life work , it give you a hit when you must think nothing is going to happend, that's why is important to count with friends or your mom and dad but when you're going to ask an opinion of what decision shoul you take you must ask an adult , they are the only ones that they can give you the best ideas of what is better for you and your future and that's how you learn and the most important to grow as a person . ",551,11,Male,Economically disadvantaged,Hispanic/Latino,train,3,2,2.5,3,3,3,2,2,2,3,3,3,2,2,2,3,2,2.5,2,3,2.5
AC1F60D0F85D,Self-reliance,"I believe people who value Self-reliance should make their own decision, because they know what decision they want to make, but

Sometimes you need to seek guidance from experts opinions about life's important matter, because not everything you think its right its going to be right.

Its also not a bad thing if you chose your own idea or if you seek guidance for the information, if you do both either one is right in my opinion. I think that if you really want to know about life's important value you need to either ask a guidance from expert that know all of the information about life's important matters or if you know the right information you will be fine but its also a great idea to check with experts to make sure that the information you know it's correct or to learn more about it.

In Life you will not know some things thats why another great idea is that you seek guidance expert that knows about life's important matter. Most time time people can be positive that they know about life's important matter and they dont need to seek help and that completely normal .

A personal story that i want to share is that most time i may think that i know everything about life's important matters.

If i sometimes dont go anywhere to seek guidance from expert because Im positive of the things i know, but also they are times where i do need to seek guidance experts about life's important matter and in my personal opinion that helps too when i need the help.

Seeking guidance from expert can help anyone know more about useful information about Life's important matter and much more information. While if you dont seek guidance you won't be able to learn anything about life's important matter.

When you know some information is also good to check with an expert who knows and can give you more information on the topic life's important matter its useful to know information to for the nearest future and also you can teach others who need the information.

Making a decision is not a bad idea neither is seeking for guidance from expert about life's important matters. You can always learn new things if you ask for help and you can learn more about life's important matter.

If you know your facts that can also be helpful and you dont need to go seek guidance expert about it.",359,11,Female,Not economically disadvantaged,Hispanic/Latino,train,3,3,3,3,3,3,3,2,2.5,3,3,3,3,3,3,3,3,3,3,2,2.5
B06DEBFFD2A8,Self-reliance,"Some may say you should seek for guidance; however i believe that taking your own path is really important and self taught. For example taking your own path is like concurring the world. enjoying what life brings and challenges to succeed Ur journey . you can be taught to be strong , no fear ever given fearless and a strong independent person. life can bring you so many surprises and you will fight and get what you truly deserve.

Taking your own path not seeking for guidance is a really important thing to do and accomplish. Its a wonderful thing its like doing the impossible ; never thought life choices crazy things that will change Ur life for the best . At the end of the road just no u did the impossible life changing,spectacular,amazing choice. Everybody will doubt you hate you tell you that you cannot do it that you wont last; but when you do it just no u achieved the impossible.

Taking your own path is setting you up[ for life things you have never done. being ahead of everyone knowing where the journey will take you. knowing that you have done that many have not is breathe taking. truly knowing where you want to go is all that u need at the end life will take you where will best deserve it . You can get where you hallways wanted to be.

There for i believe that taking Ur own way and doing it alone and succeeding it is the best way to Ur journey.     ",251,11,Male,Economically disadvantaged,Hispanic/Latino,train,3,3,3,3,3,3,3,3,3,3,3,3,2,3,2.5,2,3,2.5,2,3,2.5
B403A4E28BCE,Self-reliance,"Why do we need to seek guidance from experts and authorities about life's important matters? Why can't we make our own decisions? It's because the adults knows what's best for their kids and they been through everything that we are experiencing right now as a teenagers. Or is it because they would like to keep us safe and make good life choices in the future? But, I think we should make our own decisions because we know what's best for us, we can learn from our mistake, and we want to be more independent.

First, when we do something bad and get in trouble for it, we know not to do it next time. For example, I had a friend and she decided to go to a party and I told her not to go because it's always a fight. Well she went and ended up getting hit in her face. I tried and warned her but she make her own decisions and I wanted her to make her own decisions so I let her go. Now she doesn't go to parties anymore.

Then, we know what's best for us. If we know something we're doing is wrong but everybody is doing it too, then we will do it just so they wouldn't make fun of us or we want to be ""cool"". But, I only do it one time, while other people keep on doing it. For example, when we choose the wrong groups of friends to hang out with. Knowing they are bad but sometimes they bring out the other side of you that nobody have seen or they get you in trouble just so you can fit into the group. Then you wonder why you even became friends with them in the first place.

Last, we don't listen our parents or any adults telling us what's right and what's wrong. we would want to figure things out by ourselves and be more independent.

We know when they telling us that we shouldn't do certain stuff because they did it before when they were younger. But we know what we're doing ( well at least some of us know). Sometime we don't tell our parents what's going on at school or on social media but somehow they find out whats going on with us. We sometimes try to hide the problem and solve it our selves but it doesn't go well.

In conclusion, teenagers today will want to do everything and not listening to the adults. When we get older and start to understand why we did all those crazy and nonsense stuff in high school or middle school, like fighting (knowing it's not going to solve the problem), making fun of other people (knowing that's not how we would like to be treated), and smoking (knowing it's bad for our lungs). We just wanted to be like everybody else"". But,

at the end of the day we learn from our mistake and become a better person in life. ",454,10,Female,Economically disadvantaged,Black/African American,train,3,4,3.5,4,4,4,3,4,3.5,3,3,3,4,3,3.5,3,4,3.5,4,4,4
B407B3F81C9F,Self-reliance,"Everyone has their personal choice or opinion they believe in. People should not seek guidance from an expert. People in today's generation know what wrong and right is. If the expert were to guide you, he or she would guide you from their prospective not what you believe in.

You will always have to make tough decisions in life. It can impact you in the future but you will be mature enough to know the right decision. It's your choice and opinion on what you do with what matter comes into your hands. Some go with their instinct others do mindless choices.

Some of these choices can be personal to tell an expert or maybe your not comfortable. The expert may have their own opinion on the decision. The ideas you come up with for your for your choice can be a better solution. There is no point in paying money for an expert when you can make the choices yourself.

The ideas you have can be very successful and impact your choices. With the ideas you can influence the choice so it can lead to the right path. It's a good choice to come up with your own ideas. Possibly, the ideas can persuade the choice you make and will not make you regret it afterwards.

In conclusion, I believe making your own choices and decisions is a better choice. The choices you make will lead you to success or failure but you have to keep trying. You do not need any expert to tell you about your decision. You need to make the better choice and decide what good and wrong is on the decision. Your opinion matters and will influence your choices in the future. This will impact you to become a better person to benefit to society.",287,11,Male,Not economically disadvantaged,Hispanic/Latino,train,4,4,4,3,3,3,3,4,3.5,3,4,3.5,4,4,4,4,4,4,4,4,4
B7350254EE93,Self-reliance,"Why people should make their own decisions for them self.

Should people make their own decisions? yes people should make their decisions because important, people will accomplish more faster, and teaching responsibly.

People make decisions important. Everyone wants to feel like they play an important role in the family. By allowing your children to help decide entertainment or snack types, you give them a place in the family where they realize their voice are heard. from something as simple as deicing which good thing to buy they can feel like they are a part of the family more so than will be present they simply want to matter.

When people make their own decision people will accomplish more faster. When you know exactly what you are trying to achieve, you can do it faster period. I doubt that requires more explanation speed comes from greater clarity of purpose and process.

People make decision teaching responsibility. Not all decisions can be met with a successful experience. Perhaps a child picks a movie that is not as good as he or she thought it would be or dessert was disappointing in last. This can help you teach you child to learn from previous experiences. He or she needs learn that not all decisions have a good and positive out come and we learn from this process to make better decisions next time.

Should people make their own decision, it is important for themselves, and important role in the family. People can teaching a child decision have good things and positive. When people make decision they will accomplish more faster you can know exactly what you are trying to achieve.",237,12,Female,Economically disadvantaged,White,train,3,4,3.5,4,3,3.5,3,3,3,3,4,3.5,3,4,3.5,3,4,3.5,3,4,3.5
B7F56382EF7D,Self-reliance,"people should make their own decisions about life's important matters. First, it could be profitable for them. Second, An expert could make unhealthy decisions among people's life. Third, people would make the best decisions through their life. people should make their own decisions because it could be profitable for them, it will be healthier than a decision of an expert, and people would never make an unhealthy or a negative decision about their life.

At first, people should take their own decisions because it could be profitable for them. If people take their own decisions than they can save a lot of money that an expert asks for. Also, people can save their time that an expert takes to make a decision for them. Therefore, people's own decisions could be much more healthier among their selves and their families. A healthy decision could also be profitable in the future. As an example, a good financing decision could make someone's life better and keep him away from being bankrupt.

Second, people should make their own decisions because an expert could make an unhealthy decision among their life's important matters.

For example, a bad financing decision of an expert could result in a bankruptcy of someone else and that could destroy a whole family. Also, an expert would never know what a person need and what is the best decision for them. As another example, if a person choose his career by the advises of authorities or experts he may not enjoy the job that the get in the future and that could result in depression. Also, an expert or an authority may not care enough about some one else's life.

Third, people should make their own decisions because every individual knows what is the best decision for him. People will always make the healthiest decision among their life for a comfortable future. Also, every individual knows their own reasons that an expert does not knows those reasons for a healthy and a save decision. An expert would never know what a person needs and what is the problems of a person in order to make a decision for him. Therefore, people should make their own decision in important matters of life.

In conclusion, it could be said that people should make their own decisions because every individual knows their own good, a person will always go for the healthiest decision, and it is also profitable for their present and future. At the end, people should always trust their selves for making their decisions.                                                                                                                                                                                                                                                                                                                                                                                                                                                                                                                                                                                                                                                                                                                                                                                                                                                                                                                                                                                                                                                                                                                                                                                                ",959,11,Male,Economically disadvantaged,Asian/Pacific Islander,train,4,4,4,3,3,3,3,4,3.5,4,4,4,4,4,4,3,3,3,4,4,4
B84FF4E3504F,Self-reliance,"what is self- reliance? gladly you ask let me tell you that self reliance is when students and adults make decisions on them self or others. There a lot that we can talk about but i highly recommend start off with the events and problems that we are having today. These events are not only effecting us it's effecting the whole UNITED STATE OF AMERICAN. Government shutdown it not only effect us it's effecting everyone business ,stores,farms . Seeking help and guidance make a huge different .Not only one mind that is speaking but there should be more so we talk and decade bout the issue and we can give more ideas and information. we don't need to tell our child to be followers there are leaders by teaching them these skills make a big impact . Leaders always seek help too they start off small but over the time the income until one point you have all knowledge you need but still to this day we still ask question grab more information.

we can compare these skills and source to our family,jobs,lifestyles.

It's not only students that need it .Having self-reliance and seeking guidance by seeking more information make us better in our jobs,lifestyles. We are also leaning but at the same time we also teaching it to others these skills are not useful. We would all need them reliance can be compare to leaderships standing up with you think it right for you and your career we believe that our answer is right but we don't want to be wrong but by seeking guidance and other people ideas always asking questions give you other option to choose from. I highly recommend that we always want to be the right but sometimes seeking answers and ideas give you more to think bout not only you and others too. we don't have to go far the military ,world decision does it effect us? yes it does why i'm asking you it because things no one really care bout really we should these are problems that need to be solves.

Military is a job,life and a career in your hands. Those man and woman that are serving our country they had a hard call to make. Before doing all that they need those soldiers to be ready there mind and skills are the most important that were self -reliance comes in to play. They can wait commander give you the call but you have man and woman life on the line you have to make a decisions. That why drill soldiers get you ready at base boot camp for mind and skills to ready and thing of these issue would not happening .doing that time you always need to ask question grab information it important you give you more feedback on what you work with or what are to get these skills are so important not only for the military in our life too we have big decisions to make it can involve your kids or career these thing you need to keep a look out.

NO matter what age,race,sex,color you are is so important to seeking these things the are really useful in the future and now always think that these skills get far and one day you would teach you kids bout money and business and more but right we all need to see what is really going with our government make a change we do not what to have a stock market crash again so use your voice,skills and etc to helps others not only yourself this world need to voices and our government need to rise again where it was before our jobs and homes are so important and how we spend our money and time and seeking out questions and answers make a big different in our society and community

Our jobs we get by our boss and our boss get there money from the government. When our government shut down there would we lose a lot of money a lot of business owners we lose there business and homes these thing we have to look at not should i get the new 2019 car no what is important is that show other step by step always seek guidance and give new ideas never forget to ask question it doesn't hurt to ask people you would see thing different and clearly. never be fare of asking we here to Lean everyday. we are people and no one is perfect we would learn everyday until we get old never stop seeking answers and always share your ideas to everyone. i'm ending this today saying seek guidance never stop asking question thank you so much for your amazing time have a great day.",762,11,Male,Economically disadvantaged,Hispanic/Latino,train,3,2,2.5,2,2,2,3,2,2.5,3,3,3,3,2,2.5,3,2,2.5,3,3,3
BD0CEEC9B429,Self-reliance,"People should seek guidance from experts and authorities about lifes important matters for many reasons, there are some emotions following our own decisions whether is right or not, people shouldn't always follow their heart and do something it could cost your life in the future. Another suggestion is asking for help to those who knows how to guide and gives ideas to people following their own decisions . Having some different types of ideas from different people or culture it can help us to work and do better in life because life's important matters. It can help our sociatity do better for our new childrens and the anyone whos around in our environment.

First of all, some particular people sometimes shouldnt always follow their heart or emotions whether is right or wrong we can always seek for help and do what we like to do in our daily life. For example, the other day I made the worst decision because I didn't have the courage to share my thoughts with anyone in my family or friend about quitting my job or not. I felt like if I suggested to ask someone to help me clear my mind I was going to do better now. Next, later on I saw my manager and told me they had a better job position for me with better health insurance plan. In this case I feel that seeking for guidance is not always a bad idea, is the opposite we can help each other. I made a bad decision for not comunicating with others about my problem whether to stay or leave, what i did it was left the job.

Secondly, in many cases we think we know a lot, but in reallity is that other people can help us to do and give new ideas in our life. Than, If I want to change something in my life I have to love myself more and have the courage to comunicate with others and let them know what I am thinking and expect a better results. On the other hand, making your own decision can also help you to be succesful about life and not depend on others. For example, someone whos expert, can let me know and give me some advices about a proyect because they alredy know it or went through and have lots of experiences in that area. I always believe imformation is important if we working as a team is the best for the human we get to know each other time and values. Although, everything works best when we seek for a true guidance.

To conclude, in many cases people are really succesful because they met or know someone from different culture and shares different types of ideas. In this world we live in many times this is the best way to work with as a team by seeking help from experience people and open up our brain more to understand the problem and to move on forward in our life. If woman and man work together life's gets easier because we all putting our effords so that we can have a better tomorrow for our lifes and childrens. Lets all do better and be better for a better tomorrow.          ",517,12,Female,Not economically disadvantaged,Hispanic/Latino,train,3,4,3.5,4,4,4,3,3,3,4,4,4,3,3,3,2,4,3,3,3,3
BD951BF14177,Self-reliance,"Do you know that many people like to make their own decisions? Making your own decisions is not really good idea because a lot of people think wrong and they make a lot of mistaks. Seek guidance from experts and authorities about life's important matters much better because you can get many good ideas from people who had experiences before and know better than you.

Making your own decisions can make your life worst. Also, it's not good for young people to make their own decisions. For example, I know one boy he is 17 years old. He was all the time take his own decisions. He had money problems and he didn't tell anyone about his problems. After 2 years he became homeless.

Seek guidance from experts and authorities about life's important matters is really helpful for everyone. Also, it can make your life easyer and better. For example, one of my best friends he is older than me. I had problems with my life. I went to him to ask for help and I told him about all the problems. He started to talk with me and gives me solutions.

Making your own decisions is really not good idea specialy for young people. It can make your life bad and you may have many problems. Seek guidance from experts and authorities about life's important matters can be really helpful and it can be the solution for all the problems.

Seek guidance from experts and authorities about life's important matters will make you success in your life. Also, You will have less problems and your life will be easyer and much better. Seek guidance from experts and authorities about life's important matters also really good decisions to make to be success.",266,12,Male,Not economically disadvantaged,White,train,3,3,3,2,4,3,3,3,3,3,3,3,2,3,2.5,3,4,3.5,3,4,3.5
BF267B42A2A4,Self-reliance,"The humanity now in days had been not so good lately, there is many different opinions on how you should do things in life or how you should act. It is well informed that people can be complicated but nobody will said the life will be easy all the time. I think people should start making their own decision because, they can learn about life, have a better understanding on how life works and how to value their-self and be efficient person on their own.

However, there is a big chance that people can tell you how you really should live your life, you have to experienced it in persons there will be a day when you are going to fall or something can happen you are not aware on how life can be so hard and difficult in times. Also mistakes are allow nobody is perfect life will surprise you anytime without you notice it you got to be ready to face it not matter how easy or hard it could be. When you make your owns decision you will be capable of making the right decision for yourself.

Meanwhile, it is hard to understand life sometimes but is part of our daily life and you have to understand how it really works so the way you do not stress out for a simple thing, life gives you challenges that only you as the only responsible of yourself have to face it and all will depends how you take things it will be a result of it. As we grow life will make us stronger or weak it all depends but best choice of making the right thing is that you should be aware that anything can happen without given you a hint it will hit you on the right time or not on the best time you wanted it. Anything that will hurt you will make you strong and that's how you know that your are living life.

Lastly, people might not notice it but if we do not love ourselves nobody will do it, people do have to depend on some else to be happy it's all about you. In addition anything you do will not make others happy you have to learn to do everything on your own because that more efficient you are the more good things in life you will make. Be your own and value every single thing that is around, but remember nothing is easy life can surprise you anytime.

In conclusion, people should start making their own decisions to be aware of what life really is if your learned and have a better understanding about life in a daily routine anything that will happen will not surprise you. Loving yourself will make you love others. Hopefully people will take a note that life is all about you and not others each person has a different thoughts and ways of seen life. ",462,11,Female,Not economically disadvantaged,Hispanic/Latino,train,3,3,3,3,3,3,3,3,3,3,3,3,3,4,3.5,3,4,3.5,3,4,3.5
BFAEA615906C,Self-reliance,"All individuals should follow their own instincts, and ideas. when trying to build a successful future, people should create their own ideas, make good decisions, and experiece new things by themselves to get more confident in their lifes. However pleople should make their own decisions and manage their ideas to do what they think is correct.

First, people should create their own ideas. although, they have to follow their instincts, and don't led anybody disturb their mind. Think on how they want to improve and try new things. Also seeking ideas from other people is not a very good thing when it won't benefit them. To understand what the role of life is, people should expand their ideas And work out more by themselves.

Second, people should make good decisions. In other words, people should decide what they really want. When people make good decisions they tend to be successful and encourage themselves to keep growing. Decide what people really want, and what can they really do, is very important, since not everyone is able to do what other people can do. Therefore, confidence is the key to make good decisions. We can also say that people need time to think about any bad consequenses that can result from any of their decisions.

Third, people will get more experince. In fact, people know more about life when their experience is greater. Experience will help people to know how to face problems whenever they make a mistake. Also, an important point of experience is that lessons of life won't led people make the same mistake over and over. Correct or incorrect decisions would make people more experienced. That's why, experienced peolple are more likely to success than not experienced peolple in order of the kind of knowledge that they have.

In conclusion, people as builders of their own life, should be independent, and don't wait until someone tell them what to do, and how to do it. Reasonable people would make up good ideas, be careful with any kind of bad decisions, and use experience as a tool to success, and build a great future for them.",341,11,Male,Not economically disadvantaged,Hispanic/Latino,train,4,4,4,4,4,4,3,4,3.5,4,4,4,3,4,3.5,4,4,4,4,3,3.5
BFD5F32AA3C2,Self-reliance,"People should make their decisions because first everyone should depends on himself in life to get more experience second people are not going to learn unless they make their own decisions third making decisions make people stronger and know what to do in a hard situation.

One Decision Can Change A Person Life!

However, some people might argue with that, because they think that people should not make their own decisions but they should seek guidance from experts to make a better decisions for them.

First, everyone should depends on himself and make a better decisions in life to get more experience for example a student can't get a good grade unless he makes a decisions to pay attention to the teacher and doing the homework.

Second, people are not going to learn unless they make their own decisions for example nobody will be by your side all the time and in the hard situations to help you make a good decision and a person should not just think once but twice and think far and know what are the consequences of every decision.

Third, one decision can change everybody life and that is on of the reasons why people should depend on them self because nobody cares about you more than you. Other reason is most of the successful people they started from nothing but they made a good decisions and they became successful.

In conclusion, people should make their own decisions because first everyone should depends on himself in life to get more experience second people are not going to learn unless they make their own decisions third making decisions make people stronger and know what to do in a hard situation.

Are you gonna make your own decisions now?                                                                                                          ",491,11,Male,Economically disadvantaged,White,train,3,3,3,4,3,3.5,3,2,2.5,3,3,3,3,3,3,3,3,3,3,3,3
C168D81A3425,Self-reliance,"People should'n need an expert for their life important matters,they should'n be trusting other people you can create your own ideas, you never know at the end of the day how things can result you may need an expert you may not.

In my opinion having an expert for your lifematters is not the best idea, but for people that are old they may need a life important matter because they need other people to help then with their stuff, people should'n be trusting other people with their benefits or lifematters.

You may not know the person you never know how big of a deal can be at the end of the day they can take everything from you or they can be stilling your stuff without you knowing, i would rather manage my own life then being attach to somebody else.

being able to manage your own life make it easier for yourself, you can make your own ideas and decisions with out anyones consentiment, and you can achieve everything by doing it.

Having an expert for your lifematters is not neccesary for your life is just a waste of money by hiring or having one, you can depend from yourself or your family if you ever struggle on life.

Because people from those companies may treat you well and confortable, but you never know with what intentions they're donig it.

Not having a lifemattercan complicate your life style in some ways,your health is not secure you need to pay a lot of money for the hospitals but it aslo helps you how to live your life and teachs you how to manage your own buissnes and decisions, you can only depend on your self everybody should know their instincts; they should'n be scare to manage their own life at their own risk, you need to challenge your self of how live life with your own decisions.

In conclusion people should'n have life matters experts because, at the end of the day you never know how life can changes you ,so you need to live your life with your owns decisions and your own instincts, you need to create your ideas and achieve then with your consentiment and your own risk you need to be yourself with yourself and take care of your life style and your own buissnes.        ",358,11,Male,Economically disadvantaged,Hispanic/Latino,train,3,2,2.5,3,3,3,3,3,3,3,3,3,2,3,2.5,2,2,2,3,2,2.5
C262F0931AA1,Self-reliance,"This prompt is about some people that need help to make their own decisions or need someone to told what they need to do even in their personal life.

The question say "" should people make their omn decesions, or should they seek guidance from experts and authorities about life's important matters?"" some people they will said that is better if someone as came and make there decisions in everything so, they don't need to worry about anything.

There are another person that think that is way to much because how someone that they don't know is gonna make their decisions and also the dicisions of their life.

This is a big topical because like I said before so many people can desagree with this but there are other that are agree with this,in my opinion I'm desagree with this becuause is my life and I need to leard how to deal with it. Even if my life is the worse one I going to take care of all my decesions sometimes we can ask at someone for a opinion maybe, because the person is more older then me but is only a opinion you're not gaving authorities at all at the person to go and make your decisions and then take care of all your stuff.

In my conclusion is better if you take care of your on stuff doesn't matter how hard that it, is your life and you are the only one that knows how to deal with everything that you have done so, this is my last decision people should make their own decisions. ",247,12,Female,Economically disadvantaged,Hispanic/Latino,train,3,3,3,3,3,3,3,3,3,3,3,3,3,2,2.5,3,3,3,3,2,2.5
C97C2190DB65,Self-reliance,"Imagine someone asking another person wheither they should go to a friend's party or to the movies, but he or she told them something like, ""It's up to you to decide, not me"". That person eventually agrees; but when they finally decide on wheither to go to the party or to the movies at the last minuate, they end up missing out on both. Sometimes, making decisions on your own can be pretty tough and frustrating, but it helps you become more independent and you do not have to relay on other people's decisions.

People can not depend on other people for what they think all the time. It shows that instead of being progressive with their work or anything else they're doing, that person can not make up their minds or is just being lazy and is always looking for someone else's opinions instead of their own. This also shows that they are not self-reliant or progressive like how most people usually are.

Making our own decisions also means following our own intincts. For example, a group of teenagers are planning to skip school to got the beach for the entire day. They try to convince two other of their classmates to join them, but they told them no and that they are going to get in trouble for missing out on their classes. Trusting our intincts can be very helpful when it comes to things like skipping school, alcohol, or even having sex with someone. It can maybe even save your life or someone else's in the future.

It also helps people become more independent on their own. People can not always depend on their parents for the rest of their lives, they will have to move out of the home they grow up in to start looking for jobs and earning to support themselves. Another example is when a teenager starts appling for colleges that they want to go once they graduate from high school. They probably have been told that college will help them get ready for when they are ready to get a full-time job (which also has to be something they want to do for a long period of time), pay taxes and bills for when they have a house or apartment to live in, and maybe even take care of their familes.

People should make their own decisions because they can not always depend on other people's opinions, they should follow their own intincts that can probably save their lives one day, and it helps them become more independent to get ready for the future.   ",412,11,Female,Not economically disadvantaged,Asian/Pacific Islander,train,4,4,4,4,4,4,5,4,4.5,4,4,4,5,4,4.5,4,3,3.5,4,4,4
C9E127E1B4E2,Self-reliance,"People don't have own decision becuase they like decision for others person?

People like decision for other person because they have more experiense for there future.

Some people need to go guide for talk to conselor because they need someone to have confidently with that person. example: people have to make good decision and confidently they life.

Old people have to make they own ideas because is help own ideas becuase they are olders and they have more experience from his heavy?

they have to make ideas with own life because is important to make own ideas because is help in the future.

people have to do ideas with own life because in the future when they have own family and they have experience from they parent. Example: parent have to make desicions for they son and daughter for they have good future and they life.

Some people have good decision is because they confidently with own life?

people who make good decision is becuase they cofidently with own life and experience when they are young.

some people when they are young have good decision becuase they think first to have one or two decision or they ask they perant from what opinion for that decision they have.

Example: When we are young we make good decision for future but with the advice of the parent.

They have lesson for make good decision for have good life?

because people have many lesson for they future and they life but they have one counselor for they can talk any day they can go with counselor to they can make good decision or thye can talk about life or problem.

becuse they have to trust life for decision and make good ideas for they life.

Example: People have to trust more and they life for have good lesson and good decision.

I am agree people need to make good decisions and they need to have good ideas for they life they need to have counselor for they can talk when people need to talk because somepeople need to have experiense for they life and they future sometime people can mot make good decisions and they need to talk with other person who have confidently for his can make that decision his have and his mind and they need to change the good decision with other person for they can thing about that decision some people take some position for make good ideas for change they life or future that more important and they life is matters what they think for have good family and they life. I agree with this because some people have alot problem and they life people and they can not make good ideas and good decision i hunderstand that because when we have problem and life is dificul to make good decision and make idaes some student have good decision and they make alot thing for they can help and they life because they think they want good future for they life and they want to make good ideas for they life because they want parent happy about good decision they have and they life because that ideas they have is more different of other student have good ides.       ",502,11,Female,Not economically disadvantaged,Hispanic/Latino,train,2,3,2.5,2,3,2.5,3,3,3,2,3,2.5,2,3,2.5,2,3,2.5,2,3,2.5
CA58CF3D8943,Self-reliance,"people are scare to make their own decisions , some of them when they have a conflict or a problems in their life, most probable ask an experts like psicologo to help or to they can give them a advice. I agree that each people with self-reliance follow they own instinct and ideas that matters if the make at mistake, and do not care what the other people can say about you.

People need to take they own decisions. Many people are scare to make their own decision and went this happened they decide to ask somebody else like a psicologo to help in their own problems, in my opinion this it is wrong because it is your life, you need to care no somebody else. In my case sometime i have a problems when i want to take a decision in my life, but in my opinion this is good because i care about my self and always i want to do everything good . Young people are scare to make they own decision and this is understanding, some of the people they do not follow their instincts and ideas, this means that sometime they take somebody else ideas.

people always have a conflict to believe in their self.

Many people do not believe and also do not trust they instincts and ideas, this happened went that person always take a decision but that decision it is a mistake. or sometime they care what the other people say about them, for this reasons i think they have a conflict and they are scare.

people with a self-reliance. People with reliance believe in they self, they take a decision with out any problems and also they do not ask for helps. This people when they decide to take action or give a ideas they do not scare what the people can say about they decisions. Many people have problems when they have to take any decision in theirs life, almost all the time is because they care what they people can say about them.

In conclusion, people do not need to care about what the they people say or think about their life,

it is your life you decide how you want to enjoy it. That matters if is with mistake, Some people are scare to make their own decisions, some of them ask for help or any advice. each persons need to trust in self and instincts.",381,11,Male,Economically disadvantaged,Hispanic/Latino,train,3,3,3,3,3,3,3,3,3,3,3,3,2,3,2.5,2,2,2,3,2,2.5
CB17AF6F1138,Self-reliance,"By: Generic_Name 03/20/2019

Should people make their own decisions, or shoud they seek guidance from experts and authorties.

If you take decisions, you can have a good life for you'r future. For Exmaple if you want go to the College but you talk with your self and said no go to the college because you not are Intelligent, so you try to deisions go to the college or not go.

you can take your own decisions,For Example: if you take one decisions are bad or no the people need to repect you'r decisions because is you'r decisions,So They not want to know why you take that decisions in my opinion the people only want the bad for you.

You can take more control about you'r decisions,For Example: you can have more control about you'r decisionsFor Example:you can have more control about you'r decisions if you control you'r decisions you can take good decisions and that is good for take decisions

So, you need to have contro about decisions.

you can have you'r own decisions is good to take you'r decisions because you have more capacity to take other decisions, So in my opinion is good to have a decisions because can help to you in the Future but if you take something good for you'r life or for decisions.

In Conclucion: Should people make their own decisisons, or should they seek from experts and Authories. Take decisions for you is good because you can have good life for the future,if you want go to the college but you talk with you'r self and no go to the college because you not are Intelligent, so you try to decisisons go to the college or not go.    ",239,11,Male,Not economically disadvantaged,Hispanic/Latino,train,2,3,2.5,2,2,2,2,3,2.5,3,3,3,3,3,3,2,3,2.5,3,2,2.5
CEFC32741811,Self-reliance,"People who have self-reliance define it as the need for each individual to follow his or her own instincts and ideas. I think that getting guidance from experts could help make decisions better because most people look and ask for guidance on a lot of things most of them are on decisions to make whether it's a good or bad decision to make.

I have asked people for guidance on decisions i remember i asked my old teacher if i should move to the U.S or stay in my country Generic_City. He told me that it would be better to move to the U.S because i would have more chances of being successful over there than staying in Generic_City and that i would have a better life too and that was one of the hardest decisions i have ever made in my life because i was leaving friends and family behind and i didn't want that to happen.

I have been asked for help before, my friend one day she called me and asked me to help her on her relationship i could tell that she needed help and guidance i could her it in her voice they got into this argument and she told me that it wasn't the first time they have argued before and she told me that it got to this one point that it made her cry so i told her that she needs to break up with him and that he wasn't good for her and if she keeps dating him the argument's could get worse what if he starts getting violent with her and stuff. I told her that it's going to be hard but it's for the best.

People ask for help when they need it or when they want it , However some people may not agree with me because they value their self-reliance and trust their instincts, they think that they should keep their personal problems to themselves but eventually those people are going to start having this feeling like they should talk about it to somebody and ask for their guidance because the same thing happened to me i didn't like telling people what was going on with my life later on i started feeling like i needed to talk to somebody about my decisions and i started to ask my family and friends for guidance. It's not bad to talk to ask people for guidance it can help you make decisions easier.",387,12,Male,Economically disadvantaged,Hispanic/Latino,train,3,3,3,3,3,3,2,3,2.5,4,3,3.5,3,4,3.5,4,4,4,3,3,3
D0A218161D37,Self-reliance,"Prompt essay

People who value self-reliance define it as they need for each individual to follow his or her own instincts and ideas. Should people make their own decisions or should they seek guidance from experts and authorities about life's important matters?

People shouldnt make their own decisions,because they might do something and the need someone thats cam help then or else their going keep doing bad decisions and if they make bad decisions they can get in trouble,problems and etc.

Some pf the people think that they make the best decision but they might be wrong because they always choose the right one or the wrong one it depends on how good are you making choices not always their going to chooser the right one.

Just like how it happen to someone his told him that he could help him go to college but the kid didnt want to go to college as far I can see now he regret not going to college why? Because he made a bad decision his dad could help him but there was a problem he didnt want to go to college. Now he have to work 8 or 10 hours peer day and when he juts could go to college study a carrier that he likes but now his suffering why? Because he didnt make a good decisions. He should be working as a lawyer or Doctor.

There is some people that they dont believe in themselves then juts do whatever they think is good for then but it doesnt work that way they gotta make a decisions a good decisions if they are under 18 years old they have to ask their parents father or mother. they can help him.                                                                                                                                                                                                                                                                                                                                                                                                                                                                                                                                                                                                                                                                                                                                                                                                                                                                                                                                                                                                                                                                                      ",1839,11,Male,Economically disadvantaged,Hispanic/Latino,train,3,3,3,3,3,3,3,3,3,3,3,3,3,3,3,3,3,3,4,3,3.5
D0D7C3A056CE,Self-reliance,"Should people make their own decision ? or should people seek for guidance ? I think you should live your life the way you want to live it with the guidance of your parents because they already lived theirs. Our parents have experienced life and it's challenges and which they would want the best for us and nothing else. For example you are looking to purchase a car, you would ask your parents for their thoughts and guidance because they have already been there done that. Deciding what you would want to be in life, Now thats a choice you choose on your own, you choose if you want to be successful in life, you choose if you wanna have a big house, a nice car, a good job thats all you from what i've learn in life is that nothing is gonna be done by it's self. You are not gonna get what you want if you dont get up and handle it yourself.

I look up to my older brother because he moved out with a goal and that goal was to own his own car, his own apartment by the age of twenty one and still going to school part time. I aspire to be like him so hard working and with a goal to do it all by himself with the guidance of my parents of course. But thats not the point, the point is that he left my parents house with a goal, determination, and self trust he always told me that its all about taking risky decisions in life.

Nobody cant make you do anything but yourself the only person that can harm you is yourself the decisions you make in life will impact yourself. You decide what is right or wrong in the real world because outside of high school its a whole different ball game you are gonna make bad decisions and good decisions but its okay mistakes will happen and mistakes are good because you will be able to learn from them and grow as a whole. i think mistakes are a blessing because i know that my parents both made mistakes and some a regretful and some are a blessing that you will learn and live to tell on.

I think it's important to have something or someone to inspire you to motivate you have to trust your own gut because you can always look up to them. Or be someone a person can look up too, be motivation for someone else be someone you want to be in life. But its not just gonna be handed to you you have to work for it there are always gonna be obsticals in the way or challenges in the way but you have to tell your self to just keep swimming. SO YES i think people should make their own decisions in life because its your life do what ever your heart desires!                      ",486,11,Male,Economically disadvantaged,Hispanic/Latino,train,3,3,3,3,3,3,2,3,2.5,3,3,3,3,4,3.5,3,4,3.5,3,3,3
D129F19FF7F7,Self-reliance,"People should make their own decisions to avoid bad guidance from other ""experts"".

Everyone should make their own decisions because they know themselves better, they know what they like and what they want, mentally and physically. For example if someone bought someone else something that they didn't like or didn't want and is the total opposite of what they needed, they wouldn't have sent the other person to go get it in the first place, now would they?

Also, people should make their own decisions so that they could learn from their own mistakes and their misjudgments. For example, people buy the wrong size of clothing online everyday without trying it on in stores first. People will now know to go in stores first or to get themselves measured first before ordering clothes online. Another example, is that people look at something they think is interesting and nice, but won't read the directions or the descriptions that come with it and once the package that they got or ordered it at their homes and in their possession is either not like the picture or is smaller then what they thought it would be or is just one piece of what you ordered. This is a great learning experience for them to not do it again and to always read the descriptions of what you're ordering comes with.

Lastly people should make their own decisions because not all ""experts"" can really help you with your situation or not even do so well on your case. For example, people can pay a lawyer a huge amount of money for them just to fail on your court case. Another example, people pay to see a doctor for something they think is wrong with them because they're hurting badly and doctors will say you're perfectly fine and prescribe you an expensive pain killer, which people can already have at their homes. Last example, a therapist can also prescribe you medication that you don't need but will still give it to you because they can. Some therapist don't believe in that but most do.

So therefore, these so called ""experts"" sometimes don't know what they're doing or sometimes they are trying to make money out of innocent people or even sometimes is it always okay to make some mistakes and learn from them and your misjudgments. So it is always better to make your own decisions to avoid bad guidance from others.",347,11,Female,Economically disadvantaged,Hispanic/Latino,train,4,3,3.5,4,3,3.5,3,4,3.5,4,4,4,3,4,3.5,3,3,3,3,3,3
D1B9985EAF6C,Self-reliance,"People should seek guidance from experts because they can help you to make a wise decision. For example, sometimes we as a person take bad decision that isn't favaroble for our life; but our guidance as our parents, mother or father give us advice to not take a wrong decision, and we have to follow their instructions because they're wiser than us, and they help us for our goods, so they don't see us ruining our life by ourself. Experts can show you how valuable its our life and how much we have to appreciate it. We as teenagers are not suficient mature to take a wise decision and mostly we as teenagers take the wrong path for not being wise enough or not having knowledge about how to take an important decision for our life without noticing how damage are our bad decision for us, and how much we can hurt ourself by not knowing how to handle it. Our decisions hurt people we love even though you don't want to hurt them because we let our impulse control us, and because of those decisions we hurt ourself and we hurt others by not realiazing that we push back our family and friends. Your decisions makes you grow as a person, but also make you find yourself, your decision are the ones that makes you be who will you be in the future, so you decide who you are gonna be.

In concluision, be wise about your decision get help from a person with more experience, and don't let your bad decision to define who you are, be yourself always following the correct path. ",265,11,Male,Economically disadvantaged,Hispanic/Latino,train,4,3,3.5,4,3,3.5,3,3,3,4,4,4,4,4,4,4,4,4,4,3,3.5
D5202DF530D1,Self-reliance,"I feel like people making their own decisions will be a lot better for that person. But seeking guidance is that bad either for someone to make their own decisions says to someone else that they know what they are doing and can build something great with how their working and planning for the future.

Although seeking guidance is the worst thing to do, i feel like people making decisions for themselves is better.

For example if i were to go to someone for guidance or for something more and they give me some sort of guidance or idea and it turn out bad for me. Than i would never be able to go another person for guidance and ideas and i would most likely turn to myself. Then theres the problem that the reason that i went to seek guidance was because i couldn't make a decision for myself and now since I'm self reliant it will be hard for me to make my own decisions.

Now if i didn't go to the authorities and experts and made the decision for myself but it still ended up being bad outcome. It still would have been a lot better for me so that i can use the experience of making my own decision to help make better one in the future.

Now if you go to the authorities and experts to seek guidance and it it come out great and now your life is going great. Until the time to make your own decision it will be even harder to make then the time you went for guidance. That you yourself will fell behind and lose whatever chance that you had because you never made a decisions for yourself and thats problem some people have because they have been going to someone else to make your life decisions.

In conclusion to go somewhere to seek guidance isn't bad it's what comes out of it to help you if it turns out bad or good it will effect your decision making to be better and worst. In my opinion making your own decision will be better then any expert ideas because it help yo in your life and what comes after every decision you make for better or worst.  ",368,11,Male,Economically disadvantaged,Hispanic/Latino,train,3,2,2.5,3,2,2.5,3,3,3,3,2,2.5,3,2,2.5,3,3,3,3,3,3
D54C778A8F9C,Self-reliance,"I think it can go both ways people can make their own decision or they can seek guidance from experts, or authorities. But its really their choice on what they want to do, it would be helpful to have an expert or authorities to help you with ideas.

People who make their own decisions on life important matters shouldnt need no help with decisions because they have it all planned out its called being responsible. Its always good to make the decisions on your own. There fore you dont need no seek guidance from other people.

People, who value self reliance is doing things on their own like homework,classwork,jobs but then they are talking about should they take guidance from experts, i would take guidance from experts because they know more. they have been there and they have experienced everything so they know how it is. I feel like doing everything on your own can be difficult and tirering and then you just feel like giving up.

In conclusion i think people should get ideas and help from experts and authorities just like i said before they have been there and they are more experienced and i feel like they can help you a lot with anything and help you be successful. ",204,11,Male,Economically disadvantaged,Hispanic/Latino,train,3,3,3,3,4,3.5,3,3,3,3,3,3,3,3,3,3,4,3.5,3,4,3.5
D581D89A822A,Self-reliance,"Should people make their own decisions, or should they seek guidance from experts and authorities about life's important matters? People should make their own decisions because if you trust your decision there is no reason why you should ask someone else. Putting some trust on your decision can help you do what is right or wrong. However, part of your decision needs to come from your heart.

Firstly, If you want to accomplish a dream in your life you need to put some extra work trying to get it done. Also, getting it done is not going to be easy but sometimes you need to try. For example, lets say you are a soccer player and you have a game but you don't trust your team mates what is going to happen is that you might lose that game. I know is hard to trust someone who doesn't act or look the same as you. I would take my decision and ask my self should I trust them or not?

Secondly, trusting your team will not always be the same but you should follow your instincts. Example, one day I made a bad decision of not cleaning the back yard of my house for like three months and it was fall and what happened was that it got full of leaves. If you take wrong decisions will cause you things that you don't want. When I saw my back yard full of leaves I ask to myself why did I make the decision of not cleaning the back yard. Ideas are part of what you should take seriously in your life. The idea of going to school should be one of the most important things you should do.

Thirdly, asking for help in taking a decision is not a bad idea. However, every day or every time you want to ask someone for help you must know who you are asking. For example, if you want to ask someone what you should do after graduation must come from you but sometimes you can ask questions to your family and talk about it, they might know what is the right thing you should do.

People agree with you taking your own decisions than doing what other says. Other unknown person's decision is what you should never do in your personal life. What I do when I have to take a decision of doing something is to think the decision twice.

In conclusion, never give up a decision of you doing the right thing. Always do what your parents says or ask you to do because they are the ones who wants you to accomplish your dreams, be there when they need you, talk to them when you need to. Other people who you should talk to are your siblings.                                                                  ",857,11,Male,Economically disadvantaged,Hispanic/Latino,train,3,3,3,4,3,3.5,3,3,3,4,3,3.5,3,3,3,3,4,3.5,4,4,4
D93EC6A7E859,Self-reliance,"people who value his ideas came be a millonarie person example when his wan t to do something like a market places or store his thinking what to put on his store his making his own decision or he came go to the expert or he came has for help the expert and autorities they came do nathing because his my ideas an things if i need too kill some body they not going they what who came do it people always do his own decision never faul the rules in this worlk thats why is so many deaths if the people are more focust to the work the work his going to be more betther the life is inportant because you only have one on this worlk you no have second time if you you dead all your familly is going to be crying i know i not going to pass this test bout is a example what i saing to life.

life is beautyful whit god on you thats another level that why i saing to life the life is mathers becaise with my own ideas an decision came do anything a want to do if the people are respecting his own decision are gone be bery good.",197,12,Male,Economically disadvantaged,Hispanic/Latino,train,1,2,1.5,1,1,1,2,1,1.5,2,2,2,2,2,2,2,1,1.5,1,2,1.5
D95B78E39793,Self-reliance,"It is 21st century people have their own opinion and decisions. Human revolutionary has changed drastically over the time. People now are smart and makes wise decisions on their daily basis. However, people tend to take risk upon their decisions without any consultancy with experts and authorities.

People should always seek guidance from experts and authorities whenever they are making any big decisions. It will be more easier for them to choose options when they seek guidance from someone who already knows about it. People often tend to make wrong decisions when they make decisions by themselves. A lot of celebrities have their personal guidance which is their manager. Manager makes a thoughtful decisions for celebrities to keep them on track of their career. If celebrities tend to make their own decisions many celebrities would go downfall in their career.

The decisions people make should be thoughtful and have guidance from experts. Christopher from into the wild book, he is one of the example for to take advise from experts or else people will end up like Chris. Christopher did not take any guidance from anyone while going into the wild of Alaska alone. He did not have any good materials to take with and didn't ask for help. MC candles died into the wild of Alaska because he was not prepared for the trip he was going into. This is exactly why people should take advise, if he would have taken any advice what so ever he would most likely have survived in the Alaska wilderness. He chose not to take any guidance which is the reason he died into the wilderness.

Everyone wants to have a successful life but not everyone gets it. If people wants to have a success in their life they have make right decisions or seeking the guidance from experts. There are only few people who people who succeeded in their career while making their own decisions even if they succeeded on their own they will need a manager to keep on track of their career. Person who seeks lot of advises from experts and authorities tend to be on advantages on their business. It will be more reliable to make a big decisions while seeking advice from expert rather than making it all alone. People are more likely to take a wrong decisions while doing it alone.

Overall, everyone should seek guidance from experts and authorities while making the decisions. It will be always more beneficial to have a advise while making big decisions in life or else people will end up like Christopher from into the wild.        ",417,11,Male,Economically disadvantaged,Asian/Pacific Islander,train,3,3,3,3,3,3,3,3,3,3,3,3,3,3,3,2,2,2,4,3,3.5
DA994B5C3784,Self-reliance,"People who value self-reliance define it as the need for each individual to follow his or her own instincts and ideas. That's why I believe that people should always try to seek guidance from experts and authorities about life's important matters. I understand that some people may like making their own decisions but it's always good to take advice from experts. It's always good to talk to someone in case of an emergency. For example I was sick at home with a lot of pain and I refused to go to the hospital, until I talked to a doctor about how I was feeling and he suggested that I go to the hospital to get checked up and I did and it made me feel a lot better. Sometimes it's good to take an experts advice in a matter like I was in, you don't always have to take their advice but its good to just talk to someone about it and keep in mind what they say for future references. It's always good to follow your own instincts but sometimes it's not. Their are people who have experienced the same thing you might be going through right now and are certified or trained to help. For example my aunt is currently training to be a consular for high school kids and her goal is to gain the trust of her students so they can come to her when they need help. She always tells me that she was a high school kid at a point and she knows what its like and the problems kids might be going through, so that's why shes training to help them in making the right decisions. When I need help making a life decision about something like college I go to my consular who's been in college and knows what could be right for me, I always take in mind what they advice me and make a decision. It doesn't always necessarily need to be help for an adult it can always be help from a sibling or other family member who has been through what you have and who you know will lead you in the right direction. I understand that some people may like making their own decisions but it's always good to take advice from experts. ",364,11,Female,Not economically disadvantaged,Hispanic/Latino,train,4,4,4,4,3,3.5,5,3,4,4,4,4,4,4,4,4,4,4,4,4,4
DC247D62DB3E,Self-reliance,"Why do people need to follow their own instincts and ideas?

I think people should make their own decision because they have to follow their own instincts and their own ideas. They have to believe themselves because if you not believe on you ,so no one can believe on you too.

First of all,I think people should make their own decision because they have to believe on themselves. They don't have to think as much because the ideas come from their mine not from someone else. When they have to think of some ideas that mean their don't have to ask ideas from anyone. When they have to do some writing that mean they don't have to copy from someone or from internet.

Secondly,I think people have to follow their own instinct because when something happen to you that mean you don't have to wait for someone to help you solve a problem. They don't have to seek for guidance because you have confidence in yourselves already.

In addition,They have to believe on themselves because if you not believes on you by the way no one can't believes on you too. For example,like when you have to do a presentation in class and you have to present in front of teacher but you not believes that you can do it, so it mean the teacher might not believes on you too. After that is might effect to your grade because when you have to present you keep asking teacher that you say the right thing or wrong.

Conclusion,I believes that people should make their own decision because they have to believes on themselves first before they ask for some help. They have to believes on themselves because if you not believes on you by the way no one else can't believes on you too. Lastly I hope all people believes on themselves first because if you just listen to someone else but you not listen to yourselves that mean you not have enough value.",291,12,Female,Not economically disadvantaged,Asian/Pacific Islander,train,3,3,3,3,3,3,3,3,3,3,3,3,2,2,2,3,2,2.5,2,3,2.5
DCFBEEAC3AA8,Self-reliance,"I am support should people make their own decisions because they are practice make their own decisions and they are confidence their decisions.

I am support should people make their own decisions because they are practice make their own decisions. If people make their own decisions they should get how to learn their own decisions. They are practice individual make decisions. They are find own idea to make the decisions. They are find more information to make decisions. They are more active their decisions.

I am support should people make their own decisions because they are confidence their decisions. If people make own decision they can do more and more better with confidencecal descions. They involve more confidence. They learn how to show with other people their own decision by confidential. They learn how to improve their decisions with confidence. They are more strong than make with the group thire decisions. They decide what ever they want desions. They show their confidential make with other people.

In conclusion:

I am support should people make their own decisions this is important because they decide what ever they want their decsions.                                                                                                                                                                                                                                                                                                  ",313,12,Female,Economically disadvantaged,Black/African American,train,2,2,2,2,2,2.5,3,2,2,2,3,2.5,2,2,2,3,2,2,3,2,2.5
DDD3771E1DF6,Self-reliance,"Many people believe that they do not need advises from others in order to take decisions in their life,and they believe they should take their own decisions. I do not agree with them. It is important to listen what other people think about it. Each person is different in a special own way and someone else might help you to solve your problem. I believe people should seek guidance from experts and authorities because they may have a better idea,or they may have been in the same situation before.

One of the main reasons is that other people may have been there before and they may know what to do. For example, You are undecided about taking swimming classes or piano classes,and you know you are a great swimmer,but you've also wanted to play piano since you were 6 years old. Your brother have been in that situation before, and he thinks that you should take piano classes from Monday to Wednesday after school, and swimming classes every Friday after school, but you have to work from Thursday to Sunday;then he says that you should take piano classes every Monday and Wednesday after school ,and Swimming classes every Tuesday after school .You believe that is what best suits for you.

Another reason is that other people might have a better or different idea than yours. Another example is that your parents give you two choices: going to Canada for spring break or going to The Bahamas for Christmas break. Generic_Name,your best friend have already visited those places and she tells you to go to Canada because she knows you love extreme low temperatures .You tell your parents that you've decided to go to Canada and once you are there you realize that it was the best decision you've taken. Thanks to your friend's advise;you are enjoying your trip,and you are glad that you asked for her opinion.

On the other hand,letting others influence on the decisions you take is not always the best thing to do. A simple example can be that you go to the mall and decide to buy a pair of shoes but you do not know what color to choose, so you ask your sister and she thinks that the red pair is the best for you; you buy it and when you get home, you realize that you do not like those shoes. The first thing you would probably do is blame on her because she told you to buy the red pair, but if you take that decision by yourself and you regret for the decision you make; You cannot blame on somebody else except for you.

In conclusion, people who seek guidance from their family,experts, or authorities are most likely to take the right decision. All persons sometimes may need an advise from someone on what to do, or if they should follow their own instincts; but the one who will make the decision is you, so do not blame on others for the decisions you make. Humans are not perfect and we do not always take the best decisions in our life; but with help from others , we will be able to make them right and move on.",479,11,Male,Economically disadvantaged,Hispanic/Latino,train,4,3,3.5,4,3,3.5,4,3,3.5,4,4,4,4,3,3.5,4,3,3.5,3,3,3
E07B043F3C2B,Self-reliance,"People should seek guidance for help, because like us are still having trouble in the real world even if we graduate from high school or college, we even still have trouble trying to make our live easy. Having guidance is always helpful and learn something new.

Reason to have guidance is to release stress or don't add more stress. In daily hours people get stress out a lot at work and could get out of the control very easy,getting help from another one is good idea so you know what you doing and how you doing it. People stress things out and they don't know about what causing it, that give even more stress and have a chance to get an heart attack and lose motive to do work. Guidance could help us by rethinking our plans or working. While taking a guidance you could learn more things that we didn't know of.

Having guidance will also help you keep tack in time and help everything more clean in your work space. It good idea to have an open mind and have work done easier and fast. Having an open mind can give a good mind set in life and think more a head in time and saving time.

Another reason is people have depressing life or have health issuer. Depressing is a big thing that come to life in everyone and it cause a lot problem the way they living. Most of the population on earth have depressing in their life, so it a good idea to seek help at all time. People who having that need get some help from guidance right away to tell them what going on in their life, it could help them cure their depressing.

It a bad idea to to let people guide they own way without any help at all, because trying teach yourself is hard enough, and try to teach yourself might get even more worst because they mind might be wrong and could cause more problem in later runs. People rather do it on their own and not get help because it might give them false inform that they need to learn or think it a waste of time, but guidance are here to help. Having guidance will always help you and they always teach you more things. People can still guide on they own way, but it better to get guidance. It be more easier and get better in live in the long run.

In conclusion, guidance are here to help release stress, learn better, get thought life, cure depressing, saving time, give more open mind it, have work done in time, and make life little bit more easy.",396,12,Male,Not economically disadvantaged,Asian/Pacific Islander,train,2,3,2.5,3,2,2.5,3,2,2.5,2,2,2,2,3,2.5,2,2,2,3,2,2.5
E4643D2ADD0A,Self-reliance,"People who value self-reliance define it as the need for each individual to follow his or her own instincts and ideas. I agree, because it gives them more experience to use their brains more, it makes people develop more, and it helps you from being dependent all the time.

Using your instincts gives people more experience to use their brains more. Some people don't use their common sense to solve problems, because they're afraid that they're going to make it worse. It's okay to make mistakes. For example, If you're going on a trip with your family, and you find out that there's going to be a traffic in the morning, what will you do? Wake up early in the morning before the traffic forms. That's how you use your brain. You think and plan ahead before things go bad.

People developing more is great for your brain, because it makes you smarter and brighter. More ideas can be useful if you put your mind into it. For example, if you want your boss to be impressed by you, you need to act and use your instincts to create new ideas. It can help you be successful and more reliable.

Instincts help you from being dependent all the time, because you won't be able to be with your friends forever. You have to use your common sense to help you along the way to your adulthood. Having a couple of friends is nice, but your going to have to act and deal with life yourself. For example, you're in your apartment and you need to pay a bill for your car. You're going to have to call the bank that you want to pay for that car. Your friend does not need to tell you to pay for the things that you own. Being independent is important in life.

In Conclusion:

Some say that people who value self-reliance define it as the need for each individual to follow his or her own instincts and ideas, because it gives them more experience to using their brains more, makes people gain more common sense, and it helps you from being around your companions all the time.

Counterclaim: Not everyone can use their common sense, because they're not born that way. Sometimes, people don't know how to be independent, or maybe they just don't want to. For example, those who have no sight can not see what they're doing. Those who are deaf, cannot hear the people who are talking.",369,11,Female,Not economically disadvantaged,Black/African American,train,4,3,3.5,4,4,4,3,3,3,4,3,3.5,3,3,3,4,4,4,4,4,4
E6338A929654,Self-reliance,"Having self reliance is a important key to success in life because self reliance is making your own efforts and decisions. I agree that people should make their own decisions because they should have freedom to make their own choices. They should think for them self.

Having the freedom to make their own choices is important because if they can have the freedom to choose what they want the experts are going to choose something that they dont like, or want. For example, the person wants to buy some fancy shoes but the authorities dont like those shoes they are going to say no and decide to buy other shoes. In my thinking I would not like to someone choose for me because they dont know what I like, or what I dont like. If they let other people make there choices they are not going to be happy because the expert or the authorities are going to choose what they like not what the people want. For example, they go to the lunch room and there is a lot of food there and they are trying to get something but they dont let them get what they want because they dont have the freedom to make there own choice, so the authorities are going to come and choose the food for them.

Another reason is that the person can think for them self. If the persons cant think for them self they are going to have a lot of problems in there life because if the expert, or the authorities comes and ask the persons something and they cant think, the experts are going to think for the persons and make choose something that the persons will not like.

In conclusion, having the right, or the freedom to make the decisions for them self is a good think because everyone wants to make their own decisions they dont want no one to be telling them what to do, or what to think. The persons are going to have the freedom to choose what they want to do with there life.         ",323,11,Female,Economically disadvantaged,Hispanic/Latino,train,4,4,4,5,4,4.5,4,4,4,4,4,4,4,4,4,3,4,3.5,4,3,3.5
E69D5E1FEAB4,Self-reliance,"should people make their own decisions, or should they seek guidance from experts and authorities about life's important matter? one of the common questions i get ask. Many people have different thoughts about this questions,

my opinion is depending the sittuation. For example people can learn from there dicision but in other hand listening to people's advice can stop you from doing wrong. Ever since i was little i always wanted to make my own decision and wont have to listen to no one but i the more i got older i realized that sometimes what people say to do can turn out to be better then the decision you took. Making your own decision can make you more independent and know how life works and those are the people we look up too. Depending on the situation your in listening to others give us life lesson can be one of the most unforgetables momments because that show you they care and want the best for you because maybe they didnt end up making the right decision and want you to prevent from doing it . ",166,12,Female,Economically disadvantaged,Hispanic/Latino,train,2,2,2,2,2,2,3,3,3,3,2,2.5,3,3,3,3,2,2.5,2,2,2
E76B3F5205CD,Self-reliance,"Yes i am agrey life's is important and people who value self-reliance define it as the need for each individual to Follow his or her own ideas, the have experinse aboute life is good way to get a bettar life, and everyday there try To be a besst person for won life thare chaling his/her self that people working hart,stady hart they wnat a good life In the futchar.

Some people's take essy own life like relaxe there not try anyway there needit, they are not wary about own life They are not save meony thay are not wary if somting expansef just the want buy it.

So many people's follow a faumos perons life thare raed thare books or some of them make vidoes and people Wacting the know somting more aboute life, i like that people they be a good perosn, try to get a good life in the futchar.

Eevar life is impart to me or for others people any wnat a good life respacat anyone heple anyone for anyway the can helpe people, .

some people wnat a bat person, that persons life is nothiong, like thery kile person, or they are sell somting, Alot of yonge kids not going to the school they are ideas school not important that kids going to the worge way there wnat moeny just moeny, that people not wary for tommaro what happen on life one day they go to the jale for wohel life. they know we are going so wrong at this part they can't noting in the world so many ting living animal, person anythig try a good person .

Smart people follow a faumos person life they want batter life for whole life,and that people red the books and They know somting more aboute life, some of tame resching aboute life before thare start somting taking with that Perons his expersns for that job or anything alos, they are dowing a hart work to make a more many and save many For the futchar, with hart workig the grow up his or her stady in the futchar geting what they wnat do be, and wnat Take ideas for life what thare tining what happen if a i am lost what happen if i am lost all my mony, thare thiking Everthig which is they want to lost his or her life, and they are chaling his or her self for the batter life.

Every life is important to me , everyone wnat do somtiong or helpe some one or be a good thing for other people in the world some of people jobs is Dctor and helpe sick people or if some one very sick helpe them to gave back his or her life anyone can helpe some needs helpe and gave backe his or her life, we are coming on this word for one times do somting in the futchar prowd of we are self rescpakt anyone and no one wants one day do it somting get your self sad, some of cuntury is war alot of people dia and in the war, but the others cunturys is not war, and meybey for one day four or morethin four kids coming a life, life for some one is Nice but others is not is very short very short.      ",503,11,Male,Economically disadvantaged,Asian/Pacific Islander,train,1,2,1.5,1,1,1,1,2,1.5,2,1,1.5,2,2,2,1,2,1.5,1,1,1
E853D5DD528D,Self-reliance,"People should be guidance by experts and authorities because in that way we can have less people killing each other; however, their are people that don't like to share their situation and there is where the suicide came from.

Although some say that people shouldn't to be guide by experts because they don't like to people tell them what to do, actually people should be guide by experts because they can show people to love each other and make a better world with no violence.

Their are people that don't like to be guide by others but they have a knowing in their life in what is good and bad by their experiences. For example my gram pa, he doesn't like to be guide by others but he said that he has an understanding in what is good and bad. He also told me that some people try to guide you for the bad way, by showing you how to drink beers or smoke cigarettes and you have to be ready to say not to those type of drugs but, I believe that we need to have experts and authorities to guide us about life's important.

Actually, people should seek guidance from experts and authorities because some experiences have better knowing then other ones and learn how to love each other. I would like to be guide by experts and learn about their experiences. That could be awesome.

Some times is better to make your own idea because that person that is by your side such as, your girlfriend or your mother could be wrong, and there is when you make a mistake and start to be disappointed with your self, In that time is when you are frustrated and you could kill your self or hurt someone else.

Violence can be make by a bad understanding. That's why people should seek guidance from experts and learn how to talk to each other. Usually if you are young , sometimes we don't know have to talk and their where problems came from. However

I encourage to al young people you seek guidance from experts until they have a better knowing in their decisions.

We as humans always make mistakes and we learn through them, but we need help from each other. We need to stopped the violence and start to love each other, but we have to seek guidance from expert and authorities about life important matter. Thats is how we can be better persons and we can change or thoughts.                         ",385,12,Male,Economically disadvantaged,Hispanic/Latino,train,3,2,2.5,3,3,3,3,3,3,4,3,3.5,3,2,2.5,2,2,2,3,2,2.5
E8795A1AA404,Self-reliance,"When making life decisions it is good to ask someone for help then making the desicison yourself. Why is it better asking someone about the decision is because they could tell you either the desicison is good or they could tell you that don't do it and try to find a better idea. When making a life decision you have to think about the importance, how much it would cost me or whats the overall budget, and how its going to help me achieve in life.

When making life decisions it really matters on how its important to you or how its going to effect you in life. As life goes on do I think its going to help me improve what Im doing right now or is it going to drop me and destroy me for life. When making life decisions it also depends on how you're looking at that particular thing/object. Thats why you should ask someone else who is already doing that particular thing from before or ask someone who could give you an personal opinion/advice that would actually make you think if making this life decision is worth it or not.

When buying something big that will have a effect on my life i would have think about my budget and how am I going to afford this project without having any issues. So to do that I would ask someone for advice who is already doing that business or investment. When asking others for advice I would have to think about how they're going to respond and what they're going to say. This is why budget is also a very big thing when it comes to making life decisions is because I would have to pay that amount in order to have my business or investment stand out out the people around me.

Why would I have to ask someone to achieve my investment or business. To achieve my business i would have to ask someone for a advice who is already doing something similar to that. As Im asking for the opinion or the advice i would have to think how or what Im going to do to improve that decision. What hard work or thinking of mine or someone else's would have to go in that play to achieve the decision. As I would be achieving the decision I would have to see how Im being affected with it and how much pressure its putting on me. Why would I ask others for advice when I have brain and thats because they're going to have a different mind set from me. They probably think better than me or in some way where we both agree on the same fact to achieve the business or investment in a better way. This is why you should ask someone else for a advice or a opinion than going in alone in such a big decision that could impact your life in less than some days.

In conclusion to making life decisions it is a good idea to ask someone else for a advice than making the move alone. Its because someone else has a different mind set than you yourself. Thats why when making a life decision you should think about what things and what mind set you need to proceed with your investment or business. So the mains things you need is how important the investment or business is to me, How high or low my budget is, and what will I have to do to achieve this business/investment. For all these reasons you should always ask a person about their advice or opinion even though I might not listen to it but it doesn't hurt to ask. They'll give me the best advice or opinion even how big or little the investment/business is.",632,11,Male,Economically disadvantaged,Asian/Pacific Islander,train,3,3,3,3,3,3,3,2,2.5,4,3,3.5,4,3,3.5,3,3,3,4,3,3.5
E8E60E149B48,Self-reliance,"New ideas always help us in life. Some people think people should make their on decisions, it's easy to see both sides, but one stands out people should seek guidance from experts and authorities about life's important matters, because new ideas can help us decide something and guidance help us when we're confused to make that decision.

First, new ideas can help us decide something that we're not sure to decide. Guidance can explain what you want; they can tell us what is better for us or if something going to work. Guidance is really help full in life, if we didn't have guidance in our life would be a little hard for decide things. New ideas can help you decide something.

next, guidance help us when we're confused to make decision or don't know what to do. Guidance can help in our future and they help you decide witch idea is better for you and for your future. They always know what is better for us.

The other side, some people think that we should make our on decision, it make since, because it make us have responsibility and always know what we want, but what if you do the wrong decision and you can't change the decision, because you already choose it. That's why people can't make decision alone.

Concluding, people should choose guidance, not just choose your own idea or talk about it with someone because you can make the wrong decisions. New ideas can make people think more and make a good idea. Always think twice before make your own decision.",268,11,Female,Not economically disadvantaged,White,train,3,3,3,2,3,2.5,3,2,2.5,3,3,3,2,2,2,3,3,3,3,2,2.5
E8F77B7EB4D9,Self-reliance,"Should people judge you what you want to do in life? or should you follow what your heart desire that is right for you? I think you should live your life how you want it to live it, what you want to achieve in the future, what is your main goal to do when you're done with high school or college. Nobody can't make you want you don't want to do life because it's your life not theirs they can't tell you what you can do or not, like no you're the that can control you body, mind and life not them.

The one person who has my back since I was kid and encourage me to keep from giving up in life is my older brother. My brother has taught me some many things that are good and what are bad in life. He told that I can live my life how I want it to live because nobody can't make your decisions what you want or not to do. He told me that he has gone through a lot things in the past like the people that he called as ""friends"" or ""family""

try to take advantage of him what he didn't want to things that they wanted him to do, so what he did was that is he spoke up to all the people that wanted to do this and that you can't tell him what to do or can't push me to doing things that he doesn't like. Then after all that he learned that he will never let the haters get into his head and take his life and use him like a toy, so he told me that is that if people try to do use you or say that can't be this in the future all you have to is do ignore everyone who tries to get in the way in the way of your life. Fight for what you desire in life, don't let anyone get in negativity go through your head just turn it to them something postive or take that negativity and use as motivation to make you work harder in life to show them what you can do by yourself.

Life is everything you have one live to live to fullest your parents has brought you into this world becasue he knows you have something speical hidden you that can maybe change the world . I believe everyone can achieve there by just following there heart and mind with no one interfering what you like to do for a living, but if you get lost or need help along your path to success ask someone that is very close to you that you know who has back no matter what that understand you that ain't trying to ruin your life should always choose people wisely. Always be yourself and live your life how you want to live it and never give up.            ",439,11,Male,Not economically disadvantaged,Hispanic/Latino,train,3,3,3,3,3,3,3,2,2.5,4,3,3.5,3,2,2.5,3,3,3,3,2,2.5
EBE636368EBC,Self-reliance,People make there own decisions because they don't want to blame no one when they take there advice. Being Responsible for there own actions will make people grow as a person with there Ups & downs in life .People don't want to blame the person that gave them advice because the advice did not go how they wanted to go .Failing in life with your decisions is not always a bad thing because it can lead to new doors/opertinities .Not regretting anything in life is a good mind set because each decisions you made where what you wanted .when people are responsible for there action/decisions they just got no regrets because they choose what they believed/wanted to do. Some people might say getting advice can warn you what not to do but how are you suppose to grow a person if you don't try it your self and just regret not doing it later on .People making there own decisions will make there action then will be responsible for decisions they made then grow as a person not blame no one for their failings and regrets they get.,172,11,Male,Economically disadvantaged,Hispanic/Latino,train,2,2,2,2,2,2,3,3,3,2,3,2.5,2,3,2.5,2,2,2,2,2,2
F0EECEC5C84B,Self-reliance,"Some people believe that they should seek guidance from experts and authorities about life' important matters because some of they wants to do all the things perfect they don't wants to make a mistake. But I think that is not necessary to seek guidance from experts. The first reason that I think that is not necessary to seek guidance from experts it is that you can learn new things in your life doesn't matter if you make a mistake. The second reason that I think that the people should make their own decisions it is that a expert does know every thing about your life does know your feelings.

As you can see my first reason that I think that it is not necessary to seek guidance from experts it is because people can learn new things in their life you can make a different in your life. Doesn't matter if you make mistakes you not are a perfect person. Every person learn about their mistake. Do what ever you want. The people does know what is better for you every people thinks different to what you think.

The second reason that I think that the people should make their own decisions it is because a expert does know every thing about your life. You can make your own decision. A expert can't choose what is better for and what it is not. Also experts can be incorrectly to what is tell you to do.

In conclusion, I think is more better to do your own things and do what you think is more better for you don't let people do the things for you. So, I believe that the people should make their own decisions. The reasons that I think that you should do your own decisions are 2. The first reason it is because you can learn new things and doesn't matter if you make mistake you can learn of yours mistakes. The second reason it is that a expert does know every thing about your life.",323,12,Female,Not economically disadvantaged,Hispanic/Latino,train,3,3,3,4,4,4,3,3,3,3,3,3,3,3,3,3,4,3.5,3,4,3.5
F123CF0BF9DB,Self-reliance,"Should people make their own decitions, or should they follow, others experts and authorities about life's experience. However from what think if you are alone out of no where and you don't have any exprerience is much better because you get to have your experiences and no one bothers yours plans. You make your own decitions and follow your own rules. On the other hand if you have some one on your back that do have more experiences them you they will be correcting you and bodering bothering you. Some people think that is better to follow some one decitions, but others think that is better to be alone because you must create your own decitions and follow yours rules is like you have a family no one is going to correct what are going to do with your family you don't follow others people they may be incorrect and you are correct and is better to be alone becuse you make your onw family whit your decitions and your rules.

To begin alone is better because you make your experiences from the mistakes.

you make your own decitions, but went you make a decition that coust you a mistake you get to have more experiences from the mistake that you did and went you have experiences from the mistake you learnd from the mistake that you need to be more responsible went you have a mistake you get to have a big experiences and that make you more strong and what you do and that makes you feel good and you become more responsible from the things that you do form the experiences that you have some people see that and they will have a hope on you and that you are going to be some one in the future and they will know you better because you are alone and not with some one that has more experiences you will raise you and your decitions.

Another think is that you must follow your own rules that you make. When you make your own rules no one is going to say some think to you they will follow your rules if they want to be with you however if you are with some one that has more experiences you must follow their rules and you dont want that to happent went you make your own rules and follow your rules you will know what is goint to happen but if you follow some one else rules you must be awear because you dont know what is going to happen, so is better to make your decitions your rules because you know that is good from what are you going to do so make your own rules and follow your own rules dont follow some one else rules you become more strong and more smart person.

Fanally the last reason why you should be aonle is that no one is going to bother you you will make every thing in your hands and no some one else hand they will not be on your back bothering you you will make every thing posible on your hand and if you are alone you will become and expert on the jod,company,schools the things that you do you will be the head on your decitions and you are no going to use some one else head and if you use their head they will correct you in what you do and if you do is like from what they thing is better ithey will be bodering you and that is not to good because it will be bad why it will be bad? Because they will make where do you walk in a way that you must don't want to walk they will make every thing possible to walk in their way and you want to walk in your way thier will make every thing possible they will bother you and no yuo must follow your way and your road to make every thing possible to have your own experiences and your own rules.

To conclude people must make their own decition, they should not be with some one else that has experiences or some tipe of company you must star from zero and trow the procces you will get to have some experiences from the mistakes that you did while you where working and wnet you have more experiences you will get to be more storng and you will grow in the things that you know and some people look at you and they will have a hope on you that you will make it to the end. On the other hand you must create your own rules you must be very organice on the rules that you make dont follow others person rules make your own rules and went yuo make your own rules you must know what is going to happen if every thing is going to be okay or bad, but if you follow some one else rules you will not know what is going to happen do must make your own rules so you can be unique and a expert. In adition, if you are alone no one is going to bother you in the things that you make becuase you are alone you are the boss no one is going to some some thing to you and you will guide others people went they see that you are alone and no with some one else you will grow alot in the thisngs that you do. Fanally you know now that the best thing is that you should be alone and no with some one else that they will make your own rules and you will learn from their experiences and you will not get to have your own experiences and no one is going to bother you is you are alone because of hall of that you must be alone and star from zere Thanks.",987,11,Male,Not economically disadvantaged,Hispanic/Latino,train,2,3,2.5,2,2,2,2,3,2.5,2,3,2.5,2,2,2,2,2,2,2,2,2
F12B9AF96175,Self-reliance,"should people make their own decisions,or should they seek guidance from experts? people who make their own decisions will have success in life. I agree with people who make their own decisions because it will build up confidence,higher chance of accomplishments, and it helps them understand from their mistakes.

My first reason why I agree with people who make thier own decisions in life is because, it will build up confidence. Having confidence is a big thing to many people because thay can do many thing in life and will not fail. Having confidence can help people in many places. For example,If you are going to a job interview you will have to have a high confidence in you ,In order to get the job. Making your own decisions will help you build up more confidence.

My second reason why I agree with people who make thier own decisions in life is because, you will have higher chance of accomplishments. If you make your own decisions you can have many accomplishments,because if you make good decisions in life you have more chance of success. You can accomplish anything you want if you make your own decisions,because making your own decisions can be anything you want and you dont have to follow anyone.

My third reason why I agree with people who make thier own decisions in life is because, It will help people understand from their mistakes. People who make mistakes from thier own decisions will have a higher chance to understand and will not do it again. On the other hand,Many people seek guidnace from experts so they dont have to make thier own decisions;However,making your own decisions will help you be a better person and it will help you be you.

In conclusion,Making your own decisions in life is a good thing for many of us. Making your own decisions will make you a better person and you don't have to follow others. Many people could seek guidance from experts If they can't make thier own decision. These are all of my reasons why I think people should make their own decisions.",345,11,Male,Economically disadvantaged,Asian/Pacific Islander,train,4,4,4,4,4,4,3,4,3.5,3,4,3.5,3,4,3.5,4,4,4,4,4,4
F12C7794CDCB,Self-reliance,People should follow their own instincts and ideas. First if people disagree with what people are saying then they can say what their idea is and put it to a vote to see who's ideas better. Second if people idea's are being ignored then the people ignoring are taking away their freedom of speech. third people should have the right to say if their idea is good or not. However people are being ignored and not having a chance to speak and have to listen to someone ideas instead of standing up to people and telling them their ideas to see if people would agree. If authorities won't let people put down their ideas then they are breaking the law of freedom of speech and denying people to speak and say what's on their mind. Finally people should have their voice heard and follow their instinct and ideas instead of being forced to listen to someone elses idea.,154,11,Male,Economically disadvantaged,Black/African American,train,3,3,3,4,3,3.5,3,3,3,4,4,4,4,4,4,4,4,4,4,4,4
F3E2F311D829,Self-reliance,"people should not make their own decisions because people hurts someone feelings about the decisions they are making, people always need someone to be agree if their decisions are good to make it, and people think just because they are old enough can make better decisions.

People hurts someone feelings because they made something really bad even if a person tells them that they are doing wrong things, they keep doing it, because for them the decisions that they are making are great for them. One example, lets say, when we were young that we fall a lot time in love. we were wishing to have someone to advise us because we think if the decision that we are going to make is not going to hurt someone. We always think about what is going to happen if we do things that we know are not good choices. We need somebody to advise us about anything. Another example, when I was planing to leave my house with my boyfriend because I did not wanted to go to school. I get really mad. I did not think on anything. I just wanted to do it even if Mom gets a heart attack because she wants me be more educate and have a better future, so someone that I have not seen in my whole life get close to me and say "" You are too young, think about what life can brings you if you go to school, if you graduate from college that many wonderful thing you can have. Do not throw your life in that way. You will have time to be with someone"" I realized that I was making the worse decision ever.

Everyone always need someone to be agree about their decisions, because someone may have a lot of experience about life that way they can be the guide for them. they can talk about the decisions that they were making in the past and that can helps to make a good decisions. One example, one friend made a bad a really bad decision. His family told him to stop doing the things he was doing because it will be a lot consequences. That is what happened he made a wrong decision. He did not listen and now is dead because of his decisions.

Most think that they are old enough to take their own decisions, as we can see, it does not matter what age we have. What matters is how mature we are, because we have to be aware of the responsibility about any kind of decisions we are going to make. We have to say to ourselves "" okay if I do this I have to be conform about the result that I am going to get"".

Clearly, All we do is because someone is making us better by telling that we do not always have to trust on ourselves. Sometimes for some discussion we do not do the right thing, we do not think and we use our bad mood and due to that we make bad choices. We have to be more responsible. "" Make good choices, do not let your mood take position of your actions"".

Think before your decisions. ",494,12,Female,Economically disadvantaged,Hispanic/Latino,train,3,2,2.5,4,3,3.5,3,2,2.5,3,3,3,3,2,2.5,2,2,2,3,3,3
F4F054797227,Self-reliance,"I believe that people yes should make their own decisions and follow their instincts because that is what make us different from others. Follow your intincts and what you think that it is right can make a big change in what you are and what you want to be.

First. People need to believe in themselves and do what they think that it is right. Sometime we are afraid to make ours onw decision because we think that is wrong or because what others can think about us. But just think about, all the things that people had been invented along the time. What would will happend if they did not make their onw decisions, nothing that what we have today will not exist. So do not be afraid to make your onw decisions because others. Is not bad to look what other had been done and see if what you are about to do can be good or not. But always follow your ideas and do your onw work.

The instincts is a natural aptitude that human have, is something that make us do things without a well reason. The instincts make us do things that we think are right because a felling that we felt. No matter, sometime that felling can be rigth or not. But sometime bad decisions teach us what we do wrong and learned how do it better in a future. people should follow their instincts and ideas because that is what make us defferent. Learn of what we do wrong make us a better person. Poeple always are going to judge you and talk about your decisions no matter if are good or bad. So do not let others stop you and doing the things that you believe are right.

The decisions that we make today can harm us in the future. That may be is right, but if we always are thinking about what is going to happend. we never are going to know what is really going to happend. So make own ours decisions can make a big change ir our life for good or bad. It is important to listen to experts because can be helpful in what you are abuot to do. But always do it because you want to do it, not because other tell you. Always do may make you happy, no metter if you are wrong or not because that is what is going to make the difference.

In conclision yes people should follows their instincts and ideas. But also make their own decisions. Never stop doing that things that they like. Always do and follows what they believe and think carfully and what they want and where they want to be. The goods and bads decisiones and experiences and learn of they if what really teach you about life's important matter and make you succeed.       ",467,12,Male,Economically disadvantaged,Hispanic/Latino,train,3,3,3,3,4,3.5,3,2,2.5,3,3,3,3,3,3,2,2,2,3,3,3
F5E70573B058,Self-reliance,"The prompt talk about who people have own instincts and ideas or to make their own decisions. People make decisions in their own life. Nobody have to tell them what to do in their life. He or her can follow their own instincts or idea. Everyone should make own choice or own decisions in their life. Their life is so important to them that they could make own decisions without people tell what to do or ruin their life. People should be wrong about their life not other people life. If they want to help they should talk with the people if want help or not. I know everyone want to help out but sometime they don't want help for other people,friends or their family. They could solve their problem at there own.

For example we don't need people to tell other people how to live their life. They can make their decisions. They a lot people that make bad decision or good decisions in their life. It good that they did bad choice because they real what they did and they won't do it again in their life. People can live their life but they have to make good choice their life not bad choice. They should have good friends that make good decision in their that always help them in their life. If you have a friend that make bad decision sometime at friends won't help you out. Then you are on your own with you're problem. Sometime good to hang out with friends but you have to make good choice if you're going to hang out with your friend's.

I know people can make own decision and can help other people to not make bad choice in life. Is good you got friends and family that have your back when you want to make own decisions in your own life. Sometime family don't agree with your choice or decision you want to make. You're life is important you should make good choice in you're life to happy or live your life with you're family's and friends. You don't have to wrong about other people opinion. Sometime good to listing to other people opinion if it will help you understand your problem or to make good decision or not. Some people don't want help for other people. They don't want other people to be wrong about their life or be noise. The only who makes decision are the adults or the teenager but not the kid's. It's great that teenager are make decision in their life. Teenager sometime make bad choice when they are with their friends hang out. They learn the lesson to don't make bad choice in their life or to not hang out with their friends. ",457,10,Female,Economically disadvantaged,Hispanic/Latino,train,3,3,3,2,3,2.5,3,2,2.5,3,3,3,3,2,2.5,2,2,2,4,3,3.5
F5FAD709AAFC,Self-reliance,"Some people say that people should make their own decision. Other people say that people should not make their own decision .

People should make their their own decision because life is important other people can't choes my decision and my life, and every one has free dom, every thing they want they can make it for their future. So if we do hard work and study more, then every thing we want we can get it. Every family should suport their child to studay hard and think about their futur life, and also if our family does't support us then we can't choes our decision and we can't grow. So we have to care about our futur and family to suport them also and have great life. No boday want to their life compare to some one eals. We have to be powerful person in our life. A person need to be establish our decision,and sociologist person. The person should receptive to admonition of their family because family always choes the good stuff for us, and never chiets. So if we don't have family suports then we have to support our self and choes our decision. If some one want to have the good futur, job and famous person their live they have to be have a good defender behind them, or someone does't have some one to support them, then they have to support their self. A person should listen other people idea and make their one futur. People can't make my decision. Every want to be like seek person in their life. If some one is seeker in their life then they can get their goals easly. In real life if someone do more pattient they can grow more and more, they can get their goals very easy. Finay a person should be a seek, bold, ect to make their decision and get their goal and have great live and futur.                                                                                                             ",351,12,Female,Economically disadvantaged,White,train,3,2,2.5,2,2,2,3,3,3,2,2,2,2,3,2.5,2,2,2,2,2,2
F673BCEC3BD1,Self-reliance,"People who value self-reliance define dependence. Following your own instincts and making your own decisions is the whole point of life in my opinion. It makes a person more independent and trustworthy. Also, helps a person learn from own mistakes.

A person will always have guidance. Whether its from parents, teachers, police officers, or even a person you dont even know can give you some type of guidance. It always goes back on how the individual is going to view it. Independence is very important. Having full control and capability of standing alone can make a person realize what is best for them. Also, not being easily influenced can help a lot. Understanding what is best for you can make your decisions much easier.

People need to learn from their own mistakes. Mistakes happen every day. A persons instincts may not always be right but it will benefit them in the future. Another person is not going to tell you something you want to hear or give you the assurance you need for something. They may think they know whats best for you but personally for you, it could not be the best. Knowing yourself and knowing how you like things to be done is another example of self-reliance.

Seeking guidance from experts and authorities can be the right thing to do. It can save a person from debating too much on a decision. Help a person plan better for the future and not really let the person struggle. As well, as to prevent the individual to stress out of what not knowing to do. However, a persons own instincts and ideas is what makes the person value self-reliance. And know whats best for them. Who knows you better than you?

To conclude, its all about self perspective. On how you view things for yourself and your future. Being independent and not rely on others opinions. Having your own thoughts and opinions. Accepting that making mistakes is okay not everything has to be right and perfect.    ",325,11,Female,Economically disadvantaged,Hispanic/Latino,train,4,4,4,5,3,4.5,4,4,4,5,4,4.5,5,4,4.5,4,3,3.5,4,4,4
F90A6181BBCA,Self-reliance,"In this world many of us make decisions by ourselves and others seek guidance to make decisions in their life. While some people argue that people should seek guidance to make decisions in their life, but I think it is more beneficial if people make their own decisions because if people make their own decisions they will develop their self confidence and they will become responsible person. Also, if people make their own decisions they will have happier life in the the future.

It's true that by making our own decisions that we will develop our self confidence and become responsible person. If person make decision that decision might be hard, after making the decision the person will develop his or hers self confidence and they will become responsible for the decision that they made. For example, if one person decides to leave his parents house to live by his own, he will be responsible for himself because he decided not to live with his parents no more. This will help him to be responsible person because he has to take care of himself by his own. Another example can be, In school, Students choose their classes for next year by themselves. This will help them to develop their self confidence because they are deciding what is better for them or not by their own. Also, this will help them to decide and have a confidence in what they will major in the future. So, by making our own decisions we can develop our self confidence and become responsible person.

Secondly, It's also true that by making our own decisions we will be happy and have happier life. When people make important decisions by themselves and if they achieve their goal by making this decision they will become happy and they can have happier life. For instance, if one student decided not to go college, instead he wanted to become a soccer player. If the student worked hard and become a professional soccer player he will be happy and will have happier life because he decided to become a professional soccer player by himself instead of going college. Additionally, In school, When I was sophomore, I was choosing classes for next year and I decided to take classes that I thought that are important for me and that can help me for college. Then when I take the classes this year I was very happy of my decision because this classes helped me a lot. So, people should make their own decision because they will be happy and have happier life by the decision they made.

On the other hand, some people argue that people should seek guidance to make decisions in their life because it helps them not to make wrong decisions, but I think that is wrong because if you always seek guidance to make decision in your life the decision that you made may not satisfy you in your future life. For example, if your parents advice you to make decision to become a doctor and if you made a decision to be a doctor by listening your parents ,in the future you might have bad life because being a doctor might not be part of your life. Also, you will experience difficulties in your life because your decision is influenced by others. So, people should make their own decision because it helps them to become better self confident person. By making our own decision we can gain a lot in our life.

Finally, people should make their own decision because it will help them to develop their self confidence and to become a better person by being responsible. Also, by making their own decision they will have a better life in the future. People should make their own decision to become better person by achieving their goals. Additionally, peoples have to make a decision by themselves because they can gain a lot in their life.                ",636,11,Male,Economically disadvantaged,Black/African American,train,5,4,4.5,5,4,4.5,5,4,4.5,5,4,4.5,4,4,4,4,3,3.5,4,4,4
FAC16838327F,Self-reliance,"Generic_Name (:(

Why people should make their own decisions in their lives? We should learn new things. We should make self-improvement. We should have a better future, If we make great decisions in our lifes.

We have to learn new things for example: sports, science, history, art, techonlogy. We should learn a new language. We can learn a new culture with our friends from another country. We can learn a lot of things to make our lives much better. We can be professionals if we make great decisions.

We have to learn how to be independent. We must think like adults. We have to be more responsable like doing our own things by our-self. If we think like that we can make our things well, and we can make our own decisions.

We should have a better future in our lifes. We should have a great job to make a lot of money. We should have a great house to live good. If we don't make something bad and we follow great decisions, We can see what is wrong and what is right.

Our decisions can make us much better in our lives. We have to demonstrate that we can make great decisions by motivating our self every day. We musk seek guidance from other people to learn how to make our decisions. We have to make our things by our-self?

We can show that in this life we can make good decisions by learning new things, by making self-improvement, and by planing a better future. We have to learn a lot of things of this life. If we make the things right we can show the people that nothing is impossible in this life. Is time to make great decisions in this life if we want to grow as a person.     ",295,11,Male,Economically disadvantaged,Hispanic/Latino,train,4,3,3.5,4,3,3.5,3,3,3,4,3,3.5,4,3,3.5,4,3,3.5,4,3,3.5
FE6EC11C8877,Self-reliance,"Should you relied on yourself or other about life's important matters?

Its important that people relied on their own instincts and ideas because if we have people picking chooses for others we would have no power on what we want, for example people who learn from them self are more active and confidant then the ones that have to learn from other, and wait for instructions. I belieave that people should relied on them selfs for two reasons. My first reason is that every one makes mistakes, and thats were we learn to not do them again. Infact when you make mistakes is better because you get to try again and you get to do it even better, there for to succesed in life you will have to fall, and get back up in to your feet to try again and do it better. My second reason is that if you let others choose for you, you will never learn to deal with hard thinking situations. Also you get to learn more about your self and you get to do stuff your own way and you also learn to love your self from your mistakes. I think that every person should make there own choose when it comes to hard momemts like when my grandma die my parent pick what we was going to do with her, and she didnt go ask some one what to do, no she knew what to do from expiriens of my grate grandma, and thats why some problems have to be dealt by your self. In conclusion its important that people learn to think and do things own there own so they wont spend money on others telling them what to do, and also not relied on somes help from others, some chooses are hard and some are easy but every choose you make, makes you up and shows who you really are. ",298,11,Male,Not economically disadvantaged,Hispanic/Latino,train,3,3,3,4,3,3.5,4,3,3.5,3,3,3,3,3,3,3,2,2.5,4,3,3.5
FE700406E7D4,Self-reliance,"I think the people have to be guidance for the expert, Because the expert know what is corrects, and what is not correct, and if we make aur decision we will have many problem, and we gonna fail in the life, but therefore alway we can triumph in the study, I just say our life can be better if we have an expert who tall to the people, what is good and what is not good in your life, If we working in group is more easy to understand something, and when you work for yourself and you will understand less.

Example:Our life will be better if the experts guidance the people, because they know what is the best way you have to take, and they can help you if you are rong in something.

Is very important work in group with experts, because they have many experience in many thing, and they can help you to understand more than you believe, and this is my idea why is important that the people have to be guidance for the expert people and who have more experience, and i believe that work in group is better than alone.",189,11,Male,Economically disadvantaged,Hispanic/Latino,train,3,2,2.5,3,3,3,2,3,2.5,2,2,2,3,2,2.5,3,2,2.5,3,3,3
FEC5B79E4778,Self-reliance,"First of all, we all know that self -reliance define it as the need for each individual to follow an own instinct and idea, but people should always seek guidance from experts and authorities about life's important matters, so people can compare between his decision or the expert's idea and advice. Although some people always make their own decision because some usually believe that they are always thinking clear and positive, Actually the best for people is to always seek guidance from an expert or authority because somehow it can help all the people to compare between an own decision or the expert's advise or guidance to finally find out what is the best choice and seek guidance from experts can easly contribute when people want to consider to take an action on an important decision.

Some people always make their own decision because some usually believe that they are always thinking clear and positive. As it has been proved, people naturally believe that they are always correct on their decisions so it make humans feel that others are not reliable even when is a family or friend.

Actually it is the best for people to always seek guidance from an expert or authority because somehow it can help all the people to compare between an own decision or the expert's advise and guidance to finally find out what is the best choice. somethimes people is not really sure when or how to take an action on a decision and it can make you fell upset or depress, but there is always people we can trust and feel confortable to ask them for an advide or guidance, and at the end we can just try to find out what is more convinient and what will make us improve our ideas.

In addition, seek guidance from experts can easly contribute when people want to consider to take an anction on an important decision, according to New research. having other's people ideas makes the brain think twice and take a better position on any issue

For example; when people have a problem about life's important matters, the brain does not think clear and it makes people not think twice about their thinking that can be completly wrong, but if we seek guidance from a reliable person that will give us an extra point of view and extra ideas that we might use to take an action on an important decision.

people should always seek guidance from experts and authorities about life's important matters because it can help people to compare between their thoughts and expert's advice when people want to consider to take an action on an important decision, even though many people make their own decisions. seek guidance from experts or authorities will help you to take a better position on any issue. ",443,12,Male,Economically disadvantaged,Hispanic/Latino,train,3,3,3,2,2,2,3,2,2.5,3,3,3,3,3,3,3,3,3,3,3,3
FF190BD8380B,Self-reliance,"My grandma always said, "" Is ok to fail, the only thing that matters is to stand up and keep trying."" A decision is the act of deciding something, as a controversy or question, by reaching a conclusion or making a judgment. If people take their own decisions, they are going to benefit. People should take their own decisions because it is a right, people can learn for the consequences of their actions, and people have the ability to think by themselves.

Many argue that people should visit a guidance to take decisions because guidance may have more experiences solving problems. However, they are wrong because in the past people fight and die for rights, and now that everyone have the privilege to talk for themselves they are not going to let others to decide for them. Clearly, people do not need to visit a guidance in order to made a good decision.

Initially, citizens have the right to take their own decision. For instance, Generic_Name, who is a citizen of the United States, wants to get the divorce because he found his wife cheating on him. To specify, he went to the court to get the paperwork done for the divorce. To detail, he have the right and the privilege to get the divorce because it is human right; he do not need the help of any guidance to made this decision because is something too personal. One should observe that taking decisions is a right that everyone is able to reach.

Additionally, people can make mistakes, but they have the capacity to emend them. For example, Generic_Name, for peer pressure, take a wrong decision about using drugs. To add, she realize that what she did were a wrong decision, and she understood that is bad for her health and she staunch doing it. Clearly, society can make people do what they do not want, but is in one to say: no; and fix what they did wrong.

Last, but not less important, everyone have different ideas and points of views, and because of that people should make their own decisions. For instance, Generic_Name's parents teach him to differentiate between good and bad; that means that he is not going to be in troubles for a bad decisions. To illustrate, he do not need the help of others to make a good choice. Obviously, humans are unique and sometimes people do not going to agree with others, but that does not means that one is wrong and the other is right; people need to respect others decisions.

In summary, taking decisions is a privilege that ancestors gave us, people are going to made mistakes in order to success, and everyone is qualify to talk by themselves. These prove that citizens should not need to see a guidance in order to made decisions. People must respect others points of views and do not judge them for what they do. There is only one choice: respect and always have present that no matter what others said you can do it!",493,11,Female,Economically disadvantaged,Hispanic/Latino,train,4,3,3.5,4,3,3.5,4,3,3.5,4,3,3.5,4,3,3.5,3,3,3,4,3,3.5
92767513178,Self-reliance,"I think people could do one of both if they need help they can get it . In the past I thought people made their own decisions. Some people make through decisions on their own, because If people made their decisions and that people might not relay own experts although some people may say It helps when you have a another opinion from someone.

I think people should talk to a expert because they can have a second opinion. To begin with If people seek guidance from experts, for example If someone wanted to move to another state and they can't decide they could get advice from a expert, lastly If people are abused or hurt from someone.

If you have been hurt in your home one your family members you can talk to the authorities not an expert because the authorities can remove the abuser and after you can talk to a expert and you ask your expert on how to make descions on my own.

If people don't get help there might be serve consequences subside or they might hurt someone else. To begin with if you tell an expert you probably have to pay money, for example the expert might not support you all the way, lastly, you have not feel better if you talked to a stranger

I think people could do one of both if they need help they can get it, thereforeyou can get all the help you want you can always try that you can the desicons on your own and you have someone there to help people.                       ",266,11,Male,Economically disadvantaged,Black/African American,test,3,2,2.5,2,2,2,2,2,2,3,3,3,2,2,2,3,2,2.5,3,3,3
014CA5A01658,Self-reliance,"Own Decisions

People who value self-reliance define it as the need for each individual to follow her or own instincts and ideas. Should people make their own decisions, or should they seek guidance from experts and authorities about life's matters?.However,it is not easy follow your own desicions. But,other believe that they should be seek guidance from experts and authorities about about life's importan matters. I think that people should make their own decisions because own responsabilities, cofidence,and be yourself.

Firts, the responsability is a good code for the life. People who is responsable of their acts is capable to control their lifes. Although, almost all the peoble that make a bad decisions they know that is for their own acts not for other persons acts. In addition, people have to be more responsable without others. When you have to take a decision if it do not work you have to take responsability of it. For example: if you studied for a test and there is the smartest student taking the same test and he tells you that your answer is wrong, but you have right the anwers you know that he can be experts or smartest but they do mistakes too, if you know you studied and you are right you have to see how you are capables to do things without them. Because, you are responsable of yourself don't let people take control of your lifes.

Cofidence is another reason, people who don't make your own decisions do not trust in theyselves. But, the people who make they own decisions have more confidence, think more relax, and have many Ideas to see what right decisions choose. People who ask for guidance are not capable to do amazing things, but people who make they own decisions are capable to do amazing things,because they have a big datail and it is called trust. Also, feeling with confidence gain a better experienced in yourself perhaps when you get older you are going to have a good knowlegend. Because,you learn by the falls that you have with your own decisions. However,make your own decisions make you feel more confidant.

Finally, be yourself is one of the most beatiful thing in this world. As we know not everyone show what they really are, some people hide their real identity. Sometimes people try to do things that they do not want to do, for example; If you are guidance for somebody else you lose yourself it means that not are you who are thinking and you are doing decisions of others. Moreover, be yourself help you get up your self-esteem it is part of you happines with you happines and your self-esteem up you can choose right decisions by yourself becuase you are tireless making you own decisions you can do amazing things without need guidance experts. then,people with the up self-esteem do not need that experts build them, because they can build theyselves. there are some people who feels they are not capable to be theyselve they are scary that it do not work, but why they have to be scary if it do not work try again it is the best way to learn how get up. People who not fall don't know how get up, make yor own decisions if you fall you can get up because people who trust and are theyselves can do everything.

In conclusion, people should make their own decisions. Because people who make their own desicions is more responsable than other people who are guidance from experts. In addition,feeling confidant is something amazing that no everyone have. Be yourself help you get up your self-esteem and make you choose the ringht decisions. For these three reasons people should make their own decisions.
                 ",616,11,Female,Economically disadvantaged,Hispanic/Latino,test,2,3,2.5,3,3,3,2,3,2.5,3,3,3,2,3,2.5,2,2,2,2,3,2.5
01B1CFD8215F,Self-reliance,"Each and individual person in this world are different.

They have their own choices. I think as a independent person, people should make their own decisions about life's important matters. It defines that, they will not be dependent on anyone. This is highly recommend because, people know their self better, they will learn from their mistakes, also listening to their self won't make them putting blames on anyone.

Firstly, people know their self better than anyone else does in this world. For example, as a human, we have to face so many dramas in every single days of our lives. Sometimes it does defend us, sometimes it doesn't. Yet, no matter what happens, we have to act like everything is fine, because we don't want anyone to get hurt from our behavior. Therefore, people don't recognize who we really are or what's behind the mask. Thus, I don't think anyone should take decisions of our life's important matters from their point of view; because we know what we really are, what we likes to do or what goes with our characteristic, but not the world knows about it.

Secondly, when people choose their own decision and it doesn't come out right or success; then they will learn from their mistakes. For instance, since I'm a junior ( eleventh grader) at Generic_School , I have to start thinking about my life plans after graduation. I was interviewing some seniors and some of my older cousins, to know what they were doing and taking ideas from them, so that I can make my own decisions. Most of them were saying that, they choose four years of university; and it's actually fun. You get to talk to your professors, also getting extra experienced of living in a dorm and sharing bedrooms with others. Moreover, experienced others life styles, cultures and religious events.

In summery, total four year of college is like learning about diversity. So, I was thinking about doing four years of University as well, instead of doing two years of community college and two years of University. On the other hand , I don't have enough money to pay off my education fees nor I have got any scholarship because of my living status style.

Then I noticed, that others style of living is different than mine. In addition, on my diploma they won't say that, if I did two years of community college then transfer to another university. Finally, I changed my decision and learned from my mistakes that everyone's power are different and I just have to choose what goes with my luck. Copying others and listening to them will not help peoples future and will be harmful for them self. So,believe in your self and just do what your is right.

Lastly, listening to your self will not make you blaming others. Like, let's say, I will listen what my friends tell me to do after my eighteenth birthday; and her decision is not to live with my family anymore. She thinks I'm an adult now. I have a job,or I can do my own things. She knows that's my weak point, because my family is my supporters and we have a dream that no matter what happen we will live together and never break our bonds. However, the way she convince me, I was this close to choose her path and leave my dream in the back. Later on I realize, what if I leave and hurt my parents; does karma will not come back to me?? Never, karma always hits you back. If I hurt my parents today,then in the future my kids will hurt me back. It could not be the same topic. However, it could be something different but will be related to my weak points too.

In conclusion, I didn't put so much importance what she said and just pay attention to my heart. And at the end of the day, nobody was there to blame me neither I was waiting for to blame anyone.

To conclude, making own decision is important because, people know their self better, they will learn from their mistakes, also listening to their self won't make them putting blames on anyone. People should be independent , because sometimes others decisions become really harmful for the person and make a big mess in someones life. So,be a person who knows what to do, never looks back and learn from their every steps of their decision. ",680,11,Female,Not economically disadvantaged,Asian/Pacific Islander,test,3,3,3,3,3,3,3,3,3,4,3,3.5,4,3,3.5,2,3,2.5,3,4,3.5
03ACC24E174B,Self-reliance,"I think that the people should make their own decesions and decide what is important for them.

Some people say that the people should seek guidance from experts and authorities. The support is that following decisions from experts and authorities can help you to have a dirrection in your life,and know what should be the most important for you. I'm disagree with that position and i have some reasons to support it.

First,the people should follow his or her own ideas and make their own decisions. The people don't think the same way as the experts,each person see the life different. The people are going to make decisions about what is important for them,for me the family is the most important for that reason every decision that i do is for them, but not necessary is the same for you. In general is that the people have different opinions that's why every person should make their own decision.

Second,The people that don't make their own decision they will not learn what is truly important in life. Every people should make their own decisions,so they can learn about it. The people who make their own decisions will learn about their mistakes(is fine if you make mistakes everybody does it) and in the future they will make the decisions in the correct way. I learn everyday about my mistakes and that's what every people should do,learn about their mistakes.

Third,You should make your own decision and decide what is important for you becuse that's a prove that you believe in yourself .If you believe in yourself you don't need any expert and also any authoritie to tell you what should be important for you.

In conclusion ,the people should make their own decision because the people don't think the same way as the experts and each person have their own opinion. The people that make their own decision will learn about their mistakes and in the future they will do it in the correct way and last that you have to believe in yourself. For this reasons, you should make your own decision about what is important for you and no what is important for somebody.

I propose,that you should believe in yourself and make your own decision and decide what is important for you in the life and also if you do something wrong learn about it and for the next time try to do it well and make the correct decision.",335,11,Male,Not economically disadvantaged,Hispanic/Latino,test,4,3,3.5,4,3,3.5,4,3,3.5,3,3,3,3,3,3,4,3,3.5,4,4,4
05A6953BFA14,Self-reliance,"I agree, the people should make their own decisions. To be independent, To do what I like to do and Not easily influenced.

Make me own decision comes from what I had learned in life. If I do not take my own decision, I will never by independent in my life. If I do not do what I like, I will never take a good decision that can help me.

If I just listen to others decisions, I do not think that I will be ready to take my own decisions.

for these reason ,I should take my own decisions.

I can be independent in my life. by take the decisions to buy a car. Also I can be independent by pay my rent every month. to have my own family for these reasons. for these reason people should be focus more in their own decisions.

To do what I like to do. by doing the things, that I like to make. Also be able to make decisions that bring me positive things, listen to others but do not repeat what they do .for these and many reasons I need to take my own decisions.

Do not be easily influenced. I can grow my Self-reliance, by thinking about the things that I do well. Follow other people advice but sometimes it is not good. but you can listen and think about what they are saying and then take your point of view and take the best decision do not be easily to convince .

I can be independent, and create my own life with my own effort. I will do the things the help me to take my own decision. I want to improve my point of view about Self-reliance.

It is for these consequence that I should improve my actions.",266,11,Male,Not economically disadvantaged,Hispanic/Latino,test,2,2,2,2,2,2,2,2,2,3,2,2.5,2,2,2,2,2,2,3,3,3
06157560C62F,Self-reliance,"Although, many people might argue, that it is better to make their own decisions. Also, they think that to have an own decisions you can do whatever you want in life. In my opinion, I think that people should follow directions from others such as: authorities, laws rules, and experts person in life. I said that for these reason one, is that it would be easily to follow, second, to seeks others direction it can benefited to have good way in the future, and then the third reason is it have a lot of possibilities in life.

From my perspective, I have seen many people who had been success in life, and also I read about many people history life. According, to what I read that it is easily to follow others directions who are experts and have an idea about important life. Furthermore, they can teach you many things that they are already past in or things that they have been face, and struggle in their life. Apart from this, expert people can give you an advice, that how to live in the world. People can tell the the worthy thing in their life had been face, and how to get out of a worst issue. In that same way you can definitely teach yourself by hearing their story.

Moving on,

as we observe now most of people have face many aspects and problem in their life, because they are not following any introduction. Additionally, they just want to make their own decision, but it does not benefit anything great to them; instead it is taking them to a wrong way. On the other hand, people can not prospered in life from what they doing, and can not see their future also do no think what is going to happen next. As a consequence, that people should definitely follow others person or follow roles of authorities. Also, you can learn from them how they success or even their failure in life. Maybe you can observe what they doing and then you do it a good way.

Subsequently, people who are following direction or seeking guidance, or observe others life. As we can see they have more opportunity in their life and their future, too. Clearly, they have an amazing future because of the people who taught or people who read them about. In addition, it give them an experience and an example about how to live without any conflict and struggle to face. Then, they already visualize and known their future. Besides, they live a better life and not struggling for many things in head of their life. However, they can still face many issue in life, but they do not afraid about it. Instated, people are confident and not worrying about those problem that they are facing. They know that it can resolve easily for them.

In Conclusion, following others decision it can essential and more helpful for many aspect in our life, such us: teaching new thing that we never know before, having more thing to accomplish in life and also to prospered or trying new stuff. On the other hands, you can absolutely go to a good way and instantly became someone else your future. If you observe and proceed others decision; it particularly make you way going easily. Finally, I strongly believe that people should not make their own decision, because it can cost the worst thing that can happen to them. For those people who are making their own decision, it can tell that there is no way to accomplish anything in their future.",574,11,Male,Economically disadvantaged,Hispanic/Latino,test,3,3,3,4,4,4,3,4,3.5,4,3,3.5,4,4,4,2,3,2.5,3,3,3
08E2BB17C5EF,Self-reliance,"Everywhere we go we see post like ""Ask for help"" telling us to get help from one another.Studies has shown that people who relied on them self are less successful then others who seek guidance from experts and authorities.Although some might believe self reliance and following your instincts is the right choice in life important matters, famous people, teachers and parents prove otherwise.

Famous people like movie starts and singers, all seek ideas from others with more experience about important things in there crier. PROPER_NAME is one example,she is hard working female that faces challenges in her everyday life. Her role model is her father that is also her manager. Her father was once a successful singer, and he knows a lot about the things Miley goes throw.That is why PROPER_NAME asks her father for help.Because of that she is a role model today for everybody.

Teachers all around us also show that by seeking guidance from others who have more experience we can learn more things.my English teacher Generic_Name thought us that we learn from one another and we should always go get advice from a responsible authorities rather just making a choice by yourself.teachers know a lot about things in life because they were once students learning things from other teachers who had experienced a lot of things and learned a lot.

Parents are great help to ask them about things we dont know . I once asked my mother to personally help me choice I wanted to make. I asked her if i should drop one on my class and she had told me that when was younger she had a similar problem and she dealt with it by writing down the positive and negative things about it, and to see if if i would be making the right choice by dropping it, she had also told me not to give up on something just because i have lost hope. She really helped me a lot just by saying that and telling me about what happened to her and what she had to do when she dropped that class.

It is important to seek guidance from experts and authorities because they have a lot more experience then we do. In the feature I think we should all learn to be more open into getting help from others.The past has taught us all on not to relie on ourselves.We make a lot of mistakes in our life by not listening to people with experience ,That is why is better to seek guidance from others rather then following our own instincts.     ",387,11,Female,Economically disadvantaged,White,test,4,3,3.5,4,3,3.5,4,3,3.5,4,3,3.5,4,3,3.5,3,3,3,3,3,3
0A7DEB4B5011,Self-reliance,"During our entire life, we take a lot of decisions; some of these decisions, the ones that are more relevant than the other, are the big decisions and they influence our life. So, should people follow their ideas and instincts instead of seek guidance from experts? The answer is yes. People should follow their own belief and ideas because by doing that they achieve what they really want, they are not influenced by other people and they learn to be take decisions independently without guidence.

Although some say that people should seek guidance from experts and authorities, because it helps people make better decision and makes them less confused, this is incorrect; eventhough people take the decision whit the help of an expert, the human brain can be easily influenced by other subjects. Is important that people keep up with their ideas. In life what really matters is what you want.

First, by following their belief, people achieve what they really require and desire; for example, we live in a world where we are all influenced by others, but if you do something just because is what your friend did, was it what you really wanted to do?. This happen with frequency in people that don't follow themselves. For this reason an individual should not look on what others do, but he or she should look on her mind and search what are his or her ideas.

Second, take a decision by themselves can help people grow mentally. For example, an individual can maybe don't take the right decisions in a specific moment, but he can learn from this mistake, especially the teenangers, and take the right decisions later. Self-reliance is what an individual need to grow and follow his or her own ideas. During our life we proprably have to take a decision by ourselves, we must be able to affront it withouth a guide.

In conclusion, people should follow themselves, their own ideas, and belief with self-reliance, because in this way they are not influenced by other subjects, whit other ideas; there will be not always somebody that can guide a person to take the right decision, people should be able to take it by themselves. In what you believe and what your ideas are, is what really matters in life.",358,11,Female,Not economically disadvantaged,White,test,4,4,4,4,4,4,4,4,4,4,4,4,3,3,3,4,3,3.5,3,4,3.5
0B5C36871E50,Self-reliance,"Should people make their own choices or should they get help from experts and authorities. Getting help from experts and authorities means you have no freedom. Making your own decision after you get older is important. People believe that getting help from experts nand authorities is important, although making your own decision is way more important because you have more freedom in life when you make your own choices, you can learn from your mistakes, and making your own decision makes you more happy with what you have.

Having more freedom is better but sometimes life is not fair. People can be way higher than you, people can have way more stuff than you being rich and having more stuff. Sometimes you do something and lose the freedom you had. Everyone has to be taught how to make their own decision, so they don't make mistakes that takes away their freedom.

There is small mistakes you make all the time, those mistake you can learn from and not do it again. If you have an expert or authorities your never going to learn from the mistake you make because they are there to fix it. If you do the small mistake and learn from it then your never going to do the big mistakes. If you do the mistakes and keep doing it again and then your not really learning.

You have your own choice on what stuff you want to have and what can you afford. Sometimes other people have different opinion on what they like. Having your own choice can get you what makes you happy in life. If your happy on what you do, you can be way more successful in life.

Many people believe having an expert is important, but making your own choice is way more important in life because you have more freedom, you can learn by your mistakes, and you will be more happy in life. You have more freedom without an expert or authoritie. You can learn from your small mistakes in life. You have your choice to choose whatever makes you happy.",336,11,Male,Not economically disadvantaged,White,test,4,4,4,4,3,3.5,4,4,4,3,3,3,4,3,3.5,4,3,3.5,4,4,4
0BDB87C86FE3,Self-reliance,"Would you rather make your own decisions and follow your own instincts and ideas or would you rather get guidance from experts and authorities about life's important matter? I think I would want to get guidance from experts and authorities because it can give you different choices and opinions, can lead you to do the right thing, they know a lot more than you, and they make more experience than you.

Getting different choices and different opinions from experts are really important because if you were to make decisions by yourself than you wouldn't know their opinions. When you're trying to do something big you want to be able to hear everyone's opinions on it. You want to hear their opinions because later on you might regret making that decision and thought to yourself ""why did I do this?"". Ask for someone's opinions like your mom for their opinion.

Getting guidance can also lead you to go to the right direction because the experts would know a lot more than you because they are older and they are more experienced. They would tell you everything they been through and the truth because they would't want you to go through the same thing because they know how it fells to go down the wrong path.

They would also have more experience and more knowledge about it. The people who make decisions by them selves are later gonna regret doing what they did because they didn't get any advice from anyone who had more experience or who know a lot about life's matter. So before you make a big decision make sure to ask a elder or a someone who knows a lot about what your trying to do.

In conclusion I think seeking guidance from experts, authorities and elder are they best ways to get advice before they have a lot of experience or what they are talking about and they will give you they best possible advice they can, so later you don't regret the decision you made. ",315,10,Male,Economically disadvantaged,Asian/Pacific Islander,test,4,4,4,3,4,3.5,4,4,4,3,4,3.5,4,4,4,3,4,3.5,4,4,4
0C77F76A1B3A,Self-reliance,"People should make their own decisions because they know what they want. when people make their decision they can do what they wanted to do. when people are seeking guidance they wont have the opportunity as same as people who are alone.

Reason 1, The people who are alone they can research what they want. They can take the classes that they want. They can learn a lot if they take their favorite classes.

Reason 2, When people make their own decisions they might have a good life. People will be happy because they are a teacher. When the people study what they want you might see them happy in school.

Reason 3, The person who might work with a guidance wont have the same fun thing that is happening with the person alone. When the person is with a guidance might not work as hard as the person without the adult. So when a person wants to do the thing he wants make him dont force him to do something else.

In conclusion, people might say when the person is alone and not with a guidance he/she might do something bad and wants to do bad stuff. Well i think if that happens then the adult can do something about but not force them to do it.",200,11,Male,Not economically disadvantaged,White,test,3,3,3,3,3,3,3,3,3,3,3,3,3,3,3,3,4,3.5,3,4,3.5
0D53EF7A19C7,Self-reliance,"Some people believe the best decision you should made on your own, without others person's opinion or without profession instruction,however other person's has different opinion that you should need a profession opinion to tell you the best way for you to solve your problems or questions about life directions to not make the worse decisions for not affect you in the future and to know other's person's experience to intend about your opinion and to help yourself to solve different situations or to help another person's that has the same problem or similar on kind the same questions on their mind to find out what is the best for them and their life share opinion's, every body has different solutions or different opinion you can try to find out by you own what should do ,but every time,everyday you going to ask yourself the same questions if you should think more about or search for a profession help to make sure if you made the best solution for your present, future in general for your life .

For example you are waiting for something better at you area of work for a long period ago ,

after all these time you finally got a better position in the company , but you need to move to another city or country to have the better position , you cannot take your family or friends with you on your new company position , these is a hard decision to find out by yourself or to intend about on your own , a profession is able to help you in these situations to encourage yourself and to find a solution for you not give up something you waiting for a long time ago and to make yourself a happy and make the people around you happy , that can make your days better to not be a stressful day that you need to think how and what is going to make yourself happy and the people around you happy to share another experience with all person's you love and you want to be around you .that can help you find out what is better for you now or in the future and how not make the things worse on your life.

The best thing you can do is look for help from a profession and to help other people to find out what they need to resolve their problem to not be embarrassing about your problems without solutions it's a difficult way to try to resolve without direction you need to go or how you can start

,without a profession help to encourage and incentive yourself to make the better decisions , you going to find out that is a million of person's in the world that has trouble trying to resolve their problems that need help with their problem not just yourself and that going to make you feel better or to talk with somebody else shearing problems,solutions,and opinion's . Life it's a cycle that you can be the person who help everybody to resolve their problems giving solutions , but tomorrow you can be the one who need help to resolve their on problem .

Your best decision its when think about the present,and the future and about other's person that is important to you and that you want around yourself for not be without directions to go sometimes you need to think really seriously about your way to resolve the problems if you are doing the best thing for in the future not be to late to change your decisions a profession will be with you all the moments on your life and encourage you do the things that make you feel better to live the best experience and for you say after all these that you do the best thing for yourself not making other people feel unhappy with you and make you life with a solution of the problems.            ",595,10,Female,Economically disadvantaged,White,test,2,2,2,2,2,2,2,2,2,3,3,3,3,2,2.5,2,2,2,2,2,2
11926579AB40,Self-reliance,"It is clear that the people who value self-reliance define it as the need for each individual to follow his or her own instincts and ideas. There are two types of people who feel self-reliance and who seek guidance from experts and authorities about life's important matters. The first one are persons that feel confident, and they are sure about their own opinions. I believe this type of people make their own decisions, opinions, ideas and it is good because they do not dependent about the decisions, or opinions of the other people about their life.

Their own self-reliance makes them more efficient, and confident, but they feel not depending on help from someone or something else. They do not take advice that other people give them because they feel self-assured and do not care when someone tell what thinks about them. It is wrong believe we know everything and we do not need help for someone else, believe that we are always right and other people are wrong, thinking that you are better than other people. This thoughts us make take bad decisions in our life, all the people need help for each other, listen their advises, experiences, opinions, and that ways we will grow up and take better decisions for our life.

The second one are persons that listen advises, experiences of other people more oldest than them, seek guidance from other people whose help to grow them, listen ways how make better than other times, learn to each other, see the experiences of other people, but this no refer that type of people dependent of the others, simply admit that they do not know everything, and need help from someone else.

In conclusion, we can make the two types of persons seek guidance from experts and authorities about life's important matters, to see the experiences of the other people more mature than us like adults people and that way we become fully grown and develop emotionally and start to behave like a sensible adult with our thoughts, and take our own decisions. It is not wrong seek guidance to take better decisions, it is wrong when you not ask for help because you feel self-reliance, and thinking that you are better than other people and you not need help, thinking you know everything. We need to seek guidance from experts and this peoples give us their opinions what they think, or what is the better option, and their experiences and that way our thoughts to extend beyond to understand the things of the better way. Then, already is our job make our own decisions and make the things more suitable for us.                                                                                                                                                                                                                                                                                                                                                                                                                                                                                    ",660,12,Female,Not economically disadvantaged,Hispanic/Latino,test,3,3,3,2,3,2.5,3,3,3,3,4,3.5,3,4,3.5,3,3,3,3,4,3.5
11F4C64AAC2A,Self-reliance,"That people make their own decisions is important. Without the opinions of others is more easy to work. Should people make their own decisions, because some people believe in their self, they are focus and put their best effort, and many people are independent about life's matters.

Some people believe in their self. For example, they do not need nobody for help. To begin with, when people want to do something for their own benefit they do. Moreover, many people don't ask for help they just try the way to find a solution for their problems. People believe that they can do anything by self.

They are focus and put their best effort. For example, a person that is hard worker. While, some students are interfering on the class the rest of students prefer go to a private place. To be specific, those people who love to be concentrate they ignores whoever want made that they fail. Some people want to do the best work by their own effort and dedications.

Many people are independent about life's matters. For example, brave people that value their ideas individual. In addition, when young people go out of their mom's house because they want their own space. Therefore, many people love be alone and they don't care about how difficult their decisions are if they consider that they can solve by self. There are many strong people without nobody's help.

In conclusion, when people make their own decisions they are choose very well. Because they have many benefits for them such as, believe in their-self, they can be focus in their job, and they become independent. Then, they would be are so proud to making the best for their comfort and they can be sure that they can make their own decisions.",292,12,Female,Economically disadvantaged,Hispanic/Latino,test,2,2,2,2,2,2,3,2,2.5,3,2,2.5,2,2,2,2,2,2,3,2,2.5
1CDBF6CC97BD,Self-reliance,"People always say do that or do this but you have the right to make your own decisions . I think people should trust their own decision other then having people telling them what to do. One reason I think its better for you to make your own decisions is that you could do what you want to do without anyone telling you other wise another reason is that you'll be able to build up confidence and won't be scared to speak up. What would you do make your own decision or have others make it for you. I'm here to show you how its better to make you own decision.

My first reason why I think it's better to make your own decisions is that you could do whatever you what to do. You don't have to listen to anyone else. If you want to go play:soccer,football, baseball ,and basketball then do it that's your own decisions. Don't go seeking guidance from someone else because they might tell you to go do something that you don't want to do or something that you already have done before,But if you make your own decisions you could do whats best fits for you and no one else. You could learn have fun by making your own decisions.

My other reason is that you'll be able to build up self confidence and won't be scared to speak up. A lot of people are really scared or shy to speak up what's on their mind but I feel like if people would just make their own decisions they wouldn't be scared or shy,But if people let other people make the decisions for them they are always going to be scared to speak up. I know this cause I was once shy I would never speak up for myself and I would let people make decisions for me ,But once I started make my own decisions i felt my confidence boosting up now i am not that shy no more and i can make my own decisions now.

A lot of people would disagree with me and say thats it better to go seek guidance and that the guidance should make the decisions for us. That they know whats best for us they are the experts because they have already done this before, So they can give us really go tips to help us make it more easier. They could be a really good help make are decisions or just make it for us that would help us in life. It would make us try new things out to see if we like it or not and if we don't like we have to go seek some more guidance that would help us make are decisions

I still think that its more better if you made your own decisions other then having someone else do it for you. I gave you two reason why I would make my own decisions and I also showed you why people would rather have other people make their decisions for them. I hope this prompt help you in life to figure out if you should make your own decision or have someone else make for you,But both of the side would help you in your life but I think making our own decisions is better and thats my decision no one else.    ",533,11,Male,Economically disadvantaged,Hispanic/Latino,test,4,3,3.5,4,4,4,4,3,3.5,4,4,4,4,3,3.5,4,4,4,3,3,3
1F63F334C9EB,Self-reliance,"People who value self-reliance define it as the need for each individual to follow his or her own instincts or ideas. Should people make their own decisions, or should they seek guidance from experts and authorities about life's important matters? I think that you should follow your instincts and ideas. Maybe sometimes you can use a little help from other people but, that is not how life works all the time. It's all about confidence really, you have to believe in yourself.

First, in life not everyone can help you at all times in your life. You cannot learn by having help all the time you have to do stuff by yourself sometimes. Yeah maybe sometimes you do need help but not all the time you just can't that's not how life works. My grandparents always tell me life will not give you anything you have to work for it in your life. Sure it will be hard but you just have to believe in your ideas or instincts. You just have to be confident in your work or ideas anything in life really but, don't be too confident.

Second, making your own decisions is a good habit it means you are in a good habit of doing things by yourself very independent. People like it when people are very independent because, it shows you been through a lot or you are pretty much brave in life. My dad would let me help him with stuff so I will learn what to do in that situation by myself one day and i'm thankful for that. Your bosses or a love one would love to see a independent person doesn't have to rely on anyone. You will be stuck after no can give you an answer to your idea or question that is why you need to be independent.

Next, it would really help you out in jobs if you are very independent and always have ideas that's what a boss is looking at to be honest. Look at how Steve jobs did it he really had to take a big risk but he made it and now he's a multi-millionaire. It's all about trust in yourself really you can't be negative all the time or you are going no where in life. Kernel Sanders look at him he was like sixty years old making chicken and he only had sixty dollars at the time and now he has a huge fast food business. Just that one idea can save your whole life or money or just about anything I just think that is crazy and no one helped him out.

However some people can say it can be really bad sometimes if you make your own decision. You can be in debt, jail,dead, or etc you can always make a bad decision everyone does in life. People that are going to college almost everyone is in debt and its ridiculous I understand you want to have a good job and everything but then you will be in like a twenty year debt or basically your whole life. If you are in car and texting and driving that's a bad decision because, you can harm others and yourself people die all the time just because of picking up your phone and texting someone that is not good. So every time you do something think about what are doing before you do it and something happens. You can always ask for help or ask them what do I need to do before I do something wrong.

Finally, I think making your own decisions is good but not always good. It helps you in jobs and in society just about everything. We look into famous people how they took big risks and they made it out and now have a lot of money or they have a big business. Not everyone's decision is good and really needs to ask for help or anything sometimes and that's okay. That is my opinion about should we make decisions by yourself or ask others and I went with go by your instincts and ideas be confident in your work, ideas, or big risks just go all out but, like I said don't be too confident in it because anything can fail and life is not fair life is hard. Life will be way more harder if everyone gave you the answer and the when you have no one else to give you an answer you are stuck and don't know what to do.",728,11,Male,Economically disadvantaged,Hispanic/Latino,test,3,3,3,4,3,3.5,3,3,3,3,4,3.5,2,3,2.5,2,3,2.5,3,3,3
23058E7FEBF8,Self-reliance,"Should people make their own decisions, or should people seek expert before making decisions? Many people make decisions based on oneself emotion states. Life is full of obstacles, and the world is full of monster people. If people wished good for one another, then the world would have been a good place to live. People are mean. People wishes someones fall rather than success. The world population is rapidly growing, it is estimated that there are around seven billion people in the world. People are everywhere, yet many people suffer from loneliness and depression because people are afraid of each other. It is hard to believe a friend these days. Although people might need counseling from experts when having a hard times, making their own decision have a greater impact on oneself life. Making oneself decision will give oneself to have a positive self-esteem, to develop decision making skills, and to be independent.

First of all, people who make their own decisions have positive self-esteem than the people who rely on others. People should make any decisions that can impact their life. As a student, I have received advising from my counselor about family issue specially about my dad. I was having issue with my father, and I went to my counselor expecting help and defense. I told her my problems and her solution was another problem. She exaggerated the problem for the first time I told her, and don't want to advise me the easy way. I want to cause less destruction when solving the problem. My counselor reported the problem to the school top administrator's and principle. After a while, my counselor seems not interested in the story anymore and want to get rid of it. Her solution was a big problem than the problem I have presented. Although my counselor might say she had solved the problem, it is not solved, yet it had made me feel worthless. I feel there is no body that cares for my safety. I feel lonely, and my self-esteem is low, it never been lower than this time because I was victimized by my school and my dad. I don't recommend any student to go to their counselor's receive advising especially on things that are sensitive to them. At the end of the day, they might feel like me. Having a positive self-esteem is important in order to do good at school and in life. we teenagers especially lose our self-esteem easily that leads us to depression. Making our own decisions helps us to be confident and responsible for our own words and action.

Second of all, to develop good decision making skill, we have to practice making decision by our own at the young age. parents should allow their children to make a decision, for example; parents should allow children to pick their classes, what after school programs they want to do, and what they want to eat. while growing up, they will develop good decisions making skill that will help them dealing with the real world. People should make their own decisions by thinking what's right and what's wrong. Many people promise when they are happy and give upon things when they are sad. Even though, it might sound impossible, its important to separate feeling when making a decisions. Controlling our emotion when we make a decision might helps us to make the right decisions. we make a bad decision when we rely on our feeling. Taking a deep breath and thinking awhile about the decision we are about to make helps us to choose the best path for our life.

Third of all, making our own decisions will help us to develop the feeling of being independent. Leaning on others back is dangerous and a common mistake people regret doing. Feeling independent is precious that's why our fathers fought for the independence for our country. They know the feeling of being independent and not being influenced by others is important in life. Making our own decisions helps us to control and navigate our life. It helps us to be confident and make a difference in our community. Being independent gives happiness. Many women don't make decisions for them self but their parents or spouses do. Especially in the undeveloped nations women dont have any power to make a decisions for themselves. What they can do is limited. It is human basic right to give someone the space to be themselves and letting them to make their own decision without any consequences.

Although, people making their own decisions have a greater benefits, advising experts before making a decisions have also its side of benefits. The experts who listen and analysis oneself situation to set a good path are helpful. Experts work on based on science and logic, even though some of our problem cannot be solve with none of them. Getting help from expert might sound that there will be less mistake in deciding the path and itsmore comfortable, but the person who rely on the expert to make the decisions will have less confident. People might feel comfortable talking to other people about their decision, even though, they might victimized by the people who they share idea or plan with by stealing their ideas. Depending on others to make a decisions might be helpful to make sure oneself is doing the right thing, on the other hand, depending on others to make decision will decrease oneself ability to compare and contrast problems. overall, making decision for our self has good benefits in preparing our self for real world and protecting us from blaming others for our fails and taking responsibilities.

In conclusion, making decisions by ourselves has greater advantages than letting experts make oneself decisions. The creatures that walk on two leg and taking over the world are not nice, they are evil thinkers. Trusting one another has become hard. People enjoy other fellow human suffrage. Sharing secrets has become hard. People are becoming disloyal and back stabbers. keep your next move secret. Try to make own decisions to help your self to become independent, develop the skill of making decisions and develop positive self-esteem.",938,11,Female,Economically disadvantaged,Black/African American,test,3,3,3,3,2,2.5,3,3,3,4,3,3.5,4,4,4,3,3,3,4,4,4
23872919A981,Self-reliance,"Self-reliance, The state of being reliant, is the instincts,

when one people have to on the life.

The reliance star to you hose when on save my self was of what, you want or needed, wanted security and reliance and so mosh have on my favor.

The Self-reliance is the instincts, what i have for, expression when toking, when explain, were yo are student and need explain one project, word sheet or something, they has reliance, on expression the everything is more easy.

Self-reliance

The state of being reliant

One relied on

When their own decisions, on your self, you no thing what is the consequences, because was adolescent, and maybe take decision no some good. By you can ask, Old man you no, why, by the experience is more dependable what other information, what i have.

The decision what you take the rest of the life depend on one idea because you need want being reliant have on the head ravening the leveraged for take the decision important matters.

The Faith belife on you only you take the reliance and Eat the World.",160,12,Male,Economically disadvantaged,Hispanic/Latino,test,1,1,1,1,1,1,1,1,1,2,2,2,2,2,2,1,1,1,2,2,2
248F4D79E0BC,Self-reliance,"Yesterday, I met Generic_Name in the coffee shop; she used to one of mine old friends in high school. She told me about her job and how she love it. That become a kindergarten teacher, by far is the best decision she make by herself. This is make me thinking if we decide everything in our life by our own decision,

it will be better for our self or we should listen to other people option too."" People who value self-reliance define it as the need for each individual to follow his or her own instincts and ideas."" Personally, I strongly agree with this idea because academic is one of important decision in our life, social life is the main decision in our life, and last but not least is career.

First, academic is one of the important decision in our life. We had to decide which school, and which major we will learning for. For example, last week, my friend Generic_Name had to make her biggest decision in her academic life, that is which college she will be attend in the future. Many teachers agree that choosing which college to attend is one of the hardest decision for the students. Student academic decision is important to student because it can have a huge effect to they future academic career.

Second, social life is the main decision in our life, it can be effect to our emotional and experiment in our life. For example, a few months ago , my friend Generic_Name , which his parents just got divorce, had to decide who he wil be live with. This is a hard decision for Generic_Name since he love and want to live with both of his parents. Many teenagers get a hard time to decide something in their life, especially when it about they own family. Life decision maybe hard for some of us, but it is really important to our life. We had to believe in our self to make the right decision.

Third, career decision is important because it show who we want to become in the future. For example, last month, my sister Generic_Name just has a successful surgery by saving a patient from heart attack. She is so happy that she make the right decision is become a surgeon. Some of people agree that choosing the right career help them become successful in their job. career decision is important because we had to choice the job that we have passion and enjoy the time we do that job. It will help our career be more successful in the future.

In conclusion, yesterday, I met Generic_Name in the coffee shop; she used to one of mine old friends in high school. She told me about her job and how she love it. That become a kingdergraden teacher, by far is the best decision she make by herself. This is make me thinking if we decide everything in our life by our own decision,

it will be better for our self or we should listen to other people option too."" People who value self-reliance define it as the need for each individual to follow his or her own instincts and ideas."" Personally, i strongly agree with this idea because academic is one of important decision in our life, social life is the main decision in our life, and last but not least is career. Every decision in our life are important, we had to careful and listen to our self what we want and what we need to make our own decision. ",546,11,Female,Not economically disadvantaged,Asian/Pacific Islander,test,3,3,3,3,4,3.5,3,3,3,3,3,3,3,4,3.5,2,2,2,3,4,3.5
267E1082CE9E,Self-reliance,"Dear future child,

I am excited and lucky to have you. You are an truly blessing that could ever happen in my life. I am always going to love you, be there for you, help you through life. there are going to be days i may have to let you go to be an independent girl. But you are not alone for what ever reasons. I will always be there by your side. I want you to have the best life you could ever have.

Before you make your own decisions in life you should seek guidance from experts and authorities about life because it always important. Having a independent life can be hard especially when you dont have anybody to seek you guide about life. Without someone like your parent or good friend always going be there for you and doing everything for you but sometime they have to face their own life as well so they cant always be there when you need there in that moment. But it best to have someone you can trust who can tell you about life who can encourage you, have hopes in you. Before you go and make the decisions to yourself.

Life is important for everybody because it a blessing gift to have and there are always going to be good moment. There will be time that everyone is going to have a bad day and may not have been lecture by anyone they could trust about life but that doesnt mean you will have a dull life. People should have faith, confident in life even when they think they dont have anyone by their side. Life could be a lesson as well, it make people understand of the behavior or actions they take. Life give us the opportunity to give us second chance to make thing right or to learn from it.

My lovely child, let someone seek you about life to understand the risk that could happen. Not only that but good thing could happen too. Being independent is hard , you'll have to go thing alone and take care yourself as a big girl soon. But as i said before you are not alone. I will always love you. And if you ever need anything i will always be here.

Sincerely, your Mother.             ",373,11,Female,Economically disadvantaged,Hispanic/Latino,test,3,3,3,3,4,3.5,3,3,3,3,3,3,2,3,2.5,2,3,2.5,3,3,3
268BDC1DA46F,Self-reliance,"I personally believe people who want to improve or accomplish something should seek out for guidance.

I believe this because they are much wiser than you are. They are wiser because before they where a mentor they where a student who made lots of mistakes and improved them along the way. Also they have been studying the topic or activity that you are trying to improve longer than you have.

This could come in handy because they can tell you something you might not have known with just the knowledge you already have.

Another reason why I think you should seek for guidance is because they are watching you. By this I mean they can see the mistakes that you make. This good because once they acknowledge you doing something wrong they can help you improve it so you can do better than before. Also mentors can make sure your still sticking to your plan so you can accomplish your goal. Manypeople have reported that when they start to try to accomplish a goal they often end up getting distracted or lose focus on what they need to accomplish, but with a mentor you have someone to remind you and uplift you to accomplish the goal you want.

My final reason on why you should seek guidance is because they motivate you. So often that when people are trying too improve something or try something new they sometimes get discouraged when they make a mistake. But when you have a mentor they will encourage you too keep trying and learn from the mistakes you made. Also mentors will give you self confidence that will make you feel like you conquer anything, I say this because with all the motivating speeches your mentor gives and him/her helping you get through things you never thought you could get through , you are going to feel on top of the world. These are all my reasons on why I believe you should seek for guidance.

- Sincerely Generic_Name     ",374,11,Male,Economically disadvantaged,Hispanic/Latino,test,4,4,4,4,4,4,4,3,3.5,4,4,4,4,5,4.5,4,4,4,4,3,3.5
287965E2FCB7,Self-reliance,"The people should seek guidance from experts or they should follow their own instincts and ideas? The people can discover big things in their own; however, seek guidance from experts and authorities is better. The people should seek guidance from experts and authorities because they know many things about the life's important, they are people that always saw the different type of life that the people live, and they are people with a lot of preparation and knowledge.

First, the people should seek guidance form experts because they know many things about the life's important. For example, at school the counselor help the students with their personal problems because in this case the counselor is the expert, she/him can recommend a possible solution to the problem. Another example, some people go to the psychiatrist because they don't appreciate the value of the life, so that means that the psychiatrist help this person to find the purpose of his life or why hi is important in this world. Also, the Social Worker can support the people by talking with them and explain the importance of life. The experts discover new things to help the people.

Second, the experts are people that always saw the different's types of life that the people live. The experts can be in the people's families because the people have a old person in they house they can talk with this person about the life's important, they have a lot of experience because they have living a lot of years in this world and maybe hi saw a lot of life types that the people live. The experts always talk with different people, so they know a lot about life, about the importance of life, and the life style. When a expert came and talk with people they do that the people reflect on their life's. The experts with the time they get a lot of experience.

Third, the people should talk with a expert because they have a lot of preparation and knowledge. When the expert go to school they get a lot of knowledge and information that after they can use this information by helped them. All the experts study for a specific career and they know a lot, but just after a period of time they get a lot of experience that help more the people because at this time the expert know more about types of case that the people live in this life. The experts have the knowledge to incur you to a good way, and help the people to find something were they can involvement good to find they purpose in this life. The experts have to be prepared for the job that they have, they have to study a lot.

The people should seek guidance from experts and authorities because they know many things about the life's important, they are people that always saw the different type of life that the people live, and they are people with a lot of preparation and knowledge. The people should first go to talk with a expert person because they know how to solve problems, they always saw a different, and difficult situations that the people live, and also they have a degree that show that they are ready to give a counsel about the life's important. In conclusion, for all this reasons the people should attend with a expert person that can help they in a way to understand why the life is important.",583,11,Female,Economically disadvantaged,Hispanic/Latino,test,3,3,3,4,4,4,3,3,3,3,3,3,3,4,3.5,3,3,3,4,4,4
2960E9477338,Self-reliance,"In this world there are two different types of people; people who value self-reliance, and people who much rather seek guidance from experts and authorities about life's important matters. People who value self-reliance make their own decisions, they define it as the need for them to follow their own instincts and ideas. When there's a problem, they find a way to fix it on their own with no one elses' help. However, there are other's who need guidance and seek help from experts.

For this particular issue I'm going to have to side with self-reliance. I believe that in order for you to grow as a person, you're going to have to learn how to make your own proper decisions with out anyone's help. Facing problems on your own can lead to many great things. It makes you feel very confident, as if you can overcome any obstacle in life. In other words, it determines how strong you are and shows you that you can handle more than you think.

You may go to an expert about life's important matters and talk about the situation you're in, but really, they don't know you or your story. An expert can easily brainwash you and change your mind about a lot of things with a simple opinion they may have. In several occasions, people already know how to solve their problems, but they need assurance of what the right thing to do is, so they go to experts to find the answer. Really, an expert doesn't know what's best for you, only you do.

There are multiple people that suffer from depression and feel like they need an expert to guide them, they need somone to talk to and to make them feel better. The thing is, why waste money for a complete stranger to talk to you ? Don't get me wrong, It's great to express your feelings and let things out when you feel the need to. When you need guidance, the right people to go to is family and friends because they know you and what's best for you.

In my personal opinion, valuing self-aliance is the greatest thing you can do. You should make your own decisions, you shouldn't pay someone to do it for you. Seeking guidance from an expert is just a waste of money and time. At the end of the day only you know what's best for you and can rely on yourself only.       ",379,11,Female,Economically disadvantaged,Hispanic/Latino,test,5,5,5,5,5,5,5,5,5,5,4,4.5,5,5,5,5,5,5,4,5,4.5
29C7D0FF2114,Self-reliance,"So about this prompt i can go both ways.

Reason one

I think people should make their own decision because there is always not gonna be somebody to tell you what to do in your life because if you always listen to somebody then u are gonna always look up to somebody and follow everything they say. Because sometimes you have to listen and go with your gut if you dont then you are gonna end up in some big trouble because you did what somebody thinks is best for you to do instead of yourself.

Reason two

Its never a bad idea to listen to the older ones because in the music industry these coming up rappers and singers they ask the ones who have been in the game longer because say they get in argument with one of the people in the game either they are gonna ask the real Ones what to do or they are gonna come to them because they are gonna give the words of wisdom and help them through the situation better instead of going back and forth on social media and life is important thats why we always have people who have been in are situation so we go to them to ask your evidence and on that note i am done.",205,12,Female,Economically disadvantaged,Black/African American,test,3,3,3,3,3,3,3,3,3,3,3,3,3,4,3.5,3,4,3.5,3,4,3.5
2D07CFE4B821,Self-reliance,"People who values Self-reliance do things by themselves and don't have to see someone to ask about what they are planing to do. People think that nature is a beautiful place to live so, they don't trust in another. Then,Self-reliance is a fact that you ca do everything on your own this helps that people who work individual and to this thing without ask someone else they might learn an experience by themselves they will learn how life is. However, Self-reliance is part of the nature we can believe in ""God"" even if we don't go to the church people just do what is right and be a good person. First, Those people who values self-reliance do their stuff by themselves always no just like to be happy yourself. People who practice self-reliance might get an experience of what they be do right and what be wrong with them. Nature is a beautiful place where people can be happy all time and they don't worry about nothing because they think they been doing the right thing, self-reliance is practice just for people who wants to do everything in you own. Second,Self -reliance is fact that just people who wants to do things by themselves can practice they feel confidence about all they can do in you own and they do not trust in the others people because they think the others people can tell them to take a bad decisions for this reason this people believe in themselves so nobody can distract them. They are individual because that is the best way to be happy is to do first what you like not what others like. Third, I think this kind of people should be right on what they do ,but they learn their own experience when they did something wrong then this people try to be better by their mistakes. In additional, I think self-reliance is a fact that best describe those people who always do the things in their own and they feel confidence of the things thats they are capable of do everything by themselves ,but if this people should visit an experts before to do what they wants it will be much better for them to because they get anthers ideas so it's going to be more helpful for this people that like to practice self-reliance people could do everything little more perfect when they go to visit an expert because they tell them what they might have to be prepare for it. People can be more guide to do things more right. If people do not visit experts that can be fine because they just wants to be happy to do what they like in case of visit an expert they just go without any clue that can help them sot it 's important to visit an expert because they can tell you what things you can do if you get in an situation ,but if you do not visit can be fine because you just wants to be happy and feel confidence and don't trust in others because they can guide to the wrong path. Finally Self-reliance is most about nature and individual some people think that if they do things by themselves it will be more easy for them because they want live and be happy the most that they can; self-reliance include the nature where the people who values self-reliance can be happy in nature they can find what they wants to be the happiness people in the world because nature is also one the most beautiful place around the world. Therefore, This people who values self-reliance think that you can believe in ""GOD"" even if you do not go to a church just be positive of all you do is the right and you no hurt others so they can't hurt you; it is a good way to put in practice the individuals that you have and what you believe too. Many people think that self-reliance it's important because you got the option to be yourself in this world so that the choice for you to do what makes you happy and be individual and the others people cannot guide you to a wrong way that why you should do first what is good for you and for the other. In conclusion,People who values self-reliance and they like to be individuals its a good opportunity for them to practice because they can share their ideas and their wishes to be the happiness person in the world because you depend by yourself. People believe in self-reliance that nature is the most beautiful place that exist in the world to visit to be happy and you can find god there you dont have to go the church to find God because He is everywhere around the world and you just most have to do the right thing and not hurt other so they cannot hurt you too. I think if that people who like to depend by themselves if they visit an expert it could be better for them to do much better things as they do in their own if they go to a expert before to do something it will help you to be more prepare and ready to do what you like and also can help you to be more prepare for any situation that you can have. Visit an expert will be the best thing for you because you can do everything right and guide by a expert is a clue that you will not how to take care of it in a difficult situation because you been told by an expert what can you do when something is going wrong , but if going by yourself its fine because that what makes you happy and makes you feel capable to do what is better for you.",907,11,Male,Economically disadvantaged,Hispanic/Latino,test,3,2,2.5,4,3,3.5,3,2,2.5,3,3,3,3,3,3,2,2,2,3,2,2.5
2E0D8ACA0697,Self-reliance,"The reasons why I think people should make their own decision. it's because we shoud think about our own decision and decide if it good or wrong. It's better to follow your thoughts and not other thoughts. It help's you because you can express yourself on how you feel.

First people should make their own decision because you are capable enough to think about your them. Second you should know what's right and what its not right, what shouldn't do and what you should do and decide if its right. Third follow your mindset because if you do other's decision, you are deciding in other's people mindset. Others don't feel what you feel, they have different mindsets, opinions and ideas. No matter what, follow your ideas and decisions. People gonna talk about you no matter how well or wrong you're deciding.

I hope people do what they feel and not what other's make them feel. If you ever have a problem ask people you trust, like an opinion and listen what they have to say about it. Then you should analize and think about it and decide what ideas you should use but in your own way. Use it to find a way to resolve anything you are dealing with. Thats why i think people should not listen to others, why not following your thought?.",206,10,Male,Not economically disadvantaged,Hispanic/Latino,test,3,3,3,4,3,3.5,3,2,2.5,4,3,3.5,4,3,3.5,4,3,3.5,4,3,3.5
2FD3308AC194,Self-reliance,"soccer i play soccer seans i was 11 and i play in defrent teams and schoool but one time i hert my lige and i didnt woke on it and it was hard for ma not playing socer so all my frends play in the team only me i didnt try out because of my lig, and it been a year for thet so i start playing agein but it was somthing difrent i coadnu't do the same skelas like before so i was mad, in the fires tme because my frends were beter then me so i start prectcing hard so i can do better in this game, so one day i play for some team and i was so good but one guy trey to broke my lige like liast time but i moves so fast he didn gite me so after the game i was tinking what will hippend if this guy hit my lige mabey the same thing going happend and i was going to stop playing that game and thin i relise is oing to hippend one day agint mabey im not going to hiel from it for a long time and his year my brother is playing for school and he make the team but im skeard becase the same thing happent to me so i dont want him to be like me but i dont know, what do i shead do but i can imgen seeing my brother in a big team playing soocer and i really wis if i can play soccer agian because i can be so good playing soccer and i want to play soccer for koleag hobfely rige now i know that i cant play soccer if i didnt meak my JPA hier i usto have that freand who allwas want to play soccer and i like him because of thit so we go woking to jest see people play soccer we didnt play becasus we wans to yong for theat team, after 1 year we want to try out and we make it so every day after school we go thaer so we can prectise and one day we go to a game but in a meadol of the game he gat injoerd like me last time so i was to sad bceas he want play with me agian and i was going to prectes by my salf for a hoel year and we usto win somtims and somtims we lost but the good thing that he got better but he sad his famley havto move far awey so he can play soccer for the good teams i was mad and sad and happey in the same time i was happey for him and i was sad because im not going to see him and i was mad becase i codenu;t go with him but one day im going be better then thiem all.  ",475,10,Male,Economically disadvantaged,White,test,2,2,2,1,2,1.5,2,2,2,2,1,1.5,2,2,2,2,1,1.5,1,1,1
2FDC65793FE5,Self-reliance,"I think the people make their own decision.

We can seek guidance from experts and authorities depending the case,motive,situation or problem that is happening in any moment or different reasons.

First,

I think that people have freedom of speak, power for think , freedom of expression when they have any problem in his o her job with the family or friends.

Second, It's very important that peoples with any type of problem like drugs, alcohol have to guidance for experts people like, psychologies, specials classes to allow drugs and stasis.

Third,

the authorities are very important because, they protect us for anytime of emergency like accident, theft, and protect our life to prevent ti stay in dangerous also, they give to us a national security to everybody in the U.S. of America.

In conclusion like we have the freedom of the speak is important to have guidance if we have mistakes with drugs, alcohol or any other problems also, the authorities have the power to correct our mistakes and something very important is that they protect us and they give to us security.",211,11,Female,Not economically disadvantaged,Hispanic/Latino,test,4,3,3.5,4,3,3.5,4,3,3.5,4,4,4,3,3,3,3,3,3,3,2,2.5
311DB2B36941,Self-reliance,"Some people think self-reliance is the need of following their own insticts and ideas because it could be easier for them on life's important matter. However, seeking guidance from experts can be helpful because they would know more about the situation, they can help guide them to a right path, and they can also talk to them about their experince about following their own insticts.

People who seek guidance from an expert can know more about the situation because they would be talking to someone who's more experience and would know what their doing. An expert can let them know if what they're doing is either right or wrong. They can also give them tips on the idea.

Another reason why people should seek for help is because an expert can lead them in the correct path that they want to follow. People can rely on them for help and focus on their decision. It would make it easier for them to stick with their insticts and talk it out with someone who can help them follow the correct choice.

Finally, an expert can talk about their own experince on life's important matter on how following their own decision went. People can learn from them and decide if they want to contiune with what their set on. Allowing them to learn from other's mistake can also help them in life.

In conclusion, I believe seeking guidance from experts on life decisions can be beneficial for people who follow their own insticts and ideas, because they could learn more from them and get a few tips on it before they do something they shouldn't do. They can decide on seeking help or following their own decisons.",267,11,Female,Economically disadvantaged,Hispanic/Latino,test,4,4,4,4,4,4,4,3,3.5,4,4,4,4,3,3.5,4,3,3.5,4,4,4
31A831175A3F,Self-reliance,"It is true that self reliance is negative. self reliance own efforts and abilities about there ideas and there own instincts. Most likely the people make there ideas to invent or make something that will be use in the future. mostly some people need the guidance from experts, some people ask from there older siblings about the things ,and to convince someone you need some guidance.

Some of the people give right guidance about the thing. ""some people need the guidance from experts "". The example is that when you go to do new things like you never opened account in the bank before on that time you need the that person who can guide you though the process of that thing. in another words if you got new job in fast food restaurant then you need someone who is experts in the that particular spot. So he/she can teach you about that particular spot.

Some people have there older siblings so they can ask for help when they need. "" Some people ask from there older siblings about that things"". This is another example of that shows that you need something ask the things from like if i am new in the united states and my older brother been here from 25 years. Then for the help i will go to my brother because he been working and living here for 25 years. Also, he knows about everything like how to fill the tax and about the mortgage.

Some people need the ability to convince. "" To convince someone you need some guidance if you don't have the ability to do that"". The example is that if you don't have the ability to convince then you need the guidance from someone. Because when you are at work and your manager is really strict and also you wanna ask for the race then you need the ability to convince that person. so they can give the race. Most likely he/she will like you more. Because you have that ability to ask that person who is strict.

Some people need the guidance from the experts because they spouse to know about everything that's way we called them experts. Then they can teach us about that thing. some people have there older siblings with them so they can ask them about the things. what they don't know about it?. Most likely older siblings are for that then you don't know the things so you can ask them for help and also take you out from your bad situation. some people need ability to convince the people that is strict so they can give that person reason do that thing. Also that show that you have the courage to do that.",427,11,Female,Economically disadvantaged,Asian/Pacific Islander,test,3,3,3,3,3,3,3,2,2.5,3,3,3,3,3,3,3,2,2.5,3,3,3
33967D70EEB9,Self-reliance,"For time of human process, those people who self reliance define it as the need for each individual to follow instincts and ideas to flare up for take their own decisions in this world full of riddle, conundrum.

should people make their own decisions, or should they seek guidance from experts and authorities about life's important matters.

People make their own decisions important when the instincts reflect or joint a divergent situation. Some time people make important decisions to revaluation the conflict on their self. Some people take decisions according in their own instincts. Others people take their own decisions based on ideas and experience. However should they seek guidance from experts and authorities about life's important matters? That's the problem with some people in this world. Also in this age xxi people are manipulate in some way, for other people who take the decisions for others. Think in this world are many kind people, there are some who thing that world in full of rose and rainbow, However in the other hand are some kind of people who want manipulate other in some ways, such as experts or authorities. I think also that there are a good point for others too. For example when other people make the decision for others like experts for example or maybe authorities, they have other ideas based on their instincts. Also I think that Two head think more than one.

Should people make their own decisions?

people make their own decisions important when the instincts are reflect or joint a divergent situation. So what that's me, that's me that people make decisions when are reflect a divergent situation. So divergent situation it is me that when the human character has been exposed a catastrophic situation. So in this point people should are design to take their own decisions.

Some time people make important decisions to revaluation the conflict on their self. Even thought there still have exclusive people who take decisions based on reasoning concrete.

Some people take decisions according in their own instincts. Because a long time ago when the ancestors hunted ferocious animals. So ancestors had the obligation to think in their own decisions based on ideas of hunt animals. Also ancestors used instincts in how to hunt prey. So ancestors thought very well in how make important decisions in life. Basically every people in the world have that instincts of survival. So with that reflective point of view, what I mean is that people who value self reliance define it has follow his or her own instincts and ideas in life.

Others people take their own decisions based on ideas and experience. people always have ideas to improve it in life, ideas are consequently thoughts pansy that human have. Nevertheless with ideas consistent and precision people should been take the right decisions, take own decisions for life. In other hand experience play a good roll in make good decisions. For example last time I was observed two person in a shop one of that person was a grandmother, and a child the grandmother always pass her time looked the prices for every items, however the boys around fifteen years old just took the the things, he does not care about it because he does not has the experience. So comparing grandmother and boy, her experience has the decision to choose the better price on shopping. Even thought and probably her money does not covert the items, and that boy maybe has more money that grandmother had, who knows. But in my point in view the grandmother had more experience that the boy has.

Should they seek guidance from experts and authorities about life's important matters?

First people could get help from other people such as experts, people who know the system because everyone need help to result any kind of decisions,

Second I think that experts are no always the perfect people to make decisions, in some hand expects could help people using strategies, method effectually. Also I think that expert could have a very good knowledge to take decisions for others. But even thought experts have knowledge I think that experts do not have to tell us what exactly is good for us, because we control our life,our ideas about how life it is. Nevertheless some people are really bad in this world. So I think people like experts are in some way deceitful, because they really want to take our decisions not matter, if someone think that it is not good. I think that people can get help from experts, about how to take a good decision, but the people have the right to think in what is the better path for them.

Third authorities to check the destiny of people, in some way in this age the authorities have the totally power. For example authorities like TV or other stuff, they always want to the people think that they have the right path, that they have the good decisions for our humanity. But the trust it is that could be bad for the people.

But authorities are not always bad to take our decisions.

In conclusion people should make their own decisions not matter if the result could be negative. I also think that everything in this life it what it is, the only prisoner is the eye. So people who value self reliance define it as the need for each individual to follow, his or her instincts and ideas, also people need to have at list some kind of instincts to take important decisions in the, life before doing something. I think also that people need also to have ideas because ideas are thought, if people have thought will have ideas to doing something or continuing in a comfortable life. So even thoght will have some people that are going to tell that have to follow their own ideas instincts. But do not follow false leaders, be real in the life and taking own decisions not matter if fall. Experts are not alwyas good for everthing in life but we need to underthand that we can take our decisions. Do not manipulate for other that the dial in this world be real tha. ",1008,11,Male,Economically disadvantaged,Hispanic/Latino,test,3,2,2.5,3,2,2.5,2,2,2,3,3,3,3,3,3,2,3,2.5,4,3,3.5
39C652D0822E,Self-reliance,"Be your own teacher and make decisions by your own self. Many people looking for guidance to know about life and important matters. Looking for guidance is important because it help us to share ideas with other people and to learn from them. Also, looking for guidance makes us to not make mistakes while learning about life's important matters. People have to make their own decisions because it will give confidence, it will challenge, and to improve our skills.

To begin, people have to make their own decisions because it will give them confidence. For instance, making decisions by your own makes feel confident. Also, being in confidence makes people to grow. In addition, confidence gives energy and makes feel motivate to do other new things. Decide things by your own gives confidence.

Second, people have to make their own decisions because it will challenge them. Challenging yourself is important. For example, challenging helps to grow, it makes strong, and to learn from your previous mistakes. Additionally, making decisions by your own could challenge because while making decision their is many things that can be challenging such as: making mistake, tired of trying to do things, and over thinking about the thing that we have to make the decision. Make your own decision and challenge yourself.

Finally, people have to make their own decisions because it will help to improve skills. For example, when I make decisions in my own I always feel like am improving my skills. I face many things while I make decisions yet, I can do it and it makes me to improve my skills and knowing new things. Also, people improve their skills when they make decisions by their own because making decision is not as easy as we think so their is knowing new things, new ideas, and many other things. Make decisions in your own and improve your skills.

In conclusion, people have to make their own decisions because it gives confidence, it challenges, and it helps to improve skills. Making decisions by your own makes people feel confident and give them energy to do more things. To add, make decisions in your own and challenge your self to improve the way you're thinking, to feel strong, and learn from your previous mistakes. Additionally, people make their own decisions and they improve their skills by trying to do more and knowing new things. For those and many other reasons, people make their own decisions.  ",417,11,Female,Economically disadvantaged,Black/African American,test,3,3,3,4,4,4,3,3,3,4,3,3.5,4,3,3.5,3,3,3,4,3,3.5
3A4198F3522B,Self-reliance,"Should people make their own decisions?

They should be allowed to have their own choice. Every person is quarrel because their not the same from each other when considering something carefully. Also at making a judgment or choice about it . Their well always be agreements or disagreements between decisions made from two persons that are against each others choices. People that have different opinions fail to correspond with each other. The reason why is because they don't think the same has from each other.

People who value self-reliance they define it as the need for each individual to follow his or her own instincts and ideas. For example, not going to school because you had a eye surgery causing you to be in so much pain. Most decisions like this one, is the best decision you would make because it won't be easy to deal with. The only way this would be a good decision is if you are excused and you had brought in a letter from the hospital, explaining why you were absent for a week.

Therefore, people should not be allowed to make their own decisions because most of the times they are bad actions from the choices they made. What would the people with issues from making decisions is of them seeking guidance from experts and authorities about lives important matters . That well help the persons make better choices in life. For instance, staying home just to sleep more and miss school on a test day. In the moment when you hear your alarm ring, you decide you won't come to school because your still sleepy and tired. Alot of people do that now on because childerns stay up late on the phones for a long time. That causes them to not want to wake up early for school. These are bad decisions people can make and mess a lot with you and your life. These little choices could lead you to bad consequences that you would regret from. The choices made can mess up your attendance, get your parents in problems, could lead you on not being able to pass a grade, and graduate on time.

In conclusion, people should and should not be allowed to make their own decisions. At the end of the day it's their life. Many people get in things that are difficult to deal with. They will understand that making bad decisions wasn't worth it. The people that make their decisions and the one's that pick good choices should help out the people that are bad at deciding. Many people think resolving a problem with logical thoughts is not easy. After making a very horrible choice. Life is important so the result to making good choices is doing everything the right way. Living with a lot of problems from making bad decisions can effect your life in many ways like, not getting accepted at jobs, not having a place to live due to not working to pay rent. I think making a good decision is the best thing you can do to keep you going in life and happy.                                                                                                                                                                                                                                                                                                                                                                                                 ",666,11,Female,Economically disadvantaged,Hispanic/Latino,test,3,2,2.5,3,2,2.5,3,3,3,3,2,2.5,4,2,3.5,3,2,2.5,3,2,3
3AD64B4E25CD,Self-reliance,"As a daughter, sister, cousin, granddaughter, and aunt I believed that people should make their own decisions. Take individual instincts and ideas. In this paper, I will argue the importance of taking decisions with efforts and abilities. People should make their own decisions because nobody controlled , have a better future, and you can trust yourself.

First of all, take your decisions don't let no one controlled for you, You choose what to do. I identify with this,because when I get my 18 year old, I think

I have the power to do whatever I what. In my culture is not like that, our parent still have the power over us no matter what you say to them, they still take decisions over you. They say; "" While you live under my roof, you do whatever I say."" And I told my mom that I have to live take my own decision and if i get in some problem I will know how get out of there and be ready for the next step. I just wanna be free take my decisions and learn that life have something for me outside. She is not always is gonna be there, I have to learn how life is gonna trick me out side and yes she is my MOM I love her so much and I know she only want's to protect me not passing the same she pass thought, but she have to understand that every person have to be self-reliance.

Secondly, I think in have a better future with the decision I'm wanna take. It's not gonna be easy, but with trying nobody is gonna stop me. Everything depends on the vision you have for the future and the efforts you put on your goals to get there. In one thing, I always will thankful for is the world that my grandpa say to me when he was a life, He said that "" Never stop what you love and for you future, fight for it and if you get stuck some where keep going don't stuck on the hole."" He never stop believing in me, he always by my side. So now, every day the pass though my eyes I always have that words in my mind. Taking decision for a good and better future is not bad is something that someday you gonna feel proud to yourself.

Thirdly, Believed in yourself take risk and stuck somewhere because you have the answer to get out of there. Something you gonna feel that nothing care that you just wanna give up, but is not that like people behind you believe in you and you have to too. In a lot of my causes, I feel that way I think everybody those, so on one occasion I feel that I just wanted to be dead because a was passing stuff that i do not wish to anyone, and a when bad in school, in my life I went down completely and I find someone to help me family, friends, and even people who never talk to me. It feel like weird in the beginning but then everyone around me supporting and believing in me help me to get out of the darkness I was passing though. Not everything can do it yourself something you need some help and you came back be the person you believe into and take a better and super decision.

To conclude, I strangely believed that making your own decisions is more beneficial than from expert because it make people believe an their self, have better future, and control about their life. ",551,12,Female,Economically disadvantaged,Hispanic/Latino,test,3,3,3,3,3,3,3,3,3,3,3,3,2,3,2.5,2,2,2,3,3,3
416BE2C0D3A1,Self-reliance,"Many people should seek guidance from experts about life's important matters. They think that is more better to seek guidance from experts because they think that they have the best decision , but I disagree with this issue. I think that people should make their own decision because some people know what they want to do and it will help to not involve other people to know about their life.

The first reason is that people know what they want to do. Most people prefer to take their own decision because they know if problem that they have is not easy. They take the best decision that is better for they life which help to solve the problem. Sometime many people have problems that are difficult, but they try to solve even if they have to take decision that are not appropriated. For example, in the family there are many disagreement that involve people to take decision that cause people to feel painfully but everyone have the right to decide which is the best way .

Additionally, It will help to not involve other people to know about their life. I feel people take their own decision because they considerate that the life that each person have is private that's why many people don't want to involve people in their life because some people only help to take a bad decision. Also, they take their own decision because if they be in trouble they not involve people to participate in this thing that can cause more problems even if they are not guilty.

Some would argue that many people should seek guidance from experts and authorities about life's important matters because they think that those people have the best decision. However no everyone has the best decision because sometime people that are not experts have the best decision that it help to take the ideas that are appropriate.

Therefore, we must allow people to take decision because is the best way that everyone can decide what they want to do and not involve people to know about their life.

As a result, I strongly believe that take our own decision help us to have in our mind which is the best way to confront each problem and help us to be strong person and continue our life doing what we believe that is correct to do .",361,12,Female,Not economically disadvantaged,Hispanic/Latino,test,3,3,3,4,4,4,3,3,3,3,3,3,4,3,3.5,3,3,3,4,4,4
42D8CB22DADA,Self-reliance,"people get better choices from experts. the first is people get to learn from their mistakes, like a man learned how to not trust every bank. in result he got to find a bank that doesnt scam on him or taxes him too much. for the next is that people would get more ideas, such as person had an idea to conserve his money in a better way. he saved every penny he got from shopping and/or working, at the end he got to pay his taxes and save enough money to pay for the rent. for last but not least is that people get better life choices. for example, a person chosed to not hang around with bad people who do terrible things, as a result he got to hang with people who he trusts and never doubts to at all. But even though, taking an advise from an expert isn't always good because you might get the wrong idea on what they might have said and make terrible decision at the end. so a result people get a better view and choice about life from listening to people who are experts.",191,11,Male,Not economically disadvantaged,Hispanic/Latino,test,2,3,2.5,3,3,3,2,2,2,3,3,3,3,3,3,3,2,2.5,2,3,2.5
484434E30EE8,Self-reliance,"should people make their own decisions, or should they seek guidance from experts and authorities about life's important matters.

the people in the society following information or take ideas guidance for experts, the peoples sopport the ideas of other like in the polytechinic, in the religion and society . They take bad and good ideas and make other idea can following the apropiative intentio in the country or society.

frist polytechinic the idea or situation have the country and society is the imigration, peoples have two different ideas and they are guide for two system call democatic and republican. People sopport the imigration and have protest for the imigation and peoples have a different ideas do not support the imigration and have ideas of descrimantion or have proplen racial in the country.

second, in the religion peoples have different ideas about the god almost country like iran have comflict with other country or people in the country like protest of people is no like the religion.

finality, problem in the socirty for laws the person do not like. in the change of the laws in venezuela with the president peoples ofthe president following the laws and not have problem and the person do not followinf the laws dead, not have food and have problen with the police.

in conclusion, the peoples following ideas or take ideas depend the situacion the country or society. peoples need a situation in the problen have effect in the polytechinic, religion and society. And need a expert in the situation that understand the situation, they can take ideas in conclution. ",249,12,Male,Economically disadvantaged,Hispanic/Latino,test,2,2,2,3,3,3,2,3,2.5,3,3,3,2,2,2,2,2,2,3,2,2.5
4A250182282E,Self-reliance,"People use their own decision from expert and authorities about life's important matters because in the text, we said each individual follow his own instincts and ideas, that's means:''each individuals use their own abililies for find solutions''.

A men want to find ideas for his family, he needs to use his instinct who means his abilities for know something who can help what he want to help, like a job for have money to help his wife and children, That why he needs to value self-reliance.

Same thing at school, student have to use their own instinct and ideas to find the solution in their test.

And in the bank too, some people need to follow their own instinct and ideas to create more business and have money.

That why people have to use their own instinct and Ideas because sometimes they work alone and nobody can help them.

The End",214,12,Male,Economically disadvantaged,Black/African American,test,2,3,2.5,3,3,3,3,2,2.5,3,3,3,2,2,2,2,2,2,2,3,2.5
4BE05E82E10B,Self-reliance,"My name is Generic_Name I am address to writting about self-reliance. If people should make their own decisions. All people can make his own decisions. They can make his own desicions, but if they take bad desicions the people have to find a solution for the bad decisions. If the people take his own instincts have the probability of see a good result of his decision, Also that can be a bad decision too, We don't know if it's a good decision or not, we know that until we take a decision. For example if someone wants to buy a car but he don't know anything about cars and he buy the car and the car just work the first two weaks,

After two weaks the car don't want work that can be a bad decision, but someones learns of his mistake.

Another example is, if you buy a house and you keep continue paying for the next two month and you done. You can tell to your self it was hurt but soon my dreams will be reality for enjoy with my family.

This is my opinon but everybody know if they take his own decision or they have to seek guidance from experts,

Sincerely,

Generic_Name",176,12,Male,Not economically disadvantaged,Hispanic/Latino,test,2,3,2.5,3,3,3,2,2,2,3,2,2.5,3,2,2.5,2,3,2.5,3,2,2.5
502C8229C78C,Self-reliance,"They should seek guidance from experts and authorities about and for getting help. Everyone needs people from adults because sometimes you not sure if you are doing it right. Everyone should think before doing anything. People should never ask kids or any younger people because they might not be sure. People should teach younger people's.

Everyone needs to be self-reliance and depend on themselves. Sometimes people are able to solve their own problems. When they their own problems they are so proud. Their friend are so poroud of them too. Their family is proud of them too. If they belive you and trust you that means they are proud of you and good friends to have.

Good friends help you in everything usually. They help you with every homework if they can and you can get help from them on it. They want their friends to have good grades. They like to have good grades and be done with high school and go to college. We all want to go to college and graduate.

When we finish college we can graduate and find a job the one we earn a lot of money. When a get a job after college we have to get courses. After we do courses then we can be done and enjoy our life. Have fun with family and do the job. Help our family with expenses. When i help my family with expenses then i can control. Take care of family and be happy with them and don't be rude. They care for you and they will be proud of you when you finish college and get a job.

They go to college and graduate after they finish high school. They get a job that a lot of money after you finsihed college. You need to have good grades for that job. You enjoy your free time with your family after the job because no more school and you graduated. You can also have free time with your friends. ",338,11,Male,Economically disadvantaged,Asian/Pacific Islander,test,3,2,2.5,3,2,2.5,2,2,2,3,3,3,3,3,3,3,2,3,2,2,2
505F187709C1,Self-reliance,"People who value self-reliance define it as the need for each individual to follow his or her own instincts and ideas. Think about and tell me; what happen if the instincts and ideas of somebody are to kill another person?. Should people make their own decisions, or should they seek guidance from experts and authorities about life's important matters?

In my opinion is good that people make their own decisions, because everybody should be free to live how they like to do it, and do whatever they like to do. But do you think that everything that you have done in the past is good? Do you think that the way that you live is the best way to live? How do you think that the wold will be if everybody will be able to do whatever they want to do? Or should people seek guidance from experts and authorities about life's important matter?.

I think that people are able to do what they like to do; but just if they are doing it in the right way. People are free to hang out, play sports, play some music, choose the career that they like, etc. For example people can go partys with your friends, your family, by your-self, or with someone that you are dating with. You also can play spotor: like soccer, basket ball, base ball, etc. Also people are able to play the type music that they like or make you feel comfortable, and you can dance the type of music that you like. People can also choose the profession that they like to do.

Do you think that everyting that you have done in the past is good? Just take a moment and think; have you ever figth with someone? Have you ever fight with someone? Have you ever kill someone? Have you ever took something that does not belong to you? etc. Now do you thing that a person should be able to do those things? I think that is good that people impose some laws because it help you to live better. Think if there was no laws people will do what they want, and they will be able to kill you and nobody will care or do something about it.

So I think that people should seek guidance from experts and authorities about life's important matters; because they can help you to see if everything that you are doing in your social life is good or you are doing it in the right way. But i think that they are not able to tell you what to do in your personal life.           ",415,11,Male,Economically disadvantaged,Hispanic/Latino,test,4,4,4,4,4,4,3,4,3.5,4,4,4,4,4,4,3,3,3,4,2,3.5
5670A4F9052D,Self-reliance,"Life is a tour, and you want to be a happy tourist? So you should seek guidance from experts and authorities about life's important matters. Guidance will give you advice. You can avoid risky, and you will feel confidence to do everything.

First of all guidance will give you advice, and they will show you what you should, and what you should not. You will have more information and solutions to solve your problems. They will give you their experience, and you can figure out the lesson for yourself from their experience. Secondly you can avoid risky by using guidance advice, and information. If you have all necessary information, you will understand and go straight to your life goals. You also can save your time, and your money instead of using it to do something you're not sure and get risky. And the last thing that you will feel confidence to do everything. You won't feel lost because you don't know what are you doing. You will feel safe because you have advice, information, and the lesson you get from guidance experience. They will be your map, and show you the right way to go straight to your destination.

You should seek guidance form experts and authorities about life's important matter. It would be a good choice for you. Guidance will give you advice, and necessary information. You can avoid risky, and you will feel confidence to do everything. My life example is. I'm a foreign student, and i used to struggle in language, culture, and everything. But guidance helped me a lot, especially my teacher. They gave me advice, and information that i can get over my problems.    ",250,11,Male,Not economically disadvantaged,Asian/Pacific Islander,test,3,3,3,3,3,3,4,4,4,3,3,3,3,3,3,4,3,3.5,3,3,3
5847FC95B584,Self-reliance,"People who are self-reliance like to make their own decisions & ideas, but what if it doesn't go according to plan? Here is why I believe that people who are self-reliance should seek guidance from experts & authorities about life's important matters.

First of all, it could help them get advice from someone. For example if someone who is self-reliance have a decision or idea they could have a expert or someone listen to them & get their opinion on it, & they may also add in their own ideas to make the original idea better; on top of that it could prevent them into making the wrong decision.

Which leads me to me second reason what happens if someone makes a decision on their own & doesn't talk about to anyone about it? It could possibly end up in them getting hurt or in a predicament, if they talked to someone for example authorities about it before doing their decision, it could prevent them from getting into situations or possibly getting injured.

My third & final reason is that talk someone or seeking guidance can help you improve on trust & communication. For example people who are self-reliance don't have a lot of trust because they think that their decisions & ideas are good & full proof meaning that they don't need advice by anyone, & when someone is trying to give their own opinions on it the refuse to listen to them.

On the contrary I believe that people that are self-reliance should seek guidance because it helps to get advice, prevents them from making the wrong decisions, & shows them trust. Even though making your own decisions help improve your independence it doesn't hurt to seek advice or guidance & communicate with someone else to get their opinion on it.  ",271,11,Male,Economically disadvantaged,Hispanic/Latino,test,4,3,3.5,4,4,4,3,4,3.5,3,4,3.5,4,3,3.5,4,3,3.5,3,4,3.5
5BC487520437,Self-reliance,"People who value self-reliance are not the smartest in the word . Those people need to seek guidance before its to late. I know that seeking guidance from experts, authorities, and people with wisdom will help us make better choices in life.

Others claim that we should be more self-reliance and trust in our instincts and ideas. If we made a mistake ,then we could learn from those mistakes. However, those who follow thier instincts and ideas are the most ignorant and stubborn people out there. If they make a mistake, then how many more mistakes will they make?

First of all, experts are the most reliable people for help ;especially when starting something new. For example, Generic_Name ,a new employee, is having trouble with the printer, so he asked the manager for some help. The manager has been there for a long time ,and most likely seen this before ;therefore ,she knows what to do in many situations. Another example, Generic_Name wants to play football, so he asked the coach to teach him. The coach is the best choice to ask ,because he has studied, played, and taught football; making him a well experience coach. So, we can rely on experts when we need help; they are experienced and have plenty of knowlege.

Next ,authorities play a huge role in our lives ,as they make us who we are. For example ,Generic_Name's dad puts others before him and shows kindness to everyone he meets. His dad is a good authority ,because he is showing his son how to be a good person. Here is a bad example, Generic_Name is a single mother who texts and drives, DUI, and uses profane language. She is being a bad authority because she is endangering herself and her childern, also making them into a bad people. Our authorities can influence and advise us to be the best people they want us to be.

Lastly, people with wisdom guide us to be smart and make smart choices. For example a famouse scam ,called the "" Nigerian Prince Scam"", asked people for money and then they will return it for millions of dollars. Anybody who was wise declined this because it was too good to be true. Another example, Generic_Name's grandmother can tell if someone is lying most of the time, because she contains enough common sense to know when they are lying. Wisdom is one of those things that should be pass down through generations, because this will give them commomn sense ,and the knowlege what is good and what is bad.

In conclusion, people shouldn't value self-reliance, but rathe seek guidance. Experts, authorities, and wise people teaches us life's important matters. They make us the best of us.",430,10,Male,Economically disadvantaged,Hispanic/Latino,test,4,3,3.5,5,3,3.5,3,3,3,4,3,3.5,4,4,4,4,3,3.5,4,3,3.5
60F1B5FB0CDC,Self-reliance,"People have the right to make their own decisions in life. No matter how dangerous it could be or how much trouble any person could be in, we are the ones to make the decision of doing something to change the future, we make that decision to try new things every day even if we end up learning from our mistakes. When we make mistakes sometimes it could lead to a beginning to a new start or other times it can lead to something bad, but we always learn from our mistakes.

People all around the world make decisions that are not the best but you get to learn from you mistakes. Experts, authorities, doctors, teachers, lawyers, judges, priest, probably even the president, but each and every one of these people that has had a degree of done good in school have made mistakes all the time. Even if its something you might learn from people still makes mistakes and nobody is perfect, no one can be perfect to the point that never in there lives had they ever made mistakes because majority of the people around the world has made at least more then one mistake and sometimes people dont relies that they have made them. For example Doctors can make the mistake of diagnosing the wrong patient, yes its risky and dangerous but you learn from your mistakes even if there consequences at the end. Lawyers can make the mistake of accusing an innocent person during court, yes people can be innocent before proven guilty but what if they were scared to say the truth and turns out they really are innocent. people make mistakes all the time some can be for poor decision making but you still learn from everything you do.

The reason why people make their own decisions and not authorities it because some people hate having some one to tell them what to do and that is not a hypotheses that is a fact, people genially like doing whatever they want even if its harmful or smart but we end up learning the hard way about everything. People all around the world have a chance to have the decision to change the future for themselves or for their country, some people have the right to be able to save lives with some of the decisions people make. others can have the decision to help the homeless or be foster parents to help children or anyone out. Some decision can be for good use and others can be for greed, revenge, mistakes, or just a bad decision that could get you in some consequences. Everyday people make decisions even if there small decisions. Mistakes can happen all the time but its on the person if they want tot learn from their mistakes or not.

Life is not easy because you have lots of decisions to make everyday with not always knowing the outcome of that decision. Some people have it easy at life because of there decisions and others have it really ruff, experts may or may not understand what someone is going through because they have never experienced it. People make their decisions for so many reasons. For example a man might be going through stage three cancer and just wants people to understand that this is it, no more making decisions because he just wants to go, experts would have probably said take the treatment and be there with your family but it is not the families, friends, experts, doctors decision its the mans decision and his wishes. Experts do not have the right to make our decisions in life because our decisions that we make as an individual person are unique in our own way, people may judge, consequences may happen but it is you making the decision of thinking about what you feel is best for you even if you want make bad ones. No one has the right to make you decisions or you ideas, they cannot tell you what to do no matter how much they want to because i the end its you making the decision to listen or to ignore. ",676,10,Female,Economically disadvantaged,Hispanic/Latino,test,3,4,3.5,4,4,4,3,4,3.5,4,4,4,4,4,4,3,3,3,3,4,3.5
6201E4DDEC0B,Self-reliance,"Hook: Should people make their own desicions?

Background inf: Don't let anybody change yours desions, and don't let anybody to stop you.

Thesis: I think is better for people to make their own desions because some times your have to make some hards desicions in your life.

Assersion: People shuold make their own desicions because if they kick making their own desicions they will learn that the life is not easy, also if they will choose their own desicions they have to be sure that that's the desicion whant they want and they don't have to let anybody to change that desicion. To make your desicion work you better don't give up and kick making that desicions even is there is people that want you to stop.

Proof: For example: Make your own desicions is not ganna be easy, you have to think good how that desicion will help you because if that desicions don't help you in nothing will be a bad desicions then you have have to find the way how to fix that bad desicions and the next time that you have to be more carefull and make your onw desicionbut firts think how that desicion ganna help you and don't have the same error again, also if you don't take your own desicions nobody will take it for yuo or maybe somebody will do that but that's no ganna be you own desicion and if you never make your own desicions you will never know how hard is to take a desicion by your own.

Explanation: For example if you want two things at the same time but you can not have both thing and you have to pick up one of those things, there will be some people that tell you that one is better than the other but there you has to be your desicion and don't let anyone change that desicions but if you pick up something that you don't like that means tha's not your desicion and maybe you pick up that because you hear somebody that said that thing that you pick up better but if yuo don't like what you pick up is not ganna be good because you pick up something that you don't like and if you kick hearing the people you will never know how to make you onw desicions.

Connection: Make your desicions will be a good because you can due what you want to do and if you do a bad disicion find the way of how to fixed.

Conclution: Make desicion by your own is not easy but is good because your learn obout how hard is life and learn how to take anymore disicions buy your own.",389,11,Male,Economically disadvantaged,Hispanic/Latino,test,3,2,2.5,4,2,3.5,3,3,3,3,3,3,3,3,3,3,2,2.5,3,2,2.5
63146C2EA477,Self-reliance,"People should make their own decisions. Because its their own life and they can do what they want with it and it the other people job to be telling them what to do with their lives. They can do it for them self thats their own decision.

people can make their own decisions. if you think your right at something and you think its going to be good for you.

then do it dont let other people and tell you. its your own decisions on what to do.

You can make your own decision and if you think it's going to help you and it's going to make you a better person. and, if you know you are going to achieve something from it then you should do it because you know you are going to be happy and be a better person because you made the right decision.

And if you think you are right at making that decision then do it. you cant let no one tell you what to do to or tell you that you made the wrong decision. because that was the decision you made and you wanted that and you made that decision.

it's your decision on what to do. it's not the other people decision on telling you what to do because its your life and the the others persons life. if your good at a sport and want to be a profecional athletic. And you know your good at it. Then do that right decision at it. dont other people tell you can't do it.

People make decisions every day. It's either on making a good decision or doing the bad decision. when you are going to make a decision make sure you do that good decision. make sure to always do the right decision the decision that will make you a better and happy person. Don't let other people do your decisions because its not their life is yours and not theres. you make your own decisions because theres only one life and not two and it's yours. You make your own decision because your the one whos worked for it. the other people dint work for so they can be telling you what to do. do the right decision that it going to make you happy. Do your own decision dont wait until the other people tell you what to do. do your decisions.  ",380,10,Male,Economically disadvantaged,Hispanic/Latino,test,3,3,3,2,3,2.5,2,3,2.5,3,3,3,2,3,2.5,3,4,3.5,3,4,3.5
63DBE3005CF2,Self-reliance,"Yes.

I believe people should make their own decisions. Because everyone is responsible for their actions.

Not everyone have someone who help them with their decisions.

Some people do not like that people tell them what decision they have to take or what they have to do.

In some countries people have the freedom to do whatever they want.

They choose if they want to do the right things.

For example, we can see a lot people in the jail, the majority of them are teens.

because they took bad decisions in their life.

We can see people who do not count with family or friends when they need them. For example, I am a person who do not like have a lot friends.

I have family, but I do not count with all my family when I need it.

Who's always with me sometimes is my brother.

I notice that friend are with us when they need something from us.

In some many times we can see or we can notice a lot people who do not like that people tell them what they have to do.

For example, I have a sister who got married when she was 15 years old.

I remember that my mom always tried to talk with her, if she was sure about her decision, because my mom did not want that she got marry.

Anyways, my sister got married.

When she was 17 years old, she got pregnant and her husband left her and her baby, because she did not wanted to hear my mom.

However, some people should seek guidance from experts and authorities.

People who always get in trouble.

People who can not make their own decisions.

People who have a sickness, like Syndrome of Down or other serious sickness.

In conclusion, I think we are responsible for our own decisions, but we have to listen advises that help us to take a good decision.

We have to remember that every decisions that we take have consequences.",292,12,Female,Not economically disadvantaged,Hispanic/Latino,test,3,3,3,3,2,2.5,2,2,2,3,3,3,4,3,3.5,3,2,2.5,3,3,3
6447DC939787,Self-reliance,"DO PEOPLE MAKE THEIR OWN DECISIONS?

Eech people in this world make their own decisions. But, many people believe that we follow experts and authorities about life is important matters, while others believe that we follow our own feelings.

People are free to do everything that they want. No one can tell you what to do. In our lives we decided what we need to have done.

First of all, in my opinion, I believe that we choose our own decisions because we decided what to do. Some decisions that we maked are amazing and we do not have nothing to say about it. For example, Last year I make a decision that really halp me alot in my life. I'm so wit with that. People make individual decisions for their future. Some decisions are bad and others are very good.

We are free to do everything that we want. Now in todays day we have freedom. That is very important for many people. Why freedom is important for us?. It is important because we can express our feelings. Also, we can dress how we want etc. Some people critic you how you look and how you dress, do not focus on what they say. live your life crazy us it is or vive la vida loca.

50% of people living in this world believe that they do not choose their own decisions. They think that they are following an expert or an important person but they are not. They also say that they can do everything that the other person do. That is crazy. For example, some of my friends say that they want to be like BTS. They have many pintures of them everywhere in their rooms. They want to eat like them, dress like them etc. They want to be them. Do not follow others people decision because nothing is the same us you think.

Should people can tell you what to do?. No, I think people can not tell you what you need to do because you need to live your life, no others people lives. There are not reasons why people can tell you want you need to do. Live your life how you want. That can help you to be consider.

Others people can believe in something and you can believe in something alse. Everyone hava they own decisions. Do not follow others feelings. We are in this world to learn something new and change somethings. Be who you are do not let others be the same us you. ",412,11,Male,Economically disadvantaged,Hispanic/Latino,test,3,3,3,3,4,3.5,3,3,3,3,3,3,3,3,3,2,3,2.5,3,4,3.5
6B9234579282,Self-reliance,"People who value self-reliance define it as the need for each individual to follow their instincts and ideas. Should people make their own decisions or should they seek for guidance from experts?.

People should make their own decisions, and this is because they have to learn how to be independent; however, others will disagree, and this reason is because many prefer to seek guidance from experts and this because they dont wanna fail they want to do the right.

Agree people should follow their instinct and of course sometimes seek with experts for advice. Furthermore people have to follow their mind and make their own decisions, sometimes we ask for advice and we make a mistake and because somebody else advice us we think is their fault that we fail, for that reason we have to make our own decisions.

Another reason why we have to make our own decisions is that we have to learn that making mistakes make us mature. In life everyone make mistakes and this is normal every human is imperfect; in addition I can tell you that I failed many times because I choose a wrong decision for example, I left school for one year because I was so tired of work, bills etc. I learned from that bad decision that school was the key for my success,

so we can make wrong decisions but we have to learn after that.

Although some people will not agree that we have to make our own decisions and this because if we don't seek for advice we will have more opportunities to fail.

To conclude if I make my own decision and fail I will be a loser yes, but I will not blame someone else for that. I believe that everyone should take their own steps; moreover no body is perfect even if we seek for advice we will fail.",335,12,Female,Economically disadvantaged,Hispanic/Latino,test,3,3,3,4,3,3.5,3,3,3,3,3,3,3,3,3,3,3,3,3,4,3.5
734C4733E263,Self-reliance,"People should always make their own decisions. Making own desicions makes a person stronger, learn the bad or good decisions they had make in the past, and knwoing that the more decisions they take in life the mature will be in the future. ""People who value self-relieance define it as the need for each individual to follow his or her own instincts and ideas"". As humans we all need to have self-relience to follow what they want, and take their own decisions.

When people start taking decisions they're becoming stronger. A small kid can't take any decisions because the brian is not funcioning yet. But once the kid starts growing and walking his brain needs to developed and the best to let the brian developed they need to let the kid starts taking small decisions. Once the kid is teen, he/she will more responsiblity and will know that good and bad decisions can have quencequencies.

When parents teach their kids to start taking decisions they are teaching to know have more responsability and in the future will helped them a lot. For many parents is important that their kids learn to have responsiblities, and the best way that they find is letting their kids take decisions. For example teens are allowed to date a boyfriend or girlfriend, most of the parents don't really pay attention to their kid because they them to find out if what the decision they are making is bad or good. Is important for teens to have bad and good decisions. If the teend tooked a bad decisions he/she will know that making the same bad decisons will leave them with the same consequencies or worst. It had been prove that taking decisons makes your brain become more smarter and developed things they never imagined.

People are most likely to be more mature depending on the decesions they had make in life. In the United States your allowed to have a permit to drive, Many high schoolres take that opcion an parents wants their kids to be responsibles and taking their own decisions. Parents give them a car, is on the teen if he/she wants to take passanger, but they know they're not allowed to more people on their cars because they are under age. If the students takes the decision to take another stuent and they get pulled over by a police officer they get in a lot trouble, but after the teen took the bad decions he will know that it was true what the parents said and next time will take a better decisions and that how the teen will how to be more mature and responsible.

Making own decisions makes a person strobger, learn the bad and good decisions they had make in the past, and knowing that the more decisions, stronger and muture they will become. Many people don't agree, but its true decisions makes a person stronger. People think that just because soomeone said that the decisions they meked in the past it was bad for that perosn is goign to be bad for all, As humans all have th eright to takes decisions good or bad. Is just the matte of understanding.",623,12,Female,Economically disadvantaged,Hispanic/Latino,test,3,3,3,3,3,3,3,3,3,3,3,3,3,2,2.5,3,3,3,2,2,2
7442E196DE5D,Self-reliance,"People who value self-reliance define it as need:

Some people value in the form how speak,expression in the self but everyone has the responsibility for each instincts.

I believe that it is individual make their decisions, because sometime guidance from experts and authorities about life's it's very difficult. Another person what this decisions, inasmuch as each person is independent in their life. When peoples take a better decision is necessary had respectful to each one virtually.

I think that the people need individual to follow his or her own instincts, because nobody is perfect about life others person do not can change inside the decision.

Some program has the odds virtually the great ideas to help in this process of value self-reliance. The better position on this issue is that. each people need to realize her or his instincts nobody cant change the person who are now. This is the reason from all. never other person make own decisions is your opinion, just important from your self, life is life decisions our.                                                                                                                                                                                                                                                                                                                                                                                                             ",345,11,Female,Economically disadvantaged,Hispanic/Latino,test,2,2,2,2,2,2,3,2,2.5,2,2,2,2,3,2.5,3,2,2.5,3,3,3
75EAA709339E,Self-reliance,"I think everybody have a mind of their own and as the right to make their own decisions in life to have a idea of how they life will be the more you make your own decisions you become smarter you can learn for all your mistake & your wrong doing in life you never need to seek guidance for nobody in life the end of the day its your life the more mistake you make the more you learn for it to be a better person so i disagree with this statement. People always should make they own decisions, authorities doesn't basically help you will your life decisions they just want to tell you what to do and control your whole life which is wrong you so need anybody to control your life its your own life so do whats best for you

In life its always good to follow your own instincts and idea it will never fail you in life no matter what your inner taught go with your idea President Obama when with is own idea in becoming the president of the united states of American he never once let people make is decisions in life, if he did he probably wouldn't be the 47 president so be like your formal president so people who very self-reliance in life always make the right decisions so no matter what the problem in life be a boss and make your own decisions never let someone tell you can't do this or that always remember ""you are your own boss in life''

Thats my reason why i think people should make they own decisions about life's important matter people was not always there when you make your first step so people should not make no decisions for you, your parents make decisions for you since you was a kid when you hit eighteen you become an adult and start making your own decisions the ability, gratitude, toward in making your own life will always boost your confidant in your own life decision.

Personal follower your own life matter towards your dream in life and never let nobody break your dream down in your own little world your a king/queen sometime guidance is not that bad of a thing but never tell some one make your decisions because in the long run you going to regret it so always make your own decisions . ",382,12,Female,Not economically disadvantaged,Black/African American,test,2,2,2,2,2,2,2,2,2,2,2,2,2,2,2,2,2,2,2,3,2.5
76098B71BD71,Self-reliance,"i think people should make their own decision, they should have their own ideas of what they are about to do or what they have to do; others just dont anyone to get in their business or give them what they think about their situation unfortonally people just prefer to make their own decision.

i think people should let others make their decision because that one person may know more than she/him on what they doing that person can help them out and give them a good feedback on their own life, decision. other just dont anyone's help or their opinion their prefer to make their decision instead of others; for example: in this years there less people to prefer to have others decision or opinion every year is the same thing there's less and less people i say this because now when others try to help that one person who needs help on making a big decision some person just do it because they want to know what decision they trying to make or trying to get into that person life or business others just want to make their own decision because they dont want no one to know about their life or situation for my decision i prefer other make my decision because that person might now know more then me about what in have to do in life but i wouldnt just just let anyone, i have to find a really nice person and i have to know what hes doing that person has to know more than me. in other point people this day just dont get along with each other there's always a fight between them or in a argument thats how people are this year",283,11,Male,Economically disadvantaged,Hispanic/Latino,test,2,2,2,2,2,2,2,2,2,3,2,2.5,2,2,2,3,2,2.5,2,2,2
7B6F8580C55A,Self-reliance,"People seek life to put mistakes and choices as a blame to what they have decided but there really isn't a right or wrong answer to it. Us humans need to have ourselves back to when it comes to life choices, we are adults now no one makes choices for us but yourself. It's always good to have someone to listen to and hear what they have to say about their life experiences but always go with what you decide is best. It's okay not to know what decision is the best one but the one that sounds right is the one you wanna go to. Be a human and react to the way you want no one is perfect at making the best decisions in life not even the smartest people in the world they just went with what they thought was right.

Once you turn 18 you are considered an adult now, you may wanna go party and make poor choices but thats where it comes in hand. It's all about consistency and knowing what you get yourself into once you go out either going to a party or go clubbing it is a choice you have to decide not your parents,grandparents or an adult. Being a teenager is exciting and fun you finally get to do things you never done before, teenagers are going to make lots of poor choices but its that time to make bad choices to build character as they get older. Teenagers are going to learn how to grow by making bad choices but that isn't the only case they also make good choices like going to college, buying their first car, building there credit up. We are adults learning how to live on our own with using the choices we choose.

Having boundaries is a key thing to life. If we have no boundaries then your life will always be a screw up. For example, if you want to buy a new car and you have a job but expect your parents to pay for it that is a boundary because it's not there responsibility anymore its yours. It's always good to limit on how to make a decision, learn from the past, do research on something you know you want before getting it. Life is also about making mistakes to learn from them but if you make too many then you aren't learning from anything.

Self respect and self reliance is a big thing in life to remember. Having respect for yourself and for others defines who you are and the choices you will make in life. There is no need for experts and authorities to tell us what kind of choices we need to make, our brain is already functioned to know what is right or wrong but its on us to decide what is right. Look at Albert Einstein he was a genius, one of the smartest people in the world but the choices he made wasn't based on what people told him it was based on what he believed was right. Always trust yourself because you never know what the outcome will turn out to be good or bad.

In conclusion, no matter how you think of life it will always be full of good choices and bad choices. It all depends on how you wanna play ball with life, people always complain about life but in reality it's how they show their character and how they treat themselves. No matter what you decide neither one is perfect, the poor ones or the good ones it is only you that can decide that. Just go with your gut feeling and make that one decision no one is there to judge you. Remember one thing life doesn't have rules you make the rules and you live by them. ",618,12,Female,Not economically disadvantaged,Hispanic/Latino,test,3,3,3,3,3,3,3,3,3,4,4,4,3,4,3.5,4,3,3.5,3,4,3.5
7E086B4DBB19,Self-reliance,"In the past people who value self- reliance define it as the need for each individual to follow his or her own instincts and ideas. People should make their own decisions because people can find a way to plan it through and people can make their own life chooses with or without help, although some may say that people should seek guidance from experts and authorities about life's important matter.

People should make their own decisions because people can find a way to plain it through. To begin with, people can organize what they're months are by making date's for events or for some peace and quiet . For example, when my friend's and I were planing to go on trip, we had to organize and work out a date when it's time to go. Next, people can make plans for any important event happening in the future. One time, a few friends and I were making plans for owe Pastors birthday, so we picked a date and made plans for it, as early as possible. Lastly, people can make a chart for the days that will be most occupied. For instance, a good friend of mine and i were out at working, we were called in the next day to take the night shifts for two other people. In addition to People should make their own decisions because people can make their own life chooses with or without help.

People should make their own decisions because people can make their own life choices with or without help. For starters, people can make their own choice to do what they know is right. This can be seen in many different places like the Generic_City; Generic_City, VA; and Generic_City. Additional, people can make the choice to live their life to the fullest or not. I remember when i went traveling over the summer, I went to Generic_City, Generic_City, Generic_City, and Generic_City. Finally, getting to choose what you want to do in life. For instances, not everyone know what they want to do when they get older or what they want to be, but I'm sure that we will figure it out. It is obvious that People should make their own decisions.

still some may say that people should seek guidance from experts and authorities about life's important matter. First, people are allowed to ask other for guidance. For instances, I always ask my grandparents for help or some form of guidance at home, schools or when I'm going out with friends. Also, people can always seek guidance from people they know. This is because people can get more knowledge and a better understanding of what they're saying.

Because people can find a way to plan it through and people can make their own life choices with or without help. Overall people should make their own decisions. In the future, I'll still make my own decisions, and plan it out as well.",448,11,Male,Economically disadvantaged,Black/African American,test,3,3,3,3,3,3,3,3,3,3,3,3,3,4,3.5,3,3,3,3,4,3.5
83F2A3B31F21,Self-reliance,"Having self-reliance is probably one of the most important skill that a person must needs to develop and learn how to use it. By having self-reliance we are able to express what our instincts and ideas. Self-reliance means that you are able to take a decision based on what you think is good and better usually for yourself. Self-reliance have many goods outcomes for your life, some of them affects your personal inner you. Increases the self-esteem, you earned more knowledge and experiences when you fail, and you are more likely to be more happy when you do what you think is good.

Being able to have self-reliance is important because it makes you feel that you have your own opinion and that your word is important where you are. Self-reliance doesn't just help you with your outside life but also helps you with the inner you by making you feel good about yourself feeling that you are intelligent and trust worthy. When you make your own decisions it proves to your-self that you are mature enough and your self-esteem increases by a lot. You are more likely to be happy when this things happens.

Everyday we found ourselves making a decision it can be at the groceries store, when driving deciding which turn you are going to make and even at the restaurant deciding what to order. In most of the cases they are going to be harder decisions. Sometimes we are going to fail by making the wrong decision, maybe we bought the wrong thing at the grocery or we took the wrong turn or even order the wrong thing at the restaurant. is important that we understand that it's okay when we fail. We actually learn more when made the wrong decisions we are able to gain more knowledge when we use our self reliance. when somebody tells you what to do we decreases the chances to learn something from our experience. since there is people telling you what to do we go home with not knowledge or experience.

Doing what you like the most is beneficial for our daily life. One of the example that I can best give you is when we are choosing what career we want to pursued for our future job. You would want to do something that you like and that is going to make you happy when doing it. For these kind of decision we have to apply self-reliance because we need to find out what do we like to do the most and we need to trust ourselves, when taking this decisions. Then we go to college and we study what we believed it was the best decision.

No doubt that when we seek guidance from an experts when making a decision, your chances of making the right decisions are higher, you are more likely to succeed when doing it. Being able to have an experts by your side that is going to guide you, is good because you have a second person give you its opinion and helping you to go through daily decisions. Having a mentor prevents you from making wrong decisions that might affect your life in bad way. Of course discussing important matters with a instructor is important because can help you and release some stress that you might have.

Self-reliance is the trust that you put in yourself believing that what you are doing is right. We use it everyday as more decision comes up. I believe that each individual should be able to make their own decision and have self-reliance. Because when you use your own ideas and opinions you are more satisfy with yourself and you are more likely to live a happy life. There are a lot of advantages for when there is self-reliance, is on us if we want to decide whether we are going to use it or not.               ",615,12,Female,Economically disadvantaged,Hispanic/Latino,test,4,3,3.5,4,3,3.5,4,4,4,4,4,4,4,3,3.5,3,3,3,4,4,4
8522F7EE2D2A,Self-reliance,"My position on this issue is that people should follow their own instincts and ideas. Instead of them seeking guidance from experts and authorities on their important life choices. Why do I believe that? It's because that's the only person that is going to be stuck with the consequences not the people you asked for guidance. People should't need consults to live their life. For a reason it's their life.

These are just a couple of my reasons why I think it's better for a individual to decide on their own instead of asking for consult from other people. If what they need is help and the advise they get only goes down hill. They're only going to blame that person. But if they follow their instincts they will learn from their mistakes as they independently grow to follow their own instincts. The only person who should make decision for their life is them.

Life is all about making mistakes, If one door closes another one opens. We all came into this world as an individual, so we can make our decisions as one. Seeking guidance isn't anything bad or wrong it's just that it could back fire. It would be better for them to follow their instincts and if it goes down hill, they'll recover and not regret it. Don't be afraid of taking risks, to making mistakes and not likely the outcome would be great.

It's better to stick to your own ideas and gut feeling, then to someone else idea. Everybody different, we have different ideas and different opinions. It's better to go solo then to go duo with your important life choices. Stick to your gut feeling and most likely you'll be alright.                ",248,11,Female,Economically disadvantaged,Hispanic/Latino,test,4,4,4,4,3,3.5,3,4,3.5,4,4,4,4,4,4,3,4,3.5,4,4,4
85BA158B2B5F,Self-reliance,"Should people make their own decisions , or should they ask for help when they need it?. I think people should seek for help when needed. They should seek help to find out what other peoples point of view are to certain things , also a lot of people are scared to speak up to whats's going on in their life and a lot of people are scared to speak up to whats's going on in their life , it could also help save a lot of people.

Firstly, a lot of people view things in different ways , and sometimes listening from people and seeing what their point of view is could help you out. By listening to others , you can combine your ideas with theirs and it could help you in the long run. For example, in a school project students combine their ideas to make the project the best it could be.

secondly,

a lot of people are scared to speak up to whats's going on in their life , they think people won't care or they will think they are bothering them by doing so. For example, i have a friend and he would never talk about his problems to me and one day he saw me stressed and he helped me out and he mentioned he had things going on in his life but he never spoke to anyone about it After talking to him we both felt better and now we can trust each other with anything.

Thirdly, it could also help save many people and help them before they make a wrong decision. A lot of people are suicidal or harm themselves ,and by getting help and seeing what treatment they need could help them. For example, i've met a couple people that harm themselves but i would of ever known till one day they wore shorts and i saw them and with all my respect i offered my help and i reached out to her now she's doing much better and she don't do any of the stuff she used.

Finally, these are my reasons why i think people should seek for help when they need it.                             ",357,12,Male,Economically disadvantaged,Hispanic/Latino,test,3,4,3.5,4,4,4,3,3,3,3,4,3.5,3,3,3,4,4,4,3,3,3
876A94E72E62,Self-reliance,"We need eacher decisions and ideas because we can learn from eacher decisions and ideas. If we don't ask for eacher decisions and ideas the word will not go no were front. like at work, home, in school and when we around of people. at work we need decision when we doing some or I can ask somebody about something I don't now. at home if their give me homework from the school I can ask for my brother or sisther decisions how to do if i don't now how to do. At school if I am working with people in the groupe and if I am doing my work in class and I don't how to do I can ask people how to do or I can ask the teacher, if I have some quistion or something I don't now I can ask people around me. If some people doing something wrong if I now is wrong, I can tell thim to not do or I can tell thim is wrong and I will examples to thim why is wrong.  ",160,12,Male,Not economically disadvantaged,Black/African American,test,3,3,3,3,3,3,4,3,3.5,3,3,3,3,4,3.5,3,4,3.5,4,3,3.5
8C8B11C308CF,Self-reliance,"The people who value of self-reliance is a reliance on one's own efforts and abilities. Should people make their own decisions, or should they seek guidance from experts and authorities about life's importance matters?

People should self-reliance, make their own decision , and seek guidance for experts and authorities about life important, Because people will not give other self- reliance, seek guidance about life important from experts and authorities. Each person is different and should know their own choices that decide if they want to value self-reliance or seek guidance by asking experts and authorities about life important matters. In life, people sometime forget the value of self-reliance means or to know what is life important matters and each person only live once in their life. When some people get older that their no young like they use to. For example, the older people that didn't value self-reliance and make the wrong decision, nor seek guidance fro experts and authorities about life's importance matter, they realize and regret what should have done in their life.

Each person can help other to value self- reliance, should get advice from experts and authorities about life's important matters so, they don't make wrong decision in life, go seeking guidance from experts and authorities about life important matters. In addition,

follow their own instincts and ideas why? People should know there instincts and ideas for being in the job or thing that they would like to do like make a product that is unique, or business money decision.

If people don't make good decision nor, value their self- reliance, and not seeking guidance from experts and authorities about life important matters then, other might think it okay to do the same thing then they people will end up regret it with the other people that did.

All people are equal with different thinking about want to value self- reliance and seeking guidance from experts and authorities; In order, want to success in life. Other thing that they shouldn't do is listening to other that didn't accomplish their goals this a advice that people should take because people some time also, do not believe in their self, think positive and end up doing what other want and it not supposed to be like that . However, people should also seek for guidance about life important matters because to know how to self-reliance, make their own decision wisely, and make a difference in life, become leader for other if they like to be a leader.

People should value self-reliance, seek guidance from experts and authorities could help through life and could also help to each person to follow their own instincts and ideas, and make their decision wisely, everyone need help in order, to motivation to those who reliance on one's own efforts and abilities, as it need to follow own instincts and ideas. People that follow their instincts and ideas could also be successful in life. Otherwise, people don't value of self- reliance then won't be able to have jobs, and wouldn't be able to show other what path to go to have a successful life.

Who value- reliance it as the need for each individual to follow their instincts or ideas. And Should make their own decision, or seeking experts and authorities about life's important matters is each individual person decide if they want to or not and Every person in the world have the opportunity the pick their choices for their future.

Each person live once in their life, and each person is different yet, don't listen to other people who didn't make the right decisions, and not seeking guidance from experts and authorities about life's important, end up regret it.

In addition,

follow their own instincts and ideas why? People should know there instincts and ideas for being in the job or thing that they would like to do like make a product that is unique, or business money decision. it good or seek for guidance but, it not good if they don't and make their own decision; don't follow what other decide each person should decision their own. people should know self-reliance is and to be successful in life and if they don't know; other can help. If other are will to listen, to how other experinced with self- reliance or without self-reliance.

If most all the poeple with self-reliance, seeking guidance from experts, authorities about life's impotant matter can become succesful in life. Other can self-reliance, to be success in life and are will to not give on their goals that the wanted to accomplish in life.                                         ",688,11,Female,Not economically disadvantaged,Hispanic/Latino,test,2,3,2.5,2,3,2.5,2,2,2,3,3,3,2,3,2.5,2,3,2.5,3,3,3
8D87BB07D992,Self-reliance,"Introduction Paragraph

People should try to seek guidance from others, because most of decisions don't end well, if they make their own. People who get help or others opinions will have a lot of confidence and know what to do, some people make their own decisions, because they think whatever they do is best for them, its not true for everybody, getting others thoughts and ask them what could be best for you, because most of the people have been into that positions where they can't decide their own decisions, they have experience that how to help others or solve their problem.

1 Paragraph

Getting others opinions is always a good idea. For example, if you are having a hard time deciding what you wanna become in the future, you can go to your school counselor or your parents and ask them what is a better job or whatever you wanna do in future. Once you've done that, you know what what to do, you are very confident, what kind of field you wanna go into, its not always a good idea to make a decision by yourself , because you might up ending in a bad situation. If you dont know what to do, ask anybody around you it could be anybody, it doesnt have to be your parents or a teacher. It can be the person that you don't know, most people don't wanna ask anybody opinions, because they either don't wanna talk about their situation or they are just shy. You just have to be very confident in yourself whenever you are talking to somebody, getting help from other's will always make a good impact on your situation.

2 Paragraph

People who make decisions by their self will end up sometimes in a good situation or bad situation. Most teens make their own decisions, they dont even ask their parents or anybody and it doesnt end well for them, most teens don't care until they get what they deserve. You have to discuss the situation with your parents or anybody, because teens are not experienced your will probably the best option to talk to about making a decision. You can ask anybody about making a decision, but your parents are the only people your believe or trust.

3 Paragraph

Decisions making can be hard or easy. It depends on the situation. If we make a bad decision it could effect anybody, for example; if you are working in a group and you have a project to do everybody did a good job in each section, if one person messes up it could effect the whole group. We need to make decisions that will benefit you and everybody around us, if you work for somebody and you are new to a job, you don't do anything until the manager tells you to, if you just start wondering around in your workplace and you don't know what you are doing it would effect you a lot. So make sure we should discuss the situtaion with others. People that are older than you they have been through that when they can't make a decision. We could ask their opinions about our decisions.

Conclusion

Asking others people opinions is a good thing. Making your own decisions is sometimes a good thing and bad. No matter what always be very confident in yourself when talking to somebody about making a decision. Everybody has a right to make their own decisions, but when asking everybody opinions will always benefit. ",541,12,Male,Economically disadvantaged,Asian/Pacific Islander,test,4,3,3.5,4,3,3.5,4,3,3.5,4,3,3.5,4,3,3.5,4,3,3.5,4,3,3.5
905C98ADBF85,Self-reliance,"Some people in the world make their own decision, and some of them don't. Why? The people who don't make their own decision can have easy life, and they don't have to think about it; however, it's better to make their own decision by them self. People should make their own decision because they can have self confident, they can be happy in their life, and they can face challenging moments in life.

First, people should make their own decision because they can have self confident. If people have self confident they can learn new things, and they can start doing something by them self. For example, someone can try to make me a decision that I am not interested in, but I shouldn't follow that decision. I should get up and start making my own decisions by my self without any ones help. Another example, my friends can try to decide the classes I have to take, but if I have a self confident I can choose the classes I need. No one can tell me what to do in my life. It's better for people to make their decision by them self, so they can have self confident.

Second, people should make their own decision because they can be happy in their life. If other people makes a decision for me, I won't be happy about that because they don't know what makes me happy or sad. For example, if my family want to choose me something that I am not interested in, or something that is not important to me I should tell them that is not going to make me happy. Another example, some people don't want others to be happy in their life, but they shouldn't let them in to their life. It's better for people to make their decision by them self, so they can be happy in their life.

Third, people should make their own decision because they can face challenging moments in life. It is good to face challenging moments in life because they can make them be strong. For example, if I make a decision that is not important to me, so I can learn how to get out of it. If people make something by their self, and don't like it, they should learn how to pass that challenging time. Another example, in this year I challeng my self by taking difficult classes, but it was bad idea because I got bad grades on first quarter, but I change the class after that bad grade. It's better for people to make their decision by them self, so they can face challenging moments in life.

In conclusion, people should make their own decision because they can have self confident, they can be happy in their life, and they can face challenging moments in life. First, they can have self confident to make something by their self. Second, they can be happy in their life if they are making something by their self that can make them be happy in their life. Third, if they choose wrong decision they can learn how to pass challenging moments. For those reasons it's better for people to make their own decision.        ",508,11,Female,Economically disadvantaged,Black/African American,test,4,4,4,4,4,4,4,4,4,3,4,3.5,4,3,3.5,3,3,3,3,4,3.5
9268A2901736,Self-reliance,"First of all you should seek guidance from experts. Becuase the experts have been through a lot stuff. The experts can help the people from his exprince that he have been in his life. If that perosn made their own decisions they can make the wrong thing. That why people should ask the expert to know the exprince about life.

Seconde of all experts had al ot lot exprince about people in life. If the persone make their own dession they may make the wrong one. A lot people done wrong thing in there life. The expert can help a lot with value. Like for example if a student want to join a college but the person may have chose the bad one or the college study or eduction is bad, but the expert like your mom or your dad can help to get in abetter college. The parents may help with the sport you play. The people goes to college they also can help with coleege application and they tell about the college if its good or bad.

The persone should always aske the people, becuase some people have a lot informtion abut a college or spoprt or job. Because they had that exprenice befor you get it. So this people more informaton and more exprice then others. Teh expert alway can give idea about what you doing before you make the wrong dissions. Most the experts they doctors or some people they have a lot information like your parnts or grandprants. This people they alway have information or they had made the right or the wrong dissions.

For my self i always like to ask people whwat about im gonna do in my future. For example my freind Generic_Name wanted to be a soccer coach but before he became a soccer coach he asked his parents and people who h ad this exprince. Also you can always ask your doctor if person feel not well becase the doctore have more informatin than this person. Insted if we makeing the wrong distision and probleiy this didnt what they did so that why people should alway ask a expert before they make their own distion.     ",360,10,Male,Economically disadvantaged,Asian/Pacific Islander,test,3,3,3,2,3,2.5,3,3,3,3,3,3,3,2,2.5,3,2,2.5,3,2,2.5
9369F3BF7C51,Self-reliance,"In my opinion, people should make their own decisions because, ""no one else knows what's better for your life than yourself"". A lot of cases, there's some many of people that when they feel they're making the ""right"" decisions,they ended up choosing the wrong one. One specific examples that I'm going to give to you all is when before I first came to the United States of America, when I was 14 years old. A unkown person came to my house and told my parents, if there was a possibility for me to go play and get an education in the United States. After that person left our house, my parents and I sat down and started talking about the situation, they told me that I was already mature to handle it, which means that I was old enough to make those type of decision by my own self.

It took me two-three weeks to think about the situation because, the guy named Generic_Name told me that live in the U.S, it's not easy as other peole think it is. specially for a teenager from another country. My parents and I made a final decision, and five days later I was getting on the plane, I arrived in the city of Generic_City. Currently, I'm attending to the Generic_School, my journey has been very hard because, I left my culture, family and friends and also I didn't speak any of English. The Basketball part was an other issue for me to learn because people here in the US, play very differently than we do back in Generic_City. Faced a lot of obstacle for the past 4 years but I fought throught it. And now, I'm Ranked number three top prospect in the state of Virginia. My life changed 110% since I got here, my story should inspire other people to accomplish their dreams, at the end of the day, ""You're in control of you life, no one else should decided where you need to be or where you need to go, WE always have to make our own decisions"".. ",317,12,Male,Not economically disadvantaged,Hispanic/Latino,test,3,3,3,3,3,3,4,3,3.5,3,3,3,3,3,3,4,3,3.5,3,3,3
953175E98C3D,Self-reliance,"Yes, people should make there own decisions

First, not everyone knows what is good for you, most of the time only are parents knows what best for us; more then any one else. Therefore not everyone feels comfortable talking to someone they don't know are never seeing before. However, talking to guidance ins't always bad neither a good thing we need then sometime tell them how we feel so the can help us make a good decisions and solve are problems. For example Dezy Champion a Ivorian singer who quit school because he want it to be a singer his dad even kick him out because he want it to be a singer, but he still follow his instincts,what if he would of listen to his dad and continue school imagine how different his life would of been are going a talk to a guidance i'm pretty sure the would of tell him to continue school and be something he didn't want it be are doing something he didn't want do. Always follow your instincts and make your own decision or go to a guidance or someone to help you make a decision. Don't let someone else make your decision it mint rouging your life buy listen to someone else.",195,11,Female,Economically disadvantaged,Black/African American,test,2,3,2.5,2,3,2.5,2,3,2.5,3,3,3,2,2,2,2,2,2,3,2,2.5
95ED999794FE,Self-reliance,"I think you should seek guidance from those that have been through this experience before you for a ever long time. I would seek guidance from those that I trust like: parents, siblings, or even close friends because they have more experience than me. I could seek guidance when I need help with homework from school like: Algebra 2, Arabic 3, Geosystems, or even USVA history. I could seek guidance when I'm looking for a job. I could learn so much by seeking guidance. If you're determined to get to your dream job and you've got advice/guidance than I believe that whatever you set your mind to; it'll come; also have faith in god as well.

I would seek guidance for health problems like depression. Honestly, you could seek guidance for anything. I think making your own decisions can mess you up. Let's just say that you do make your own decision; but than you fail at it; would you try again or give up? Making your own decisions can either make or break you. Your parents are just going to say "" Well, good luck"" and hope for the best for their kids.

Their are those that would say that they would like to make their own decisions weather they be right or wrong. Others would do whatever it takes to get to the top even if it means stabbing your family or friends in the back. Having your own decisions can work. You'll have no one but yourself to rely on. You have to be independent when you make your own decisions. I would never give up on myself nor my dreams.

I will set my goals high and talk to my parents about my future and the importants of my life's matter. I don't make my own decisions because the fear of the outcoming worries me alot. There's a saying that says "" Work hard, Play hard."" I work to the beat of my own drum when it's time for me to be on my own. Never going to give up on myself. I know my family will support me no matter what.

I prefer to have guidance/advice from my family who has more experience than make my own decisions all by myself; without any though to it. Although, others would disagree and say that they want to making their own decisions. ",358,11,Female,Economically disadvantaged,Black/African American,test,3,3,3,2,2,2,3,3,3,4,3,3.5,4,3,3.5,3,3,3,3,3,3
9804116DD112,Self-reliance,"I believe that people can make there own decisions once people get older in life like buy there self things that they want to have. People can do there own things once they older. Sometimes people who value self-reliance define it as the need for each individual things to do.

Life's important because there are things that you can do around the world and make good decisions that you want to do in life and can get some company from authorities and people can make there decisions, where they want to live at in life.

I believe that you can follow your instinct in life and let don't let nobody put you down in life and say that you won't make it to the top. the instincts gives you ideas that want you do things in your mind.

You can be self-reliance sometimes but no all the times. ",154,10,Male,Not economically disadvantaged,Hispanic/Latino,test,2,3,2.5,2,3,2.5,2,3,2.5,3,3,3,3,3,3,2,3,2.5,3,3,3
999895B0DC9F,Self-reliance,"People who value self - reliance define it as need for each individual to follow his or her own instincts and ideas. some people think they should seek a guidance from exports and authorities about life's important matters . However, I believe, people should make there own decision because not all the time someone can have a export how can help the Pearson with there decision , some people like's to make their own decision , and some people are ready to make there life's with their own decision.

I believe people should make there own decision because some people are ready to have new life and make there own decision like for example i have a brother that he is 18 yeas old he is going to turn 19 his parents are a export on life because they already past through everything.

but my brother is going to the army career ,he is making his own decision , my parents parents are not going to be there with him he ,later on he is going to have a wife, and that how he make his own life his own decisions he is not waiting for someone else to make his decisions he mid need some help by someone how knows about life but not all the time .

Therefore , I think people should make there own decisions.

Furthermore , I believe people are ready to have there own decision because some people like's to make there own decision, for example my friend is 19 yeas old, and she likes to make her own decisions because she say's it makes her more responsible with her life and career, she docent like when people are trying to take control of her decision but she like when they help her with some things and try to make her decision more better. Therefore, I think it's better when people make there own decision .

Some people have different views about people gating a export about life because they say that some people are not ready for there own decision . But for me , I strongly believe people needs to get ready for there own decisions because they get more mutchur ,they can Handel there own responsibility s and proper there own life decision.",322,12,Female,Economically disadvantaged,Hispanic/Latino,test,2,2,2,2,2,2,2,2,2,3,3,3,2,2,2,2,3,2.5,3,2,2.5
9A1F733B06A2,Self-reliance,"People who always listen to others get the courtesy to stop listening to their advice and then they start to get mad. Not listening to others could also lead to a bad thing because you might not need an advice now but later on in the future that advice would be useful. Their advice could become extraordinary but sometimes the person's mind starts to think of something else. People should seek guidance from experts and authorities about lifes matter.

To begin with, a couple years ago when learning about life your going on road trip with father. You see the last gas station but think that your 1/2 gallon tank is going to last you. In addition, your father tells you to fill up your tank but you don't listen. When you see no gas station and the notification to put gas comes on your father reminds that you should've listen to him. After that moment you have learned some expierence. To continue, You also learned that people more older than you have more expierence.

Next, you have trouble paying your house or apaertment. For example, you don't know what to do, so you ask your friend, parents, and family. Further, you start to look at your debts with your father or mother, but everything is fine. Then they look at what your spending your money in and then they see that there is your problem. You start questioning them how can you stop. Your parents start responding to you how you can fix your problems. Moreover, they start by telling you that all left over money should be put in a savings account. People who have trouble have parents or friends as experts who know what to do.

Although, you're buying a used car and don't ask too much details about the car you just like the exterior and interior. You think that you know a lot about cars. When the first few weeks with the car we're fine but then the car starts to rumble and shakes out of know where. Furthermore, you remember that you have an uncle who is a mechanic. You go to your uncle's workshop and you see your dad there. Your dad starts lecturing you about how not to buy cars from sketchy dealerships. Also, your uncle interupts and informs you that the whole car system is broken and there isn't anything he can do but selling it to a junk yard. People who think they know what to do end up doing something bad.

To sum up, people think to ask for help is a bad thing. Asking for help isn't a bad thing but taking advantage of it is. I give some few examples how people forget or don't know how to use help. Sometimes its important to be independent but not all the time when you have a doubt. ",490,11,Male,Economically disadvantaged,Hispanic/Latino,test,4,4,4,4,4,4,3,3,3,4,4,4,4,3,3.5,3,4,3.5,4,4,4
9E0496713829,Self-reliance,"I think people should seek guidance and help from experts, and authorities because who doesn't seek for help from those people now anyway. They are an important asset to us because without them honestly everyone could potentially be out of control; we need their help and it's not wrong to need or ask for help. Some people may need it much more than others, but that's why their are guidance counselors at school it you don't feel comfortable telling a parent or people who need legal help have lawyers to get help from them we can't just do whatever, we need help all the time no matter how little of a thing it may seem. I don't think it's to wise to just let people do what they want because they feel like they don't need help or advice on something. Going off instinct or just your ideas isn't the way it should be. We don't know what kind of ideas some people may have.

People should be able to make their own choices , but a little bit of guidance when making the decision wouldn't hurt anyone. Sometimes you really do need the help whether it's from your mom, to a police officer or a lawyer. Not everyone likes to seek for help when they need to make a tough decision and I get why it can be difficult asking others to get involved with the things we do. If we were to follow all our ideas and instincts do you really believe this world would be the way it is right now. Probably not, we humans can make some really bad choices, not everyone but we have a good handful of people that don't care about what they do, say or who they hurt. If everyone was just going off instinct this world would definitely be messed up and all over the place it'd be way more messed up than it already is. We are human we can't go off whatever we feel is right in our minds because that could land you in trouble and it may not even be worth it. We have to ask for help when we need it no matter who it's coming from. Asking someone just for advice can make a difference in many ways. We get told what to do for a reason we need help and rules. We have many people around us to talk to. Seeking help is never bad it can change your mind about the littlest ideas to really the important ones.

The people that don't think they need anyone s opinion or help on making a wise decision are really the people that need the most help. Here is an example in a TV show I watched not to long ago this teenage girl took her life but didn't ask for help from anyone she just wanted people to know she was upset but who was going go know when carrying around a big smile. The point is that not every person has the mentality we all think so differently and getting professional help from someone who sees or hears things like that we may feel or think is normal and they can give us the answers we would never find on our own.

It's really important for everyone to understand that you can't just do whatever we please. Their are consequences for absolutely everyone roaming around with wild ideas and thinking you can just do what your mind is telling you. For instance would you feel comfortable knowing we just do whatever whenever because we don't have limits or rules or would you like to see a friend fall because they put their pride over getting help. I sure would not enjoy seeing a close friend or family member getting dragged down because they were ignorant and decided not to look for help with their problems when they it the most.

In conclusion I agree with seeking help from experts instead of having weirdos go off what they think is right because I probably won't think the same things others do. I'd rather see people lining up to talk to someone about their problems whether they be big or not the ones who don't want help are the ones who just want to struggle on their own and fight it out. Those are the people who prefer living in their own little world. I ask for advice and opinions on a daily basis because it makes me feel better and more secure about my decisions and I hope that's what others feel too. Asking for advice has never been a bad thing everyone has your back if you need the help i'm sure their are many people who need to know its good to seek help and not just stay in a shell and swallow it. People need to just stop being ignorant and forget about their pride and put themselves first. ",760,10,Female,Economically disadvantaged,Hispanic/Latino,test,4,4,4,4,4,4,3,4,3.5,4,4,4,4,4,4,4,3,3.5,4,4,4
9E4E221D8419,Self-reliance,"Have you ever heard? The phrase about seeking guidance from experts can change the life.

In my point of view people should consult with an expert, authorities,and elder about life's important matters because they have knowledge, experience also lived more in this world. when I was in an atrocious relationship with a toxic person. I was extremely depressed and disappointed. I was considered that I might not come out of that stressful situation ever but an expert helped me. Experienced people also can assist us about life's important matters. Since they have experience such as my mom and my best friend helped me with curing my insomnia.

First of all, consulting with an expert is necessary during a difficulty. An expert does not harm; however, he or she can heal the heart. I was in a distance relationship with this guy from Generic_City. He was very exceptional person at the beginning. He attempted hard to make me fall in love with him, because I wasn't into distance relationship. He loved me through my social media's videos and pictures. He used to say that he would do anything for me. If I accept him as my boyfriend. He even came to U.S. from Generic_City to meet me;

I met him because he insisted a lot. He rented a sport car; in additional,he booked a room in an exorbitant and elegant hotel to get my attention. However I wasn't a materialistic girl to love someone for the money. When I met him on the first time I started liking him after that I was wondering about him so much. All of a sudden his behavior changed; therefore I went through depression. I was so disappointed. I had no clue that what to do. One day I consulted with my teacher. She wan an expert. She advised me that I should focus om my study until I achieve university's degree. She encouraged me to forget him. She was very helpful to me in that hard circumstance; in fact,

in my life's essential decision.

Secondly, experienced people can be very helpful in life's important matters. I had insomnia for several months. I did not like to share my problems with my family also with my friends. One day my friend asked me that what is the matter that I seem so exhausted these days. I told her that i have insomnia. She was experience. She showed me some methods and remedies. When I followed her instructions my insomnia cured.

In additional, elders are capable to guide in a brilliant way like parents, elder siblings, and teachers. Elders lived for a long period of time in this world. They should be informed of the hard circumstance for the assistance. They seen so many people's facts and real life's experiences. Elders went through a lot in their life.

Subsequently, I highly recommend people to visit an expert, experienced people, also an elder during a difficulty. Such as my condition. I was lost I didn not know what to do. I asked for the help from my consular.

My consular advised me about the relationship she changed my life since that day I concentrate on my study. Folks ought to get experienced people's opinion in their problems. Actually elders play a hug role in solving life's important matters as well. No one is that perfect to solve a hard situation by him or herself. Always should ask for the help.    ",499,12,Female,Not economically disadvantaged,Asian/Pacific Islander,test,4,3,3.5,4,3,3.5,3,3,3,4,4,4,4,4,4,3,2,2.5,4,3,3.5
A3EF493EC7B6,Self-reliance,"Some people think that who value self-reliance define it as the need for each individual to follow his or her own instincts and ideas. other people think that should people make their own decisions, or should they seek guidance from experts and authorities about life's important matters.

Some people think that self-reliance define it own instincts and ideas.

Anybody have the own decision about their own instincts and ideas and what they want to do with his or her life.

Everybody have the opportunity to choose about their own life, about their only decisions.

Anyone cares about life's important matters about how they want to live be happy and live your own life because life it's just one.

People think that self-reliance define it own instincts and ideas because anybody have the decision about their own instincts, ideas and what they want to do with his or her life, everyone have the opportunity to choose about their own life, about their only decisions and anyone cares about life's important matters about how they want to live be happy and live your own life because life it's just one.

I think that everybody have to believe in their own instincts, ideas, or decision because we don't need should seek guidance from experts and authorities about life's important matters to be a better person and have better life.

Anyone have different opportunities, everyone thinks different, we all are different.

Self-reliance define when you have a problem to solve, think creatively about different ways to solve it and do the best that you can be positive always and be better person in this life.

Other people think that should people make their own decisions or should they seek guidance from experts and authorities about life's important matters because they don't know what they want and what they need in life, the most important think in this life is love, love from your family, love from your partner, love from your friend, love from people that you think that are important for you but the most really important is God love...

Live your live like you have millions of years to live and pray like it's the last day of your life but always be happy, positive and do the best that you can. Be different to others people and make the different.

The best instinct or idea for many people who said ""work to live but don't live to work"" because time is important, time to your family, time to the important people to you materials thing are not more important than love.

Take your own decision but think about it before you make something, be smart than anyone & remember life is just one live in the best way that you can and help people who need if you can. Consider many perspectives and how your solutions will impact others. ",434,12,Female,Economically disadvantaged,Hispanic/Latino,test,2,3,2.5,2,3,2.5,2,2,2,2,3,2.5,2,3,2.5,2,3,2.5,3,3,3
A937D1CDF5E1,Self-reliance,"If people should make their own decisions, or seek out with guidance from experts.

Yes, it's important for people to make their own decisions because It's a common thing for all people.

People are going to design mostly everyday.

If people don't know how to make their chose, then they can seek out for guidance or anyone.

Decision is usually a common for mostly people. They can design their chose that thereÊgoing to make. What I think the of the decisions is a pretty good idea because nobody wants lack of ideasÊor unknown reasons for to design.

People decisions ideas is mostly everyday because they can do want ever they want or they can to make up their idea. I think its a good idea for people to designed they can or not to do. For example: if a family wanted to go to the new pizza restaurant because they wanted to go to eat, but they found out there is a new movie in the movie theater. In this situation they go to the new pizza place because their hungry.

If people who don't know want to do to decisions their ideas, they can ask for help or seek out to guidance for important reasonsÊabout life matters. And I care about people decision cause: It can change my mind, maybe seek out of a new place's, try out new experiment, and much more.

The idea is tried to design about you're decision to make up your mind. It's importantly to make your decisions quick, make sure everybody understand you're ideas, and no lacking.

If you can't make up you're mind then go ask a friend, adults, guardians or your parents. They can help you're idea's, however they need to be specific about their answers .",262,11,Male,Economically disadvantaged,White,test,3,3,3,3,3,3,4,4,4,3,3,3,3,3,3,3,3,3,3,3,3
A938F2109682,Self-reliance,"I would like to talk about how self reliance is in those days. There is a lot of fact or reason how people can make a decision depending on what situation they are. Making a decision became part of our life cycle. Every person has their on opinion how they would act in a situation to make a good decision .Some of those fact that i would talk about is;believe in your self,make a decision when your not angry,not depending in other .There is more but I would focus on those three that they may give us some lesson how to improve our decisions.

Fists of all, I would like to talk about believe in your self when you are making a decision. Making a decision is not easy mostly if you are in a difficult situation whatever if you are making a decision that benefits to you believe that what your going to do is right. Most people they dont think before they make a decision also they dont think about the causes of the decision that they do. Some times can be right some times affect their life if they dont believe or even think about on the situation where they are. People need to see before what the causes will be if he make a decision. I would never do something with out thinking about it twice.

Another, reason how i would expect making a decision when your not angry. people some times they make a decision when they are angry and the fact of choosing a decision in that situation became bad ending. So,I would like people when they make their own decision in a peaceful way. Most of the time if your making a decisions and your not feel good to make a chose dont to it. There is always a right time to do it. It also can affect for the people around you. A lot of people had a hard time with choosing a bad decision just because their not patient. It will be good if we help someone to react or to think in what situation he/her is on. Some people have been though this they learn how to be patience with things like believe in your self,trusting people,help for others. Those are the good lesson that making a bad decision gives us to help us to move on.

lastly,I would like to talk about to not depending in others. make our own choice it will make you fell good not matter whats the ending can be but you make your own decision it will make you more peaceful. Most people depending in others or whey waiting for someone to tell them what to do. I would say that this not the best way to make a choice. You have to believe in your self and not depending in others. Alot of experience an having decision in bad time of bad feelings all ending. people will experiment in every situation on what his on. Every experience will help them to think or focuse more on the situation.

to conclude,people in society make decision every single day. Some of their decision are good some of them are not. People would choosing their own opinion with out thinking it other they would think before to move on,and making sure that everything will be alright. we are human and we all make mistake on our cycle life,also we learn about them.",477,12,Male,Not economically disadvantaged,Hispanic/Latino,test,2,3,2.5,3,2,2.5,2,3,2.5,3,3,3,3,2,2.5,2,2,2,2,3,2.5
A97ECE986D5F,Self-reliance,"Some people who value self-reliance define it as a need to follow their own instinct or ideas then others. In my opinion people should seek guidance from experts and let them know about life's important matters. Many people out there dont stop and think twice about their actions.

People should seek some guidance and let others help them. The majority of people that doesn't know the risk of their actions ends up dead or get seriously injured. Others that values self-reliance follows their own decisions, ideas, and instincts. Knowing life's importance matters can help you a lot through life; not doing what you know is wrong or letting others influence you. The fact that people dont know how cruel the world can be is just unbelievable. Others may think they know everything but life's is filled with unexpected things. Life has multiple paths for you, the wrong path, or the right path. Its hard when you got everything under control and one second later everything could just disappear.

I agree that people should get the guidance they need to know whats expected and be ready for anything that can be taken away or struggles. Many people shouldnt feel ashamed about anything its okay that others needd guidance.",243,11,Female,Economically disadvantaged,Hispanic/Latino,test,4,3,3.5,4,3,3.5,4,4,4,4,4,4,3,4,3.5,4,3,3.5,3,3,3
AAABD4F8A515,Self-reliance,"The human being is fascinating. We have scientists, doctors, firemen, pilots, policemen, chefs, etc. There are some persons who are always trying to do their best in order to improve our society, and everyday new persons are born to live in the world they are creating. Just like everybody else, they will start from zero and the same question will appear in their minds when they grow up,""What do I have to do to get what I want?.""

We grow up seeing and listening different events that happen around the world but also, at the same time, these events start to giving form to our thoughts. All these factors makes us think about our own future and also motivates us to start making decisions that will affect our life.

What is the problem with all this? you might be wondering. As I said before, most of the people don't know what to do to get what they want. Once they've grown, sometimes people don't know what decisions should they make in order to have a pleasant life. Here is when they start to ask themselves if they should ask for help or do it all by their own.

I've seen this situation long time ago. I still remember when Generic_Name, my old brother, told me he had decided to be a doctor. He graduated from high school and was ready to take the next step in his life, work as a doctor and be successful. My family and I were wondering which college did Generic_Name choose, so he could learn everything a doctor needs to know.

When the time came and my mother asked him which college did he choose, he said that he was not going to study in any college because he was going to learn all by himself. My mother was furious but she let him do it, she knew he was going to realize soon or later, which was a big mistake.

My old brother has been always like that, he would try to do everything by himself following his instincts and doing what he thought it was right, until that day. One year had passed and Generic_Name didn't do any progress. He saw how all his friends were learning how to be a doctor in college while he was wasting his time reading books and articles on the internet, which was good but not good enough. His friends always told him that he had to go to college if he really wanted to be a doctor, but he didn't listen just because he thought he would spend years of his life by going, he thought that he could be a doctor faster in his own way.

The time passed, and he never made it, he never could be a doctor. His friends were making progress until they finally made it, they graduated while my old brother, through the years, never changed his attitude and decided to take a different direction in his life. Today, there are some occasions where he tell me how much does he regret about his attitude back in those days.

With this story I just want to make something clear, the fact that we can lose all our dreams, what we have always wanted, just by being obstinate thinking that we are always right. I'm not saying that you, a person, cannot be successful by doing and learning everything by yourself. Of course there are ways to do it but, are you really sure you can do it? because making sure of who you are and what type of capacities do you have is what will decide how good will you do it by yourself.

Anyhow, it is also important to know that ask or look for help will never be something bad. There are people with tons of experience in this world that can teach us how to be an excellent person, they can teach us how to be the person we want to be. No one has to learn or take decisions by herself or himself because there will always be somebody.     ",636,11,Male,Economically disadvantaged,Hispanic/Latino,test,4,4,4,4,3,3.5,4,3,3.5,4,3,3.5,3,4,3.5,3,3,3,4,4,4
AAEEA695FA5C,Self-reliance,"Many people rely on themselves to do certain things, others, seek for help and guidance. These people are most likely to have success at what they're planning to do than those who don't. People who value self-reliance should seek for guidance from experts and authorities because they will gain more knowledge, more opportunities of succeeding, and it will also help you decide what is best for you.

A good way to seek for guidance is by asking others for their opinion. Not only will you have another perspective of things but you will also gain knowledge. An example for this is going to school; you learn many things by asking the teacher for help. Doing this will definitely help you obtain more knowledge and it will prepare yourself for the future. Having other people giving you their opinion is a big help because you have another perspective of things and you can decide what is best for you.

Another reason of why people should look for help is to succeed. Success comes from you putting effort into what you want achieve and knowing how to achieve it. Some people know more than you do, so looking for guidance is a good way to reach your goals because it can lead you to the right way and it'll help you to become successful. Not always will you reach success, but there's a very high chance of doing it if you look for help instead of relying on yourself.

Looking for help will definitely make you realize what's the best option for you. Not always following your own ideas help you choose the best option, seeking guidance will. There is plenty of people who will guide you to do the right thing because they already have that knowledge. A good example for this is Personal Trainers; they will help you choose a good diet, workout, and lifestyle. Personal Trainers help you by deciding workouts and a good diet because they already have that knowledge of what to do. Looking for guidance will help you choose what is best for you, sometimes following your own ideas is not a good option.

Therefore, people should seek for guidance from experts and authorities. It's always better to seek for help in order to achieve big things and have success. Relying on yourself is not wrong or bad, but it's not the best option.                  ",399,12,Male,Not economically disadvantaged,Hispanic/Latino,test,5,4,4.5,5,4,4.5,5,4,4.5,4,4,4,4,4,4,5,4,4.5,5,4,4.5
ABB6A19842F1,Self-reliance,"People who value self-reliance define it as the need for each individual to follow his or her instincts and ideas are on the right track. Its a good thing to value self-reliance but should people make thier own decisions, or should they seek guidance from experts and authorities about life's important matters? Majority of people say that you should follow your own instincts and ideas because it's your life. But those who are smart would agree with that but also seek guidance from experts and authorities to be better. Theres nothing wrong with having guidance , if anything your putting yourself in a better place. By having guidance from experts you can learn a lot things for example , you will make better decisions in life as you grow older , you would learn how to get things done the right way or better , you would be more responsible and mature.

By seeking guidance you will make better decisions in life as you grow older. For example, It can help you get a better job by knowing things you didn't know from experts. knowing specific information can help you understand jobs and career goals. Say you work as a cashier and a customer is yelling at you because they didnt have her favorite cereal and you understand that it isnt your fault and you kind of want to yell at her back because its your instinct to do so, but if you had guidance on how to react to people who yell at you , you would be calm about it and be respectful. a lot of people have lost their jobs for not reacting the right way to customers because their instincts were wrong. When reacting the right way and being respectful you can get promoted to a higher level or raise.

Guidance from experts and authorities about life's important matters will show you how to get things done the right way. For example, your in a relationship and you're having an argument with your girlfriend or boyfriend and your instinct is to not lose the argument because thats how you were raised and told by your parents, but doing that will only make things worse and dangerous. Now if you had guidance from experts you would let the argument go and lose the argument because thats the best thing to do. You and your girlfriend or boyfriend should sit down and talk about it to fix the situation. 65% of relationships are vilolent because of many arguemnts and if people knew how to get things done the right way the percentage would drop a lot.

Seeking guidance from experts will allow you to be more responsible and mature about a lot of things. For example , you buy a house and your wife or husband moves in with you. But every Friday you want to go out with your friends and have fun. You spend a lot of money every Friday night but you know bills are coming up but you still decide to waste money because you're having a great time and it's fun. Then the bills come and you and your partner can't afford it and then that starts arguments. You start borrowing money from friends or family, but you cant pay them back and it just makes you look bad. Few months pass by and you get evicted from your house and you also get really bad credit and your just in the worse situation ever. But if you had guidance from experts and authorities about life's important matters you wouldn't be in that situation because you would be responsible and pay everything on time and not spend so much moeny. You also wouldn't care about what your friends say abouit not going out every friday night because you're mature.

In conclusion, people would just live a better life by seeking guidance from experts and authorities about life's important matters. you would be more responsible and mature, you will make better decisions in life as you grow older and also, get things done the right way. People who value self-reliance define it as the need for each individual to follow his or her own instincts and ideas are on the right track. Its a good thing to value self-reliance but you should seek guidance from experts and authorities about life's imprtant matters.       ",688,12,Male,Economically disadvantaged,Hispanic/Latino,test,4,3,3.5,3,3,3,4,2,4,4,3,3.5,4,4,4,4,4,4,3,3,3
B406B373BF72,Self-reliance,"people who value self-reliance should make their own decitions. It is important for each person to know what their plans should be. Some times people make good and bad decitions but they need to be them self. We have to learn from our wrong to be prepared to take a good decition. In orden to make a good decition base on our instincts or ideas it is important to analyze, see, and make sure that we are doing the right thing. For those people who believe in them self it is importan to make ther own decitions.

Many people in the society are afraid to expres them self it is because they think other people may judge them. Arond the world exist all different kind of people who do to expres then self and all this happen because they feel that there is not suffient encourage to succeed. In my opinion is important for people to value them self-reliance

.

In different ocations we wiil be judge just for the way we are, even in the way we talk or walk. Many people who does not love them self star to seek what people do just to be raciist. For example many latinos in the united states may feel this way because of those people who does not have self-relianse but many of latinos who make good decions are pround them self to be what their are and contribute many good things for the country.

in summary, people who value self-reliance should make their own decisions base on what they think is right and what their idea is about. To believe in your self is the most important thing to succeed in life.",262,11,Female,Not economically disadvantaged,Hispanic/Latino,test,2,3,2.5,2,2,2,2,3,2.5,2,3,2.5,2,2,2,2,3,2.5,2,2,2
B6C1316FB3A2,Self-reliance,"Yes i think that when we are 18 year old you can make your own decision because are a adult .when you follow your instincts or ideas everything will be better then what you think. when you want to make a decision you will have to make a right decision not a wrong one because you may do something that you dont like and you will have to do it.

If you want to ask your parents or a friend maybe they can help you make a decision and maybe your parents will be able to help because in this country when you turn 18 you can make your own decision because you are not a kid no more. if i value self reliance you will get good things in life if you think positive.

I will seek guidance in my life because i think i will need authorities in my life so i can someone in life and i always go to my parents and ask them for somethings like food or money i dont want to be like those people in the outside world that does that. Well i think both because you will need authorities in my life and also i will need value self reliance.

When i tell someone my authorities it means that i want to apply to my parents that i want to do my own things and also my own decision s because i going to do a adults and when i an adults i will not be asking my parents to do things me i dont like people who do that.

My last reason will be that if somethings tell me that they dont know what decision to make i will not be able to help them because they will have to make it by there self and i can always do for my self not for others people. i can help them but not give them ideas because i will need to do things by there self. Or they can ask there parents.

When i was little by parent make my own decision because i was little but know they cant because i going to be a adults soon. Or if you want to seek guidance you can maybe other people dont want to that only make there decision that is fine but you can also do that and get authorities for out life or your parents life.

My conclusion will be that my opposite is that maybe i will do both so i can be better in life but maybe i can tell my future kids everything great that has happen in my life not the bad things and maybe she will want to the same things to make her decision when she get older not when she is small .And maybe she will want her parents or friends to seek her authorities about her life that is important. Maybe she will not be like other kids that they want to make there decision when they are 10 or 9 year old.

One of the examples that i will put is that when a kids tell there parent that when they turn 18 i going to college and i going to move over i will have to things a second time because i think when you make that i will have to work so i can pay the bills and pay also rent but maybe others that they are going to stay with they parent till they get old but i will be my decision and no one can me to not do it because i doing my own life not my parents. My future kid will be a respectful mother because i going to tell her not to be telling other people there decision because maybe other people will not like her decision.              ",612,11,Female,Economically disadvantaged,Hispanic/Latino,test,3,2,2.5,3,2,2.5,3,2,2.5,3,3,3,3,2,2.5,2,2,2,3,2,2.5
BCF0F1FA9673,Self-reliance,"Should people make their own decisions ,or should they seek guiance from experts and authorities about life important matters?

Self -reliance is about the important idea the self- reliance is specific from everyone because our acts are very important ,our errors are part the our life so your decisions is your responsability only because you are responsible the all you make good decisions .The own instincts and ideas is individual for everyone that ideally we would do it everyday ,change everything bad for something new and better for your life in your future. The action is that importance the take good ideas ,what help a benefict from to obtain your own but no everything is easy you need to try many things for to obtain your goals , for that you need to make an effort from to pursue everything you want .

To follow working hard during you have life and to convert your reality own ,all people need make a good decisions in your life because the this depent the future the your family the self reliance is not bad because you need try your self not with together with another person you need to learning live your self .

The individual to follow your own is very important try oll the time and working ,remember in this life to win or to lose but to try to do for you .

In my conclusion is good are self reliance because you need try all what you need ,the life is not easy but not difficult too so our decisions is our problems ,you need think good an thinking betters ideas sometimes no all is how you want but is not important you need try all day .",273,12,Female,Economically disadvantaged,Hispanic/Latino,test,2,3,2.5,3,2,2.5,2,2,2,2,2,2,2,2,2,2,2,2,2,2,2
BD24F0D68F27,Self-reliance,"In my opinion, people should make their own decisions, here is three reason to support my opinion: learn from solve problems, decrease the rate of lie by internet faker, improve experience.

Most people think experts and authorities have better knowledge than most of people, but actually, before experts and authorities learn the profession knowledge, they were same as us. So the only thing we have to do is learn what they learned, and maybe try harder than them, then we may be the expert. For example, when I was taking the drivers license, I thought everyone who can drive is expert. But after I took the drivers license, it does not surprise me again. And if you learn it hard, you could find more detail than others, and use it to prove your knowledge and skill.

Some people like to have fun from lie to someone, and they used to say they are experts or authorities on some thing, so people will believe them. People who value self-reliance define things should have the skill to make sure the true or false. For example, if you got hurt, and you need to treat yourself, then you must to make sure those details on you, so you could fine the correct solution on Internet, or go to the hospital. Or if you got the profession knowledge for how to treat yourself , then you do not need to ask expert and authorities for help, and decrease the rate of lie by the fake expert and authorities.

Sometimes, you should try things by yourself, even it fail, it can still become a experience for you, so next time you know how to skip those wrong steps. For example, I like to sing, and I learn it without help and teach for two years until now, even it hurt my sore before, even my friends were laugh on me before, I still not give up, and now I become a good singer. I never use this skill to earn money, but the more it give me is happy, so doing something by yourself is better than any ones help.

Some people think we should seek guidance from expert and authorities about life's important matters, because their information is more profession and correctly, but no matter what, we can not always get help from somebody, we should have our own way to solve the problems, even it may be wrong ,but we can try again.",396,11,Male,Economically disadvantaged,Asian/Pacific Islander,test,3,3,3,3,3,3,3,3,3,3,3,3,3,3,3,3,2,2.5,4,3,3.5
C12E3AFD1CB5,Self-reliance,"People should make their own decisions. Also, people who make decisions are more likely to know what there doing. People guide by others in life will have more trouble in what is right or wrong or how to do things on their own. People could end up losing self respect. One other one is people will not know how to fix there own problems.

I believe people guided by others have more trouble. They have troubles because experts and authorities do thing for them and they had never try do things on their own. Some people have trouble at work because they don't understand it. Take for example some one keeps getting you out of trouble and you keep doing it over and over. This cause's you not to care. This means someone is helping you but the person shouldn't help you because your not learning from your mistakes. This is when someone helped and didn't let the person fix their self's.

Also, i believe this is why people don't know what's right or wrong because they had someone get him or her out of jail ,many times, that they don't know their right from wrong anymore. Some times other peoples who guide can sometimes guide them the wrong way and the person who is being guided,Sometimes take wrong turns. The person who is guided doesn't know to survive in the world and get's stunk on finding it's way back. take for example, the person has to choose something between go to work or to stay home. This sound's easy for a person who make's their own decisions but for a person who doesn't make their own decisions,this is hard for them.

This is other reason they lose self respect. The person has people help them with there problems an do things for them,they stars to feel like they need help and they can't do it on there own. They start to feel less of them self. They stat to stop trying because they feel that person can do it for them. Take for example when your teacher gives you the answers and instant of letting you doing it on your,the person wouldn't want to try because the teacher is giving the answers away. The person see's no point of trying. This starts to make the person lazy.

Therefore, the people who make there own decisions, will not have to deal with problems like not know what there doing or not understanding what is right or wrong or losing self respect, people will not know how to fix there own problems. They will learn from their mistake's and do better in life outside the world. They will gain more from making their decisions. ",374,12,Female,Economically disadvantaged,Asian/Pacific Islander,test,3,2,2.5,3,2,2.5,4,3,3.5,3,2,2.5,3,3,3,3,3,3,2,2,2
C656218343E5,Self-reliance,"Should people make their own decisions? People should be able to make their own decisions because they will be independent and won't be needing anybody to help them, and people should follow there own instinct and ideas not anybody else.

However, not everyone agrees with following your own instincts and ideas.

People should seek guidance from experts and authorities about life's important matters because they are more likely to make better decisions in life. For example, If people don't seek guidance from experts they could turn out to be less successful in life.

Even though people may still thick that seeking foe guidance is better, well their wrong people should follow their own ideas.

People that follow their own ideas and instinct will be more independent and won't be needing anymore to help them. For example, If people tend to follow there own instinct and not anyone else will turn out to be successful.

People should try to follow their ideas because their would most likely be the best. Not everyone can make the best decision or have the best idea but if its your own then follow it.

People should try their best to not follow anybody else because not that one person may be right or maybe making the best decision or have the beast idea all the time. If that one person that always following others and not trusting in him self may not turn out so good for him. For example, If a student copied of another student and the students gets caught he will get into a lot of trouble. Well its kind of the same concept here but the person won't get into trouble but it will show that the person wont be able to do it on its own. people should try to be their selves not anyone else and by trusting your self and making your own choices is one way.

People should value their own instincts and ideas. People will be more independent and wont be needing no one in there life to help them out on their decisions making. They should also follow their own not anyone else idea or instinct. If people want to be more successful in life or try to stay true to themselves. on way of doing that is by trusting your self and not following anybody else.                ",367,11,Male,Economically disadvantaged,Hispanic/Latino,test,3,3,3,3,3,3,3,3,3,4,3,3.5,4,4,4,3,3,3,4,3,3.5
CBB1D81A560F,Self-reliance,"Making your own decisions will make you a more prepared person. The University of Alexandria discovered that making decisions will define your stile of life; for example, if you will be successful or not. There are a lot of people who thinks meditation can help you to make better decisions. The best way to achieve your goals is making your own decisions, because experts and authorities can trick you, you will feel 100 times better when you achieve your goals, and will make you a leader.

First, experts and authorities do not work for free. They don't care about you, they want your money. If they really want it to help they will not ask for money. Imagine, you are in financial problems, and you think is a good idea that an expert will help you, but you still need to pay him, because he dont't care if you have financial problems, he just want to be payed.

My second reason is: you will feel 100 times better when you achieve your goal. The 90% of the people who achieved their goals with out help are more happy then the people have a expert and authorities. Their is something of doing your drams come true with out help that is going to change your life.

My third reason is what we all should become: making your own decisions will make you a leader. You will learn how to deal with problem because you made it till here with out help. Having experience and dont panic is what a making decisions will teach you. A leader is like a president a CEO of a company, people how can deal with problems and know what is the best decision for the moment.

Sometimes, you will need motivation or advice of someone like your family, professionals or your friends, however, you cant't compare the feeling of being successful by your own. Having the 100% of responsibility if your success.  ",306,12,Male,Economically disadvantaged,Hispanic/Latino,test,3,3,3,3,4,3.5,3,3,3,3,3,3,4,3,3.5,2,3,2.5,3,4,3.5
CDDE5EFE4F60,Self-reliance,"""People who value self-reliance define it as the need for each individual to follow his or hes own instincts and ideas""

First Self-reliance on one's person own efforts, and abilities, or relating to an individual should people make own decision. Him should his or hes own instincts a complex patter, or response by an organism to environmental stimuli that is largely inborn, and unalterable. They act result of deciding especially by giving judgment. There are many people who has advice, almost are good. Person had a lot advice very well which you someday don't be anything bad. Something it's very well when you had one people, or somebody in who reliance. It's very well you haves a person old them you hi can give to you advice, or don't do something bad. Every one think different then other people, and not all person get advice there are someone don't like get a good life.

Second I need people in who reliance, and talk what i did, or think. No all friends are good some just are your friend by wanna see you down. That's why not reliance in some people why? Because his or hes just wan to do bad thing, therefore, I am by my self when a walk all time to school or outside. Have so much friends just that person who are old them me, and his or hes give me a advice if it's good i get. But some advice which i had are well that's why who are now. Also not all time are good reliance in people some don't want something good for you.

Last the conclusion Does matters what you think, or other people did something. Some person get the advice other not just from do where his or hes want. And some advice are important for your life. Get a good advice does matter what you think you need to do something to your life. Why it's good take advice much you can? for your life it's important advice. If i see a people young them me i can give his or hes one, or more advice, but if old them me i can't because his or hes live more them me.",339,11,Male,Economically disadvantaged,American Indian/Alaskan Native,test,2,3,2.5,2,2,2,2,3,2.5,3,3,3,2,2,2,2,2,2,3,3,3
D2BBB58DE3A4,Self-reliance,"When you get a trouble or something bad happens to you, you always looking for something far away from you. However, if you stop over and turn back to look, you will see a magical thing appear behind you. That magical is your parent, your teacher, your sister, your brother, or your friend; they always behind you to help you whenever you need them. Therefore, when you have to decide some important matters, you should seek guidance from experts and authorities. Because the factor in personal successful is from they have a lot of experience and steady knowledge. The next reason is the matters will work better and faster if there are more than one person do.

Firstly, experts and authorities who are the people have more experience than you. They was born before you were born so they had lived and done a lot of things before you appear in this world. Thus, they had gone through happiest and worst things, and surely the things they had done is the things worse than you a multiple times. For example, if you cooked French toast, and you accidentally burned the toast lead to burned the kitchen. What would you do to fix it? Some people will know how to fix it, but some will not know. At that time, you have to call the fire department or your parent to help, they would come and know how to do to stop burning the kitchen. However, if you know how to fix it, but you have never fix it, the percent would stop burning and would be burn all the houses is almost close. Eventhough you know how to do, you can still get a mistake and make that problem is worse into worse than ever. In addition, solve the problem need to have experience not just only know how to do. Suppose you know water will help the burning would stop. However, if you accidently pour the water near the electricity, that would make a big problem. The electricity would lead your house burn faster.

Next, experts and authorities who are the people have steady knowledge. They had studied and had done so much stuff that you do not know. For example, you have a English homework, but you do not know how to do. At that time, some people will find their parent or their teacher to help. Because they had studied and have knowledge about this. They will explain and teach you how to do that homework. However, some people want to do by themselves and do not need help from anyone. That is work but that will take more time than you ask someone to help you. Each day, you do not have only English homework, you have Math homework and other classes homework. In addition, you maybe get mistakes and get a bad grade for that homework.

Beside the reason above, more people work with you to get success is the important reason. In class, sometimes you work with a partner or you will be work with a group of three or five people. If you notice, you will see the different between work with a partner or group and work alone. When you work alone, all your answer is just only your opinion, that would be wrong or right. However, when you work with a partner or a group, the right percent would be higher than you work alone. Because there would have a lot of opinion, and the different opinion would let us think back and make the best decisions.

In conclusions, people should seek guidance from experts and authorities about life's important matters. They are a person who can give you a best advice to make a decisions. They got mistakes and they also fixed it, so they know how fix it for you. In addition, they have steady knowledge, that knowledge will not disappear when you see them, so do not afraid and free to ask when you need. Beside that, you will not feel lonely when someone beside you, talk to you and give you advice. Two or more people will stronger and better than one person. Sometimes, work alone will get more mistakes than work with someone. Therefore, the things listed above will help you make a good decision and that will help pass the hardest things in this life. ",693,11,Female,Economically disadvantaged,Asian/Pacific Islander,test,3,3,3,3,3,3,2,3,2.5,3,4,3.5,3,3,3,3,2,2.5,3,3,3
D84B259E5355,Self-reliance,"Seeking for Guidance

Many people have made their own decisions or even looked for guidance in experts before making their final decision. People who have made their own decisions have had benefits from it or learned from it by experiencing it themselves. However, seeking guidance from experts have benefited many people. People who have sought guidance have had a benefit of preventing wrong choices. Talking to someone who has experiences could help people understand if their choice is a good idea or not. Seeking guidance from experts is very helpful for many people.

It is a good choice for people to seek guidance instead of following his or her own instincts and ideas. The reason why seeking guidance is a better choice is because experts have had experiences similar to what the person seeking guidance, is thinking about. When people talk to an expert who knows what the advantages or disadvantages of the choice they're going to make, it helps them view the decision in the experts perspective. Talking to someone with experience can prevent people from making a decision they weren't sure about. When people don't really known what the outcome of their choice will be, they get confused on whether to do what they're thinking about or not not knowing how it could affect them.

Seeking guidance from an expert could prevent wrong decisions to be made. People aren't always sure about what they want to do so they do the first thing that comes to their mind. A while back, one of my friends was thinking about dropping out of high school their senior year. She seemed so determined about her idea and she asked me what I thought about it. I honestly didn't know what would have been the best for her so I told her to talk to the guidance counselor. When she finished speaking to the counselor about the idea she had she realized it was all the stress she had that was convincing her to drop out. The counselor helped her see that dropping out wouldn't have been any good for her future. The counselor even told her a disadvantage of dropping out was that finding a good paying job without a diploma would've been difficult. Just by talking to someone with experience can help prevent a wrong decision from happening.

Even though seeking guidance from an expert could benefit many people, there are other people who decide to make their own choices. Some people want to have their own experiences on the decision they're going to make. Whether their decision is good or bad they'd rather learn from it. Some people believe that there could be many experiences and they won't all turn out the same every time. Another one of my friends also thought about dropping out and she ended up doing it without seeking guidance from an expert. When she decided that she was going to make her own choice she knew it probably wouldn't have turned out the way she wanted. Luckily, a few months later she was able to start her own business in makeup and do good. She tells me ""What if I never went with my instinct? Would I have been where I am at now?"" Just like my friend some people believe that they should just go with their instinct. They want to either learn from their choice or benefit from it.

In conclusion, whether you make your own choice or seek for a guidance's help you will learn and benefit from the choice you'll make. Making you're own choice isn't always good sometimes things don't turn out the way you expected it or maybe it does, but you're never positive on what will happen based on your decision. Seeking guidance from an expert is a very god advantage for many people because it can help them view the decision they want to make in the experts perspective. Talking to a expert can help prevent you from making a decision you're not sure about. Seeking some guidance isn't always a bad idea.",671,11,Female,Economically disadvantaged,Hispanic/Latino,test,4,4,4,4,4,4,4,5,4.5,4,5,4.5,4,4,4,5,4,4.5,5,4,4.5
D91C49EFA5B0,Self-reliance,"Some people say should people make their own decisions. Others people say should they seek guidance from experts and authorities about life's important matter.

Trues our self can make to understand important things about life.

Make a decision can get consequence but also can help you to choose good things.

We learn about our experiences and mistake. what are the bad things and good things.

Mistake are base on our decision so that can help you to know how life is going.

If we choose a bad decition we know that the is our problem and our consequences .

Should people make their own decisions because trues our self can mak to understand importan things about life,Also we learn about our experiences and mistake,but mistake are base on our decision so that can help you to know how is life is going, then if we choose a bad decision we know that the is our problem and we also need to know that we gonna have consequences,finally experiences are about our mistake.

in conclucion should they seek guidance from experts and authorities about life's importan matter is not that important because everyone see their opions but nobody see his or her facts the is why no one can give you a permission to.",192,12,Female,Economically disadvantaged,Hispanic/Latino,test,3,2,2.5,3,2,2.5,3,2,2.5,3,2,2.5,2,2,2,2,3,2.5,3,2,2.5
DBB47DBCAB06,Self-reliance,"people can make their own decisions because they can find it in them selfs to make the decisions about life's important matters and not let any one else make it for them and being self-reliant means that in any circumstances one turns to there own judgmental abilities to any conflict that is happening in that moment.

First of all, poeple who have self-reliance are more capable than people who need guidence. They can think for them selfs they don't need anyone to think for them, many can solve there own proplems and make solutions. Also they make their own ideas everyday they decide to walk their dogs, watch tv, buy things, go out to eat and visit family and friends. For example i make the decision to out with my friends to play soccer and go out to walk to clear my head. Another example is some times i make decisions for others like my little brother, i tell him to stop playing video games and do his homework when its time for him to study at his age he does not know how to make important decisions.

Second of all, being self-reliant means that in any situation they turn to there own judgmental abilities to any conflict that is happening in that moment. It also helps them decide what to do in any circumstances which means they will know what to do in any basic situation. proplem solving will be easy for them because they depend on them selves to use there minds and think carefully what to do in every step of the way and not depend on others. for example i was studying for a math test that was coming up and i depended on my self to know everything there is to know about that test and i did not look to my friends for help because i knew if i believed in my self to know the information i would pass and i did, i passed my test with a great score and because of that my self-reliance was increasing.

Lastly, people who depend on them selfs make good life choses, they work hard for there goals. Others tend to let people lead them where ever is best but they don't make the decision for them selfs. Its good to make your own ideas because then you will follow the process of which was constructed by you not someone else's. for example i was told to create a story it didn't matter how it was constructed but a person i knew told me he can do it for me but i refused and said no i can do it on my own, after that i followed my own process and finished my story. The reason why people should have self-reliance is because some people can't be trusted and some people are wrong, that is more of the reason why people should trust in them selfs to get things done.

In conclusion, people should make their own decisions because they can look in side them selfs and think is this the best decision i can make, is this the best decision that benefits me and will it bring me to success. being self-reliant means you know what to do in any common situation and can turn to your own judgmental abilities. ",557,11,Male,Economically disadvantaged,Black/African American,test,3,3,3,4,3,3.5,3,3,3,3,3,3,4,3,3.5,3,2,2.5,2,3,2.5
DBE800E008B6,Self-reliance,"89% of people value self-reliance to themselves to know what is important in their life as people and follow your own ideas to your self and what is needed. Some people believe to value self-reliance is being true to your self but others disagree that people need help making their own decisions. People who make their own decisions are ready for life and they know what is life to them because they are strong, independent, and confident in every thing they do.

First of all a people who make their own decisions are capable of their future and are strong to make that happen for example when i came in America my mom first told me that we are here because of my education and that i need to do what it takes to do batter and see what i can for myself and help my other family members that still in Africa straggling. Being strong is a hard thing to do specially in this new generation of technology people hurting others on social media but they do not realize it in reality.

Second reason is when you make your own decisions you are also independent and you make every single decision by yourself day by day with no ones help that is the thing that not every one can do in life. People who are independent knows what it takes and how hard you have to work to be batter every single day for example for me being independent is not easy and i work hard to be independent every day. My dad always told me that i have to be independent and do my own thing because nobody will always be there when i need help or an advise in that moment and do what it takes make myself batter and make your future a priority of what you are doing now.

Third reason is that when you want to be strong, independent you also have to be confident first because you can not do all that without confidence and to believe in yourself that you can anything you wish for if you have confidence in your self. Confidence is not an easy thing to find in your self so easily for example when i was in my country i used to be the first student to pass the test or i became the first student to take the first in a whole school because i was so confidence i liked to study new things always curious trying to know new topics and does my work every day to get good grades my parents wanted to see to my report card with the best grades.

Some people say that being strong, independent and confident is something you can do without help, or being capable of your things and doing your work every day . However in reality many people do not value self-reliance that means people who are strong, independent and confident are really strong and do work and is so hard that you have to work hard and see what you can with no ones help or advice and thinking about your future often. People should think about self-reliance and their future and work hard by their self so that in the future they can be strong, independent and confident t with their own work and ideas.",648,9,Female,Economically disadvantaged,Black/African American,test,3,3,3,4,3,3.5,3,3,3,4,4,4,3,4,3.5,3,3,3,3,3,3
