essay_id,prompt,text,words,seg_grade,seg_gender,seg_economic,seg_race,seg_split,overall_r1,overall_r2,overall_human,cohesion_r1,cohesion_r2,cohesion_human,syntax_r1,syntax_r2,syntax_human,vocabulary_r1,vocabulary_r2,vocabulary_human,phraseology_r1,phraseology_r2,phraseology_human,grammar_r1,grammar_r2,grammar_human,conventions_r1,conventions_r2,conventions_human
04B6FD84A066,Setting our aim,"Aiming for small goals and accomplishing them are pointless. although, it is not a bad idea to make small goals and achieve them however, aiming for a bigger achievement will help in the long run. Achievements that are harder or much bigger can teach you a lot during the process of failure. In my opinion failing at long term goals is more beneficial then achieving small goals.

One reason why failing at long term goals is better then to achieve a small goal is that you keep learning when you fail it is a part of life that you need in order to have success. For example, You might never succeed or progress in something you havent failed at, failure helps you learn to do better and not make the same mistakes. Achieving small goals is not a bad idea but to fail while trying to go your hardest is better because that is your full potential and it helps in your future. Aiming for easier goals does not help learn about failure and you need failure to be successful and experienced.

Having long term goals is the better way to go. For instance, you can have a goal that can go on for a couple years and when you accomplish it it will feel way better than something you didnt fail or get tired on. Long term goals also help you plan ahead and really perfect your craft or perfect what you are trying to accomplish. Having a goal that you can easily achieve does not help you with learning because you dont fail and it does not take tie and experience. For example, a goal is something you have to push to achieve, so if you dont have to fail and learn it is not a realistic goal.

Accomplishing and working on something you know you can achieve is not really success. Goals are achievements that are supposed to benefit you. For example, if my goal was to learn how to swing a bat it wouldnt be better than my goal wanting to win the world series. small achievements come with big goals you can learn how to swing a bat while you are training for the world series. Aiming bigger will help you accomplish more then just your goal . It will also teach you skills like patience and practice and that you will accomplish small goals on the road to the big goal.

As you can see, I agree with what Michelangelo said about aiming low and accomplishing your goal because when you aim low you dont really have a challenge or real goal. You dont get to experience failure and having to do so much to reach the goal. Aiming higher and failing is when you put your effort and you fail but when you learn from that failure and keep trying to achieve the goal in different ways you will achieve it as well as other small goals along the way.",488,11,Male,Not economically disadvantaged,White,train,4,4,4,4,5,4.5,4,4,4,5,5,5,5,4,4.5,4,4,4,4,4,4
0607B495212F,Setting our aim,"The greater danger for most of us lies not in setting our aim too falling short but in setting our aim too low and achieving our mark . I believe that if set your goal high in order to mark your goal it does come high it cuts short but when you have nothing and your too low your but you try hard you achieve to your mark. I agree with Michelangelo that you dont need to be the best as long as you put effort in to it you can do anything but at the same time i disagree with this quotes because you dont need your setting to be low it can be high at the same time it really doesnt matter how you can achieve your mark no matter what way or path you decide to take life take to different place makes you do different decides. For example right now am doing a sol if i aim to high in order to pass and reach 12th grade and to get my diploma my aim can a low and i can still have a achieve my mark . It really doesn't matter how much effort you put in to something because in the end you can always reach your goal . Everyone goes though this everyday or at some point of there lives like work , school, etc. This can also be find in the human race. Another thing that i feel that feel that the quote means is that people like to set low standards on themselves.",245,9,Female,Economically disadvantaged,Hispanic/Latino,train,3,3,3,2,2,2,2,3,2.5,3,3,3,2,2,2,3,3,3,3,3,3
0E4FA5AC1EC1,Setting our aim,"The power to be successful in life is hard because it isn't always given to you easily you have to work for it to achieve in life. You have to go threw all the good and bad obstacles to grow successfully. If you have high expectations and a positive mindset then good opportunities will be handed to you. You don't need to have money in your life to be successful as long as your a hard worker everything will have a good outcome.

When you go through all the good and bad obstacles you learn along the way that it will take time. It won't be easy and it won't happen overnight. Every baby step you take is getting you closer and closer to your achievement. Having faith in god will help you get through all the obstacles you have been struggling along the way and guide you to the right direction. God put's you through all these obstacles because he wants to test your strengths and weaknesses all you need to do is put your head down and walk right through them. You need failure in order to understand the purpose of life.

Having high expectations and a positive mindset leads you to new chapters in life. When your passionate about something you love doing every negative outcome will come towards you and you have to work ten times harder. There are people who love and support you in every decision you decide to take they just want the best for you. Having them as a support system makes you think to yourself you have a purpose in life and the reason why you continue to do the things you love to do. Your parent's expect you to have high expectations because they wanna be proud of the person you are becoming. You are becoming someone that has great things to achieve in the future all the hard you have worked and put effort into has finally paid off because you worked really hard into getting exactly where you wanted to be that makes you an achiever.

You don't need to be wealthy family in order to be successful. You can come from a poor family and have big dreams and goals and work your way up. All that doesn't define who you are. People can criticize you in every way and make fun of what economy your living in to them as long as your humble and know you are successful without the value of the money in the world you are already successful. Money does not have value in being successful it's all a fantasy people are living in. Money can make a thousands of people happy and handed to them freely but if they haven't worked hard enough for it what value does that money have? In order to be successful in life you need to be humble, an achiever, and a hard worker. All those things make you successful without the value of money.

In conclusion, the value of money, wealthiness, and all the good and obstacles you battle and push through finally paid off you now have the power to be successful in life because even though you fell in every step of the way and sweated through the obstacles you can now be proud of the effort you made and got you to the finish line. All those challenges was to prepare you for the future and help you have a better understanding in life.",572,11,Female,Not economically disadvantaged,Hispanic/Latino,train,4,4,4,4,4,4,4,4,4,5,4,4.5,4,4,4,4,3,3.5,4,4,4
21535555126A,Setting our aim,"I agree that you shouldn't aim high, because when you aim high you never have a staring point to your own process, if you aim high it could ruin your work ethic and how you see yourself, and lastly you can make muiltiple mistakes and correct it and make it perfect work, compared to aiming and doing horrible work and falling back down to the bottom.

When you aim low you have way more time to gain information, practice on your work, and have a good idea on what you want to do. For example the creator of Microsoft Bill Gates he didn't just wake up one morning and said"" im going to create a software system named windows"" he woke up and began to study computers, and everything about how a software works. So aiming low gives you the advantage of failing and not giving up on what you want to become. Most people are always told to ""aim high"" the ones that are told to aim high will never be able to handle failure because they never aimed low first and then worked their way to the top, that is how setting your aim to high can make you fall short in life.

Aiming high, and having a high expectation can really hurt your work ethic, Why you ask? because once you aim high and never practice on your work thats how you fail, the way you work will not be the same compared to a person who aimed low and is making his or her way to the top. For example Delonte West was a NBA basketball player he was really good, until he began to use drugs once he did that he was kicked out of the NBA and is now currently poor. You see the reason why the NBA kicked him out of the league was because they have very high expectations for him and wouldn't expect him to do drugs at all but, if he was using drugs before he even entered the league and stopped using them completely and went to the NBA he would still be playing to this day that is a good example of aiming high and falling short and aiming low and achieving your mark.

The only way to start in any journey or process that you do is to start from the bottom meaning aim low and you'll achieve your mark. Aiming high can not benefit how you were able to make it to where you are now. That is true Michaelangelo was right about aiming high and falling short. So you must start low first figure out your plan, then begin to improvise and get ideas on what you want to do, and begin your process, that is exactly how you achieve your mark

In conclusion, i highly agree on what Michaelangelo said ""The greater danger for most of us lies not in setting our aim too high and falling short; but in setting our aim too low, and achieving our mark"" that statement was true, Aiming and srting low first is how ideas come in and you are able to see what you are working and you show people what you can do until you reach your highest peak, instead of aiming high and failing and not knowing what to do now cause you failed. So start low first and go on from there.",555,11,Male,Not economically disadvantaged,Black/African American,train,4,4,4,4,3,3.5,3,3,3,4,4,4,3,4,3.5,4,4,4,3,3,3
2BFB0A8F50E1,Setting our aim,"Once there was a girl named Generic_Name. She was a great student, always doing her homework, and studies hard. Generic_Name was a negative person, she never aims high on any of her exams because she always have a feeling that she will never pass. At the end of the month Generic_Name get her results back and she passes all her exams. Likewise, the great artist Michelangelo once said, ""The greater danger for most of us lies no in setting out aim too high and falling short; but in setting our aim too low, and achieving our mark."" Some people prefer to aim low and achieve more, while other people prefer to achieve high and achieve more. The greater danger for most of us lies in setting our aim too low and achieving our mark because people should be positive, have goals, and believe in themselves.

The greater danger for most of us lies in setting our aim too low and achieving our mark because people should be positive. In my life I hate staring new things, whenever I start something new I always think negative and I will not achieve it. At the end, I always achieve what I had started. When I started to think positive on what I am doing, I always end up happy for what I aimed for and achieved. People should be more positive on what they're aiming for. When people start to think positive they will feel very sure and confident of what they're aiming for. For this reason, people should not aim too low.

Also, the greater danger for most of us lies in setting our aim too low and achieving our mark because people should have a goal on what they're aiming for. A psychology study have been done on people to test if goals work. The scientist that did the study explained why everyone should have goals, and how having a goal could lead to one do a lot of things. The scientist also explain that a goal is the purpose toward which effort is directed. Having goals to aim for something too high should lead one to achieve a lot of things. For this reason, people should have goals and aim high not low.

Additionally, the greater danger for most of us lies in setting our aim too low and achieving our mark because people should believe in themselves. In the TV show The Good Doctor, the main character Doctor Generic_Name had a surgery and there was only 20% chance that the patient will die. Generic_Name was a great doctor, but he didn't believe that he could do it. Until the patient was about to die, so Generic_Name had to do the surgery for the patient to live. The surgery went very well, and the patient went home healthy. The main character in this TV show didn't believe that he could do the surgery, and when he had to do the surgery it went well. Likewise, people should aim high and believe in themselves more to achieve what they aimed for. For this reason, people should believe in themselves more.

If people aim too low and achieve their mark, then it's dangerous than aiming too high and falling short. As the great artist Michelangelo once said, ""The greater danger for most of us lies no in setting out aim too high and falling short; but in setting our aim too low, and achieving our mark."" The greater danger for most of us lies in setting our aim too low and achieving out mark because people should be more positive on what they are doing, have steps to achieve their goals, and believe more in themselves. Thus, setting our aim too low and achieving our mark is dangerous. ",588,11,Female,Economically disadvantaged,White,train,3,3,3,4,4,4,3,3,3,4,4,4,3,3,3,3,3,3,4,3,3.5
41D9E5A1342B,Setting our aim,"The great artist Michelangelo I thinking he is the best artist because he said most of us lies not setting our I am to high and falling short.

setting and achieving they work in the same position I think so Michelangelo he know that,if the achieving is low the setting low too because is the same he doing good jobs also if, he get a new jobs he had more talent.

I think the setting is too low because the system is too low so he need good system and good setting and than everything is work after than he can work very good .

my recommend to Michelangelo is change the sitting if he change the sitting for one high he need more recommendation for he jobs he need doing a lot to doing for he jobs and the setting is to short he need one bigger because the short is a lot problem.

Also I have one more recommendation if you need the new system just change is more better make sure the setting is not short because if the setting is short always are low but if the setting is bigger the setting is more high and not falling.

50% I am agree but the other 50% no

I agree because he have nice talent and he do nice jobs also I disagree because the setting is very short and low but if get my recommendation is more better and he have good idea but he have bad idea too so let me get the agree because I like he history

I agree because he used setting and achieving is two thing very important on this history he have nice history my position is when i read the history is to confuse but now i understand what he doing .

example: just change the short setting to a bigger setting if more better fr you this my litter example thank you for read Michelangelo remember dont forget my recommendation .",300,11,Male,Not economically disadvantaged,Hispanic/Latino,train,2,2,2,2,2,2,2,2,2,2,2,2,2,2,2,2,2,2,3,2,2.5
51CE1DCC5307,Setting our aim,"Some people might have heard this before, ""The greater danger for most of us lies not in setting our aim too high and falling short; but in setting our aim too low, and achieving our mark."" This is what the great artist Michelangelo said. People might not agree with this, yet setting aims higher is better. This is because by setting our aim high, people will be able to achieve bigger goals. Setting aims high might conceive more unique thoughts than people with rivet thoughts that set their aims too low. There can be significant possibilities towards many directions too.

Firstly, by setting your aim high, there can be significant possibilities towards many directions. Many people set their aims before they do or think about something. For example, which do you think will have more possibilities for job. Just applying for cleaning dishes because that's easy, or applying for every work field you can work for. This is the same for schools. For an other example, a student that does not know what he wants to do for his future choosing to go to the military, or going to collage with many opportunities. Going to the collage can increase the job opportunities and he might find a better job than going to military.

Furthermore, setting our aim high will help people to conceive more unique or their real thoughts than people with rivet thoughts that set their aim too low. For example, people that aim low are most likely conceal or are not aware of their thoughts. This is because people that aim low will not try to achieve something too hard for them. On the other hand, people that aim high will try to achieve more harder tasks, and think about more things. This will help the human brains to develop and can help people to think in a unique way than other people. Famous artists that have created significant art works could have not created anything great if they have set a limit for their self. They all did not make any limit for their self and their abilities to create great works. All the unique ideas and arts exist because the famous artists aimed high.

In addition, by setting our aim high we can achieve bigger goals than setting a lower aim for a higher possibility. For example, Just working for the minimum requirement for an assignment than working for the maximum of that assignment, which will give you a better grade? The answer will most likely be working for the maximum of the assignment. If you have your aim low you might give up before you achieve a task even if that was an important task. If your aim is high you won't give up and achieve the task. Therefore, having your aim higher is better than just trying to do the easiest thing you can.

Some people might say that by setting the aim too high that can make them suffer. This can be true, but that does not mean you should aim too low. what is important is to keep everything balanced to the best. Everyone has been said to eat a balanced meal when they were a small child. This is the same for everything. Understanding your own abilities and setting the aim to what you can possibly achieve rather than setting the goal for something easy. Some might say that if people don't aim high they won't have to work hard, so they will have less stress. They might have less stress but not every stress is bad for people. Stress can even help people sometimes. For example, I was a student in Japan that hated school and was too lazy to do any work. I had a lot of stress and that made me stay at home all the time. Staying at home did not relieve my stress at all, and I did not feel good about my self. Therefore, I chose to go to school again. Stress will mostly affect bad for you, but there are good affects too.

Finally, The hole point about this is that running away and choosing the easy way is not the best decision. Aiming low might look like it's the simple and easy way thats safer but whats really the danger is for people to forget to aim high and believe they can achieve great things. The best is to make a decision that wont make you regret and making the best aim you can make. No one has to be excellent or perfect, but everyone should try their best in their short life so they can die with no regret.",754,11,Male,Not economically disadvantaged,Asian/Pacific Islander,train,3,4,3.5,4,4,4,4,4,4,4,4,4,2,4,4,3,4,3.5,3,4,3.5
5F679622B317,Setting our aim,"Shoul we have to make challenging goals in are life?

Every goals that we make in our life is important to do it,even that is not like we thought. Also do our goals can affect are live psychologyly, such as can make us more confindent of ourselves. ''The greater danger for most of us lies not in setting our aim too high and falling short;but setting in our aim too low, and achieving our mark."" Setting our aim too high and falling short is more important because we feel better knowing that we did our best and we can discover new things that maybe we never thought to do.

First, we feel better knowing that we did our best to make are goals,even that is not at all like we thought. When I was 11 years old and I used to play soccer, and one of my goal was to win play in a proffesional soccer team and win trophies,even that I did play for a proffesional soccer team I won many trophies. Trying to make real the goals that we used to had when we were young make us to feel proud and confident of ourselves because we never get up, always fough to do it.

Another reason, when we make our goals, even that maybe we just complete tha half of our goals;we discover new things that maybe we did not know that we can made. For example, if my dream was to be a master chef, and I work at place where a cook food to helping homeless. So, I realized that I can make my goal helping other people. When my brother was a kid, his dream was to travel around the world;even that he is pilot and only go to airport, he meet his fiance in his job. Some people may say that complete only the half of our challenging goals make us disappoined of ourselves because we did not complete. However, copmplete a challenging goals make us proud of ourselves because we are people who worked really hard and we discover many things that maybe others will never do.

Overall, we learn more doing challenging goals in our life than doing small goals that maybe everyone can do essaly.

Also,

making challenging goals we realize that we are people who want to be succsesful in our life. In addition, making challenging goals make us in admiralble people because noy every person decide to make big steps in life.",396,12,Male,Not economically disadvantaged,Hispanic/Latino,train,3,3,3,3,3,3,3,2,2.5,3,3,3,2,3,2.5,2,3,2.5,3,2,2.5
62243789233B,Setting our aim,"In today's society, many people agree that having a simple goal and achieving it is better than having a huge goal and failing to achieve it, but i disagree. One of the greatest artists, Michelangelo, said that setting our aim too low and achieving it is a great danger for some of us. He stated this thought because he failed and made mistakes before he was known as a great artist. Michelangelo rather fail by doing something big than his life than doing something small and achieving it. I agree with Michelangelo because you learn from past mistakes, you learn to take risks, and having bigger goals help you improve ones self.

Michelangelo is a great artist because of his work, but he learned from his own work to keep moving forward. People can learn from past mistakes by seeing what went wrong and practice doing better at it; for example, in a show called

Masterchef, chefs must impress the judges by their skills in cooking but one chef gets eliminated every episode. When a chef gets eliminated their dreams may get crushed, but they had the courage to go on and did their best and can learn what they did wrong. Another example is taking the permit test as a teenager. The permit test is something big for teens since it is something related to their future. When I took the test I was nervous and failed by one question, but i checked the answers I got wrong and studied them a bit more and passed the next time I took it. These examples prove that you have the ability to learn from past mistakes, grow as a person, and that you might have to take risks in doing so.

Taking risks are mostly involved in big decisions that involve jobs, education,etc. I believe that taking risks are better than small decisions even if those risks don't turn out the way you wanted them too. In a show called Shark Tank, people come in to persuade investors to invest in their products, but they do not always succeed. The people who do not get investments keep moving forward and take their own risks to get a investor. If you learn to take risks, you later get use to it and you can speak more in front of people and state your opinion. Another example is having a meeting for a job. It is best to have a meeting in person than online because it is not as easy so you get challenged and the person interviewing can know you better and you can most likely get the position. Taking risks can make you a better person as a whole and those mistakes can help you improve.

Michelangelo and I agree that having a bigger goal and failing is better than having a small goal and achieving it. Having a bigger goal can increase your confidence and help you put your head in the task you want to overcome. People view their mistakes and overcome it so they can do better next time. Small goals do not involve much effort and work as bigger achievements; by choosing to accomplish a simple task, you as a person may get use to the easy way out and can get lazy over time. Setting a higher aim for yourself is better because you can improve your skills and knowledge. Bigger goals are better because of how much they help you improve.

A great artist once said it is great danger setting a small aim for yourself. Setting a bigger aim and failing is best because you learn from your mistakes, you learn to take risks, and bigger goals help improve ones self. Smaller aims are a scapegoat compared to bigger aims because of how much easier they are. It is best to challenge yourself so that you are ready for anything that comes your way. Even if you take the high route and fail, it does not mean you can try again. In conclusion, setting a bigger aim and failing is alright and better than setting a small aim due to it being more easy.",678,11,Male,Economically disadvantaged,Hispanic/Latino,train,4,4,4,3,5,3,3,4,3.5,4,4,4,3,4,3.5,4,4,4,4,4,4
6712BD512DB7,Setting our aim,"I agreed that the greater of us lies and not in setting our aim high or low, but setting our aim too low will achieve our mark because many people around us are down and falling for some reasons. But, they are trying their best to climb up to the top in order to achieve their goals and learning from their mistakes. However, many others are lying or cheating to get a better score and failing down slowly. In fact, many people are working-hard to accomplish the goal that they want to achieve.

Setting our aim too low will achieve our goals because people have a weakness in their job and that's the reason why that they should be trying their best to fix their mistakes. I used to failed my math class last year because I didn't understand the unit because it's was too hard for me. So, I started to stay after school with my teacher and asking questions because I want to make sure that I understand the lesson. However, that didn't work out a lot as I expected because the assignment was different from what my teacher was explaining to me. But, I did not give up yet so I decided to study more at home and do some research about the lesson. And I finally understood the lesson. No matter how hard the work is, but what's important is that I put my time and efforts on it.

Another reason why setting our aim too low will help us achieve the goal is that by trying your best and work hard for it in order to achieve. However, many people are cheating to get the their goal so easily. My best friend got a high score on the test because he cheated and the test was hard as well. The teacher was wondered how did he got a high school on the test because he was the only one who got the highest score in the class, then he lied to my teacher that he studied a lot last night. But, the teacher caught him cheated on the test by using the notes because his answers was exactly as the notes said. So, it's not a shame that you are failing at something; but, it's a more worst that you lie to people and start falling down.

Also, setting our aim low will help us achieve the goal because many people are working-hard to get what they want. During the summer break, I told my mom that I want a new computer because my old computer is glitching and broken down a lot. Then, she told me that I work to earn money and get the new computer. She also said that it will helps me learn more things about the world. So, I started to work at a small restaurant and my position was cashier. It helps me counting the money faster and also it helps me improve my positives toward the other people.

Many people disagreed that setting our aim low won't help us to achieve our goal because sometime lying could be good for some reason and achieve the goal very easy. However, once the people find out that you're lying to them then you know the consequences. Sometime people starting at the lowest score to the highest score because they are doing their best of abilities to get the what they wanted to.

In conclusion, starting at the lowest point to the highest point will help you figure out what you need to do or learn in order to reach the goal. For example, if you don't try your best to achieve your goal and it's the worst thing that you could've ever done. However, the other are spreading lies to people how they achieve their goal easily and convincing people to be like them. But, keep trying your best and never give up to achieve your goal; then, you can get what you want.",641,11,Male,Economically disadvantaged,Asian/Pacific Islander,train,4,3,3.5,4,3,3.5,4,4,4,4,3,3.5,4,4,4,4,3,3.5,4,3,3.5
8295FC2CA419,Setting our aim,"Aiming too low and falling short isn't the best way to be successful.

Being confident in what you're doing is great but what if you're too confident ? Not everyone has the same definition of success; Your vision of success might be their way of seeing failure. By setting your goals low, you're taking the potential risk of not attending the necessary capacities expected from you.

When aims are set high, you are also sure to achieve your marks, have the pride of succeeding and be confident in what you're doing, this affects your mood too, therefore you are happy in how well you are doing, have the desire too do even better.

The science fair is coming up this month; Doing a project on volcanoes sounds like a good idea, you're familiar with the subject and have done it before, teachers love projects that demonstrate real life actions, all though; This idea is unoriginal and five other students are thinking the same way as you are, by doing the volcano project, you would be aiming low, you must get out of your comfort zone in order to achieve your goals. Choosing another subject for your scientific project without being boring and using a real life causes would impress the judges, give them useful information without being too specific.

By setting your aim too high you are taking a risk and could possibly fall short, but by aiming low you are closing the opportunities of going bigger and doing something you wouldn't normally do that could lead to potential Utopian future of yours.     ",244,11,Female,Not economically disadvantaged,White,train,4,5,4.5,4,5,4.5,4,5,4.5,4,5,4.5,4,5,4.5,5,5,5,5,4,4.5
8DBBADC05A43,Setting our aim,"Do you have a high goal?

Many people have goals, someone have high goals and others have low goals.

The high goals is so hard finish it, however, we never change a high goal by a low goal only because is more easy.

Although you have one hundred low goals it's impossible say ""one hundred low goals is equal to a high goal"" because a high goal can to become successful and though you'll do one hundred low goals it's almost impossible you become successful.

It's very important have high goals in our life to be a great person, taking high goals you can to detach in anything, however, taking low goals you never can to be successful

To start, it's very important have high goals to be a great person. For example: Keanu Reeves, a susseccfuly actor, is a great person showing the money is not important with his life. some times a high goals no always is have money, also can to be a personal goal.

To next, taking a high goal you can to detach in anything. For example: Kobe Bryan, the bigger player of the NBA, was the best player in basketball because he wanted become the best. You are not the schism, if you work for you like you can to be the best in anything.

To finish, taking low goals you never can to be successful. For example: somebody having low goals never can learn of his mistakes, furthermore, that person never can to grow. but if you want to become successful you need to find anything that to feel passion and going to for that.

the high goals can be hard included impossible to reach, but, we never to give up, only you say yourself ""i can do it"" so you will be in the first step in the success'es path.",282,11,Male,Not economically disadvantaged,White,train,2,2,2,3,2,2.5,2,2,2,2,3,2.5,2,2,2,2,3,2.5,3,3,3
8F78E9AF1D0E,Setting our aim,"Do you challenge yourself often? In this society today do you think we challenge ourselves by making harder goals or easier goals? Michelangelo had stated a quote that proves how society is today and how we set goals we know we can achieve rather than set harder ones and give up when its not accomplished as quickly as you thought it would be. For instance, it can be the littlest things that you wouldnt realize such as, doing your bed in the morning is challenging but you know you can do it so you make your bed every morning.

Furthermore, Setting easier goals that you know you are capable of achieving gives you an opportunity to continue to create more and more goals as time goes by. When you accomplish something it makes you feel like you can do many more things leading to something bigger. For example, when you study for a test and you take the test the next day then later received an amazing score you challenge yourself to study every night before a test rather than take a risk and challenge yourself to study the same day as the test because you think you would remember it better.

We give ourselves goals we know we can achieve and play it safe rather than challenges because its easier. Such as, knowing your limits and knowing what youre capable of accomplishing. For example,

you would rather do something you already know instead of doing something you have no idea what to do in and no longer enjoy it therefore, you stick to what you know you would enjoy by knowing your limits.

Finally, Giving yourself a harder goal and not achieving it frustrates you and can cause you to give up on your goal. When you dont know how to do something it's frustrating and you just give up for example, In the movie frozen Elsa was forced to keep her powers a secret and to no longer use them but she tried using them and froze Anas heart because she was frustrated. Elsa tried to challenge her self and try to use her powers but since it was so difficult she got overwhelmed and started hurting people

In conclusion, People prefer to set easy goals that they are able to achieve because it inspires you to continue to do multiple goals instead of one challenging one that you know is to hard. People need to realize that its okay to have many goals instead of one big challenge goal that can make you lose interest in things ",415,11,Female,Economically disadvantaged,Black/African American,train,4,3,3.5,3,3,3,4,3,3.5,4,3,3.5,4,4,4,4,3,3.5,4,3,3.5
9DDBBA28EBD0,Setting our aim,"I agree with Michelangelo's words, because some time when we whant to do things we start a low level because we think we aren't not good enough to do it, even known that we can do it good. And you think others have more opportunitties to have success and you would not have any of them, and it only matter how fast you can learn and how good you do them.

One good example of it could be sports and I have had a time when something like that happened to me. These happened when I was at my last school Generic_School, I knew that the practices to try out for the teams were going to start in 2 days. And I thought about that I could make it to play with which ever one, but when one of my friends told me that a lot of students were going to try out. When he told me that I thought that wasen't good enough and that others could be a lot better than me, so I decided to not try out and I was already playing for one team of Generic_City and they told that if I whant it I could play for both and I answered no. I didn't accept to play with my school and next year I did the try outs just to see if at least I have a good level compared to others and the coach saw how I played and he put my on Varsity team. I played almost all games I got a record, and I archieve one goal that was to proved to me that I could play at a high level even knowing that a year before I was scare to try out.

Another reason Its that really frecuently that people got scared to try a challenge, and to show themself that they can do thing at a higher level than what they think. A similar expample is one of my cousins knew how to work in construction in El Salvador and he was really good at it, and when he just got here in US he knew that there was contruction sites and places that he could work on it. First he told me that we was excited and that he would get one of those joobs and somehow the next day he told me that he wasen't getting it any more. That was not inetersted any more and told that he didn't have enough skills and it was going to be to hard for him. I told him that yes It was going to be hard but he had a lots of skills and knowleage about it and it would take less time for him to learn what they do there. He said he was going to think about it and after a time he got the joob and it olny took him less than a month to know how they operated there and got hired more fast than others, because he was doing a good joob on everything that he has to do. He told me that he was happy to take that joob and first he was wrong when he said that he had not enought skills for that joob.

Also another reason of why I agree with Michelangelo is that I remenber that around 3 and the hallf years ago I played soccer just with friends afterschool and we played just for fun and to relax. I didin't whant it to play for a team because I felt that I was not to good to play for them. One day I was playing soccer afterschool with some friends, and one of my friends dad was a coach for a team of Generic_City and remenbered that he said to all of us that if we whant it to play for him in his team. All my friend got in the team and I was the only one that did not got in, because I felt that I wasen't good enought so i decided to not join the team. And for the next season he was loking for a goalkeeper and I accept it to got in because my friends convinced me to join. After I going and play my first games I sorprise my self and the team to cause I was playing a really good level and we won the league that season. For next season I got a record that was not receiving any goals in 10 games and that lead me to win the best goalkeeper in that season. And at the beggining of my third season our captain left ,and I got surprised that all all in the team wan't it me as a captain and my coach said that I was the captain of the teamI just got really happy.

And won the league and the All Starts tournament that year and since there I have played like 8 season because every year there are 2. I have won for my third year in a row the best goalkeeper in the league. First no one was interested on my and after some seasons almost all team in Generic_City teams whant it me and teams from Generic_City I had like 7 teams that whant it me to play with them.

In conclusion I strongly agree with Michelangelo's words, its really common that the worst danger for most of us is to set our aim too low and achieving less than what we can do, I have had some reason and example but in all of them I realise that if I work hard I can accomplish more than I think I deserve.",918,11,Male,Economically disadvantaged,Hispanic/Latino,train,3,3,3,3,3,3,3,3,3,4,2,3.5,3,3,3,3,2,2.5,3,2,2.5
A00A8837B25B,Setting our aim,"Anybody is capable of doing anything no matter how bad obstacles can get. Failure is one of the biggest reasons why most of people are successful. Although people believe setting our aim low, and achieving our mark is less dangerous than aiming high and failing, nevertheless, aiming low, and achieving our mark is a greater danger because there's no limits to what people can do and failure gives motivation to work harder to achieve more and be successful in life.

To begin, setting our aim low, and achieving our mark is a greater danger than setting our aim high and falling short because there's no limits to what a human being can do and achieve. For example, Isaiah Thomas, he was one of the best basketball players in the NBA at Boston. He's very short, and everyone doubted him and said he's too short and can't make it. That didn't stop him from aiming high and achieving his goal and becoming of one the shortest people to make it to the NBA. This shows that no matter who the person is, they can accomplish a lot in life as long as they work hard. Clearly, everyone should always aim high and accomplish their goal to have a better life later on.

Furthermore, people should always aim high even if they fall short because failure gives motivation to achieve more and come back stronger. For instance, The Golden State Warriors lost the NBA finals in 2016. It was one of the worst finals ever for them. They lost very badly, but that didn't stop them from coming back the next year and winning the championship. This proves that it doesn't matter how bad failure can be, as long as they come back from it stronger. Obviously, no should be scared of failure and everyone should aim high and try to be the best at whatever they do.

Overall, the greater danger for most of people lies in not trying their hardest to be someone in life and aiming low to accomplish their goal because failure motivates the person to comeback stronger and have no limits. In conclusion, Aiming high will get anyone successful as long as they keep working hard and fear nothing.",374,11,Male,Not economically disadvantaged,White,train,4,4,4,4,5,4.5,4,4,4,4,4,4,4,4,4,5,4,4.5,4,4,4
AD6986B56719,Setting our aim,"Michelangelo once said ""The greater danger for most of us lies not in setting our aim too high and falling short; but in setting our aim too low, and achieving our mark."" I agree with this because we should never set our standards low even if it means we will reach our goal quicker; we should always have a strong mindset in completing and tackling hard tasks no matter how hard it can be. This can be mentally be difficult for some people because they like to quit when something is too hard for them, this shows how weak minded a person can be and end up never completing that achievement. If you're setting your achievement low knowing that you can complete it, why do it then? It will be a waist of time and you'll most likely get no satisfaction out of it.

Waking up in the morning and looking at your to do list and seeing that hard goal you have to complete can really throw off people. They look at it and starting off their morning can put them in a bad mood. This can mean that the person is not mentally strong enough to finish his or her task, it can take weeks, months, or even years; some people just dont have the patience for it. This most likely means that you'll never complete anything difficult in your life and end up always choosing an easy goal knowing you can complete it in a short amount of time, That type of mindset will never get you anywhere in life, no one will want a lazy person working for them in the future; they'll want a hard working and determined individual.

A person should always set a task for them that is hard, but something they know they can complete. This can be working overtime at your job for that sports car you've always wanted or even just saving up money for retirement. Setting your goal low can mean the person will never grow up to be a strong individual or even be a hard worker. After completing your goal you should always get lots of joy, happiness, and satisfaction; if you're not getting any of those you're doing something wrong. It should never feel like your goal was just a waist of time or you did this for nothing, you should come out of your goal as a stronger and happier person.

Having a negative attitude can play huge role in why you're not completing hard goals. Two keys factors in completing a hard task are having the right mindset and having a positive attitude; Having neither of these will already be putting you in a major disadvantage. Through out your day you should always have a positive personalty, who would want to talk to an angry and negative person? These are very difficult skills to learn it takes patience and time, but already having these two key traits can put you in the biggest advantage for completing your hard task. Not lots of people embrace these because they think they are useless that it has nothing to do with your mind but more about the actions of the person.

In conclusion I highly agree with Michelangelo's statement, it can sometimes bring out the worst in us but that is how we grow and learn as a person. This quote separates the lazy week minded people out there from the hard working, strong minded, and positive people. Setting a hard task and taking the time to complete can influence yourself into completing harder goals you have planned for yourself in the future. This is how successful people are born and become who they are and make a name for them self, no millionaire would ever tell you to set your standards low just because you feel like you can't complete a hard goal; they would tell you to push yourself mentally and physically no matter what the cost may be. Some people are just born without that mentality that most successful people posses, you cant teach lazy but you most certainly can teach hard work, determination, striving, and dedication.",694,11,Male,Economically disadvantaged,Hispanic/Latino,train,5,4,4.5,4,4,4,5,4,4.5,5,4,4.5,4,5,4.5,5,4,4.5,5,3,3.5
AD72A536B54A,Setting our aim,"I,d kinda have to agree with micky here (least favorite tmnt turtle) because, if you don't aim high but go for short you might not get anywhere in life.

Like when you aim low like only work in fastfood and only get paid minimum wage forever, then get a job for a company like samsung of nintendo and get paid more then that.

1 of the examples is the debt/taxes you want to live a good life when you're down here right so do you want to live with so little money or more money that you save from a good job.

My 2nd example of this is like athletes if you learn what you did right, or wrong to achive that goal you have to push yourself further then what you are right now.

but if you succeed at the low standers your more like meh okay.

Though I can see the other way too saying you aim low but at least your aiming for something which i can get behind.",610,11,Male,Economically disadvantaged,Hispanic/Latino,train,3,3,3,3,2,2.5,3,3,3,2,3,2.5,2,2,2,3,3,3,3,2,2.5
B1AFACE6704E,Setting our aim,"I agree with Michelangelo's statement as I have found through experience that it benefits me more to set high expectations and not reach my goal, rather than settling on a low goal and achieving it. When setting high goals, I find that I learn more and progress my abilties further than I do with a lower goal. This is because setting high goals requires confidence, challenges, and pride.

Firstly, hard work is required to achieve high goals, and requires confidence. Confidence involves having trust and believing that you are capable of accomplishing something. I have found that when I set high goals, I feel more confident in my abilities. With lower goals however, my confidence is lower as I settle for the easier path and do not trust myself to do better. With a higher aim, my confidence motivates me to not give up. I tend to try harder, and always believe in myself. For example, at school, I had to choose whether I wanted to try out for the varsity tennis team or remain in the club team. The varsity team was a higher reach, and required confidence in my abilities for me to try out. The club team was a lower reach, as I knew that I could simply continue with it. I decided to try out for the varsity team, and was confident in my abilities. I practiced hard and did not give up. Despite not making it onto the team, I found that I actually greatly improved my abilities through the confidence I had gained, and tried harder than I had ever before. I managed to progress my skills, and was able to play more confidently on the club team and excel. Therefore, setting high aims requires confidence, which is a very beneficial characteristic to have in life.

Secondly, setting a high goal indicates a challenge. It will be more challenging to attempt to aim high rather than aiming low, yet this will also prove more benefits. With a challenge, I tend to be more motivated as I want to prove my capabilites. I try harder, and in return get further. Even if I fall short of my high aim, I tend to get further than I would have if I had settled with a lower aim. With lower goals, there is no challenge, and so once the aim is achieved any effort stops. Learning is limited to that low expectation, and will not be able to go beyond. For example, in my high school career, I have always struggled with picking between two types of courses: honors or academic. Honors is the more challenging course, which requires more work and effort and would pose as more of a challenge. Academic however, requires the bare minimum and is easy to succeed in. In the honors course, I would be setting my aim high yet might not get the grade I want; yet, in the academic course, my aim would be low and I would most likely get the grade I want. After hard consideration, I decided to opt for the honors course. This course may be a challenge, yet would allow me to learn more. I enjoyed the challenge, and found that it motivated me to try harder to try and accomplish my goal. Even if I fell short of my ideal grade, I was proud to have tried my best and felt that I learnt so much more. The course benefited me more than the academic course would have, despite not receiving the grade I hoped for. Therefore, challenging oneself with a high aim allows for more flourishing and encourages more learning. Overall, setting a high aim will pose more benefits.

Thirdly, pride accompanies setting high goals. When setting low aims, I feel that it is easy to achieve the goal. However, with high aims, it is more challenging to achieve the goal, and so I feel proud of myself for attempting it. Pride is a very important characteristic, as it increases self esteem. With a higher self-esteem, I tend to try harder and feel more powerful with my abilities. I am more likely to learn and improve upon my abilities, which overall allows me to succeed. For example, in high school I had the opportunity to write a poem and submit it into a writing competition. This was a high aim, as the goal was to win. I felt very proud of myself for taking the time to write and challenge myself with this competition, and ended up writing my favorite piece yet. I submitted my writing, and did not win. However, I felt very proud of myself for having tried so hard and was able to learn and flourish in my writing abilities. Now, I am more likely to sign up for competitions, even if I do not win, simply because I enjoy the challenge and feel that I am able to learn. I feel proud of myself for taking on these challenges. Therefore, setting high goals emmits pride, which can prove very beneficial in life.

In conclusion, I agree with Michelangelo's statement. Setting high aims and falling short can bring so many more positive effects than setting low aims and accomplishing them. This is because setting high aims requires confidence, challenges, and pride. These characteristics are very important in succeeding, and can encourage learning and progression in abilities. Through setting low goals, learning becomes stagnant. In order to flourish and continue learning, setting high goals is crucial, even when not achieving the goal. ",905,11,Female,Not economically disadvantaged,White,train,5,5,5,5,5,5,5,5,5,5,5,5,5,5,5,5,5,5,5,5,5
B3B9D116021C,Setting our aim,"People tend to think that setting a goal high to achieve is a smart idea. While the other side thinks that setting a goal low is the better. Although some people may hate setting a goal high and falling short, it can cause a person to give up, but they forget to neglect the part that goals or achievements come in different shapes and sizes. People should be aiming their achievements high because people can achieve more, people can feel more motivated, and people can feel more successful.

Some people may not agree with this position because setting a goal to high and then falling short can cause a person to feel less motivated. they believe this because when setting a goal high and it fails, it can make a person give up and not try. they may think this because when giving up on a goal it can cause a person to feel empty and wanting to not try again. this shows that some people are afraid of failing, and when they do fail it makes them not try again. However, the oppositions looks over other important points.

People should be aiming their achievements high so they can achieve more. when a person sets their goal high, it could mean they are setting multiple goals and not just one, having one goal is great, but having multiple is also fantastic. this can also make the person feel good about themselves, knowing that they have accomplished more than one achievement. it can also make them feel proud about themselves. Even if a person failed one goal that doesn't mean they can't accomplish other goals. People cannot accomplish every goal, all goals are different then one another, but other harder goals can be accomplished.

people should be aiming their achievement high because it can make a person feel more successful. Once a person has completed an achievement it can make them as if they succeeded. it can also help with their confidence, it would give them less anxiety. it also shows that the person who is working towards his or her achievement can do so much more. it can also help some people in the future because they have the confidence they need because they hit different goals. people can also feel like they did something with their life and not feel like they did not accomplish anything in life.

People should aim their achievements high because they can feel more motivated. Setting an achievement means working really hard. It means you must focus on, it should be the only thing you are working on. Most people in their mind focus on this and this is what motivates them to work on one persons goal. In their brain they get this sense of energy, their brain is telling them to work on their goal. that is what make some people want to work towards their goal or try to finish their goal.

So this is why aiming your goal high is a good thing, motivation, success and achieving more can help a person in life if trying complete an achievement. People can get scared of goals, they are afraid it could fail something could go wrong, but the thing is in life you will fail, nobody is perfect, people will have get over their fears and accomplish their goal.        ",597,11,Male,Not economically disadvantaged,Asian/Pacific Islander,train,4,4,4,3,4,3.5,4,4,4,3,4,3.5,3,4,3.5,4,3,3.5,4,3,3.5
BDA166D1989A,Setting our aim,"The famous artist Michelangelo once said, ""The greater danger for most of us lies not in setting our aim too high and falling short; but in setting our aim too low, and achieving our mark."" His quote implies that completing a low goal is far worse that failure. In my opinion, I agree with Michelangelo's quote; when people aim too low, they are preventing themselves to have learning experiences. In order for growth and improvement, one must be required to step out off their comfort zone. Because aiming high comes with better resluts, it can serve as motivation to completing a goal. Although one may fail while aiming high, you will gain experience and knowledge from the situation.

To begin with, growth comes with attempting to accomplish new things out of your comfort zone. While always staying in your comfort zone, aiming low, you will be confining yourself, which prevents you from improvement. When you set your aim high, it assists with finding out what you are truly capable of. For instance, when working towards a goal, it comes with finding your true self. You can learn about your interests and hobbies, or even new ideas and thoughts that come to mind. When setting you aim high, it improves you as a person and helps with your own growth.

Not to mention, aiming high for a goal is possible when you have the right mentality.

When you aim high, the results are more motivating than when going for a goal set low. For instance, when achieving to graduate high school, one may aim to graduate as valedictorian. Being the valedictorian comes with great results such as getting into a better college or even just feeling better about yourself. If you put your mind to it, belive in yourself, and work hard towards it you will be able to accomplish any goal.

Furthermore, failing at achieving a goal provides experience. When you fail, you can use that situation to understand where you went wrong. In order to succeed the next time you attempt again, you can improve your mistakes. Failing is essential to the learning process as it gives you a chance to better yourself to prevent future mistakes. This knowledge you have accumulated from this certain situation, will be useful if applied to other life problems. On the other hand, when you aim for a low mark, there is no learning lesson you may gain.

However, some people believe nothing is wrong with setting your aim low. Instead, they believe that going for a goal set too high is worse as it means it will come with failure. These people view failing as a discouragement as others may consider them as a weak.

However, aiming high and failing gives you a life-longing experience by having the chance to improve your mistakes. When attempting again, you will have gained the knowledge to do so.

In conclusion, I believe that setting our aim too low and achieving it is far worse than aiming high and failing. For the fact that we need to grow as a person, we can not always stay in our comfort zone. By setting goals too low, we are preventing ourselves to grow and improve. By setting goals to a higher level, we can gain experience and knowledge that comes with the path to achievement. ",541,11,Female,Not economically disadvantaged,Hispanic/Latino,train,5,4,4.5,5,4,4.5,5,4,4.5,5,4,4.5,5,4,4.5,5,3,4.5,5,4,4.5
CCDD77656701,Setting our aim,"Do you thing that most danger of us lies not setting our aim too high and falling short; but in setting our aim too low, and achieving our mark? Sometimes is not good to tell others what you want because some of them may not want good things for you to get or have, you want to not used too much you phone, you want to loose some weight, and you want to graduated from high school.

Today in day many people used their phone a lot and sometimes they don't do things because they spend most of their time on their phones. For example, you get home from school and you have to do some homework, but you don't want to do it yet because you just got home from school, and you tell your self that you will relax for a few hours, and then you will start to do your homework. You ate dinner and everything you go to your room and one of your friends ask you if you want to play videos game? you tell your self I will play a little bit and then I will start to do my homework. Two hours pass by and you are still playing videos games. You tell your friend I must stop playing because I have to start doing my homework and your friend tells you don't go, we ask someone to give us copy, and you say yes, because you want to continue do keep playing. When you get to school you don't have any body to ask to give you copy. It was your choice to keep playing. That day you make a plant you put a timer and when that timer stop you will stop doing what you are doing. It work because when you time your self you can do more than one thing, you could also have more time to just play but the good thing is you have finish all you things.

For new year resolution you say that you will loose some weight this year. Your family laugh at you because you had said that almost every year and you have not do it. Sometimes is good to just tell your self to do things and don't tell anyone because some people don't want others to get things because they want to get it first and if they don't get it. Those kind of people don't want others do get it also. If you want to loose weight just do it and don't tell any body because you don't know what others want for you. It's better to do things in secret because at the end you are the one you are doing it and no body is helping you. The things that you do are for you not for everyone. When you have your things you can tell to your closer people and some of them may be happy for you and some may not, but that doesn't have to worry you because you have already do your thing and they can't do nothing to take that away from you. Your family may see you that you say things but you don't do it. You have to show them that you can do things that you say. You may feel sad because of what people say and you just have that in your mint. That is why not good to tell everyone of what you want to do because they may be jealous and they don't want you to be in a very good shape. Just go and workout and when they see you again they will say wow you look different what did you did to look great; they will not see you as a lair because you show them that you can do things. It can take time to see the different but you are doing it.

When you are in school you will have friends that are good for you and also those that are not. When you are in high school you want to pass all your classes so you can make your parents proud and they can be happy; but their will be some friends that will tell you to go out and have fun etc. In school their will be students that care about classes and their will be that they don't care. You want to be with those friends that help each other to have good grades. Their will be friends that don't like you and want to get you in some trouble, and they will want you to don't have good grade and be like them. You want to be with friends that support each other. Also you don't want to be that kind of person that say you have good grade and you don't have those good grades and you just are copying others and when it's test time you don't know what to do because you didn't do the work by your self. To get things that you want; you have to work for it. It's better to have friends that help each other and that also that help you to do your work and can be easy for you to also help others.

People may disagree with this because they have good people around them and that they help each other. They may say this because they haven't go through things like; one of your friends don't like you and they don't want you to have the things you want. Sometimes is better to do things and don't tell everyone because you don't know what people really want for you or what they think of the things you want. In this world are people that they don't care what you, they will agreed with what you do and if you felt they always be with you, their is those that they don't want you and others to be happy. The best thing to do is just do things and when you have it tell to everyone that you want because when you already have it they can just talk bad things of you and you don't stay in front of them as a looser because you didn't they don't know how you did it. Us human been we always have the thing inside of us that always make us jealous for what others have. For example, If one of your friends have a news phone you will get a little bit jealous because you also want to have that phone. Every single person in this world has when through that. That's why people don't trust each others.

It's better to do things that no body know because if you felt or don't get what you want, their will not be people that knew. You didn't get it and they will not be talking bad things of you or look at you as a looser that you can't do anything. You will be the only one that will know and if you want to tell them you can it will be your choice. You want to do things because you want to be proud of yourself and that is the only thing it counts.",1163,11,Female,Economically disadvantaged,Hispanic/Latino,train,4,3,3.5,3,3,3,4,3,3.5,3,3,3,3,3,3,4,3,3.5,4,3,3.5
D5588B5DD6FF,Setting our aim,"Once The great artist Michelangelo said that

""The grater danger for most of us lies not only setting our aim too high and falling short; but in setting our aim too low, and achieving our mark"". I personally disagree with this because not all of us people really wants to more than what it is asked to do, what really matter in this world it is to achieve your goal, and aiming low is a representation of honesty and humility. Some people may say that this may agree with Michelangelo's said, because sometimes getting out of our comfort zone it is what most of us should do; challenge our selves to get even higher expectation and results, but to be realistic not all of us aims for that.

First of all, most of us do not really wants to do more than it is asked to do. For example, Generic_Name a orange contractor, he has been asked from his boss to fill 10 trailers of orange per day, one day he filled 12 trailers of oranges and thought that his boss would pay him the 2 trailers extra of orange that Generic_Name and his worker filled, in his paycheck did not appear the 2 extra trailers of orange causing Generic_Name pay his workers for the extra hours and work that they had putted, Generic_Name never again did more of he was asked to do. People took Generic_Name as en example of not doing more of what it is asked to do in their jobs.

Secondly, what really matters in this life is to achieve your goal. For example Generic_Name is a student from Generic_School, Generic_Name and his friends in their freshman year aimed for the advanced diploma in his school, but Generic_Name aimed for the standard diploma, his friends bought that by choosing the advanced diploma would be easier to earn credits and graduate faster, but little did they know they would get challenging classes, having almost AP classes in almost every material, Generic_Name from the other side having his standard diploma resulted him having normal classes and passing almost all of them. At their junior year Generic_Name's friends decided to change their diplomas because their classes was so difficult that their credits was not high enough, Generic_Name had the needed credits to be considered a graduate. Sometimes it is better to achieve your goal and do not try to get out of your comfort zone and challenge yourself because at the end what really matter in this life it is to achieve your goal.

Lastly, aiming low is a representation of honesty, and humility. For example, Generic_Name have a Mexican restaurant, she does not aspire her restaurant to be the greatest in her town, but what she really aspires for her restaurant is to keep her with the same love and passion she has for cooking and the satisfaction of her clients. Aiming low does not mean that is going to be a failure, but if you do it with honesty and humility, the 'danger' will not be as big as it appears.

As you can see, Michelangelo's said its not all the way truth because, people from all over the world thinks differently, having different experiences in their lives causing them to disagree on his said. Not all the people wants to more what it is asked to do, what really matter in this world it is to achieve your goal, and aiming low is a representation of honesty and humility. Not always setting our aim too high and falling short it is what it means to survive in this world.",568,11,Male,Not economically disadvantaged,Hispanic/Latino,train,4,3,3.5,4,4,4,4,3,3.5,5,4,4.5,4,3,3.5,3,3,3,4,4,4
DB050381035B,Setting our aim,"Some people may say that oppocite but to start with your aim low helps with the little mistakes that need to be fixed.

People should considere setting their aim low so that they can star by reviewing the stuff that needs to be fixed,those are going to the things that are going to make you stronger and capable to lots of stuff.

The people that start the lowest are the ones that overcome their dreams,the ones that are capable,the ones that set their aim's low and achieve a mark. People overcome themselfs because of the mistakes that some people make along the way are the ones that help by building their character and makes themslef in a way stronger and more capable of lots of more stuff out there.

Some people will star high thinking that by doing that they would be able to get on top of stuff and all problems that are along with that are somehow fix without putting any effort or even think about it for a second,people should star a bit lower than that because that way they can work built that character that can help with achieven their goal by just putting a bit of effort and try to not aim high and fall short. For example a person that saids thats going to do lots of things riskign everything he or she may have a by just taking a single step loses it bacause of not being able to a list think before doing anything,by starting low can help not putting things and not taking any risk,by taking stuff step by step and learning things along the path.

Setting the aims at a low risk help with not losing what it was to hard to get or to achieve,by understanding that thats what help getting far in life and not let anything fall short and just taking the time to think and overview that things that are still around and star making them better and just work on them step by step. As some may say that its good for people to chalenge themself once in a while but without risking whats around it because whats the point of being able to work so hard and by just one step that was taking without having a chance to think of what was happening and lose it all by not taking it step by step.

My oppinion is that people should considere think before doing anything because that what helps getting you on the top and not just let anything fall down in front of your face,by thinking that to risk thing and not having to even think about it for a second was going to get you to the top,and if your going to chalenge yourself make sure to think about it stuff before doing it.",446,11,Female,Economically disadvantaged,Hispanic/Latino,train,3,2,2.5,4,2,3.5,3,3,3,2,2,2,3,2,2.5,2,2,2,3,2,2.5
DF74545A44C8,Setting our aim,"The great artist Michelangelo once said, ""The greater danger for most of us lies not in setting our aim too high and falling short; but in setting our aim too low, and achieving our mark.""

This is mena that people setitng their direction to high they falling quick, but they setting their direction too low that achieve their mark.

For my opinion, people set their aim as high as they can, because they know that if they set too low; they won't have that power to finish or to get it. This made people thought their aim is high; they need to work harder not just the 100 precent they need to put more than 100 precent into it and get thieir aim. Not all the people can reach as high as they set, but at least they try eventhought they fall they still on a good postion. For example, I have a quze total points is 100 and I try to get the full points, but in the end I only get 85, it's still good, because I know my aim is high, I need to do hard. When people set their aim too low, they won't have that power to finish it, because you know that it's easy to get it, and you don't even have to prepare or try for it. This make you don't know what you really want and need. It will let you just stuck there. From my opinion, I really agree Michelagelo's satement ""The greater danger for most of us lies not in setting our aim too high and falling short; but in setting our aim too low, and achieving our mark.""

In my conclusion, people should set their aim as high as they can, eventhought they cannot reach it, but at least they try it, but don't set a easy aim that you don't even have to try your best to get it, this will not improve yourself. ",307,11,Female,Not economically disadvantaged,Asian/Pacific Islander,train,3,3,3,3,3,3,3,2,2.5,3,3,3,2,2,2,2,3,2.5,3,2,2.5
E06EDBA28C44,Setting our aim,"Some people say that aim too high is not for them. This should be because people does not feel ready. Some people would want to aim high, but they do not want to know how would be the outcome. Although, some people think that aim too high is a waste of time, nevertheless, humans really need to set their aim too high to know if they would achieve their goals because some humans thinks that they are not prepare to aim too high and fail and some humans prefer to aim low and achieve their goals.

My first reason is that some humans thinks that they are not prepare to aim too high and fail. For example, if a person aim too high but fail that person would not feel good about him. Some times people who fail get depressed. If that is a humans who is a persistent person he would be trying more time. Until that person achieve their big goal. Also, that kind of people who are persistent that always keep trying that people one day they achieve all their goals. In addition,

the key to have a awesome overcome is to never give up and never stop.

My second reason is that some humans prefer to aim low and achieve their goals. People who do this are people that always want the easy thing. These people does not want to effort that much and achieve their goals. However, these people do not know the significant of have something that took a lot of efforts. In addition, some people may say that if they aim low they can achieve more things in the time a person that aim too high. Thats not the point, the thing is that every human have to effort to know the significant of never give up. Also, when humans has owned something by their own effort the valuate more what they had achieve.

In summary, humans really need to set their aim too high to know if they would achieve their goals. Some humans thinks that they are not prepare to aim too high and fail and some humans prefer to aim low and achieve their goals. Also, on these latest years humans has been lazy than doesnt want to effort to do big things and achieve it. Now humans really needs to efforts for something. Every human need to aim high and be scared of failing that something normal, but never give up always keep going.     ",405,11,Male,Economically disadvantaged,Hispanic/Latino,train,3,2,2.5,4,3,3.5,3,3,3,3,3,3,2,2,2,2,2,2,3,2,2.5
E433745B3F87,Setting our aim,"Michelangelo the artist once said,

'' The greater danger for most of us lies not in setting our aim too high and falling short; but in setting our aim too low, and achieving mark.'' I agree with michelangelo statement because we want to aim our goal right, or we will ending up missing. However, there can be a better statement to explain this more. When people want to achieve their goal to be somone in life. It's like shotting a arrow to hit the middle, and aiming the goal we want. For example, to aim it at the middle you have to focus, believe, think, be positive, and let go of your arrow to aim your goal. Other people would like a better statement , and also a better example to go with it. There are mostly people that take it serious to aim for their goal to be success. However there are some other that don't really care and just try to aim for their goal, and ending up missing their shot towards the middle. Another example, is when people want to aim their goal they have to study , work hard, have faith, believe , take risk , be proud, and never giving up. But there's people that miss their one shot towards the middle. Because they are lazy, not prepared, not focus, negative, not giving effort, and not paying attention for what goal their aiming for , so basically they will end up missing their only shot. Third example, is people have to aim their goal just right not to high , and to low. The goal is to aim in the middle ,but Micheangelo is right in one part because you only have one arrow to make it th the middle. It's mostly saying you have one shot to aim for your goal without making any miskates. I could understand why Michelangelo said '' The greater danger for most of us is aming our goal target right in one shot.'' Because there are some people that would have to take some risks. For example, they are not a citizen , or they don't have any papers to work , don't understand english well, they have to leave love ones behind,

and get discriminated by their colors. And it makes it more difficult for some people to aim for their goal. For those reasons theirs fewest people's that end up missing there shot. But there are other people's that won't let this get in their way by taking the risk , and some of those risks come worth it at the end. For example , there are some people that get discriminated by how they look and their color ,but doesn't mean that they have to give up ,and point their arrow the wrong direction to miss their shoot to success. They have to show the others people that they can make their one shot towards the middle all because they study, work hard, put effort, being prepared, being positive and never giving up. These are my supporting details ,and reasons why i agree with Michelangelo the artist statement. However, I don't think that this is statement is the most greatest danger for all of us. For sure there's others statement that are more dangerous then this one.",511,11,Male,Economically disadvantaged,Hispanic/Latino,train,3,3,3,2,3,2.5,2,3,2.5,3,4,3.5,4,3,3.5,3,3,3,3,4,3.5
F4E879AE7FBA,Setting our aim,"The greater danger for most of us is setting our aims too high and falling short because many people try to aim for something that's imposible for them to accomplish, falling short on your goal will make you want to give up, and not having the motivation and energy will get you no where.

Most of us should set a realistic goal for them to aim; but sometime we aim too high and set an impossible goal that we can't accoplish it.

For example: some people aim to be perfect; but that's imposible because no one is perfect.

Some people will do so much work for no reason because if they don't have the materials or a plan for that impossible goal th,en they're wasting their time.

The danger of this is that no one will accomplish a single goal if they're aiming to high.

Many people try to get the results that they want; but many fall short.

Falling short on a goal can be a big danger, because it could lead many people to calling themselfs a failure.

This can also make people want to give up on what they were aiming for.

Everyone wants to be successful in life and not a failure, because if you're a failure, then you'll face many challenges and suffer.

Many successful people in the world accomplish their goals because they have the motivation and energy on doing better; but many people don't have a motivation or energy that they get no where in life. Motivation and having energy are some keys that can help people aim for something big and be albe to accoplish their goals.

Another way people can aim big or be successful with their goals is if they have a positive mind set.

The great artist Michelangele once said, ""The greater danger for most of us lies in setting our aim too low, and achieving our mark.""

Setting your aims low and achieving your marks is not the great danger or a danger. However, setting your aim too high and falling short is a great danger because you can learn from it.            ",343,11,Male,Economically disadvantaged,Hispanic/Latino,train,3,4,3.5,3,4,3.5,3,3,3,4,4,4,2,4,3,3,4,3.5,3,3,3
0756ACE551C9,Setting our aim,"Have you ever aimed too high and missed or have you aimed too low and achieved your mark? Aiming too high and missing the target means you tried your hardest job to achieve that goal. Aiming too low means you didn't try enough. I believe that aiming too high will make working hard beneficial and allow you to achieve higher goals.

Aiming too high and missing is the key to working hard. For example, I had a math class that I was struggling in because I didn't understand the lessons which made my grade go to an F. However, I decided to come after school to get help understand the materials that the students and I were learning in class which made me work harder. This taught me to be independent and made me feel proud. Sometimes, it's good to see things as bigger pictures, so you can get to the place you want to. I increased my grade to an A and felt proud of myself knowing that even the hardest things you don't understand the way people understand it can be accomplished.

Achieving higher goals is a achievement. For instance, one day in my class I had to present a history project and I was super shy to present it. I didn't do well on the project because I was talking very quietly which made people not hear my presentation very well. However, I learned to become less shy and learned to speak louder for people to hear me properly.

In conclusion, some people might say that aiming too low and achieving your mark is better because they are lazy and not want to challenge themselves. However, I believe that people who try and work hard deserve an achievement. Never give up on trying your hardest even though you fail because there is always going to be another opportunity for you.",304,11,Female,Economically disadvantaged,White,test,4,5,4.5,4,5,4.5,4,5,4.5,4,5,4.5,4,5,4.5,4,5,4.5,5,5,5
11B63DAD869A,Setting our aim,"One of Michelangelo's most famous quote is ""The greater danger for most of us lies not in setting our aim too high and falling short; but in setting our aim too low, and achieving our mark."" Some people think Michelangelo's statement is not the best way to describe how people should achieve their goals. They feel that there are better ways of saying how they could achieve them. I agree, because I believe that Michelangelo's quote is very rational, it tells what is one of our greatest dangers as persons, also because it talks about how far we have to aim to achieve our mark, lastly because it is a very life lessening quote.

First reason why I agree on Michelangelo's famous quote is about how it tells what is one of our greatest dangers is, it makes me think about how humble a person should be when trying to achieve a goal. Humbleness to me is a very important topic because the more humble a person is the the more likable, and wanted a person could be in places such as jobs, school, church, etc.

Second reason why I agree on Michelangelo's quote is because to be able to aim a goal, a person has to try their best by their own and sacrifice themselves to get to where they want to be but bu doing that they should keep their obstacles by themselves because that way nobody judges their job, their sacrifices, nor their way of thinking. Some people try to accomplish their goals by cheating, and they do but later on through out life karma hits them back for trying to get away with something they did not sacrifice themselves for.

Third and last reason why i agree on Michelangelo's most famous quote is because it is a life lessening quote that might get people thinking about it and analyze it for a minute. Life is about accomplishing goals and obstacles, It's about wining and losing, but there are more possibilities of wining if a person tries their best, there are low chances to accomplish anything if a person gives up first try.

As you have read before these are my opinions on why a person always has to try their best, never give up, do their own job and always work for what they want. If a person fails first try they have to keep trying until the work is accomplished because through out all those failures the more a person learns from their mistakes, a little bit of accomplishment will always be better than nothing by not trying.  ",417,11,Female,Economically disadvantaged,Hispanic/Latino,test,3,3,3,4,4,4,2,3,2.5,3,3,3,3,3,3,4,3,3.5,4,4,4
134E7BD10EC5,Setting our aim,"I would agree with Michelangelo's statement. The quote says, ""The greater danger for most of us lies not in setting our aim too high and falling short; but in setting our aim too low, and achieving our mark."" I am strongly agree with this quote. He told the truth, so I'm supported his statement, everyone feels the same way like me. I agree with his statement because I achieved my marks by setting my aim very low from his statement, it will be reduce your risks, and tried to make easy work for rest of your life.

First, I achieved my marks by setting my aim very low. It can be everybody like me, but not everybody by setting their aim very low, sometimes, it was not work for them by achieving their marks by setting their aim very low. I figured it out by setting my aim low, so it helped me to achieving my marks very well. I should help someone else when they are trying to achieve their marks by setting their aim very low because I'm smart like Michelangelo so, I want to encouraged them to achieve their marks. Evenly, this can be helpful for everyone, you will be able to manage yourself, so I would like to manage myself too ,very focused to my goal, I never gave up and this is what I do when I achieved my marks by setting my aim very low, his statement is really helped me a lot.

Second, it will be reduced your risk by setting your aim too low. You will have more times to do and you will not become stressful anymore, take it easy and you will be feel better. In that moment, you will feel like become free and you will not going to be very intolerant. You need to find the low strategies or your goal; therefore, you have the low risks, more times to do, and less tolerant. Also, I don't want to over thinking because I don't want to waste my times, it is not easy at all.

Third, you need to tell the truth like he said, "" The greater danger for most of us lies not in setting our aim too high and falling short. It was danger to tell the lies to someone else. The lies are really evil and inevitable, sometimes they will find the evidences later but, they don't know yet if that was the truth or lie. It was like 50% chance to decide if it was truth or not. Lies are the biggest risk for everyone and it was dangerous to tell not the truths, it will change your emotions. The great artist like Michelangelo, he always tell the truth to everyone except; to tell the lies to people, being nice to everyone, never do the bad things, and did not hurt other people.

With this evidence, I still agree with his statement because by setting our aim too low ,and achieving our mark is better idea to start your goal. It was good way to start your mark. He always tell the truth, not even telling the lies, it will be reduced your risk . I want to give to people for support and love. I want to be genius like him and surpass his limit and knowledgeable. I need to contretration by my own mark and this is how I agree with his statement.",552,11,Male,Economically disadvantaged,Hispanic/Latino,test,4,3,3.5,4,4,4,4,3,3.5,4,3,3.5,3,3,3,4,3,3.5,4,4,4
23ACC872D2CD,Setting our aim,"I agree with Michelangelo's statement because it is important to be humble, Also you not supposed to rush your dreams, but if you rushing your dreams and it dont work you must keep trying but never give up. some people may say that they will accomplish their goals without trying. But everything in life you must try to be able to accomplish it because nothing is easy in life you must earn it.

First, Being humble helps a lot of people because if you're humble a lot of people will like you. Also if you apply for a job they will give it to you because you are humble. And being humble its going to help you in the future with your school and actually trying hard to achieve your goals and other stuff in life.

Although, rushing your goal or accomplishments its not going to let you accomplish your goals in life, for me and some people life its all about time when u planing to be someone in life it will take time because of the dedication that you put into it, life its hard but that doesn't mean that you are not going to try or give up. Many things in life will not be given to you, You must earn them.

Finally, Some people may say that they will accomplish their goals without trying. But you must try to earn it because no one will give you a job if you are not trying our doing what you supposed to be doing. Teens say many things like that but they dont know what life is after you finish school. But they dint really know what they are talking about because they think life will stay hoe it is for the rest of their life.

For these reasons, I agreed with Michelangelo's statement because life is all about you act if u really humble your dreams will become true. But if you cocky person its hard so that your dreams will become how you want to. Life is all about accomplishment no one will accomplish things if they dont work hard for it.",346,11,Male,Economically disadvantaged,Hispanic/Latino,test,3,3,3,4,4,4,3,3,3,3,3,3,3,3,3,3,3,3,2,3,2.5
38FBEA0DC086,Setting our aim,"Michelangelo stated that the danger for most of us lies not in setting our aim to high and falling short but in setting our aim to low, and achieving our mark.

I disagree because if they aimed high and fell short, then they didn't aim high enough and need to aim higher, for example if u aim low and still manage to achieve your mark, then at least u know u can aim higher and reach your goal. People should try to reach their goal little by little and not try to take a big step and rush things. If they rush then they are going to fall short.

Most people dont try hard, but they try at the point where they can get to where the want to, but they should also try to aim high and not stay in the middle. Most people are lucky and dont try at all but it is better to try even if it take a long time.

Everyone falls short but they should keep trying their best and succeed. People should try and get to what they aimed for and achieve their mark. I disagree with the statement and I think people should aim low and achieve their mark and then aim a little higher.        ",210,10,Male,Economically disadvantaged,Hispanic/Latino,test,4,3,3.5,3,4,3.5,4,4,4,3,4,3.5,3,4,3.5,4,3,3.5,4,3,3.5
47D079795DB3,Setting our aim,"I disagree with Michelangelo's statement because its just not in setting your aim too high and falling short on it or setting your aim too low and achieving the mark. It all in the persons way of thinking and managing how to do it and how they can achieve the mark they want in their lives. Some people say that managing their goal and going for it always works for them. And i believe them because its worked for me in the past and i was actually happy for accomplishing a mark.

Not everyone will have their aim low and achieve their mark. People could be setting their aim high and still be getting their mark or what they want. Its just all in their mind and if you wanna achieve something and setting your'e aim on it you have too believe in youre self and achieve that mark and actually go for the mark. Because sitting around will never get you somewhere in life its all about going for it and putting everything you got on it.

Not everyone will have their aim low and achieve their goal. like me i've always had my aim high and i still achieved whatever i wanted its just all in the persons head and what they want to accomplish. My grandma always told me if you want something put youre aim and head on it and achieve it even if the obstacles are getting too hard always put youre mind too it and you can accomplish something in life. Even till this day ive always had that implanted in my head if i ever wanted something i could always remember my grandma saying those words to me.

people could be setting their aim high and still be getting their mark. there was this one time where i was in a competition and i was the last person and i said too myself put youre head in it and you can be first. Then i started too think too myself in my head i said too myself you can be first Jesus just put youre aim too it and you can be first. And when i did put my aim too being first i surpassed everyone and i became first out of 10 people that were in the competition. Its really simple putting your head too it and actually getting too that goal that you've always wanted.

its just all in your'e mind if you wanna achieve something and setting youre aim on it you can achieve that mark. People have always said if you put your mind on something you can always accomplish or achieve that goal that you want just by putting your mind too it and actually strive for it. If youre ever stuck on something put your aim on it and think and then accomplish it.

In conclusion not everyone will have their aim low and achieve their mark. People could be setting their aim high and still be getting their mark or what they want. Its just all in their mind and if you wanna achieve something and setting your'e aim on it you have too believe in youre self and achieve that mark and actually go for the mark. and managing too complete the mark and actually going for it and not sitting down in a couch not going for it.

However people set their aim too low and often end up achieving the mark they wanted. Im gonna admit there were times when i set my aim too low or friends or family members i or even them ended up achieving the mark. Its basically luck on how you set your aim too low and end up achieving the goal that you wanted. I wanna say that setting your goal too low will probably get you too your mark its a 50/50 chance that you'll actually get your mark. but there are times where you set your aim way too high and end up falling short to it.",639,11,Male,Economically disadvantaged,Hispanic/Latino,test,3,2,2.5,3,3,3,3,2,2.5,3,2,2.5,2,2,2,2,3,2.5,2,2,2
657681C4F023,Setting our aim,"Falling from a small place will lead to less pain than doing it from a high one. This is something that can be compare to our goals, setting big goals is good sometimes but not always is going to be like that. If we complete they can lead to a big joy and happiness but if we don't they might destroy us. Even though some may say that setting our aim high and falling short is the best this will not always be true, setting our goals at a level that we can complete and keep going is the best option because, after we finish a small goal we can make a new one and keep setting new ones, and setting high goals and falling might lead to disapoiment and depression.

Firstly, setting our goals low is better because when one is completed a new one can be set. This can help to achieve more thins faster and to feel better about our selves. For example, lets say that we get to complete a big goal in 2 years but i this amount of time one can be able to complete 5 or 6 maybe even more of this small goals that can be completed in months or even weeks. Setting our aim low is not always bad there are things that can only be achieve by thinking small. Setting our aim low can help to achieve small tasks that will make the person feel better about him self and push him to keep doing better.

Furthermore, failing on a goal that one has been working on for years can lead to big consequences. For example, a feeling of disappoint that might stop us and make us feel that is not necessary to even try anymore. Let's say that a person is working to enter to a high prestige collage, he has been working a lot saving money and studying hard but then he is not accepted. This person might stop trying and end up with nothing in his hands, why? because this are the consequences of this types of goals aim high either you win or you lose there is not middle point. Some may say that failing is not always bad that one can learn from it but this is not the same for all some can accept their loss but others don't. Aiming high is not something for everybody a person has to be ready to lose and not all the people that aim high is like that.

To conclude, setting our goals at a level that we can complete and keep going is the best option because, after we finish a small goal we can make a new one and keep setting new ones, and setting high goals and falling might lead to disapoiment and depression. Setting our aim low can help us achieve hing faster and keep setting new lines, in the other hand setting our aim high might make us lose years of effort and this is not good. Thats why setting our aim low is the better option and the conclusion.",506,11,Male,Economically disadvantaged,Hispanic/Latino,test,3,4,3.5,4,3,3.5,3,3,3,3,3,3,3,4,3.5,3,3,3,3,4,3.5
669A736CF0B4,Setting our aim,"One of the greatest artist, Michelangelo said ""The greatest danger in life isn't aiming too high and falling short, but aiming to low and achieving your goal"". I find this statement really important because it's true in many ways. Working hard and falling short can get you close to your goal, aiming short is easier but that's not what you really wanted, and you'll never know how high you would of gone if you tried hard enough. I belive that

Michelangelo's statement is true.

To begin with, aiming high and falling short is okay because at least you were putting effort in to achieving your goal. That just mean that working a bit harder would of got you to your achievement. I once worked on my final exams for my science class and aimed for a high score but failed by one point, then I took it again and passed with enough work and determination. So take your best shot and don't be afraid to fail.

Next, I belive that there's no short-cuts in life. That's why having low goals is completely pointless and won't get you anywhere. Wouldn't you want to make something good out of your life and be happy? Getting up and trying to reach high goals won't hurt you, the worse thing that could happen is failing but that shouldn't hold you down, the only thing to hold you down is yourself for not trying. So get up and shoot for high goals.

Thirdly, the one thing that I really hate is when people say ""I wouldn't have made it anyways"". How would you know if you would of reached your goal if you never even tried? It's impossible to know if you don't give it a go, a person doesn't become the best in their line of work or ability without trying, failing, repeat, and finally succeed. I never thought that I would ever be a good athlete until I practiced hard and started getting better. Aim high and try to reach your destination, but never aim low and be somewhere that you don't really want to be.

Finally, these are my reasons to why I agree with Michelangelo in his quote. I understand why others may disagree with my beliefs, they might say that you control your life and how it works. This may be true,but as long as you don't give up on your goals you can be anything.",376,11,Male,Economically disadvantaged,Hispanic/Latino,test,4,4,4,4,4,4,4,4,4,4,4,4,4,4,4,4,4,4,4,4,4
86E192D79CC7,Setting our aim,"I am strongly agree with the statement because it might shown that most of the people are focused to set up their aims too high, but at the end they are tend to fell down and all they have reached and built out upon all over the endeavor and sacrifice, it could be over with an open and close eyes. Perhaps, other people will tell you to give up and stop doing what your doing. But sometimes there's something on your mind that tells you to move further and that it will be better at the end.

Most of the people have set up their aims very high that they don't know that being at the top doesn't mean that you'll be permanently there for the rest of your life. Even, someday you will have to come back to the starting point and you have to start again. Even, if it doesn't matter how hard is it to reach out the way up. It should be worthy to fight until you know there's nothing left to see behind your back anymore and that always will keep your mind focus to achieve the best of your potential.

Because it has must be said the best way to accomplish your aim is to be humble, honest, respect others, and keep looking forward within the purpose to get it done. So, that's the only way that we could leave a legacy and a huge mark around the world. So, everyone will admire the hard work, dedication, passion and the hungry on your faces that you fought harder to make it real. So, it will give you the courageous to keep going and you won't look back until you make it happened. People will recognize the strength of your knowledge.

There's people who have started from bottom to the top and they have ended up doing incredible things that make them to be recognize around the planet and leaving, a mark wherever they go. Because they have the potential and creativity too never give up on what they want. There's no reason to throw the towel early when you still know the aim hasn't been completed yet. So, the volunteer of your heart leads you to show the greatest of your work that is inside of you. However, it must be difficult but never impossible to achieve when you proclaim victorious.

If you believe that you can do something right that will be the success of your life and the easy point to remember that starting from low to high is the best way to accomplish your goals. And be prepared for the challenges in your life. But there's no other way to do things without the support of God and family. Because they are always there when you need them, although they won't leave you alone and they will be always pushing your back to the succeed of your fame.

People should have on mind the best way to acomplish their aims. Is it never starting from high to low or they will fall down. No lies there's always bad times and good times that everyone will have to go through until to leave a mark that might prove that giving all you is a step to follow, because you always have to do the best to succeed and show that is possible to overcome every obstacle without given up on itself. Basically it will get out from inside of you the best inspiration to the succeess in life.  ",562,12,Male,Not economically disadvantaged,Hispanic/Latino,test,4,3,3.5,3,3,3,4,2,3,4,3,3.5,4,3,3.5,3,3,3,4,4,4
9130571B0792,Setting our aim,"There was once a great artist that goes by the name Michelangelo, Michelangelo has done so many great things and said so many great things for the artist community. There was once when he said this famous quote that goes like, ""The greater danger for most of us lies not in setting our aim too high and falling short; but in setting our aim too low and achieving our mark."" Would you agree or disagree with Michelangelo's statement? in my opinion I would agree with Michelangelo. The quote is basically saying that when you want to achieve something, and you dont give it your all but you achieve your mark, you are basically lying to yourself and not giving it your all. But those are not all my reasons on why i support Michelangelo, I will tell you three examples on why I agree with Michelangelo

My first example on why I agree with Michelangelo is when you are trying out for team. I remember back in the ninth grade, we had soccer tryouts coming up and I was very excited but not ready, so I went to the field and waited for instructions on the coaches. It was a three day tryout so I was doing tasks but with no practice at all and messing up a few times. After the three days ended, the coaches gave us the results of everyone and who was qualified to be in the soccer team. I was looking but did not see my name anywhere, and it was because I did not make the team. So when the school year ended, I was practicing all summer long and soccer was all I had on my mind nothing else. After that when my sophomore year started, the tryouts in mid march got announced again and this time i was prepared after aiming high and not giving up, so I was at tryouts and the three days pass again and our coaches gave the results, but this time I was on the list for the team, and its all because i aimed high and achieved my mark like how Michelangelo said.

Example number two is school finals, I remember when I took my math final back in the eighth grade and was not ready at all, in fact I even guessed on the whole test because I was being selfish and decided not to study before. So i got my test results back and somehow I was eligible for a retake, to pass the final I needed a 400 or above and I got 378 enough for a retake. So I took that as some motivation and I studied day and night until I had it all jacked in my head and memorized for my retake. So test day came up and I aced the test, I knew what I was doing, I was taking my time and not rushing at all and I finished satisfied and happy. So a few days later my teacher passes us the results and my test score was 478, I was really proud of all that hard work I did it was all worth it. I achieved my mark after aiming high and not falling short like how Michelangelo once said.

Finally my last example is a sports final, so I love soccer and my favorite soccer team is Real Madrid, I remember back in 2010 we were in the semifinals of the league and lost. The loss was really upsetting and disappointing, but I knew that the loss was gonna switch things up to prevent that disaster again. So the president of the team decided to get some new players in the team and a new manager as well. After we got the new players I saw improvement and better chemistry between them, we were not loosing a single game and we were climbing in the league ranks a lot. We were in the semi finals again and the results were much better then last season, last season we lost 2-1, but this year we take the game 4-1, it was a big difference and that game took us to the league finals. So the game started and all I could see was us dominating the whole entire first half of the game, you could really see where the players were aiming for when they wanted better results this season, they could've been working on passing drills, or composure drills, and it all paid off in the end.

So in conclusion with Michelangelo's quote I highly agree with him, after all i did give three examples on why you should agree with Michelangelo as well. First it was with my soccer tryouts, I was going in there with no practice and ended in failure, but I took that failure and turned it into motivation and succeeded. Next was with my math finals test, I was being selfish and said,""I am going to pass without any study,"" and I failed. So like my soccer tryouts, I took my failure and made it into motivation to study and work day and night until I had it all memorized,and on test day i passed with a rocking 478. Last reason was my favorite soccer team's loss in the league, They did not have the mind set to win, so the president bought new players and a new manager as well. After that they went to the semi finals again and too took the victory home, after that they even took the final game home along with the title so what they basically did was they were aiming high, and practicing until they were better and thats what made them win the game and the title. So to wrap it all up, Michelangelo was correct on his quote and that it is true that ""when you aim too high and fall short but in setting our aim too low and achieving the mark"" works after all. Thank you for taking time out of your day to read my writing and goodbye.",915,11,Male,Economically disadvantaged,Hispanic/Latino,test,4,4,4,4,4,4,4,4,4,4,4,4,4,4,4,4,4,4,4,4,4
92CF5E341FEC,Setting our aim,"Have you ever set a goal for yourself to do something better? But in the end you fall a little bit short? In this paper i'll be taking the side of setting a high goal and failing high because of getting straight A and receiving scholarships to college. What I will say about having a high goal but falling a little short is that if you set yourself to a high standard then coming up short will not be perfect but close to it.

First, an example of setting a high goal is getting straight A's in all of your classes for a semester. But in doing so your taking 5 honors and 2 AP classes. You start trying your beat in your classes. You start to turn in all your homework, studying for test, and getting good grades on those test. But you fall short because you didn't do well on 2 projects and end up getting 2 b's instead of having all A's. But you still had amazing grade's and come out with 5 a's and 2 b's and end with a 3.8 GPA. and get AB honor roll at your school.

Secondly, another example can be wanting to get a football scholarship to the Louisiana State University . You do everything you can to get yourself ready to perform at the highest level you can. You get on a great diet, your working out everyday, and you go to camps to get exposure to the coaches. You become the number 1 player in you area but you still do not get the offer to LSU. You feel like you are not good enough to play at the next level because you did not get the LSU offer. But your second school that you wanted to play for comes along and offers you a full ride scholarship to play of them and that school is Clemson University. The National Champions.

Finally, people can say if you set the bar low and accomplish that goal then you would feel good about yourself. But what if Micheal Jordan, Tom Brady, Lebron James lived their lives like that. No, these people decided to get up and do something with their lives and they still think the can be better because the always set a new goal. Tom Brady was asked in an interview once ""How do you keep playing football at 42 years old"" He said "" Because I haven't reached all my goals yet."" Tom Brady has 6 super bowl ring, over 7,000 completions, and is 2nd in most touchdowns thrown ever. But he is still doesn't feel like he's done.

In conclusion, with setting the bar high and wanting to complete that goal but failing short has it's advantages with still being at a high stage in your life because you did work your butt off to get to were you are now. It may not be perfect but it is close to it. If you have taken anything from essay take this go out a set a high goal and work as hard as you can to accomplish that goal because we need more people with that attitude.",489,11,Male,Not economically disadvantaged,Hispanic/Latino,test,4,4,4,4,3,3.5,4,3,3.5,4,4,4,3,4,3.5,3,3,3,3,4,3.5
9A1B30581F54,Setting our aim,"Their was once a grate person named Michelangelo and he said a very famous quote ""The greater danger for most of us lies not setting our aim too high and falling short; but in setting our aim too low, and achieving our mark.""

I agree on everything that Michelangelo says, because its so true in many different ways if we start to lie to much no one will believe us when we actually say something thats true and it could be an emergency.

when Michelangelo is saying ""not in setting our aim too high and falling short"". He is talking about setting goal that are too high for you. Goals that you know that are impossible to accomplish, You dont wanna set high goals if you know they are going to fall right back. We have to know our limits in life yes we can accomplish many things and that goal didnt happen because its just not the time for the goal to be really real.

I feel that lieing is a bad thing for one, no one will believe you after and its pretty hard to gain someones trust back.

I use to lie to much wen i was smaller it was fun at first but but after a bit my mom wouldn believe what i was saying to her any more. thats why Michelangelo says that our greatest danger is lieing and i agree on him on that one too.

In conclusion i feel like this quote has to do a lot with me, i like to set my self some goals i set my self big goal and small goals i feel like every thing that Michelangelo says its true.",268,11,Male,Economically disadvantaged,Hispanic/Latino,test,3,3,3,3,4,3.5,3,3,3,3,3,3,3,3,3,3,4,3.5,2,3,2.5
A602B3AB2A45,Setting our aim,"Imagine a world where everbody reach goals no matter how high they are. Many people believe that setting their aim too high and falling it in short is the greater danger for most of them, but setting their aim low and achieving the mark is better. People should aim hihger as they want bacause teens work harder, teachers exchange inspirantion with students, and adults teach childs to be more optimistic.

Some people believe that students should not aim high and fall through bacuase they lose spirit. Others believe that teachers stay in the same routine and do not challenge students to do more. Still others argue that adults influence negative behaviors on kids.

Firts, teens work harder. Students focus more in school. They study extra hours. Students ask for help to others when they need it. For example, students stay in after school programs or work online from home. Also, students learn lessons by falling. They learn that nothing in life is easy to get. They console and animate themselves when something does not go like they expected. As a result, they learn more from every mistake. While working hard students have more positive posibilities to reach their goals.

Additionally, teachers exchange inspiration with students. Teachers support students. They influence childs to keep reaching goals even if they fail. Students feel more comfortabe and positive inspirated by teachers. For example, when students do not feel ready for a test, teachers give support and conduct them to the their best. Moreover, teachers put more passion on their job. They get inspiration from students. Teachers want to helps students, so they develop or investigate new techniques to make students give the best of them. For example, when is testing period in school, teachers do their best to prepare students. Teachers and students exchanging inspiration is a important step for reaching goals.

Lastly, Adults teach childs to be more optimistic. Adults inspire childs to do not give up with their actions. They show kids that sometimes they have to dream high to reach the goal. Other than schools, adults have the responsability of teach and support childs. For example, adults can interact with kinds since a youngh age and give examples or influence them in life. Furthermore, being optimistic can help adults to reduce stress. They can asume the responsalibity to complete their activities. Adults can easily without struggeling complete works. For example, they do not have to be worry all the time because if they are optimistic they know that if something goes wrong they will keep trying and do it again to fix it. Optimism is the key word of making dreams come true

.

In conclusion, everybody should dream high because it helps teenagers to work harder, gives teachers and students an exchange of inspiration, and adults show childs more optimism. If people do not aim high they will never know the wonder they have inside, as a result meny people will live their life given the smallest part of them to the world. People should aim high and not be afraid to fall because that is part of life, keep climbing is the goal.",509,10,Female,Economically disadvantaged,Hispanic/Latino,test,3,3,3,3,3,3,3,3,3,4,3,3.5,3,3,3,3,3,3,2,3,2.5
AA114CB42E47,Setting our aim,"I agree with Michelangelo. because a lot of us these days are not setting our goals, some of us just be going to school to waste time and do nothing in class. School is very important and some of us children need to understand that and stop wasting the Teachers time. I agree school is really hard but easy if you want it to because there is nothing in life no one cannot do once they put their mind to it. But some times the teachers need to show us children some more respect because we deserves it. because not because all you the teachers are older than us they need to treat all of us the same way because no one is perfect. everybody in life have ups and downs so never judge the book by its cover because you never know what someone is going through in life. Life is not easy so a lot us by wasting time in school we need to stop because it not going to be easy in the real world when it is our time to go out there and shine.

I love track & flied i run track for my school and i am telling you it is no where near easy. And in the future i would like to become a track star because track is what i love and it pay a lot of money also. But track is so hard because it take everything from out of your body, when you are running track will make you want to give up on life and quit track will, make you feel like you are less than people, track will make you want to kill someone if someone say you are not good, But the best part about track is when you win races at your track meet it will put a big smile on your face and let you say in the head yes this is what i work so hard for. Track will let you have sleep less nights because your legs is so cramp you cant even sleep you just have to stay up all night and cry and ask god why is he doing this to me. But if you really want something in life all you have to do is work hard because one day all the hard work going to pay off and best to believe it is going to pay off because god got our back and he will always do. so just work hard to your goals if you want to achieve some thing go in life.",427,11,Male,Not economically disadvantaged,Asian/Pacific Islander,test,3,3,3,2,3,2.5,3,3,3,3,4,3.5,3,4,3.5,3,3,3,2,3,2.5
B460952D7935,Setting our aim,"Have you ever heard a saying from someone famous? If so you might've heard one from Michelangelo. Michelangelo was a great artist that once said ""The greater danger for most of us lies not in setting our aim too high and falling short; but in setting our aim too low, and achieving our mark"". I don't agree with this statement because the greatest danger lies in us in setting our aim too high and falling short. The statement what Michelangelo said is negatively impacted because it can cause us to stress and make us act different negatively.

The greatest danger for most of us lies in setting our aim too high and falling short because of stress. By setting our aim too high, stress can make us feel like giving up on what we want to accomplish in our lives. If we do this we will feel hopeless and not try again. Another reason why stress is related to this is because it can make us feel tired and lazy. If we become tired and lazy it can make us overthink and have negative thoughts. These are the reasons and examples of what stress can do to us if we set our aim too high.

The greatest danger for most of us lies in setting our aim too high and falling short because it can make us act different negatively. If we focus so much on setting our aim high it can make us forget important stuff. For example, it can make us forget to have quality time with our family and friends. We would lose the connections towards our family and friends if we are only focusing on one thing. Another reason is it can make us act bad and forget our manners. For example if we focus on setting our aim too high and spending so much on it all day it can ruin our sleeping schedule and cause us too act cranky. These are the reasons and examples of acting different negatively if we are setting our aim too high and falling short.

Some people think the greater danger for most of us lies in setting our aim too low and achieving our mark. They think that because if we set our aim too low we won't be caring so much on what we want to accomplish. For example, if we are just trying to rest or relax for a bit, they think we don't actually care on finishing our tasks. Another reason why they probably think that is because we won't be focusing on important things in life if we don't accomplish our goals first. For example, if we don't show the effort in front of them they will automatically assume we don't show interest in accomplishing it and think we don't really care what we want do in life. Even though this may be true, I still think that the greater danger for us is setting our aim too high and falling short because it can cause more problems.

The statement what Michelangelo said is negatively impacted because it can cause us to stress and make us act different negatively. It can make us stress if we set our aim too high and making us act different negatively if we focus too much on setting our aim too high and falling short. By setting our aim too high it can cause us to be stressed and make us feel like giving up and not wanting to finish our work. It can also make us stress by not getting enough sleep if were only focusing on one thing. These are the reasons why I disagree with Michelangelo because he agrees that the greatest danger for most of us lies in setting our aim too low, and achieving our mark.",614,11,Female,Economically disadvantaged,Hispanic/Latino,test,4,5,4.5,4,4,4,5,5,5,4,5,4.5,4,4,4,4,4,4,4,5,4.5
BF2D39C98D76,Setting our aim,"Did you reach your goal because it was easy and you knew you would achieve it? is that something really to be proud of? A great artist Michelangelo had once said,""The greater danger for most of us lies not in setting our aim too high and falling short; but in setting our aim too low, and achieving our mark."" I agree with the artist Michelangelo, in the present society we have habit of believing we are not good enough. We set our standards low or have easy goals because we don't have enough confidence with ourselves to believe we can do better. We reach our goal and think this is where it stops: this is how far I can reach, but how do you know that? We need to be more confident with ourselves, we need to believe that we can do the impossible and even if we fail, we shall not be embarrassed of failure but we shall take is as a life lesson, learn from it, move on, and do better in our next try and believe you can do it.

I have to say for myself I have set easy goals in the past because I did not believe in myself that;I could do more. My middle school years I never pushed myself to take any Honors or AP classes because I didn't believe in myself, I told myself ""I'm not smart enough for that class"" but how did I know that if I didn't try? Last year as a sophomore I decided to go beyond my goals and take an Honors class, Honors English to be specific. I talked to my teacher and asked if I would be gullible to take this class, she encouraged to take it so I decided to do it. My first day in Honors English I was in fear, and believed I was going to drop out of the class sooner or later, but as the year went on I grew to be more confident with myself and started to think the class was actually not as difficult as I expected. Now I am a junior planning on taking at least two AP classes next year with much confidence. I totally agree with Michelangelo, do no set easy goals or have low standards, believe in yourself that you can do more, this is not where you stop. Believe your abilities can go much farther.",391,11,Female,Economically disadvantaged,Hispanic/Latino,test,4,4,4,4,4,4,5,4,4.5,4,5,4.5,5,4,4.5,4,5,4.5,4,4,4
C60A31FBF9D6,Setting our aim,"Michelangelo (The greater danger for most of us lies not in setting our aim too high and falling short ; but in the setting our into low, and achieving our mark )

At the beginning does not matter how you see everything if that is far or it is closer the most important is that you take your time to do it and accomplishment without mistakes ,but everything to your time without pressure of anybody ,because everything will be correct when you do it slow to achieve the perfect point as Leonardo Da Vinci that he does not said I can not do it just to accomplishment the perfect smile from the Gioconda.

everything will depends how you want to accomplish your goals or mark because if you decide take the long way but and the end you will now that everything will be fine you should have a good and strong plan that will help you to accomplishment , because anything will be work if you do not have a plan is like start to study geometry when you are three years old you do not know anything , you should imagine how will you accomplish your goal or mark,because it will help you a lot as Albert Einstein said ""the imagination is most important that the knowledge"", besides your plan and your imagination , you should have a good base a good foundation to start because you do not start something that you do not know is like start to built a house without a base , everything will depends of your base , because does not mater your vision , does not matter your dreams , everything does matter if you do not take action because you will not achieve your goals if you are weating that the opportunity knock your door, you have to go and find it , obviously that when you are trying to find it it will not be easy because the life is not like a rose garden in the life everything is hard but you decides if you want to make it hard or "" tomar el toro por los cuernos"" like Latinos say , it means that does not matter how hard it is everything , you will try your best achieve it doing it slow but sure .

Analyze your goals or mark is like do a homework if you start to do it fast and you do not read anything be sure that you will have a bad homework and a bad grade , but if you take your time and you analyze the homework and you take a lot of information from books or internet does not matter how many time it take you you will have an excellent homework .

In conclusion I am agree with everything Michelangelo said does not matter how hard or how easy something looks the most important it is start slow without pressure and do it perfectly ,will you have mistakes? , of course yes , but you should know how learn about them and take experience of them and know how to accomplish , does not matter the time do it slow ,but always take action because the opportunities never will to arrive to knock your door.",673,11,Male,Economically disadvantaged,Hispanic/Latino,test,3,2,2.5,3,2,2.5,2,2,2,2,3,2.5,4,2,3.5,2,2,2,3,2,2.5
