essay_id,prompt,text,words,seg_grade,seg_gender,seg_economic,seg_race,seg_split,overall_r1,overall_r2,overall_human,cohesion_r1,cohesion_r2,cohesion_human,syntax_r1,syntax_r2,syntax_human,vocabulary_r1,vocabulary_r2,vocabulary_human,phraseology_r1,phraseology_r2,phraseology_human,grammar_r1,grammar_r2,grammar_human,conventions_r1,conventions_r2,conventions_human
03844422EA75,Success and failure,"my name is Generic_Name and my story is about cars

I bay a car and it new i live that car so mush so i stirt taking caer to it and befor I usto have a buskel and i usto love that baskel so mauh but i gat older so i stop riding a biskel and i stirt looking for a beges thengs whan i was a kid i usto so my dad driveng a car and i usto haveng fun in it

;and my drimm was to bay a car win i gro up and i stil looking for that drimm seccer is the only sport i like i use to play seccer win i weas 11 years old and i stil play that geame and i love it so mush but my lieg get hert so i stop playing it any moer and then i stirt fling better so i want to go bake to play my favert game seccer so i try ot for school and i stirt making frinds and play with them my favert game evry day i even like a gril becoes that game so l like that gril and i stirt playing wiht her and taking wihe her and i wanted her number so i stirt beang cloes to her so it bean a year so i finly say it i told her that i love her and she say yes and she my grilfrind new so this year im in 11 grad and i play sceer for Generic_School and it coold but we have to phet so we can get bater so it ban 3years whan the last time i see my dad and mom becase thay stiy back ther in my cantery ariq and i relly weant them to be besid me in USA

and about my life i have 2brthers and 1 sister.",261,10,Male,Economically disadvantaged,White,train,1,1,1,1,1,1,1,1,1,2,2,2,2,2,2,2,1,1.5,1,1,1
0420DDE0BABD,Success and failure,"I agree, because you threw failure to be successful. Like entrepreneur they are smart business people and they lose a lot of money trying to start a business some entrepreneur go threw lot of failure like people not buying their products, Losing money that they spent on the products without making no profit and some spend to much money for promotion and some of tha entrepreneur need a sponsor to support their business to get more customers to buy the products they sell and if the costomers like and value the products their business will do lot of sale and getting the business to the big league with some of the biggest brand and company in the world and business will be sucessful.

the entrepreneur business was't doing right that didn't stop he or she from pushing toward their goals, so in life you go thew a lot of failure you lose some you win tha sholdn't stop you from doing what you do in life a want to be. ",267,11,Male,Economically disadvantaged,Black/African American,train,3,3,3,3,3,3,3,3,3,3,3,3,2,3,2.5,3,3,3,3,3,3
0484BCFC725D,Success and failure,"Do you think fail is good? in this paper i will argue failure and success in life. Some people get sad when they fail something, they try to not loss the enthusiasm, sometimes people get mad by them self.

First, people get sad when they fail something, because they try the best so they can get everything right as they doe, and maybe they never image that they gonna fail, and sometimes some persons cry because they fail.

Second, some people try to not loss the enthusiasm when they fail at the first time, because maybe they have a good positive and they said that the next time they do not going to fail, so its mean that they not loss the enthusiasm at the first time they fail.

Last one, person get mad by his or her self, cause they think they don't do well, and they get really mad when they fail for a little error they have, but that get that they are learning because the errors that person have made them learn.

Some people said that failure is a bad idea for success. but some people don't loss the enthusiasm as they been falling and that made the person won for those who said that failure is a bad a idea because the person that don't loss the enthusiasm is keep going until they make sure to not fail anymore, and as they been falling they been learning.

In conclusion, for some people failure is a bad idea.                                                                                                                                                                                                                                                 ",351,12,Female,Economically disadvantaged,Hispanic/Latino,train,3,3,3,3,3,3,3,3,3,3,3,3,3,3,3,3,3,3,4,3,3.5
057EE790CCEA,Success and failure,"Pursuit of success what is success mean? Do success really consists of going from failure to failure withour give up? What do I think about success? Do I know what succes mean? Have I feel success about something that I did? Do I know anybody that success after a lot fail withour loss their snthusiasm? Have I ever give up in something that I thought never could be success on it? Do I agree with churchill's statement about the important role that failure play in the pursuit of success?

Which is my opinion?

First of all, to me success is to be good at what you do, cooking, driving, boxing, flying, playing sport or teaching it dosn't matter what it is, if you are good on it you are going to be succesful. And yes. I believe that to be success really consists on going from failure to failure withour give up. because sometime we need to know how it feel to fail in order to feel what is success mean. you know. To me those people that didn't work hard, don't know how failure feel like are the one that faster go down, cuz they don't care about it, unti they got there.

My thinking about success, is the that's the best moment of a person who fighting and fighting for what he or she wants withour giving up unti his/her last breath. You know. One year ago when I went to my country, I hear a lot of peaple saying this guy die unhappy cuz he didn't enjoined at all what he work so hard to accomplish. and then the guy who was the death guy bestfriend and partner said. he didn't die unhappy cuz he die doing what he wanted to do all his life. Later I began to think about that ask to myself is really important fight and fight to success in something and I know that everyone there did the same because they all stay quiet for a few secands. And after that. success to me is be good at what you want, fight for it, and be happy.

Since I remenver my family telling me, that the most important things on life are those that you make by you on. You know. My family are very poor people. So when I was like 11 yuears old I deciIde to get a job, so I could buy things like pencil, pen thigs like that and went to my neighbor have a factory of cofe and he pay me like 1 dollar but in dominican money every day. In a few day a lot of pencil, and a began to sell then. I never had to be worrie for those things any more or money for project. I guess that time feel really seccesful I was doing something the really worked.

I have a friend who is now a professional boisboll player, he fail a lot of time the test to be a professional beisboll player because he didn't had what was needed to pass it, and he didn't give up until pass it. He was so happy that they. i have had give up in a lot of things. looking back now that I think about if I will put more enthusiasm on it, maybe I would success.

I gree with winston churchill's statement about the important role that failure plays in the pursuit of successs. because I know how it feel fail, and success. I know many people who had afil, and fail, and fail, and then success.

by:

Generic_Name",555,12,Male,Not economically disadvantaged,Hispanic/Latino,train,3,2,2.5,2,2,2,3,2,2.5,3,3,3,2,3,2.5,3,3,3,2,2,2
06F368177993,Success and failure,"The Forme British Prime Minister

Churchil,

Once he said ""The success consists of going from failure to failure right but without loss of enthusiasm"",

My oponion about the all this success is basic on Prime Minister Winston Churchill that he once said the success consists if you loss your enthusiasm i think he was exactly what he said about in persuit of success because the enthusiasm consist and how you going to be when you do something that you need to do right so you need to ge a great enthusiam for do it as well rifht if you do not do well its mean that your enthusiasm is what is success is passed from you was a one's of statement about the important role consist.

Some succes too is basic how you are if are good person sometime its mean that you controle a paper that if something is passed on you right that's mean that you need to get attention taht what you going to do in this time so this is one other effects that cause on you so i am agree with churchill's statement, but in the same time we can said its normal right because it how you feel tha's mean is represent your enthusiasm every time that you feel,as great or we said a mad perosn so the success i be comig in this point too becasue your accition is represent you feeling.

About the success that is consist if you going to failure to failure that the Forme British Prime Minister Churchill once said that that's meam if you main is great a or lower you need keep in your main that you going to do well and you need to be strong like one example,that if you think that you not do well you need stay attention that what thing is going to happen in the moment that success is be great or you can faiure too right but ist no mean that you stay with you head dowm right so, basic the Forme British Minister Winston Churchiil said about you think is that you success is not be right o can we said like bed so its mean that you going to failure, if without loss all your enthusiasm so i will said that all success is coming from all that you think and its basic too accion that you well do. Success is basic in what is going to happen bewteen that person accion so its mean that the person and their success it play one paper that you don't or i going to explain as never give up to other thing that just come to all your succes that was some reason you think that your enthusiams is going dowm so its one of importat point that need to show.

The statement about how is such importnat to role that failure plays in pursuit or success is the is that some activity are like pursuit is a important role because failure plays with success its basic that depents some activities that you can do is coming from pursuit right then usually you can see how success is work is basic a important role in this stament because success are principal thinks that each person show when they act then after they actuation so the consists is coming that which its mean that you can failure to failure without loss of enthusiasm i well said thay i am gree with Former British Minister winston Churchill Because the succes is part the us right as i said you need stay as much attetion because enthusiams is be coming that what should that you success is going to be great or youn can lost too in the moment is coming the accion for something that you well do like to said you acction represents off thing that wiil you doing right so is a important role that we can see and each person how pursuit work bewteen the consists like as person can be result, for each statement.

Once he said ""The success consists of going from failure to failure right but without loss of enthusiasm"",

My oponion about the all this success is basic on Prime Minister Winston Churchill that he once said the success consists if you loss your enthusiasm i think he was exactly what he said about in persuit of success because the enthusiasm consist and how you going to be when you do something that you need to do right so you need to ge a great enthusiam for do it as well rifht if you do not do well its mean that your enthusiasm is what is success is passed from you was a one's of statement about the important role consist. well its important because this i well happen for each person so about the definition the this argument is basic is that success can be big statement as depents for us if we are ready to use or breain and about it consists is basic if you let the is will going from failure and you will loss the enthusiasm so, some time the the person is feel well so its meam how the person can reaction so is the enthusiasm is work then the person show as then can feeling.     ",869,12,Male,Economically disadvantaged,Hispanic/Latino,train,2,2,2,2,2,2,3,2,2.5,3,3,3,2,3,2.5,3,3,3,2,2,2
0A8B8F282E45,Success and failure,"Winston Churchill once said ""success consists of going from failure to without loss of enthusiasm."" In other words, sometimes failure teach us how to get at the success. Many people agree with this statement, others disagree with it. It's easy to see both sides, but one stand out. Success is necessary consists of going from failure because failure teach us how to be better and create responsibility.

First, failure teach us how to be better, for example if I did a song to someone important to see and this person didn't like it; I won't give up even if is the worse song ever because the failure will show how to learn better and if you wont give up and always try the best you will get the success. As you can see you always have to do your best to get your success even if is the hardest thing. however, most of the famous had failure. it wasn't easy to get where they are; maybe can take long time to be like they are, but is hard. Most of the times is difficult to get the success that they have; they have that success because they never give up even if was the worse song or if they were failure.

Next, failure make you create responsibility, for example if you are a failure on something and want to be better, you always will try something new to get better and try your best, that's mean responsibility to yourself,

for example if I want to get my drive license and I fell many times, I can be a failure on it, but if I create responsibility and study every day I will do good and pass with success. If I speak another language and my

English is a failure I will be responsive and study to understand the people and do well on my classes. As you can see, always have a way, we learn with failure to be better then you were

On the another hand, some people believe we never have to have failure in our success, because failure can a negative in your life and in your life you always have to be have to be positive; this point make sense, but in life we always have to learn something. Therefore this statement is right because success consist of going from failure.

In conclusion, many people think that success don't consists of going from failure because it's a negative thing in our life, but success is necessary consist going from failure, because failure teach how to get the success in life, how to be better, and how to be more responsive in life.",453,11,Female,Not economically disadvantaged,White,train,3,2,2.5,3,3,3,2,2,2,3,2,2.5,3,2,2.5,3,2,2.5,2,3,2.5
0C30A2A5D998,Success and failure,"It success consists of going from failure? I think that there are people that are successful and have gone through failure because without experiences people will not know that is out there. I believe that in live there is gong to be up and down and this teach us who to be an successful person.

First,to have a successful live we need the experience to be success not matter who many obstacle we have. When I was eleven I star making cookies at first I was bad, and when I fail the first try, but I keep going to make cookies not matter how bad I was. Then as I keep failing, and one day I was able to be successful. People have to know that we are not perfect and in some point of live we have to be unsuccessful to became what we one to be some day, Also it very important that people have the capability to say that they have make mistake.

Second,people have up and downs. As an example J.K Rowling she wrote the Harry Potter sires,and she want it to published,but she was not successful,and then by the time her sires was one of the most famous book. I believe that any one can be an successful person,but they have to know that not every thing is going to be a success at the first try.

Other believe that success is not consisted in failure because they think that people can be successful with out making any mistake. Thinking that every thing is easy as an litter kids puzzle.

In conclusion failure is one step of been success because every person can process the piece that their missing to be successful. As people have been going in up and down,and had experiences who thing are going.",250,12,Female,Economically disadvantaged,Hispanic/Latino,train,2,3,2.5,3,3,3,2,3,2.5,2,3,2.5,2,2,2,2,2,2,2,3,2.5
0D8EC8868869,Success and failure,"Dou you think are you success or not? some people think what not is the better but other person think what yeas is the best for everyto pursue fighter for to have a world best .

I am agree with the question everybody we o need to keep fighting to get the results that we want to be successf ul not let the to follow to try single why wing first work our we need to keep instant moment until till to get the purpose is to fight what all to pass an examination we have error nothing to pass an examination since the principle not as a early as possible why pron poss error to fight why the we keed and to follow a run to fight.

I am think all the person we need time for more work and estudy and practice more to give fot never to leaver the struggle fotr existence in the life nothing is easy example a person some not follow in the study for not to be wary fight what all to pass an examination and aproximatein the life nothing is easy .

everybodyr persuare correct the error some people need more to follow for correct the error.                                                                                                                    ",239,10,Female,Not economically disadvantaged,Hispanic/Latino,train,2,1,1.5,2,1,1.5,2,2,2,2,1,1.5,2,1,1.5,2,2,2,2,1,1.5
108CA77CBAB4,Success and failure,"although former British minister Winston Churchill says ""success consists of going from failure to failure without loss of enthusiasm."" actually to get to success sometimes does take failure to get it. actually this is very true for people who never give and work hard even after they fail time and time and again. for example when you fail at something to keep trying after till you succeed. some people think if you fail you won't be successful that is not true. if you never give up you will be successful. another example when you fall you always get back up and keep going and pushing forward. only you can decide if you want to always fail or try harder. to get success it ain't easy. there is a saying nothing that is easy to get is wroth having. this relates to what Churchill said. Winston Churchill is a wise man and i would agree with him. everything he said about failing and being successful after is true. they are so many successful people who have failed plenty of times in their life. it happens to all people no can be perfect at what they want or do in their life. inconclousion Winston Churchill is a wise man for his saying. his saying can motivate many people who feel like giving up after failing. ",216,11,Male,Economically disadvantaged,Hispanic/Latino,train,3,3,3,3,3,3,3,3,3,3,4,3.5,3,4,3.5,4,3,3.5,3,3,3
10AC7944DC4A,Success and failure,"Winston Churchill once said that ""success consists of going from failure to failure without loss of enthusiasm."" this means that if people fail they should get back up and try again and if they fail once more to never give up. Some people think that if you fail you should just give up right then and there. some people say that if they give up when they fail they should get up and try again and never loss hope, to determined, and to dedicate on what they are trying to achieve.

Everyone person fails in some point of their lives its part of life to fail no one is perfect. people should never loss hope if they fail they should be determined to make it through and be successful. Hope is so important in peoples lives because lets say if someone loses they child and if that person losses hope they would stop looking for their child and if they stop looking for their child they will never find him or her. Failure is important in peoples lives because it make people to not lose hope but also it makes them to dedicate on what they are trying to succeed.

People should dedicate on what they are trying to achieve or on what they want to succeed. dedication is very important in everyone lives. Cristiano Ronaldo is so dedicated to soccer that is why he is so successful he was playing in the best league in Spain now he is paying in the best league in Italy. many people admire Cristiano Ronaldo because started from the bottom and now he is one on the best player and is one the player that gets payed the most.

in conclusion, people should never loss home and they should be dedicated to be successful. Having hope is very important to succeed, also to succeed people need to be dedicated and determined. In other words, to succeed people need to fail and get back up again and again. ",350,11,Male,Not economically disadvantaged,Hispanic/Latino,train,3,3,3,4,2,3.5,2,3,2.5,3,3,3,3,3,3,2,2,2,3,2,2.5
11598C88FBA4,Success and failure,"Generic_Name never loss the enthusiasm should Success consists of going form failure to failure without loss of enthusiasm? Some people have a hard life more when they trying to be better because some of them feel like they are failure by not having a good jod, or by living in a bad place.

Firts, for some peolpe is hard to find a good jod that they can really appreciate be good finalcially. To be sure that they can have evething they want for life because soometimes people try get somenthing but they can't. It's better to force their self to get whta they really want. For example if tey trying to go out they have to make sure they dont have anydebitos they having pay yet.

Second, some peolpe that livi in a bad place is depend by the econom. Some of them says they loss the enthusiasm by not having a good palce.

Thinking about pleople that really do thinks in live to get a good life is depend on they record. For example the people that go out and find hte way to move from they old life they had to take alot of choice. Or have making alot of bad choises to get something they do have now.

For the people that have evething is more easy to do the things they have i their mind.

On the way tha they can doevething they like or they want. but the enthusiasm they will have will be alot of better them what others can have. In conclusion everyone have a diferent way of life that they have to be grateful for everething. For others is a good way they have to tell then that they alway have to keep they enthusiasm up and never lose.",316,12,Male,Not economically disadvantaged,Hispanic/Latino,train,2,3,2.5,3,3,3,2,3,2.5,3,3,3,2,2,2,3,3,3,2,2,2
15BD3759DC85,Success and failure,"Have you ever thought what life would be like without and with success?

I agree with this quote from Winston Churchill,""Success consists of going from failure to failure without loss of enthusiasm."" It's an important role that failure plays in our daily lives. Failure leads to many different directions,But, if we learn our mistakes we can understand what we did wrong. People sometimes have the enthusiasm or optional energy to get thought the obstacles. Some-others don't which it's acceptable for this type of situation. Giving up faith is likely, giving up on yourself as an individual.

Tools are like megalo, it helps us become the person we are today. Tools guide us to consist of good devolpement of character. It can read our thoughts and mind as a reader, when you specifically need them in hand. For example, working on a project from school, you use the internet to find those evidence to support your statement. You may never know that the tools you we're looking for has been sitting their waiting to be taken. You knew it was the item you we're searching for, soon enough it was a success.

Without failures or mistakes, we won't even understood what errors we had. Life would've become a lot harder, stressed, overwhelmed etc. The more mistakes we resolved, more issues fills up. We won't even be able to undo our issues. It would waste more of you're time.

I would argue with this fact, success comes from mistakes and obstacles along the path. It tells us what we should do and not fall into the same hole again. It takes time and effort to adjust,So, we must contribute as a whole.

Therefore, no matter what obstacles we face in life, considering a side-note. There may be a tense of giving up, let it slide. You can active anything in life.                 ",286,11,Female,Economically disadvantaged,Hispanic/Latino,train,3,3,3,3,4,3.5,3,4,3.5,4,4,4,4,3,3.5,4,3,3.5,3,3,3
163A54729CAA,Success and failure,"Other people would say that failure is a way you learn about your mistakes and where you can improve. Being successful isn't necessarily a way of failing so much it's a way to show that your trying and trying while not giving up. I would have to agree on Mister Winston Churchill about ""Success consists of going from failure to failure without loss of enthusiasm."" In other words, I believe being the person whos mistakes or failures is someone successful because they didn't give up they believed on they're selves and continued to work harder.

First, when you seem to fail everytime but, you just keep believing in yourself that's how you know you want to be successful and when you look back at those days in either high school,work,or even at home. You'll noticed that those days weren't perfect but, it's a way for you to learn about your failures in the end of the day you become someone whose very successful. My parents told me to always believe in myself and to never give up and if you fail over and over then get back up and do better.

Second, it's not just us people who has failures but celebrities also had failures believe it or not. Celebrities went through what we went through. Classmates either said ""your not gonna be famous your just gonna fail."" or "" Your failures won't lead you to be successful you'l only fail again."" They didn't care what they're classmates said they just kept trying and trying until they made it. For an example, Will Smith he kept trying to be successful in the acting world and he once said that if it wasn't for his parents who told him to keep trying he wouldn't be where he is. Jackson Wang, his a Chinese artist who didn't think he'd become successful but now people see him as an inspiring artist who is also in a Korean boy group. So in other words, if you keep failing then keep trying because you'll become someone someday.

In conclusion, Mister Winston Churchill is right about ""success consists of going from failure to failure without loss of enthusiasm"". His message about it would bring people to they're feet and not give up. Just keep trying until you made it. Don't every say you can't do it, just keep believing in yourself you can do it.",373,12,Female,Not economically disadvantaged,Asian/Pacific Islander,train,3,3,3,3,3,3,3,3,3,3,3,3,4,4,4,3,4,3.5,3,3,3
16C3B49CFB43,Success and failure,"I agree with Winston Churchill because we don't have to give up. There are many ways to continue even if you failure. Even though, people have to be awareness for what they doing. They have to confront the problem without losing they enthusiasm. In other example, confront your failure make you more strong and think about what is good and what is bad.

When you confront your failure you have to be conscious for what you doing. For example, you can't repent because you do what you do for a reason. In other word, people don't never have to give up they have to fight and have always the enthusiasm to be what are they are. Although, when you failure make you think more straight and clearly. That teach you to be a strong and continue struggle with your life. In fact, I always have my enthusiasm up even if I failure because that make me more comfortable to who I am and don't be scare to confront my problem. There are many people that scare loss they enthusiasm just because they failure. Failure don't make make a you a bad person, It make you to understand that in the life have down and up emotion. However, we choice ""what we want to be and we do what we want to do""

Therefore, Winston Churchill want to people be happy. He want to people understand that they don't have to loss they enthusiasm don't matter what. On the other hand, I agree with him because if you have the enthusiasm you can handle your problem and be able to solved it. In my opinion, Winston Churchill have throughout for many things and he want to other people be strongly and never give up like him. People have to consider that not always will be easy to don't have any problem or other thing that make you to do thing that you don't want to do, but you always have to be with the enthusiasm to confidence. Despite, it hard to always have the enthusiasm to confront your failure, but you have to be strong and continue for what you have been done. In life you learn a lot include your problem, your failure. Even though, you never have to give up because you will have a future that you want to know and live with your family, have good time. The enthusiasm help you to reflect your ideas and make you to do the things that you scare to do. Make the success strong with you enthusiasm.

In conclusion, never loss your enthusiasm because that help you to be strong. Confront your failure with all your enthusiasm you have to demonstrated that you are more strong than your problems. There are many ways to be success with your own personality you can focus on what you propose, being strongly and confront your failure. Finally, ""success consists of going from failure to failure without loss of enthusiasm"". Don't be scared to confront it. ",485,12,Female,Economically disadvantaged,Hispanic/Latino,train,2,3,2.5,2,3,2.5,2,3,2.5,3,3,3,2,3,2.5,3,2,2.5,3,2,2.5
17230E94E6CF,Success and failure,"Do you think that the failure is a reason to don't reach the hit. my opinion about the ""success"" is that no everyone find the easy way to catch up the hit. I am agree with the minister Winston Churchill because failure is not a option to loss our enthusiasm and don't realize our goals. Also,the enthusiasm is a good reason to stay what do you doing in your life. Then, we learn of the failure and that cause to make a important decision in our life.

Failure is not a option to loss our enthusiasm and don't realize our goals. First, the life is not easy and always will be a fall on the way to the hit. Second, there is people that they don't like to see you and the top and they try to cause us a fall to don't realize our goals but also it's a people that help you to catch up our goals . In conclusion, there is no reason to you give up to realize your goals and go up to the hit.

The enthusiasm is a good reason to still in what do you want pursuit of success. initially, the enthusiasm is a motivation in our life to reach the hit that you want in your life. also, the enthusiasm help you to never give up when you fall down. Then, failure is a bad experience but if we try to be positive person and find another way to be a successful person. In conclusion, the enthusiasms a tool that will help to grow up and find the way to be a successful person in our life.

we learn of the failure and that help to grow up to the hit. For example, to failure give to you a experience and we learn about this experience. Initially, what do we learn about our fall that will help us to find out what do we want in our life. Also, we need to decide what do we doing, if we give up and loos our enthusiasm or stand up and continues until we reach the hit. Then, failure is not always a bad thing pass in your life sometime we need failures in life to find out our ways to where we want to be.

In summary, success consists of going from failure to failure without loss of enthusiasm because the enthusiasm is a good reason to stay in what do you doing and never give up when the failure come. Another reason is we learn of the failure and that help to decide in what we want to do in our life. Also, most of the people want to be in the hit and no is only won no to be in the hit also need some failure for learn about the experience that the fall give us. For this reason I'm agree with Churchill""s statement and is our decision to loss the enthusiasm or stay with the same enthusiasm that we has before of the failure. Finally, a successful person is not a person that never have a failure and his life the successful person is one person that have many fairule and his life but he never loss his enthusiasm on what he want to be.",496,12,Male,Economically disadvantaged,Hispanic/Latino,train,2,2,2,2,2,2,3,3,3,3,2,2.5,2,2,2,2,3,2.5,3,2,2.5
174C4761FEA2,Success and failure,"I agree to the quote

""Success consist of going from failure to failure without loss of enthusiasm.""

In our life, in order to get what we desire is to overcome failures. It teaches us to become more stronger and to keep going without losing faith in pursuing our goals until we succeed.

Based on my experience, doing what i love is the most important thing. No matter how many times i fail; as long as i love it, i will keep going to reach my goal. I will not mind other people, even they're telling me to stop and give up. For me, failing is the way that life gives to be stronger.

Some people might think that life is very unfair, it just depends on how strong a person is to rise up after every falls. Every individual should have faith, in order to conquer challenges. Failing is just a word, it can't do nothing to stop a person to keep trying to pursue its goals.

Failing for me doesn't mean it's the end. It's a good experience, because it teaches lessons. Doing what i love motivates me more not to give up, instead i'll keep standing up after i fail in order to succeed.

In life, trying is not bad. Having faith and being enthusiastic is needed to overpass all obstacles by not giving up after failing. Keep trying to get what we want.",220,12,Female,Not economically disadvantaged,Asian/Pacific Islander,train,4,4,4,3,3,3,3,4,3.5,3,4,3.5,4,3,3.5,4,4,4,4,4,4
194E86ED4117,Success and failure,"My dad usually told me that failure is the mother of success when i was young. Way to success is not easy, everyone had to face different kinds of problems. It will fell harder and harder every time you failed, and it's hard to keep up the enthusiasm while facing different kind of problems. Yes, i'm fully agree with Mr. Churchill.

Failure lead you to success. Simple example about Elon Musk, one of the richest people on planet Earth. He was the Chairman of PayPal, Tesla. At 2002 he invented SpaceX, first ever self-investment rocket company to reach the Earth's orbit. Also, most amazing thing is they invented the reuse rocket, which is the rocket will land back to earth after launch to the Earth's orbit. SpaceX has accomplished so many that people talk about their success so much without remember their failure. Let me tell you this: The first 2 of their rocket(Falcon 1) launch are all failure due to engine failure. after during a other year of researching, testing, and examine, the 3rd rocket launch still failed to reach the Earth's orbit. At that time everyone think this project is a jock and Elon only have the money to launch the 4th rocket. Without losing hope and years of hard work, their 4th rocket(Falcon Launch 4) was successfully launched and reach the Earth's orbit. Elon and SpaceX made history, SapceX also received a large amount of money by NASA.

Don't ever lose your enthusiasm(Hope). Don't Never Ever Give Up, one of the greatest quote of all time, it lead so many people to success. Like Elon Musk i talked about last paragraph, he is a great example for us. His enthusiasm and passion about Space transpiration in the future and even moving people to space lead him and his company into success. I'm a sports athlete, i play basketball for 5 years already, it's part of my life. Every athlete knows practice is boring but also important. Why so many people still play professional basketball is because they have the passion and enthusiasm about winning. Process is boring and long, however it only take one moment for sports athlete to fell everything is worth it. Still some people failed on their way, beat by the tiredness of the process and slowly lose their enthusiasm for what they are chasing for at the beginning.

Failure complete the adventure, last thing i'm going talk about today. Everyone is emotional, everyone hate losing, everyone wanted to take the short cut. I'm the everyone, you are the everyone too, but without the gaps on the road to success, the adventure just seems not complete. Every failure make the explorer more stronger and smarter. Learn from the mistake, take note from it and you will be step ahead from everyone else. Every person on this planet with big accomplishment also have big mistakes too. No one is perfect, just go do thing what you want or like to do, eventually the journey will become interesting.

All for all, guess you already tired of reading. i support my 3 main points: Failure lead you to success, don't ever lose your enthusiasm, failure complete the adventure. I'm also agree with Mr. Winston:'' success consists of going from failure to failure without loss of enthusiasm.'' Failure does play a important role in the pursuit of success.",496,12,Male,Not economically disadvantaged,Asian/Pacific Islander,train,3,4,3.5,2,4,3.5,3,3,3,4,4,4,4,4,4,3,3,3,3,4,3.5
1FE3EE0E16A8,Success and failure,"Success is not just for perfect persons, sometimes we need to fail for to learn how to be better and learn from our mistakes to succeed and reach our goals that we have in this life.

Every single person in this world make mistakes that means to me that no one in this world is perfect, but we need to learn that is part of learn in life, is something about to be better every day and the enthusiasm is part of learn about our mistakes. It is important to fall down and don't loose our hope because that hope and the enthusiasm make us better persons and that is our impulse to succeed and make our dreams real. We need to think like a winners no matter what is going wrong in our life, take our weakness and make it strengths. My mother once told me because you loose one battle that doesn't mean that you loose the war, that show the importance to don't give me up at any bad circumstance or bad decision that i took before in my life because no one in this life born with all knowledge or born perfect to don't make something wrong. She also show that i have to do my best, to give my hundred percent at whatever that i want do because that is what make us better persons, she show me that don't give me up, be dedicated and passionate in all that i want to reach.

Failure plays a important role in succeed because that is how the apprenticeship start at, what if all scientist they were gave up in their experiments just because they did something wrong in their experiments we probably would didn't have medicines or the cure to a lot of illness or all technology that we have in the actuality or the first people that worked for the NASA with their first rockets that they made it, they get on fire and burned up but they still tried out again until they reach they dream to be the first persons to go to the moon, all they learned from they mistakes, that was the key of their achievements, that is what made us humans learn from our errors.

Is important for us to fail but is more important to don't give us up, to follow our dreams and believe in our self in our own capacity that we are able to be better in whaterver adversity and solve all problems that life impose in our way that is the key to achieve all dreams that we have, not all in this life is perfect but with effort and enthusiasm we can choose the right way to go and found solutions to our problems no matter the adversity just trust your self and do be afraid to be wrong because failure what inspire us to be better and succeed and learn from our mistakes.",489,12,Female,Economically disadvantaged,Hispanic/Latino,train,2,3,2.5,3,3,3,2,3,2.5,3,4,3.5,2,3,2.5,2,3,2.5,2,3,2.5
2082C42A8F43,Success and failure,"Success consists in how people manage their own enthusiasm and how responsible they are about their acts. every person makes mistakes every day and they are responsible for it, but that is how people learn every day from every mistakes they have committed from the beginning until now. Mistakes help you learn and get better and better until you understand the concept about what you are doing. Some people think that by making mistakes you will fail something, but notes that at the end you will get results from it. A lot of people fail everyday and that doesn't mean that you're not perfect because no one is perfect in these world, but the main idea is to look for the best way to manage or do something and also to keep forward.

Failure is just the key to keep looking forward in these world. We have the opportunity to make mistakes and learn from it, that is how people progress to became someone in the future. failure is a lesson that these world give us to keep learning and at the end to find a solution and continue our lives. however, there are a lot of people that think that failure is like an stop sign that don't let us keep looking forward, but failure is just a process in which people advance to find results that will help them to survive in these life.

Some people stop where they are just because they fail on something, they think that they can not keep going forward just for a little mistake they have committed and they also give up. The word failure doesn't mean that you should stop on what you are trying to do. Failure is a strong word that teach us get up, find the best results and keep living our lives. Failure is a progress in which every person create their own future. By failing people analyzed that they keep learning and at the same time they are creating a better future in which they will have better lives. The word failure give us the enthusiasm to maintain the resistance to keep fighting for what we really want to reached, that help us that at the end we would get better things in order to keep living.",360,12,Male,Economically disadvantaged,Hispanic/Latino,train,4,3,3.5,4,4,4,3,3,3,3,4,3.5,3,4,3.5,4,3,3.5,4,4,4
21B100A503DC,Success and failure,"Churchill statement is right because failing in life is part of succeeding. Those obsticals you go through in life are part of who you become and how you handle those obsticals. It gives some type of motivation to keep moving forward and get to whatever goal it is. My example is when i got pregnant my junior year and when I found out i just wanted to drop out because I was still a kid myself and I kept thinking how people would look at me or what would they say, but I already had an idea. My parents didnt even support me so what motivation did I have? I had myself and my son. I took that as my motivation, yes it was difficult especially after I delivered and going back to school because I was very behind. Of course a lot of friends stopped talking to me but that just proves who's there for you and who's not. I was starting a new chapter in my life and I'm not saying having my son was a mistake but it was just at the wrong time; cant change the past though, you just have to keep moving forward.

Here I am now my senior year, eight more months until I graduate and I'm proud of myself because I am a mother now and I'm still going to school, I didnt let that stop me from getting my education and I'm planning to go to college too because all I want is the best for my son and myself; its not me I have to think about now, I have another responsibility to look after for. There are many examples of failing in life and later on succeeding but this is one I went through, I had to grow up fast but it made me the person I am today. Just because of one mistake you make in life doesnt mean your life is over, its probably just the beginning, we are human! We all make mistakes but you just have to keep moving forward because life goes on with or without you. ",339,12,Female,Economically disadvantaged,Hispanic/Latino,train,4,4,4,3,3,3,3,3,3,4,4,4,4,4,4,4,4,4,3,3,3
22D02123C65D,Success and failure,"I agree with Churchill's statement about the role of failure ,because failure is a next step for success .The reasons why i agree with Churchill's statement is because ,without failure we may not know how to be thankful for it if we pass in the first place,failure shows us what did everyting went wrong and how to make it right for the next challenge we face ,faliure tell us or show us why are we doing it .For example ,most of the people fail in like every second, but there is no shame in failure because the more we fail the more we know .My father once told me that ""no matter how many times you fail it dosen't mean it's the end of the world"". Failure is a reason why our life is hard or unsuccessful ,but failure also shows us why are we doing this ?why do we want this or how hard do we have to try to be successful .Our brains get's bigger from failure and when i mean bigger i mean more details or more information. So i agree with Churchill's statement ,failure does do the important rule of the pursuit of success.",187,12,Male,Economically disadvantaged,White,train,3,3,3,3,3,3,3,3,3,3,3,3,4,3,3.5,3,3,3,3,3,3
245B5CD11772,Success and failure,"I beleive that if somebody wants to have succes there will always be some failure. The most important thing is that the person dosent lose there confidence or entusiasm. Ive also been through that to where I want to succead at something that I want to achieve and theres failure down the road. Once I failed I told myself to be positve about it and not just give up or get stressed about it and know that I needed to work harder at it.

There are people who want to have succes but forget that its not that easy. People have to remember that it takes time and to have patience,and stay positive. Its not easy because that person has to work hard and show effort but even after showing and doing all those things there still can be failure. When somebody fails its better to think about what can be down next time and to try harder after the first try.

Anybody could lose confidence or the energy after they keep failing but he or she forgets to see what can be down better next time. After that to check what has gone wrong and not lose confidence because eveybody has the potential to do anythung. Failure will always be there but it plays an important role for that person to remember that nobodys perfect and that theres always mistakes. The important part is to keep trying and to fix that mistake and to keep that energy up and confidence that it can be done its mot impossible.

I've also been through this to where i have a big dream and i chase after it and I think its easy but then i realized it was starting to get harder. After i tried so hard to keep working and trying i lost confidence after i kept failing again,and again. Its better to stay positive because people might say that i cant do it or many things that can cause me to lose confidence. But i choose to stay posive because i realized nobody is perfect even artist,singers,and many other things that people wanted to be because they also had mistakes and had to try harder next time. I realized after failing there were improvements better then the last time i tried and it kept happining becuase i tried harder each time but eventually i got there. Its best to know that in order to have success theres failure but it has to movitate to try harder next time and then eventually when someone works hard enough they have success. ",389,11,Male,Not economically disadvantaged,Hispanic/Latino,train,2,4,3.5,2,3,2.5,2,3,2.5,3,4,3.5,3,4,3.5,3,4,3.5,2,3,2.5
293A93F037A7,Success and failure,"I agree with Winston Churchhill because without failure how can we be succesfull in life. Frist, reason why because If you fail at something you can reflect on it. Second, failure can make you become better then you were yesterday if you work hard. Third, Is never let failure consume you. Instead use failure to lead you to success.

You can always reflect on somthing you fail at, and become better. If, you don't study yourself at something you failed at, then you can't become successfull. For example, say you were playing a football game, and you missed your tackle in the game. After the game you watch the film, and see what mistakes you did wrong. After you seen what was wrong in film. You studied the film, and trian harder in practice for next game, so that won't happen again. Another reason you can do after you reflect on yourslef is practicing at something you love to do. For example, riding a bike for the frist time without trianing wheels. If you fail at riding a bike, then you have to practice, so you can become better at it. In order to practice you have to reflect on it frist. After you reflect what you did wrong, then you will become better when you practice.

Failure can teach you to become better then you were yesterday if you work hard. For example, you went to practice for a 100 meter, but you did not wram up at all. You decided to run the 100 meter for the frist time anyway. After you finsh the 100 meter you didn't feel good about the time you had. The next day you decide to warm up, and work harder to get better results. After your trianing you wanted to run a 100 meter. When you ran a 100 meter you felt better with your time, and decided to work harder everyday to become better then you were yesterday. This is how failure is making you better because it is teaching you that if you fail at something, you can always pick it back up, and become better, then what you were doing that day when you failed at something. If you want to become better, then you were yesterday. Then don't worry about the past because thinking about it all the time will bring you back to failure. For example, say you are mad that you lost your 100 meter race in fourth place. When you lost, you keep thinking about it all the time, and can't move forward for the next race. When the next race starts the day after you lost. You lost the race again in fourth place because you keep thinking about the race you lost in the past, then thinking about how can you can become better then you were yesterday. The point is in order to become better you have to think how can you improve better for the future, then thinking about how you failed in the past.

Never let failure consume you. Instead use failure to lead you to success. For example, say you have a math test on Monday, but you decide on Sunday to not study for it because you think the test is very easy. On Monday you give up on a math test, and decide to fail it. The reason why because you did not study, and it was too hard for you. You decide to retake it on tuesday, and learn from your mistakes. On Tuesday after you failed the math test. You took the test again to get a better score because you studied very hard to succesed in the test. This is why you always use failure to lead you to success. If you let failure consume you, then you won't reach to the top to become successful. For example, you can't swim at all, and your drowing. For some reason you dont won't to reach the top because you are depressed, and want to give up.

In conclusion, I still believe It is impossible to be succesfull without failure. Without failure we cannot reach the top to be successful. Without failure we cannot reflect on things to become better. Without failure we cannot become better then yesterday. In order to become successful we have to use failure to lead us to success. Its okay to fail because after you learn from it. Everything is going to be okay when you overcome it, and be better. ",725,11,Male,Economically disadvantaged,Black/African American,train,4,3,3.5,3,3,3,4,3,3.5,3,3,3,3,3,3,4,4,4,2,3,2.5
297ABDDBAA92,Success and failure,"How is possible to people think that success consist of going from failure to failure without loss of enthusiasm. I agree with ministre Winston; it always would be a new oportunitie to change the mistake people learn from failure. It gives everyone a chance to corret it. I also believe that failure is an important part in life to people must have success.

One notable reason is that people learn from failure. For example, sometimes people get involved in some sadness problems that consist in failure. People have the oportunitie to corret it; they would be able to reach their dreams or goals not matter how harder is life people always have to strive with enthusiasm. Moreover, in my personal opinon, 3 years ago I was playing for a soccer team I get involved in a situation where I got really stressful with myself because I training hard for playing the final game with my team. Unfortunately, I can't play the final game because the game before I commited a foul and I get a red card. my team loss the game, it was too lake for me do anything about it. I realized that not matter what I did in the past; it always be a new oportunitie for improve and teach myself that failure it's has an important role in life to be success.

Futhermore, another important reason is that it gives people a better chance to corret it. This reminds me to a friend, who was in a situation where he was really disappoint because he fail his driving test. The next day, he cames to my house and talk to me about it. I remember that I told him to keep in his mind that it's important to be prepare for any situation that you know you have a lot of chances to pass if you triying and triying you will get on it. A lack of success depending in achieving goals and dreams. I think that failure is also a way to teach people that even if you fail you just always have to try no matter how many times you try it as long as you trying without lossing the enthusiasm you will reach your dreams, or goals.

Some people would argue that success is not consist in failure; however, everyone in our society knows that failure is an important part in life to be success. People learn from failure and it gives people a better chance to corret it. There is not limits to reach ours dreams as long as you keep going to complete it.

Provides everyone a learning that not martter how harder is life, there would be millions of chances to be success with anything you want to do. In conclusion, success consist in failure without lossing enthusiasm. The statement of ministre Winston gives people a reflection about a topic of how failure is important for success.",457,12,Male,Economically disadvantaged,Hispanic/Latino,train,3,2,2.5,3,3,3,3,2,2.5,3,3,3,2,2,2,3,2,2.5,3,3,3
2DFC9CC1793A,Success and failure,"I agree that loser can try to achieve success their are many types of loser who try and get success in around the world like in school some student can't pass the sol and some student pass quick in one time, but the loser who fail the sol first time he gonna try to achieve and pass in second time because every old man say never give up do it whit hard work, and do whit your heart then the success will come to you essylry.

Next, to be honest a lot of success can harm you because they can'tcontrol them self and invest their money anywere like in casino in Alcohol,Druges, and all that can harm your feature like your kides gonna be have so much money he will get everything what he need sport Car, nice House, so he will think i dont have to do anything he dose'nt have the stress on his mind to do somthing in life in small age he will smoke Cigrate and Drink Alcohol.

Then, if you control your success in right position your feature gonna be amazing like obama he is the Presedent of United State of America he have a so much power in his hand to do anything, but the most important thing is he know how to use that power he have big coltrole on his success he also have lot of money,but he don't have any bad habit like Drug or somthing he also made his feature good and he say to his two daughter he say to them go and find work for your self you guys can dependenton me you have to satnd on your legs and show the world what you can do every.

On the other hand, big example of the presedent of India first he was on the street he selling tea and he dose not have enough money to study,but luck is most important in our life his luck chang and he is the presedent of india he did so much stragle and hard work in his life and get success,but he don't have any controle on his success and he invest money on useless things and people in india say he is not a good for

India people hat him he higher the cost of fule,food,elericety,rent and more, and if he had the controle on his success India was gonna be like America.

Finilly, I campare both American and Indian presedent and see the success and failure power in my opinion the United State of America have the success controle power that's why people like to leve there and they also like there presedent,and India dose not have success power that's why people dose'nt like presedent,and they don't want to leve their, so this is the power of success if you use carefully you good but if you don't you die.              ",472,12,Male,Economically disadvantaged,Asian/Pacific Islander,train,2,2,2,3,2,2.5,3,2,2.5,2,3,2.5,2,2,2,3,2,2.5,2,3,2.5
2E043F67934C,Success and failure,"According to former bristish prime minister, Wilson Churchile, he said, "" success is consist of going from failure to failure without loss of enthusiasm"". Which indicates that bieng generaly successful is formed by multiple mistakes and, over and over failures and also being passionate to what we want to achieve. In my opinion, I'am totally agreed to his wisdom of words by Wilson, Churchile, because there are many persons in general that could shows that the fauilures is part of success without loss of love to what we do.

For instants, A famous and big star NBA and MVP basketball player Micheal, Jordan once said that, the process of being successful is an action of repaetation of practice including failures. This clearly indicates, before micheal became a successful basketball player star, he recieves and faced hardship competing and playing basketball in sevelar yaers of his caceer in NBA. In addition, According to micheal's father, he said, micheal fails so many times to his dream caceer such as: physically, emotionally and, mentally. However, he didn't stop chasing his dreams because, I know and, he knows how much he loves playing basketball. These also shows, Micheal obtained his successfulness because, he is basketball enthusiast. ",193,12,Male,Not economically disadvantaged,Asian/Pacific Islander,train,3,2,2.5,3,3,3,3,3,3,3,3,3,3,3,3,3,2,2.5,3,2,2.5
2F268BE28055,Success and failure,"Failure play's an important part in your life and it also lead you to success. why would many people thinks that failure lead you to success?. Well failure is one of the things that help you look back at yourself, so that you can start asking yourself questions that matters and that will help you succeed. You cannot survive in this world without you failing, or you having some kind of trouble that want to make you give up. The reasons why I agree with Churchill's statement is, because school, parents, and your career are things that help and give you hope, so that you can succeed.

The first things that play's an important part and you need in life is Education. School teach you things the hard ways and by you learning it the hard ways, help you fix your mistake in a better way. Your school work is what going to lead you to your success and your next journey in life. Without your education, it will be hard for you to succeed, or to even think about what kind of experience you could've have and what kind of person you could've been. You failing is teaching you how life is, what your next journey can be, and how much effort that you going to put into it. For you to succeed you have to fail, so that you can actually grow up, learn how life goes, and learn from your mistake. Education help you succeed in a better, clean, and a proper way.

The second thing that's important and that you need in your life is your parents. They advise you of how they were able to succeed, have a family, and how failing is a bless, because you get to learn from that. Your parents support you in the good moments and also in the bad moments. It is when other people are supporting and giving you advice other than your parents, because you going to have to choose if it a good advice or a bad one. That is why when you happen to have any of your parent supporting you, or giving you advice, you should be greatful. Some teenagers loose hope and their confident when they're failing, because they have no support, no one to give them advice, and they're lonely with no parents. That is also why your parents play an important role on your success even though, you keep failing.

The third thing that helps you see things clearly and that challenge you, is your career. when you have a career, or want to have a career, it is where you going to start making mistakes. By you having a good career and want to keep it, but you keep failing actually help you learn how to succeed. You having a job helps express yourself, more mature, and it help you learn how to challenge yourself, so by you doing that, leads you to success. You challenging yourself, help you see a better and a more challenging person. Your career help you stand up for your mistake, challenge yourself, and fix your mistake.

Most people would think that failure leads you to success and fewer people would think that failure leads you to giving up. ""Success consist of going from failure without loss of enthusiasm."" They might think that it is peoples opinion, because why go to school when you can succeed the dirty way. What these people think is that their succeeding, but what they don't know is that their keep failing over and over again. Playing it the dirty way is not you succeeding, but it is you proving to yourself that you keep failing. That is why failure play an important role in pursuing your success.

I agreed with Winston Churchill, because success does consist of you failing. The reasons why I agreed with

Winston Churchill is, because Education, parents and career are important things and people that helps you succeed. By you failing thesempeople and things are the one's giving you advice and help you be more self assured. Everyday in this life you're challenging yourself with new things and these things, are things that you need to keep doing, so that you can succeed. You will never be successful unless, you failed.  ",692,11,Female,Economically disadvantaged,Two or more races/Other,train,4,4,4,4,4,4,4,3,3.5,4,4,4,3,3,3,3,4,3.5,4,4,4
30A7E68EFC88,Success and failure,"My position is this argument is that behind every success there is a failure. It's important to understand that failure is not something bad its just something in the way of your success. These are my opinion on what i thing about. these paragraphs that you are about to look at have a mixer of things from hard working to failure just a little background of what you are about to read.

Starting a company can be really hard because there are a lot of failure that you'll have to go through to get to success. Because you won't be a big company from the start you have to built up to have a big company. For example the company apple it started in a garage and now its one of the biggest company to be know. Failure is just something that's in the way of you becoming successful. Because what it takes is hard work that you need to put into your company or whatever you are trying to be successful at. If not someone else that's trying to get the some thing as you will get it before you. Because you did not work hard enough

Becoming successful in something is a hard thing. Because of other people can be trying to do the same thing you are trying to do and sometimes not everyone is successful because of someone else that worked hard then them of the successes. Being the best at what you do is difficult because people are going to bring you down those are failure because they hate on your successes and what you have accomplished.

Working hard on something that you on you'll be successful in because if not other people that are on the same race as you trying to be successful are working more harder then you are going to be more successful because of the hard work they put in. If you are starting a company try to be the best at what you are doing because that's the only way you'll be successful because you are the best at what you are doing and no one else can't beat you to the top.

My position is this argument is that behind every success there is a failure. It's important to understand that failure is not something bad its just something in the way of your success. Those are my opinion on the argument ",380,11,Male,Not economically disadvantaged,Asian/Pacific Islander,train,3,2,2.5,3,2,2.5,3,2,2.5,2,2,2,3,2,2.5,3,3,3,4,2,3
327EB11122D0,Success and failure,"Hello mi name is Generic_Name and my prompt is about ''Failure'' and ''Success.''

What i think about this?

The failure is a feeling so bad, when you have a bad day or something was wrong,your feel the person most useless. Yes, I agree with Churchill statement, because he have all the reason. Each person failure has a recompense and all the good what you do make and God give to you multiply.

We all have success why?,because everybody work so hard and they wish make all your dreams. In the personal, i think all start since down, when you everyday work hard your successful is each day more big and blessed,I have three reasons why i agree with this prompt.

My first reason:

Never say ''I can't'' because when you have a purpose you have to make,maybe many persons tell you ''forget it,you never can't this possible'' but you have to know when something is realize with the heart all is possible in this life never forget it.

My second reason:

Always you listen when somebody tell you something,because his advice can help you in the future and you can use the same advice for help other persons too. You need to be better every day for make a present and future so much better and be able to get what you wish.

My third reason:

If you not believe in who are you, you are in a big problem, the unique person can say what you can do or you can't not are you nobody else. In your life you have friends,teachers and you family is the most important in the world the people believe in you. Follow you dreams,follow you future, and always smile and when something was wrong, not feel bad,of course when you have a error you can learn and be a best person each day.

What is my point of view on this?

The life is so hard and beautiful,you can be wherever you want,follow you way and never stop,make the difference and never stop of dream. Be a nice person and do not even threat bad other people. Therefore, you never hands down when you see the past and now the present you can see what long you are, stay strong,be intelligent not lying and always say the true. When passed the time you can see all effort you dedicated,all is possible.

Detail Support:

My detail support is about the immigrant, this is a good example for this prompt,they came to United State for a better life,is very difficult and danger,because sometimes many persons died or have problems in the way, how much time is? honestly i dont know sometimes is one week,two weeks or more than of one month. When they finally here in United State is a new beginning is a new life,of course is so complicated and so sad,because is a new country and new culture y the most important the language is different.

The principal thing is learn talk, and writing in English. After this if you have your permission of work,you can star working in a restaurant o something you can learn fast and easy or if you are minor of age you need go to middle school or high school dependent what age do you have for after you can graduated. and attain a best work. This is so hard but not impossible,maybe you have many days bad,and you cry so much,but each sacrificed has its pay back.

Thank you for you patient and dedication for read this.",510,12,Female,Not economically disadvantaged,Hispanic/Latino,train,2,2,2,3,3,3,2,2,2,3,3,3,2,3,2.5,2,2,2,2,2,2
332F7B4392BA,Success and failure,"Former BirtishPrime Minister Winston Churchill Once Said That ""Success Consists Of Going From Failure To Failure Without Loss Of Enthusiasm"". 

In my opinion, the former Birtish Prime Minister Winston Churchill was right about his statement, saying that ''success consists of going from failure to failure without loss of enthusiasm. Because in life, before you achieve any of your dreams or goals, you've to pass through some difficulties.

Some people may disagree with Winston Churchill saying because they've not experince any hardship, or any failure in life before.

The reason is because they were born with silver or gold spoone in their mouth. They don't even know how hard ship is or looks like. Those people have no idea how it feels to be a failure, or a loser, or to even loss enthusiasm in life.

Even though, some of them are rich today, but they when through a lot of difficulties, disappointments, and they even lost hope in themselves to the point that they couldn't believe that they will make it in life because of the stuggle or hard ship they when through.

In addition, failure plays an important roles in our pursuit of success. The reason I'm saying this is because if you don't have any experince of failure or without the loss of enthusiasm, you won't know the important of that wealth you have or your parents has.

For example, my mother once told me her story that when she was in Africa in my country Liberia, she when through a lot of difficulties, disappointments, and hard ship during the civil war and after the civil war. According to my mother, she said things was really hard on her, and she said that she had no one to helped her to the point that she used to asked people in the community for food to eat just so she and my oldest sister can be able to salveged from hunger.

In summary, the Birtish Prime Minister Winston Churchill was right about his statament that says ""success consists of going from failure to failure without loss of enthusiasm''.             ",296,12,Female,Not economically disadvantaged,Black/African American,train,3,3,3,3,3,3,3,3,3,3,3,3,3,3,3,3,3,3,4,3,3.5
3418CB8125B3,Success and failure,"I think i agree because some people were seeking success and some other people were doing the same but they were doing their best to reach what they asked for. People didnt want to to loose what they needed because they have to keep doing what they are doing to reach that goal that they always think of. Assuming like you want to be something that you like to be you have keep trying until you get to it because is like you want to have it to your own self. People dont like to fail because they dont want to fail, they work hard to achieve the goal. Winston Churchill was telling people that when you fail to do something people will get it and stand up for it. Even though people already achieve their goal, they to keep going at it. Winston Churchill was maybe tell the people about how important to take a role that are engage to success. People felt inspired about his quote because makes think that people were strong about the the feeling that they have to succeed into it. People believed that if they succeed through it they would achieve it. I conclude that if people want to succeed into what they are in, or already done, they still need keep trying and push themselves to achieve that goal.",200,12,Male,Not economically disadvantaged,Black/African American,train,2,2,2,2,2,2,3,3,3,3,3,3,2,2,2,2,2,2,3,2,2.5
3567E4ED2023,Success and failure,"One quote that is debated today is minister Winston Churchill success consists of going from failure to failure without loss of enthusiasm. I think that failure is one important thing to learn how to be. They feel has to do fast all the thing. I believe if you have goals you can be better very time. other reason is if you respect each another because that is everything you need.

Same people think if you do everything fast that going to be right but, you has to take slow. When you think failure is the right way because you learn new thing and going to help and everything you trying to do in your life. Another thing important from failure to failure is listing other person who try to help.

My option is if you trying to do many thing that same time is not going to work because you has many thing but, if take a moment is work. As you have read the best way from failure to failure is never give up because if you try many time that going to be much better because every person has mistake to be good in that way you lean you dont know how good you are in something you never has be try.",202,12,Male,Economically disadvantaged,Hispanic/Latino,train,2,2,2,2,2,2,2,2,2,3,2,2.5,3,3,3,2,2,2,3,2,2.5
3651697D855B,Success and failure,"FAILURE PLAYS IN THE PURSUIT OF SUCCESS.

I agree with the statement by the British Prime Minister Winston Churchill, who said that "" success consist of going from failure to failure without loss of enthusiasm"". The word ""failure"" is been pictured as been a disapointment to family, friends or to oneself. Mostimes,everybody wants to succed in anything they do, but faces some challenges at the process to acheive that expected goal. This challenges are not necessarily proposed to affect you in a bad way, but sets a room for improvement and perfection.

Failure brings a feeling of confidence to a person, working on a project for a long time and fixing mistakes you came across. Makes an individual confident,understanding everything that concern that work and feeling more relaxed doing it without so much anxiety. Mr Rubio, was told to come up with an Architectural plan for a building close to a water fall. Rubio knew this project was close to impossible for him to complete this task, but he accepted it and started making the building plan. After he taught he came up with a suitable plan for the building, it got rejected by the state building commitee, because they asked him why certain things were placed this way and he couldn't answer effectively . He had to go back and identify he's faults in the building plan, and come up with a bettter one. Rubio had sleepless nights, communicating with various Architects and Civil enginers to get some idea on he's work. When Rubio was convinced he was ready to take the project to the board meeting he felt confident in himself and knew he could explain evrything corncernig he's building plan to the comitee. When he turned in the drawing, and was asked some certain questions he quickly answerd them with absolute confidence and got approved.

Secondly, the more you face challenges life throws at you makes you stronger. If everything in the world moved in a positive way we won't invent things inorder to satisfy our human needs. Isaac Newton and other scientst encounterd a problem and decided to solve this problems by making inventions. So work could be done faster, reduce Man power and done more effectively. Before isaac Newton got the light bulb to work , he failed ninety nine times of he's experiment. This failures didn't stop him from acheiving he's goal, he kept on striving hard making research and later came up with a long lasting light bulb. Which helps us see clearly in a dark place.

Although it takes time, to achieve this goals after failing. Most people would get frustrateed and quit, there is an old saying ""nothing good comes easy"". To achieve whatever you desire in life, you have to be ready to encounter difficulties and failure, but approching this problems knowing that you are going to get better it just takes time and patience. After acheiving this goals what would be seen is your acomplishments rather than your failures.                                                      ",528,12,Male,Not economically disadvantaged,Black/African American,train,3,4,3.5,3,4,3.5,3,3,3,4,4,4,3,4,3.5,3,3,3,3,4,3.5
38452CB371C9,Success and failure,"Generic_Name

Generic_Name

3rd period

11/08/2018

Former British prime minister Winston Churchill once said ''success consists of going from failure to failure without loss of enthusiasm. you learn from your mistakes every time you fail in your live. you keep trying hard till you achieve what you want and studied hard for in life. failure leads to success and it is important for everyone to fail in life, failure plays an important role in our daily lives. failing does not always mean it is the end of the world you have chances in life to keep trying hard . everyone has always an experience of failure in life nobody every succeeded without failing in their lives.

First when you fail sometimes you get disappointed and say am never going to succeed in life but when you see the mistake you did the first time you try hard until you pass it. for example last year i failed my world history exam i was so disappointed that i did not want to retake again but our teacher gave me the paper back to see what i did wrong i saw that i did not read the question.

from that day on i began reading my questions and i got the highest grade in class. i learned i should always read my questions before answering because if i do not read i will fail again and i did not want to retake the test again, when i read the question and i finally began to understand the question. i learned that i should always read my questions even if am in a hurry to go and it does not matter the situation reading a question is important. i learned that guessing is not good sometimes it results in failing, i should study the night before a test.

Second a person should always learn how to study hard on everything you are given even if it is hard just try your best. last year when i gave my mum my world history final exam results she told me that i should try hard and she knows i can pass the test i told her that i will but am scared to take it again. my mum made sure that i studies every day and one day when i stayed after school for extra help. i also achieved passing this world history by trying my best to understand what the question is asking . paying attention in class also made me pass not only the final exam but also the class.

when i passed this exam i was so excited because i studied hard to get at least a eighty nine on the final exam and i was also passing the class and i was understanding my work i was also on top of my assignments.

Third failing something you took for the first time is not a bad thing it tell you that you need to keep working hard. for example one day i came back home crying and my mum asked what was wrong and i told her am still failing the world history exam. she told me that failing does not make me dumb it simply tells me that i need to correct my mistakes. she also told me that as a kid she also was failing her classes but she tried hard and hard and she now is very successful at wok. i also asked her how can i be successful? she told me that keep trying your best even if it is not your best accomplishment. she also told me that she would always be proud of me because she sees me working hard and trying to do my best. when i finally studied a lot and re-took the same test and passed it i was very proud of myself and said failure always leads to success.

however, some people may say that failure does not play a big role in your life because there are other ways to suceed. you will always suceed anything in life withour failing, you do not need to work hard for what you want and you can always achieve everything as long as you do it. but they are wrong because failure is always the number one thing that leads people to sucess. failing leads you to try hard in life you learn from your mistakes. when you fail it does not mean it is the end of the world. you keep trying hard till you achieve what you want and studied hard for in life. failure leads to success and it is important for everyone to fail in life, failure plays an important role in our daily lives.",736,12,Female,Economically disadvantaged,Black/African American,train,2,4,3,3,3,3,3,3,3,3,3,3,2,4,2.5,3,3,3,2,3,2.5
38FA6185D43F,Success and failure,"Former British Prime Minister Winston Churchill once said that ""success consists of going from failure to failure without loss of enthusiasm"" and I agree with what former said because to succeed in something you have to accomplish many steps to get there. Feeling motivated helps you succeed and accomplish your goal. Its better to keep failing at something over and over again because you can see what you need improvements on but eventually you're going to succeed.

For an example, my sophomore year I was taking geometry and I didnt do very well during the school year but there was a point where I just didn't even care anymore. I failed all four quarters for that class during the year and I don't blame anyone but myself because I know I was capable of passing and succeeding the class. The reason why I didn't pass the class was because I didn't feel motivated and I just gave up too quickly just by a few fails I made. I kept failing constantly so I didnt even try anymore but If i would've followed from what Former said, I know I would've succeeded during the year.

However, I took the class again that same year during summer school and I knew I had to pass and give it my all. From all the fails and mistakes I made, I learned from them. I kept practicing and I kept motivating myself, there wasn't a moment when I doubted myself. By the end of summer school I passed the class and all I had to pass was my SOL and I know I had to work hard to pass the SOL so I kept studying. The same day I took the test, I was going to receive my score and I took my time on it but eventually, my teacher told me I passed and I ended up getting the highest score from the class. I was proud of myself even though I failed many time I eventually succeeded.

Former British Prime Minister Winston Churchill once said that ""success consists of going from failure to failure without loss of enthusiasm"" and from my experience thats why I agree with what Former said. The most important thing you can't do it do is give up because If i would've gave up I would've never succeeded. Its worth it to fail over and over again but without loss of enthusiasm and eventually succeeding.",380,12,Female,Economically disadvantaged,Hispanic/Latino,train,4,3,3.5,4,3,3.5,4,3,3.5,4,3,3.5,4,3,3.5,3,4,3.5,4,4,4
39929B24673E,Success and failure,"The success is something that everyone gets one day. Some persons don't success, because they maybe don't have the opportunities to success. Others persons don't success because they don't want to success, they don't want to be a impotant person, with a perfect job, or house. Success sometimes have something bad; to get success, in jobs, or in life, people go throw a lot of bad things. I agree with Churchill's statement, it's a true statement, and so important too.

First, people have to have enthusiasm, if people lose enthusiasm they breakdown, they deteriorate. Failure make some people more weak, and others so hard in thinking in perfect things for there life. Failure is something that every person have, or they go throw failure before. People can failure in jobs, people get fire from there jobs they failure.

Second, failure plays a amazing role in the pursuit of be better; However, when people failure to much, the perfects things come after. In peolpe life something chance when they go throw to much failure. They think different way, they see the thinks differents. When people failure, they start thinking in different way, because they go from failure to failure. People maybe think that they are not going to be a respect, or a important person, that's why they think like that.

However, some people failure a lot of time, but they don't care they try again, and if they failure they try again, they don't stop trying they don't loss enthusiasm.

Example: A person go to a school, to find a job like a teacher, he want to be a english teacher, they went to the main office to talk with the principal. She said, "" We don't need a english teacher in this school, we already have one, and he is so amazing in his job."" The teacher went to the other school to find job. He went in, and talk with the principal, she was so nice, and she accepted him in the school as a english teacher. He was so nervous, and so happy to hear what the principal said. He did not loss enthusiasm, the first school he went they tell him that they already have a english teacher, and they don't need another one. The second school accepted him, and now he is a english teacher, because he didn't loss enthusiasm. He failure in the first school, but he success in the other one he went.

Last, Some persons are amazing to failure, but others are angry, or sad to failure, there is different types of persons. Some they like to failure, some they don't like to failure. All the persons failure in one time in their life, but they maybe success when they failure. Some success and they don't failure anytime. Enthusiasm is something important that any person have not to loss it.

Success is something in your life, but people go throw a lot to get success, they failure and failure, and than get success. Some people don't success, because they don't want or they can't. Once people success, others are going to success too. A person success everyone success. People have to not loss enthusiasm to success. Some people success and don't have failure? Some persons success with not having failure, but later in life failure comes. ",521,11,Male,Economically disadvantaged,Hispanic/Latino,train,3,3,3,3,3,3,3,3,3,3,3,3,2,2,2,2,3,2.5,3,3,3
39E0A362CF29,Success and failure,"The Generation of today they all want success instead of failure,for success to occur we have to fight for it,success does not come by itself every single human have to built,A success live without losing the enthusiasm,but the problem of today, is that people usually likes to give up things. Although, some say that success does not consist of going from failure to failure actually, it does consist of going from failure to failure,one reason is,because we are getting stronger. At some point we fail in something,for my own perspective it is like a new opportunity for us,so we can learn from our mistake. In general all the people at some point can commit an error,but the problem here is not the mistake committed, the problem is that people start losing the willing to learn,and willing to be better. there is not even one perfect human, who does not fail in anything. Another reason is because you can meet your level. It is really important for us to know our capacity. I am sure that our brain is not limited we put limit in our lives we all have the ability to get things done, it doesn't matter the situation or the problem. There always have been solutions for every single situation,for all the people who does not give up.

Those who believe, that success does not consist of going from failure to failure without loss of enthusiasm have their reasons. They believe that failure does not give a good outcome to be re joy of;They seem failure like a pain hurting people making them feel really bad, and it makes them not to keep trying. They also think that failure make them doubt themselves,and that is not true my argument is not to give up so easily. They have to try until they get it done,and clearly,but nevertheless they regret it.

In my point of view, I believe that when failure occur we get stronger. An example of this would be my friend Generic_Name: 20 years old, a white man,black eyes, and black hair. He wanted to go to college, to study electricity, but his finance was slow,so decided to learn it without going to college. I knew right away that he will be challenged to make his way thought,so he start practicing looking tutorials, how to fix things, how to change a lamp, all that kind of stuff,but my surprise was when the time pass he apply for a electricity company. I said to him

! are you serious ! don't tell me that you already know electricity. He got a moment of silence... and respond yes, i make my own way he start explaining me all the difficulties part that he was on. He said that at some point he wanted to just forget that,but something inside of him wanted to keep trying. Of course the people were saying no you cant do it in a funny way,but he did not listened to the people. Moreover he wanted to keep going. He knew that it was something hard to become an electrician,but not impossible. Today Generic_Name is a really good electrician. He did not only learned electricity. He also learned how to paint houses. This is a proof that we cannot give things up only because it seem hard. It is not based on your finance. Some people have a low economy,but still there is not wall that can stop the willing to do something. It only required a personal character and volunteer. What might happened if Generic_Name loss the enthusiasm he probably will be putting less importance on him.

I also think that when failure occur frequently, we will know and meet our level our own capacity, like what are we made of. A prove of this can be my sister in law. She was on high school senior year. She had some problem in her algebra 2 class at the beginning she did not understood anything. She was in every single class,but the problem was that her grades in algebra were critical,so she talked with her boyfriend Generic_Name which is my brother. She was saying that she did not wanted to go to her algebra 2 class. Not anymore,because it was too hard she feel less intelligent and she wanted not to keep trying. My brother respond, I think that you are just starting in the way that you have not try like I would like you to try, if you doubt yourself that is a problem,because I can see a really smart person right in front of me. Believe in yourself and try again after that, she decided to give everything or nothing, so she was studying really hard, asking a lot of questions to the teacher, with that hunger to learn, and be the best in her Algebra class. Even though her classmates were ironic. Her eyes were not on them. In addition she learned a lot at the beginning she was below of her classmates, more often she was the Hornet in her class with a reward for trying super hard, and get things done on time. Image what might occurred if my sister in law give up, so easily of course she will fail the class in all quarters and have that tone of loser on her.

In conclusion, when failure comes don't let it the opportunity to take over you,because you will be thinking of yourself bad things. If you are having hard times and you can't see things clear, just ask these question to yourself Do i am doing enough for it or i am just starting?. every single of us have a big ability there no exceptions. there is people who really know what they want,and fight for it and there is people who easily give things up. We should be those kind of people who does not look for their goals and dream who are sitting down expecting how other people naturally reach to their dreams.",875,12,Male,Economically disadvantaged,Hispanic/Latino,train,3,3,3,3,4,3.5,3,3,3,3,3,3,3,3,3,3,2,2.5,3,3,3
3A38B9DD6723,Success and failure,"In every success of a person there is always a humble story of how did they start from the beginning of their journey. At some point, being successful does not mean you have gone through a lot of struggles, but it was destined for you to be successful. In every story there are different types of story because it is based on where you came from, what education you have finished, and your status in life.

However, I agree with Churchill's statement because success comes after failure. Failure is really an important role for every success. If I fail, I did not hesitate to stand back for myself to pursue success. The greatest blessing in my life is being successful after I have gone through failures. For instances, Graduating high school, I won't be graduating if I did not fail and try harder to reach my goal. At some point of my life, failure is within me because I am not making any move to pursue my planned success. Planning ahead of my success is not bad actually it prepares me to become a successful individual, if I will fail at this time maybe planning my success is not a good idea because it was planned and I know what kind of success is waiting for me. I'd rather be a failure with clean conscience than a successful cheater.

I conclude that in every success of a person is within you. You hold your own fate. If success is really for you be thankful of what kind of success you are receiving at that moment of your life. Be humble, keep your feet on the ground. I will end this by saying if you fail once, stand up twice.",272,9,Female,Economically disadvantaged,Asian/Pacific Islander,train,3,3,3,3,3,3,3,4,3.5,4,3,3.5,4,3,3.5,3,3,3,3,4,3.5
3AD5BFDC11E4,Success and failure,"People who want to success in life have to failure more than once without loss of enthusiasm. Enthusiasm is important because is what keeps you doing what you want to accomplish. I strongly agree with the statement of Minister Winston Churchill.

I personally think that in life there is always up and downs. For example, when i got bad grades i always think on what am i not doing right so i can fixed it. However, to success in life you have to failure more than once but you have to know that there is going to be obstacles that are going to bring you down but you don't have to let them stop you because you have to think on what you want to accomplish or in what you want to success. If a person losses interest in something they want to, then they're not going to keeps going. In conclusion, you have to fall so you can get up and keep going to the goal.

Loss of enthusiasm can not give you success in life. For example, when you have a goal and there is many obstacles is because your close to get to rich it. However, you can keep doing what you love so you can accomplish the goal that you wanted. Although, there will always be somethimg that try to stop you but you don't have to let stop you. In conclusion, if you don't loss enthusiasm you can do whatever you want.

To success in life you have to think positive and act positive in front of anything that want to stop you. Although, you have to show then what you are capable of and what can you became if you don't loss enthusiasm. However, you have to failure so you can have a lesson and you can learn from that lesson. In conclusion, to success you have to failure more than once so you can accomplish the goal.                                                                                                                           ",368,12,Female,Economically disadvantaged,Hispanic/Latino,train,3,3,3,4,3,3.5,3,3,3,3,3,3,4,3,3.5,3,3,3,2,4,3.5
3DFE1FE3FCE8,Success and failure,"Success is the most important thing in this world. British Prime Minister Winston Churchill said ""success consists of going from failure to failure without loss of enthusiasm. I agree with him Because failure played a important role to be a success. Success is when people do hard work to get what they want to get from their lives. Most people want their success in school and to a dream job.

Graduating from school is the big achievement because for some people its hard to pass sol's or exam. They study hard to pass that class so they can graduate from school. Like if someone came from another country and that person does not know how to speak English. That person might fail all of the classes like English, history, and science. That person will try their best but they might not get on the first time and they will keep try until they get what they want. If some student fail there test from that failure that student know how they can fix in the next test or how they can be better then the last test. They can be more prepared.

A lot people find a job which they like to do but some people does not get their dream jobs. And some people never give up. One person who want to be a dancer but his dad does not support him. He never give up to convince his father but still his father does not listen to him. He leave his house to be dancer but after leaving the house he has nothing, he don't even have money to pay for his school, but still he never give up. He started his know dance workshop where he get money so he can pay for his school. Now he is the one of the best dance choreographer in India Remo Dsoza. When people went for job interview some people get the job on the first time. But some people have to work hard until they got the job too. They work on how they can be better next time so they can get the job.

In conclusion, success is the thing which everyone wants but they are not going to get it give they did not work hard. To became a successful people have to learn from their mistakes. Failure is the key of success because if people are not going to fail they can't be better next time. In this world people who are successful in their lives right now they also have failures in their live too. To become Successful people have to learn from their failure.",430,12,Female,Not economically disadvantaged,Asian/Pacific Islander,train,3,3,3,3,3,3,3,3,3,3,4,3.5,4,3,3.5,2,3,2.5,3,3,3
3EC60741B7BF,Success and failure,"Yes i agree with churchill's statement for the role that failure and because he never loss the enthusiasm of to keep up and that happened with the role that consists of going from failure to failure but never loss the enthusiasm.

The role is something that consists in a good jod but you have to know how you use because if you don't know how you use your role is going to failure or if some people that you have don't know use that thing. But if that happend don't loss the enthusiasm because if you want that you role going up and make more money or others things, don't loss the enthusiasm and you have to study more about role for learn more and for that you role don't going failure because in you role you can do new things, and you can do jobs with others people that have role you can work with they like a group and work for a big company where the can pay you much money and with that you can do another company more big by yourself about role or if you want to you can do a different company that you like it you can do a better jod only you have to learn more about the job that you want to take always if you want to take a good job you have to study first before you take the job like when you study more about role because if you don't study more for different job you job is going to failure like the role always happend in jobs that you don't know use but never loss the enthusiasm if you like the role, or others things.

The enthusiasm is something like when do you like something like a better jobs, role, or others things that you like to do that's enthusiasm or when you like to do a good mechanic or a good doctor and you say i going to do this because i like it is my dream do a good doctor or a good mechanic or others things but that's the enthusiasm do something that you like to do and never loss the enthusiasm because if you loss the enthusiasm you never going to do anithing that you want or that you like don't loss the enthusiasm never do like Churchill's he never loss the enthusiasm because he want to keep up with the role and he like the role he study more and he learn more about role. This is my ideas and examples about this question about the role that you have to know how use the role and if you don't know use you role is going to failure to failure without loss of enthusiasm.     ",438,12,Male,Economically disadvantaged,Hispanic/Latino,train,3,3,3,2,2,2,2,2,2,3,3,3,2,2,2,3,3,3,3,3,3
40DD3FF566D8,Success and failure,"How many times you try to give up, how many times you wake up, there is a lot of difficult things in the life. While many are discouraging by going into failure to failure but never give up, stay happy keep working hard and you'll find success. I'm firmly agree to Churchill words, no matter what, you have to keep the enthusiasm and keep working hard to get success. There is a lot of difficult parts in the life for example I was a clearly example of this because I went to failure to get success. When I was in 10 grade I take for the first time the Geometry Test, I was so nervous because I was going to take one of most difficult exams that I have never take it and yes I fail and then I take it 3 more times and I fail again. After 3 times of failure I take some minutes to think about it. And I say what is the best thing that I can do, Well the best way is preparing my self to take the test again. Finally after 4 times I pass it, and this situation give a big lesson never,

never loss the enthusiasm never give up, failure make me learn new things that will help me to improve and be success. One of my reason for this should be that

I have to had the Geometry test to be available to graduate that was the reason that motivate my self to pass the test.

Another difficult part of my life was when I move to this country, it was very painful because I leave all my family in my old country and all my friends that I know from my infancy, but that is not the very difficult part. when I move to this country I never though that the language would be a problem but i was wrong. It's very hard when see someone talking to you but you can't understand, it's feels pretty bad. Then I start to study English to improve my pronunciation and understand better, but like I say before I never give up I keep working and I will find success. My reason for this is that I want to a better future and I know that if I speak two languages I will have a better future.

My conclusion to all this would be that no matter what you have to keep the enthusiasm even if you fail many times keep working hard and you'll find success.",406,12,Male,Economically disadvantaged,Hispanic/Latino,train,3,3,3,4,3,3.5,4,3,3.5,3,4,3.5,3,3,3,3,3,3,3,4,3.5
4228BAB7F096,Success and failure,Former British prime minister Winston Churchill. Success consists of going from failure to failure without agree to stop failure in life. He said a failure can not success in life people agree with Churchill. Failure loss all doing like bad ideas. Like doing some isn't right. Success to not failure in life need to do is to star to success in life. Is one that have failed to success in life because Churchill said it. I failed one time but i study all of time and success in of pass the a test in a class. The who failed in a class have time to retake something to pass. Churchill say that because he sailed something in his year of time. The thing to success in something is went we want to pass a classes or something in life. To be someone in the fucher need success in self and not stop to be someone in the fucher. they are all of people how is failing in the word. They are all of people is success in many place in the word. Many people need help to pass a class to success in life and a family. And help his/her mother and father to help then. state of inability to perform a normal function adequately help.,208,11,Male,Economically disadvantaged,Hispanic/Latino,train,2,2,2,3,2,2.5,2,2,2,3,3,3,2,3,2.5,2,2,2,3,2,2.5
4351657CEC2F,Success and failure,"Do I agree with churchill""s statement about the important role that failure plays in the pursuit of success? In my opinion I do agree with his statement because everyone fails at something in life. There's so many people that fail in the world and I definetly agree with churchill's statement because i think it really says a lot about life in general its not easy.

One reason is because I believe that everyone goes through some type of failure in life and I feel like that's the only way you learn from anything. I also think that people that fail are people that succeed at what they failed at. That's the only way you learn from anything for example people can fail at taking a test or playing a sport. Not everything people do the first means there gonna succeed which isn't always the case. I feel like when people fail that's when they can take the time and realize why they failed they learn from that mistake and the next time a oppurtunity comes for them to try again they can try there best and succeed. Trying your hardest is the best way to deal with a lot of things that's the only way to succeed in your best way.

Another reason I agree with this statement is because life isnt easy there are a lot of challenges your gonna come upon and all you have to do is try and if you fail the first time then there's always gonna be another oppurtunity around the corner. What I think churchill is trying to get at people is never give up and he's trying to say that it's okay if you fail the first time you try something there's always gonna be another chance to prove yourself and you can succeed at that goal or test you have in school or something like that. Iv'e failed many times in my life and on the second try i succeeded so churchill has a point when he says that it's okay to fail in life because thta failure prepares you to be better than you were the last time.

That is why I agree with this statement because i believe tha everyone deserves a second chance to prove themselves and what they are campable of. Churchill's statement should really speak to people and people should take it into consideration because there's always a time in life when you are going to fail and you are going to get a second chance at it again. I do completly agree with this statement because it makes you look at life and everything differently and in a better way that is why i agree with Winston Churchill.   ",522,12,Female,Not economically disadvantaged,Hispanic/Latino,train,4,4,4,4,4,4,4,4,4,4,4,4,4,4,4,4,3,3.5,3,3,3
447221C3FA00,Success and failure,""" Success consists of going from failure to failure without loss of enthusiasm""

Former British Prime Minister Winston Churchill once said that ""success consists of going from failure to failure without loss of enthusiasm"". The thing is that if we going to do something good we have to failure anyways because for example, we are excited and we are going with enthusiasm to get a great results, but you never fail in the life and your enthusiasm is up. Success is failure one, two, trhee time. You are a human without loss enthusiasm is hard because some people have not enthusiasm to do the right things don't have power and are weak when herad something bad. I'm agree with him because to be a successfuly in the future your going to failre a lot of time. I have a friend that told me to get success in the life have to to fail and don't loss enthusiasm.

For me fail in my life is not something really bad, but just a little bit, you can keep getting good without problem. This is a important role because all people can think what they have to do about failure and how they can be preparate when their enthusiasm is up and later is down. Failure for me is not a mistake because by those mistake you learn and you can be better person. Some reason to be agree with him is that is true, you have to fail first and happens what the happens. Some people are not agree with this statement because they think that if you fail you going to be bad and your enthusiasm going down. Support ideas is not easy because this world have different kind of people with different kind of mind. Good examples to be success is do the best thing and if you fail don't say nothing to nobody, just do it and that sit. Some teenegers have the same problems everyday because when they are fail they think that something happen going to happen to them but they are their success to consist of going from failure.

In my conclusion I'm going to say that if you want to success in your life is necessary to fail because you learn from experience, you going to do everything right. For me in my future I'm not going to say nothing about failin g because I'm going to be calmly because I knew that with experience could be preparate for my problems. We have to be positive each day because you going to remember all the failure that you had in your past. I think fail is not bad for my life because it going to be a great experience.              ",419,12,Female,Economically disadvantaged,Hispanic/Latino,train,2,3,2.5,1,3,3,2,3,2.5,3,3,3,2,3,2.5,2,2,2,2,3,2.5
44D395C2AD83,Success and failure,"The success can consists from failure to failure. Sometimes life is hard but never loss your enthusiasm. Not everything in life is going to be great as you planned. From your mistakes you learn something new or how can you succes in something that you fail. You always need to think positive doesn't matter if you fail and fail again but you going to have success in your life just believe that you can do it.

First, Many times in your life you will feel like you cannot do it anymore but never give up you have to keep goin until you reach your goal. Life can be hard and you can fail many times but never loss your faith. Your enthusiasm and your faith fot what you want to reach is going to be your better weapons in your success. Never loss your enthusiasm because, you can reach your success but nothing in life is always easy.

Second, Mistakes or failure are good in life because, thats is what teach you what you are doing wrong or what can you do for reach your success. I know many people that had been in many mistakes or failures, but they never give up and they had been patience to be successful in life. Sometimes people think if they fail one time, they cannot do it better next time or improve. Your failure, is not always bad as you think it is.

Third, People sometimes fail and they are close from reach their goals or they success, but they think that everything is done. If you believe in your self that you can do it and you have faith everything will be possible in your life. People think that an obstacle in your life will be an excuse to not keep going and reach your success. Sometimes you have to pass for many obstacles in your life because like I said life is not easy and every success need sacrifice.

Finally, In life to have success you have to work hard and sacrifice in order to reach your success. Failure is a big obstacle in your life because, it can make you to give up and not try or continue reaching your goal or success. Faith, bellieve in your self, pray for what you want and work hard these are some facst that can keep pushing you for your success. If you think you cannot do something that you never have done and you are scare to fail just try, doesn't matter if you do it wrong, but you are going to learn what you cannot do next time. Failure help you to pursuit your success and it's something that all humans we have to do because we are not perfects.  ",447,12,Male,Economically disadvantaged,Hispanic/Latino,train,3,3,3.5,3,3,4,3,3,3.5,3,3,3,4,3,3.5,3,3,3,4,3,3.5
46977B27324C,Success and failure,"We all may have failure in life. In fact, we live in a world where everyone decides whether to be success or not to be success. In these days people are giving up on things that they might can do it, but they do not believe in themselves, going from failure to failure it does not mean to give up without trying. To be success, you must have to think positive and try it as many times as possible or as needed.

The pursuit of success is a key to be someone in life. However, each individual has their own thoughts or opinions. Unfortunately people loss their enthusiasm that takes them to never be successful. For example, many people play sports; they do not always win. They have failures. Sometimes they win, sometime they loose. Having those failures makes them to keep practicing, learn from the mistakes they made and try to fix them. It is a important role that later on in other games will help them to win. Deciding to give up will help them to be successful in many things in the future.

I had have many failures in my life. One of them is when I started to play the piano. I was twelve years old when I started. There was a time when I felt to give up because it was hard to play it, but I never loss my enthusiasm, I kept practicing untill I learned it. Having this failure make me think that if I never try, then I will never be able to success in life and neither to accomplish things in my own. Another thing, people had told me that I would not be a successful person because I have a son, who is only five months, my answer has been that I know it will be difficult to success, but not matters I will never give up untill I have achive my goals. Believing in myself is a thing that have help me to success.

In conclusion, success is a word that everyone should think with positive. Having a positive attitude will also help to be success. We all should take advantage of those thing that are worth it, instead of being success in things that might not be value in life. Having success in life will matter in your future life. Although is true that many people believe that success is not that important as others things might be.",388,12,Female,Economically disadvantaged,Hispanic/Latino,train,4,4,4,4,3,3.5,4,4,4,4,4,4,4,4,4,4,3,3.5,4,4,4
4A38761A2CBB,Success and failure,"I agree on Prime Minister Churchilll quote that ""success consist of failure,being successful"" can be a different of what people might think and solving their problem to overcome any challenges that blocking their ways to being to improve and motivate them selves as a person.

Success is not just a dream is a dedication to be engage in everyday activity also success also a role for humans to think whats ahead and not lookig back to seek old habits.

Failure doesn't mean just to give up dreams and ideas but it gives the choice of pushing it to the limits and overcome any challenges,failure can also help to motivate any hopesand being prepared for any challenge thats around. its like how to motivate others to support and encourage them to help what their need is.

Despite having failure its not a end of the world situation but a test for confidence,skills and improvement or being a leader of some sort of ideas and real life. its like My self taking a test i was more likely to be more nervous but i was really confident that i would pass my class than thinking of failing it. some people want to be successful to persue the happiness and they dont the others to help get on track as their skills improves and its crucial for them to think futher down the road whats their future going to be and some people doesn't want to loose enthusiam its like loosing a video game and gave up easily and just throw the console to the trash and never play again for the rest.

but some people want challenges becase they can think hard and improve and know their weakness as they progress every level and they dont want to get beaten they want to stay on the top.

I agree on Prime Minister Churchilll success consist of failure,being successful"" can be a different of what people might think and solving their problem to overcome any challenges. and improve and motivate them selves as a person. Success is not just a dream is a dedication to be engage in everyday activity also success also a role for humans to think whats ahead and not lookig back to seek old habits. ",340,11,Male,Not economically disadvantaged,Asian/Pacific Islander,train,3,4,3.5,3,3,3,3,3,3,4,4,4,4,3,3.5,3,2,2.5,3,3,3
4A87CFC37238,Success and failure,"I believe that success comes from repeatedly failing but never losing interest on the task you're trying to accomplish. Trying to be successful in a certain task isn't something that can be done over night it requires extreme passion and patience, Certain scientist have been successful over time by failing but always getting back up on their feet and trying again hopefully to do things better. Scientist are driven by their enthusiasm over the life of science and what interesting things you could discover from studying it, their consistency of repeatedly failing and getting back up brought them a long way from nothing which eventually turned into something big for the society over time.

For example Christiano Ronaldo the world famous soccer player, Christiano worked very hard to become who he is now which is a world class famous soccer player. Becoming a pro soccer player isn't something that can be done over a couple weeks you have to work your way from the bottom you have to be extremely good to get into a club with years worth of practicing also comes with a lot of failure by not being able to do certain tricks, certain passes, or shots it's very difficult to perfect all those tricks or certain shots but that didn't stop Ronaldo from being the best. Soccer took multiple months of training and lots of failing and loosing matches for Ronaldo to get recognized after struggling and loosing Ronaldo eventually carried his team to multiple wins with tremendous skills, therefore soccer clubs came out to watch his games and soon he was offered a spot to play pro soccer, He worked his way up to becoming the best soccer player anyone has seen.

Most people in the world think failing is a bad thing and eventually give up after time, because of the lack of passion they have towards their task so tend to give up and move on with another task. The majority of our society are becoming more and more lazy over time which leads them push away all their work away for another time, therefore it's less of a chance for them to do bigger and better things in life like everyone wants. Some rappers, multi millionaires, and professional sports players became high school drop outs who worked at fast food places to get money to get through their day but they never gave up on what they loved the most regardless on how broke they were or how many problems they had they going on in their lives they never gave up on the thing they loved the most, they thought that one day they were gonna make it to the top and have a better life than they were living they never let go of that passion no matter how hard they had failed they always got back up and tried even harder than the last time.

Eventually, all that sweat and hard work they had put into what they were passionate about they got recognized more everyday which made them want to do much more in life, be better person from what they were yesterday. Anyone can be successful if they really put effort into what their passionate about no matter how many times you tend to fail as long as you're enthusiastic enough about your task to keep moving on and doing better.",540,12,Male,Not economically disadvantaged,Hispanic/Latino,train,3,4,3.5,3,3,3,3,3,3,3,4,3.5,3,4,3.5,3,4,3.5,2,4,4
4ABC0ED00F91,Success and failure,"Do you believe that in order to success is going though failure contently? People think that going though failure can help you be successful though out time. Some example could be emotions, not giving up, and a quote ""Third time is the charm."" These are some of the things that people do in order to succeed though failure.

First, when people can not got something right the first time they can get emotional such as upset, mad, and frustrated and many more. An example of this could be when you are working on a math problem and you did not get the right answer the first time people can get upset. That is why emotions can be a part of failing to get successful.

Moreover, when people can not get something done they tend to just give up and do nothing. People should never give up because not everyone gets it the fist time. One example can be when you are trying to find information about an animal and you can not find anything on it so you just give up and not do the research information and now you are going to get a zero for it which is not good. This is why you should never give up even if it is hard for you

Although, most people have heard this saying ""third times the charm."" This saying has a meaning to it because it is telling you that you have to keep on trying in order to get it right. Sometimes when you keep on trying it can turn out better then the other times that you tried. One example can be when are drawing something and you do not like it you can try again and do it better then the first time. Keep on trying in till you like it or in till you get it right. This is why this saying is very important to understand.

In conclusion, in order to succeed through failure can always be a good thing and it can help you to become better but most importantly to feel good about yourself and the success that you made.",353,11,Female,Not economically disadvantaged,Hispanic/Latino,train,3,4,3.5,3,4,3.5,4,4,4,3,3,3,3,4,3.5,4,4,4,4,3,3.5
4D3C1E2D2E03,Success and failure,"I agree with Churchill's to be success consists of going from failure to failure without loss enthusiasm, it that's matter if you are failure and you are not even losing your enthusiasm but at list you try, that is the most important thing.

First of all,

you will never know everything but the most important things is trying because if you dont try, you will never learn, but sometime its okay to be failure without a enthusiasm that means that you dont care, you are not interesting in anything or another way to see that dont have a enthusiasm is when you waste time for example if i feel like i am just losing every time and i dont even has a enthusiasm, something to be focus, I will enjoy my time to try to better, to be a winner I always will be try to increase.

Secondly, some time people love to be a better person but there will be people who doesnt enjoy the time to increase, I just know one thing for sure sometime people like to stay in the same step because if you want to be a winner, you must try and see what you can do to go up, I will try to have a good future, a better future for my family, to have my own things, living failure make you a weak person everyone can see that you are weak, that you are not smart enough , that you are comfortable for what you have, but you must be a ambition person to have more than what you have.

Thirdly, if you dont want to live failure you must to win the opportunity, I just know that this world is for smartest people, here survive the person who can use there brain carefully, people who are not making bad mistake but we are humans,m humans make mistake but that is okay you must fix it you must to increase yourself to keep something in your heart that can motivate yourself.

Concluion, on my opinion i can said its okay if you want to stay in the same step,but you will never understand the meaning of life if you never try, you shoul try at least one time.",351,12,Male,Economically disadvantaged,Hispanic/Latino,train,2,3,2.5,2,3,2.5,2,2,2,2,3,2.5,3,3,3,2,2,2,3,3,3
4FD5B8B612C6,Success and failure,"Does going from failure to faliure consist of success.? It does , a lot of people in their life have failed to do something in life for example: failed a test ,failed to do a work assignment ,failed to show up to work once or twice, ect. You can fail a test , fail to show up to work but you get an opportunity to fix that mistake but some people just dont care about that opportunity.

Say you were to get a 75% on a math test but you wanted to get a better score you did study, but didn't show up to class , or stay after school to get extra help. So then you ask the teacher if you can re-take the test and the teacher say that you can but you have to show up to class ,and stay after if needed extra help ; because without studying, or showing up to class ,ect. How will you pass the math test or any test if you dont study . It's okay to fail and fail no one is perfect not everyone is going to get it right the first time unless you just have goodluck but still you have to study for a test no matter what.

Let's say you had a band concert tonight , you had a positive mind set because you have been practicing since February you were nervous not because you have a concert but also because you have a solo part but you know you got this because you've been practicing ,studying the notes and staying after with the band. It was time for the show; you guy's finished and did a wounderful job playing the music and did an amzaing job for you'r solo part. Not only did you practice and stay after you kept a positive mind set for yourself.

You just can't give up on yourself because you failed you have to push and push yourself even if you don't have enought positive in you if you want to become a nurse ,actor , jet flyer it doesn't matter what you want to be you have to push yourself and have a positive mind set.

Without a positive mind set your probably not going to end up were you wanted to be in the first place. So if you fail the first or second time just know not to give up just yet and to think positive.",379,11,Female,Economically disadvantaged,Hispanic/Latino,train,3,3,3,3,3,3,3,2,2.5,4,3,3.5,3,3,3,4,3,3.5,3,3,3
519A1A92C8C8,Success and failure,"Success consist of going from failure to failure withouth loss of enthusiasm, and I'm agree with this statement, because can do what it wants if try and try, and everything is doing with effort , and than a failure can be for a better oportunity in the future.

Did you heard that failured means success sometime? well effort is the best way that you can reach what you wish. Can do what it wants if try and try, so let me tell you something about a friend that is close to me, and he was in failre to failure, so one time he came to me and he told me his problems, and than he cry and I tell him, ""don't worry everything will be okay"", and than he said - I'm gonna try again this is the second time that I failure, and I will try again until to have what I want, and I tell him that I always will be there for him, because he is my friend and the friend is to be there for each other when it need, and then two years later he told me that he finally has what he was trying to do in the pass and he was very happy and I was happy too. If my friend didn't try he were unhappy, and maybe he were a miserable person, but he were strong and he did it.

do you know ""what you can do with effort"", means? effort is something that it has to be preasent in your life everything is made it with effort, when I was 14 years old I was in my country, I was in 9th grade, and my friends and I was happy for our graduation, but I was acared because we had a final exam and the exam was about my country history, but is not that simple because I had to know a book of 6 parragraph, and some of the parragraph is like 10 sentences each, and I had to tell to the principal the antire book, so and then I had to learn 50 question about my country that it comes in the book too, so I had to take the test writing about this 50 question, but I already took one and I fail, and I was scared about it, but I tell my self you can do it, you have to pass, and I was studying averyday after school at my home, with my friends, and sometimes my counsins help me how to do it, or they help me to learn; they asking me the questions to know if I knew correctly each question and answer, so the day of the test I was a little scared and nervios, because I feel I will forget everything, and finally it was my turn, and I did it right I was so happy with myself because it was hard, I put all my effort in this test and I did it, and my frinds and I graduate at the same time. If I were lazy and not interest in to pass this exam maybe I had to repeat the school year and I were disappointed with my self.

A failure can be for a better opportunity in the future. Now I come with a anecdote of my uncle Generic_Name that already died he was illiterate, and his job was the security in a night club, and that was his job in his entire life, and one day the boss went with new rules for everyone, and his boss tell him his job

-you have to write the number and the name of the people that come in the nightclub every day, and my uncle tell to his boss

-I would like to do that Sr. but I can not read and write I'm illiterate and I can not do what you are asking for my Sr. his boss tell him

-I'm so sorry Generic_Name but if it is like that you can not work anymore here, and my uncle Generic_Name answer,

-but what I'm going to do I can not do anything else this was my job in my entire life. His boss said,

-I'm sorry Generic_Name. And then my uncle left the place he was upset telling to himself what I'm goin to do I need a job, and he remerber that he fix the chairs of the night club, and he said

-I can do that in the town and earn some money just for my food , and he went to his house and find some nail and tools, but that was not anough, and he had some save money and he went to the city to buy what he needs; the way to get to the city was two days in mule and when he come back to the town the next day his neighborhood went to his house and told to my uncle

-you have a hammer that I can borrow,

and my uncle tell him

-Yes! but I can't borrow you my hammer, because I need it I have to work, and his neighborhood said

-Please I can bring you tomorrow in the morning,

and my uncle puzzling said

-Ok!

At the next day his neighborhood tell to my uncle

-where did you buy this hammer because is really good can I give you the money and you can go buy other one for you,

and my uncle said

-well it's okay I'm going tomorrow in the morning,

the other neighborhood knew that he will go to the city to buy some things and they ask if he can bring things to them, and they will pay extra money, and he tell them

- okay no problem I'm come back in two day then he were thinking about how he will earn money doing travels to the city, and buying things for the other people in the town, so he decide that will be his job and than he did it, and earn enough money that he ask to the store but a truck come to drope the merchandise to his house, and like that he were improve his little store in the town than he remerber one of his friend can make tools and like that they fabricate the tools and they find more people to make it too, and little by little he make a a big hardware it was the first hardware in the town; the day to open for the first time his hardware someone ask him to sing in the book and he said

- I would like to sing, but I can not read and write, and the man said

- WHAT! I can not believe that Sr. if you made this factore been illiterate what would you do if you could read and write, and he asnwer maybe I keep my old job and I still were a security of a night club. if my uncle didn't try to find some job for himself he didn't reach all the he had at that time.

Success consist of going from failure to failure without loss of enthusiasm, so you never have to forget about the enthusiasm because if you do not motivate yourself you never will get what you want, what you wish, your dreams, and the best way to reach all of this goals is with enthusiasm.",1139,12,Female,Economically disadvantaged,Hispanic/Latino,train,3,3,3,3,3,3,2,3,2.5,3,3,3,2,3,2.5,3,3,3,2,3,2.5
524CD617574D,Success and failure,"Do you think success consists of going from failure to failure? Former British Prime Minister Winston Churchill once said that ""success consists of going from failure to failure without loss of enthusiasm."" In my opinion, when you want to reach your goal or your dream you can fail or success but you shouldn't never give up you should keep trying till you reach your goal. So, I do not agree with Churchill's statement about the important role that failure plays in the pursuit of the success. There's no people that hasn't failed in his/her life at least once but there are some that did success, you only have to work really hard or fight for what you want, and you shouldn never loss your enthusiasm, that is something that people should never forget, to have enthusiasm for something.

First, there is not people that has not failed at least once in their whole life. In this world there is a lot of people that had mistaken, failed or disappointed. For example in their goal, getting a job, not getting good grades in school, not succeeding and etc. there is no perfect people that hasn't make any mistake. Failing does not always have to be about your personal life. You could fail your family or friends just by lying them or disappointing them. Maybe there are some people that hasn't failed just few like 1%. I do said this because my cousin, she has never disappointed or failed their parents she has really good grades and have a higher score in school she already graduated with a scholarship. Now she is in Virginia Tech University.

In order to reach your goal or your dream, you have to work really hard to success. If you had failed once or more do not get sad or depressed yourself you are strong enough to handle it. There is always an opportunity or another chance that life will give you. Work hard you should never give up easily, fight for what you want reach your big dream. Life is not easy life is hard no one ever has said that life was easy if you want something you have to work hard for it, I know you get drop down(sad) by failing in something but you can get up. If you can't success in something make another plans there is a lot to do and another opportunities that you can get, do not just get stuck in one thing. Look for other things that you want and maybe you will like it and enjoy it.

People in this world should never lose their enthusiasm. You are enthusiasm for something go for it do not let other people to do that for you or take it. Enthusiasm is something to appreciate and work hard for it. Not everyone is enthusiasm they dont have that; that interest, that strong warmth of feeling, or that inspired of something you would love to do or have. Be proud of yourself if you are enthusiastic for something. People without it has no feeling for something they don't care about their lives or future they only get what they can do for it, they don't give their feeling for it. They accept what they get. For Instance, when I was a kid I use to be really good at my school I was the best student with good grades, but when I moved here to US I had to start again because I didnt know any English so to success with my English I really had to work hard.

In conclusion, I do not agree with Churchill's statement. Success does not have to consists of going from failure to failure. You do fail a lot of times but If you don't give up and work really hard you can success for your goal or your big dream. Just never lose the enthusiasm that you have for something, that keeps you up for it, the warmth feeling you have the inspire and interest for it is strong so don't give up. Always work hard for what you want and you will success. Life isn't easy not even for reach people. ",680,11,Female,Not economically disadvantaged,Hispanic/Latino,train,3,3,3,2,3,2.5,3,3,3,3,3,3,2,2,2,2,2,2,3,3,3
5666CD4AA5CD,Success and failure,"The Success Of Life

The success of life to fall down is important , because with enthusiasm you can do everything, that you would like for your future, still if you fall down. Life in this world is hard to get up, but be strong person with enthusiasm, your life can be easy and not complicated. To fall down in life, you can have many negatives things in life. Life can be more hard as you think it is. Enthusiasm have many positive opportunities in life. This positive opportunities can make your life more easily, because growing with enthusiasm, your future can have more patient,less stress, and more happiness in your life. To failure without lossing enthusiasm can have the sucess of your future. Bringing success into your life, you can learn lessons, that would help you to find opportunities, for you to walk forward. In this statement I agree with mr, Winston Churchill, because this is a every important role statement, that can help people to bring the positive way for making easy life for people in this world.

To fall down in life, you can have many negatives things in life. Life can be more hard as you think. To have better opportunitites, you have to bring that energy to be strong person without giving up. If you want to have dreams, with no enthusiasm it would be hard you to get it. An example"" i want to have the goal, to have this big dream, going to collage."" If you want this dream with negatives thoughts, things without studying, and be lazy to have a job, to safe money for your collage, you can't do anything. Another example "" i want to have a car, a house, a dog, and having a trip everywhere in the world."" You can have a job, but if you are lazy to work, you can get fired, not getting that much money , that you need for all your things you want to have. To have negatives thoughts, you can't have all your things, that you would like to have for a better future into to your life.

To have enthusiasm can bring more easy and posititve thoughts, to accomplish your goals. Because with enthusiasm you can have less stress, you can have more energy, and be patient with everything. To have less stress, with positive thoughts you can make easily things, still If you think that it is hard for you. An example "" i want to pass my sol's in school."" If you want to pass the hardest test in school, to graduated you can study, paying attention to your teacher, do your homework that day is due and having your things on time. You can pass your classes and your sol's, without thinking that much stress in your mind. Another example "" i fell my exam of math class."" You can fell your exam, but you can't give up, because you can have another solution. Teachers give sometimes, opportunities to their students staying after school or come more prepare next time larning a little bit more, because it can be more easily to pass it.

To failure without lossing enthusiasm you can have the success of your future. To have the success into your possitive way, you can have less stress and you can learn the lessons finding better opportunities to move forward. An example "" I did not graduated, because i did not pass one class, it was a requirement for graduation."" It is ok If you did not pass it, but you can have a choice by finding opportunitites in others places. You can repeat school one more year, you can go to other schools that prepare you to pass your exams, and classes, you can go and find information about that class or subject. Another example "" I got fired in my favorite job, because i accidently broke a delicated plate."" You can be sad, but always go and find opportunitties in others places, that can hired you, because if you have experience ready, so it would not be hard for you where to hired you. Becareful what you do, only have the positive way and have the energy, that customers can be surprise about you, how hard you work in your job that you really like.

To fall down can bring you negatives things. Negatives thoughts can bring you in a bad ways, because you want to have that goal that you want to reach, but you can't. This can be a big situation, if you want to reach that goal, but you have to try your best on doing the oppositive way. To have a enthusiasm you can work really hard and make it more easily. Working hard be happy can bring you that attituded, that we all want to see. In this world is hard to bring people in a positive way, because life is hard , but they are people that they want to show that, you can't give up always move forward. To failure without lossing enthusiasm, you can have the success in to your future. This is a lesson that everyone have to follow and not make it hard. If you are negative, just find a way to make you think a lot, because that stress you out and have a negative thoughts, never give up just move forward.             ",921,11,Female,Economically disadvantaged,Hispanic/Latino,train,3,3,3,4,4,4,3,3,3,3,4,3.5,3,4,3.5,3,3,3,3,3,3
5B14D81A0167,Success and failure,"Yes, I agree with Churchill's statement, because it is true that failure is one of the ways to get better from that failure.

Also failure is a common thing that happens to people, and it also help us to learn better from the mistakes, then giving up. For example my friend Generic_Name, he had 20 dollars in his pockets and he went to a game store to get the news video game at was only 25 dollars. But there was even a new updated on a game that he already have, and it was 10 dollars. And he won't get paid back until two weeks and the updated won't be availed until next week. so he went bought the updated game, but he didn't knew there was a sale on the new game on the online store that was only 16 dollars. But now he sometimes check to see if there any sales or deals before he goes to the store.

For another example a old man said he bought a new car but realize it was missing some pieces. Then he started to look round the internet to see if any of the parts that he needs are buy able. So far there wasn't a whole all of the items for the car. but he didn't stop giving up that easily. But one day he find all the parts and fix his car.

Also I had a friend who was going to the park, but forgot where is the park is and sometimes forget how to get back. Because he takes along way back home and to the park. Which he should take the short cut like I tell him, but he doesn't care, he like long walks. but one day he designed to take the short path thought the area, and he kinda like it its easier get to places for him. So he told me and he felt sorry that he didn't listen to me first, but I forgave him. And now he even listen to other people too like friends, and family too.",315,12,Male,Economically disadvantaged,Hispanic/Latino,train,3,3,3,2,2,2,3,3,3,3,3,3,2,3,2.5,2,3,2.5,3,3,3
5BF7AAC78AB5,Success and failure,"Former British Prime Minister Winston Churchill once said that "" success consists of going from failure to failure without loss of enthusiasm."" I agree with Churchill's statement about the important role that failure plays in the pursuit of success. Just like saying ""if you want to know everything you got to not know anything first."" , ""if you want to be rich you got to be poor first."" , ""You got to learn how to walk before you run.""

Every people that are smart, rich and well-know there are all born without any of that just like every single one of us, no one is perfect. We all have something that we are good at and something that we are bad at.

The way to successful is not hard to get there. Do what you are good at. Make sure you are enjoin what you are doing. Just like this one man that I forgot his name said ""get a job that you are enjoin doing it, a job that you have fun doing it and you will jump out of the bed in morning.""

You are who you are right now because of all the mistake you make in the pass. ""success consists of going from failure to failure."" you lean from your mistake. If you never do anything wrong that mean you never do anything at all. All the mistake you make you better because you lean from it. You can also lean form another people mistake too. It's one of the reason why most of thing in world got better.

Soccer is the sport that I like. I'm not that good at it but not that bad either. When I first start playing I don't know a lot about it so I keep playing unit I know a little bit more about it. Then I start playing with the pro player because I know that I'm gonna make a lot of mistake and all those mistake gonna help lean how to play and how to get better and it does. I make a lot of mistake I still do but I like to take a hit sometime it make me stronger. you know what they say ""what doesn't kill you make you stronger."" so I keep trying and trying hope that I can make that to be my job. Mistake dose help you it may be a big one something or a small one but all the mistake help you. I was really bad at soccer once but now I petty good at it.

All of this should explain why Churchill said that""success consists of going from failure to failure without loss of enthusiasm."" Mistake is a part of you it's a part of everything but it's not all way bad.

(make me pass please)                                                                                                                                                                                                                                                                                                                                                                                                                                                                                                                                                                                                                                                                                                                                                                                                                                                                                                                                                                                                                                                                                                                                                                                                                                                                                                                                                                                                                                                                                                                                                                                                                                                                                                                                                                          ",1325,11,Male,Not economically disadvantaged,Two or more races/Other,train,3,3,3,3,3,3,3,3,3,2,2,2,3,2,2.5,3,3,3,3,3,3
5D4D6519DF94,Success and failure,"Haile G/Selasie, one of the most famous long distance runners of all time, did not pave his way to success because he was born with it. He came from a poor family, and walked a long distance to his school everyday. When he started running, he was not good at all. He worked day and night to get to where he is. And when he speaks about his past, he tells the story of how he failed again and again a lot of times but he never lost his passion for his dream. And now he is one of the richest people in Ethiopia and one of the best record holders of Marathon.

Success is a dream for most and a reality for only a few. When it comes to how success is achieved, it creates a great question in all our minds and that is,""How can I be successful?"". Some say that success is achieved by going through failures without giving up or without losing hope. That is a truly arguable idea and some might think different. But I fully agree with that idea.

The fact that almost all of the masterminds that are known for their creations of the bulb, physics theories, telephone and many more of the things we take for granted at the moment told the story of how they tried and failed many times than they count. And that is one proof of the point that success doesn't come without failure.

There might be some people that argue this point by pointing out that many people have tried and failed and tried again but it didn't help them achieve their dreams. That is a good point but the fact is that failing is not the only thing that determines your success, but failing and not being discouraged is what really counts. If we plan to achieve a goal, we shouldn't lose our excitement for that specific thing we're doing, we should rather be more encouraged to try harder and to find another way to make it work.

For example, when we first built a rocket,it wasn't done in a day or in the first try. Engineers tried to fix the problem in the mechanical part. Scientists tried to see if their calculations was wrong or if the combination of the chemicals didn't work and many others tried to fix it but they failed more than a couple of times. By not giving up though, it was a success at last.

It might not always seem like it but failure leads to success. The main point is not giving up and not losing our enthusiasm. As the saying goes, ""If you fail once, try and try harder"". Never give up on your dreams and don't be discouraged by failure.                                                                                                                                                                                                              ",580,12,Male,Not economically disadvantaged,Black/African American,train,5,4,4.5,4,4,4,5,4,4.5,5,4,4.5,4,4,4,5,5,5,4,4,4
5EAC31CA561A,Success and failure,"I agree with Prime Minister Churchill because failure gives you strength to keep going and to learn from your personal mistakes you make, so you can succeed in life.

While I was a kid all I ever wanted to be was an actress. I would try for plays in school and out, but I failed to be in the plays because I was to nervous, quite, not using the whole stage, ect. That inspired me used all those factors that where making me fail and improving them to make me a better actress.

In school/classroom always fail in sols, test, and quizzes but those students never give up trying and after trying and studying students succeed in their test.

In a community everybody tries to help out trying to catch people that break in peoples houses, but never do. The people made a list of the things they were doing wrong and they very upset people stopped trying. Until one day one person broke in to a house and instead of doing nothing like the people said the made a successful plan to catch the criminal. The planed worked and then community celebrated their success and for not giving up.

One of the most famous soccer player in the world Lionel Messi also has failed on the field whether it is on penalties, shooting, or speed he always tries to be better and all his failure has made him one of the best soccer players in the world.

In this world you become better on what you do by failure. If there is no failure there is no success.",244,12,Female,Not economically disadvantaged,Hispanic/Latino,train,2,3,2.5,2,3,2.5,2,3,2.5,2,3,2.5,3,3,3,3,2,2.5,3,2,2.5
5FBDFD6DB173,Success and failure,"Yes because people can be a failure, but you can be a success person too. And people try their best to become a successful person and not being a failure person.

First you can be a failure person at math, but you are good at science that is relate to math, then you are good at math and science,

but people are good at something that is their strengths. people can be success in some parts but you also failure in someways that you are good at.

Secondly some people are failures ,but they have a strength to be a success in anything. Although people can be failure to failure all the times, yet people always tries there best on anything that is possible to be a successful person all day long in their life.

thirdly You could be a success person in English class but the other person is bad at English that person who is good at English can teach that person who is bad at English to be a failure to be a success person. you can be a success person turn to a failure person but you can turn back to a failure person to a success person again.

People can be a success consists failure to failure without of enthusiasm therefore people need to try their best on anything that is relate to any job or school.

people can be a failure but it will grow to a success in every day life. furthermore failures can be a success person. additionally people try hard to be a successful person but some people can be a failure person in anything.

some people are failures in Korean, or some people are good at french if they try hard in korean or french they will be a successful in speaking and writting in korean and french. addition to failures and successers if you work hard and try your best you will be a success person, but if you don't try your best you will be a failure.     ",314,11,Male,Not economically disadvantaged,Asian/Pacific Islander,train,3,3,3,3,3,3,4,3,3.5,3,2,2.5,2,2,2,3,3,3,3,3,3
5FC620AEDC8B,Success and failure,"Prime Ministor Winstong Churchill said "" Success consists from failure to failure without loss the enthusiasm"". Failure had important role in the persuit of success because, failure help you to improve, to learn, and be strong in your life.

Firtsly, fail help you to improve in differents directions, at school, work, and also in your life. You cannot due verything rigth you fail one day and when that happen you had to get ready to come back and cheek where and why you fail, and try to find differents strategies to improve what you do.

Secondly, learn about your mistakes. If you make mistakes is because you're doing something wrong and probably you have to change somethings like your work style,skills, the way how you study,and your social communication, and try to find a differents ways to due better.

Lastly, be strong ,if you fail do not stay down, you don't want to be a destitute man, everybody want to be wealthy and what you have to do is get up and continue, push your self, work hard,because you have the control of yourself.

Inconclusion, failure do not push you down failure help you to go up, to improve in what you do, also help you to learn about your own mistakes and push you to find a different strategies to be a better person, worker,or student.                  ",190,12,Male,Economically disadvantaged,Hispanic/Latino,train,3,2,2.5,3,3,3,3,3,3,3,2,2.5,2,3,2.5,3,2,2.5,4,2,2.5
60CCF0F2DF38,Success and failure,"Dear Winston Churchill,

I strongly believe that, failure plays a huge role in pursuing success, and I have a personal story and also information to back up my statement ""that failing is the key to success"".

The news article of daily life, had a section dedicated to failing is a key to success, in that portion it talks about how the most successful people in the world had to fail so many times and hardship in that portion of the article it interviews Bill Gates and he quote on quote said that ""failing thought me that you have to try harder and harder every time you fail in order to successed"", and without failing he would not be the CEO of Google.

I personally have experienced how failing is the key to success. I started playing football in my freshman year in high school. I was trying so hard to get a starting position on the football team. I was doing really bad during team practice, and one day my coach came up to me and told me that I should quit football, and how it was not the right sport for me. So I got cut from the team but I did not listen to what my coach said to me. I kept practicing over the off season working harder then ever. When sophomore season came up and we had to go through tryouts in order to make the team. I was doing really good in the first two days of the tryouts but then I started doing really bad on the third day, and then the coach came up to me on the last day of the tryouts, and told me that I did not make the team. I started feeling really hopeless but I still did not gave up and kept working harder and harder. On my junior season it was time for the football tryouts once again. I started doing really good, and the coaches were really impressed of what I was capable of doing. Last day of the tryouts the coach came up to me, and told me that he was really proud of me. He was really surprised that I didnt gave up, and after that he told me I made the team as a starting defensive tackle.

In conclusion this is why I strongly agree that failing is a key to success, without failure we as human beings would not be able to improve in our day to day life. It is because of failing which keeps us successful, and makes us humans work harder for what we want in life.

Sincerely,

Generic_Name         ",420,11,Male,Not economically disadvantaged,White,train,3,3,3,3,3,3,3,4,3.5,3,3,3,3,4,3.5,4,3,3.5,4,3,3.5
60E9300D597C,Success and failure,"Each people in the world should have any to trip in life because each failure,wrong, and bad day our help a better each aspect in the life as social, personal and work, and this consist in learn for each failure and no come back to fall in the same not is advancing nothing in his life.

my mother is the best woman in the world because she never had help of my father or other people for care me to me and my brother and with a lot effort she to achieve give them a life very good and ours show that in the life a bad moments as good people but always is united as family and help of god can out of this failures for achieve in the life ""sucess"" that each people to deserve .

For example, in this world there a lot people that are very succesful in his life is because they each pursuit his happiness, every day they wake up with a great spirits from follow to from in his life to achieve his dreams, goals and the sucess. Also can be that others days they have a bad day but always follow fighting an against always the people has that is firm in a only target that is "" Pursuit of success"". Also all the people that has sucess in the life always are very humble and respectful with it them.

In this world there always there problems for any things, but with so effort,hope, intelligence because all people has problem or failure in the life but no for this should to leave of fight , because the life to try of follow to follow because all the things has any out .

other examples is, when a student take a test and the first time not pass of test but he don't never give up, because always there a more opportunities and only should to follow study and better for that the second time should be better.

Also i have a example that i'm live in my life each day that is when a people as me,when i going to live a other country very different to mine with his way to live and it more important his language is very hard no can to communicate with them, but the beginning is very hard for any people change of country and is more hard if no know the language, but i don't give up because i know it that i'm very smart and with more effort, faith, and help of my teachers, mom and family little to little better my english and each day i learn of new things in the life because never leave of learn in the life. i disagree not can understand it and not can say nothing.

For this failure plays a role very important in ours life because show as the people has abilities for can do any things and know that all the people has intelligence for can achieve it. The failures in the life to help to better and think about that can help to better and however, i think that each people has a goal in the life and not should to renounce a ours dreams, goals that should of achieve it.

Because in the life each people to choose his destiny in the life but i think that all people has a fault but each people has of power for eliminate it of his life.

In conclusion, all the people should of has any failure for can better and achieve his success and happiness in the life with love, hope, and effort for that nothing in the life is so easy , everybody needs is very focus in the life because until the own family may be can think that you are a dump but can show you that you are ""the best"" and that nobody can stop your success in the life and nobody can to take your dreams and goals of your mind and heart and always each day should of think this is my best day, and wake up with spirits of better and be a great pride for your wife, son and people that believe in you , and with help of this people so important in you life give you spirits for achieve it and they to go with your steps to sucess in the life .",703,12,Male,Not economically disadvantaged,Hispanic/Latino,train,3,3,3,3,3,3,2,3,2.5,3,3,3,3,3,3,2,2,2,3,3,3
616C3D5795E8,Success and failure,"I think i agree on the Churchill statement because :

every time you failure more and more ,every time you learn something new , for example :

my mom always puts me to clean the house but every time i went to do the cleaning, she used to say ""you din't clean here or ""you are missing a part of the floor that still is dirty"" so i just say to my self next time i'm gonna clean better in this part of the room and i keep smiling not given up.

To learn how to clean the house in a perfect way i decided to clean the house every Saturday so i can practice more , it passed two month and then i went to clean again and i mop the floor , clean the windows , clean all the tables,so i finished and my mom says great job you now know how to clean in a perfect way!!.

remember to success you don""t even have to think about what you do wrong just keep working on it ,and keep dreaming!!!",176,11,Female,Economically disadvantaged,Hispanic/Latino,train,2,2,2,3,2,2.5,2,2,2,3,3,3,2,3,2.5,2,2,2,2,2,2
62102D1B1A52,Success and failure,"Do you agree with Churchill's statement about the important role that failure plays in the pursuit of success? If the statement about the role that failure plays in the pursuit of success, it could help people to do better things. People can have a better future. Also people can feel more positive.

First, people can do better things. For example, my cousin Generic_Name had a soccer game at Generic_City, she and her team was talking about how they will need to play on the field, they needed to play better than the other games because the team that she was going to play against is one of the best teams that plays on that field and also her team needed to have more goals scores to keep being on the list so the can win the championship, so when they started to play they was playing like they planned it before the game and at the end of the game they won and everyone was happy because they never thought that they was going to have the chance to win that team, but they never give up.

Next, people can have a better future. For example, my parents after they got married they always wanted to have a better future for them and for all there kids they was going to have, so both of them was planning to cross the board from Mexico to the United States, so after a week they finally cross the board and they was living with my grandma, when my dad started working after a couple of months my dad bought a new house and they started to live there, then they were saving money to buy more stuffs because they was going to need to buy a lot of things like: beds, clothes, shoes, table, chairs, etc. After some years they finally got everything they needed and they had two kids and finally got to know that they will have a better future.

Last, people can feel more positive. For example, when my cousin talk to her coach about that I wanted to be in a team of soccer, the coach called me and told me that he wanted me to play soccer with his team the next weekend, but before that I told him that I was not that good at playing soccer and he told me that I will learn easier and faster if I go to practices, so when I went to my first game I was so nervous about that I was not going to play good as the other girls do, and I did not wanted them feel bad if we lose for my fault, but I kept playing and I never thought that at my first game I was going to make a goal, but overall I kept going from failure to failure and never loss my enthusiasm and that is one of the reasons that helped me feel more positive of myself.

In conclusion, I believe that going to failure to failure will not loss the enthusiasm, at the same time it could be one of the betters reasons by making people do things better, make people have a better future, and also people can feel positive by them self.",516,12,Female,Economically disadvantaged,Hispanic/Latino,train,3,3,3,3,3,3,3,2,2.5,3,3,3,3,3,3,2,2,2,3,3,3
62EDBC22A953,Success and failure,"I think that success, are composed by failures, but not for everyone.

Success are for a better life, but to have a better life there will be always complicated things(FAILURES), that may be you will want to stop doing that thing that is going to help you to succeed.

The important role of failures on success is that, if you don't fail once you will not learn; failures plays that important part in success, learn is based on what you did wrong, I am saying based on wrong because If you did something wrong before, you learn that part, What do you did wrong? and next in the future you already know what you did wrong and now you will make it right.

Now, sometimes we give up so easy on what we want or on what we are fighting for, some loss the enthusiasm for the success and others not, I agree with that, some think different and if you think different about the failures its going to help you to make that success. I'll say, once my aunt told me ""Believe in what you can do, and not in what you can fail on"", she hasn't never give up on what she can achieve in her life. For example I'm from Generic_City and all my family are Hispanic and our home language is Spanish, and speaking English its not easy for me, but I never thought that I was going to be able to speak it. I told myself that everything its possible in life, you born for a purpose, not just because your mom wanted you to be born.

There was a time, I got stress, anxiety and depression. I was failing in school and I felt so sick that I was giving up so easy and fast. Failures comes one after one, and after one, that I told myself ""You are going to be okay, and you are going to do what you like and succeed and make your parents feel proud of you"". I started to think positive, and do the things right, nothing last forever, I got rid of my depression but still with stress and anxiety, but from there to now it doesn't mean nothing for me. Failures can cause a lot of things like, feel hopeless, loss enthusiasm and giving up so easy for those who are weak, but if you are strong enough to believe that you are going to make it you will make it, you are going to have your levels of hope, enthusiasm and faith high that nothing will stop you to succeed.

Failures are more challenges added to your life, to be in the top of the mountain you should hike until you can see the ocean behind the mountain. There will be more than failures, there will be big obstacles and some times people will put traps in your path.

Some people will just want to see you fail in the field and some will be happy to see you in the top of the mountain. Some people fails in their path because they dont understand the meaning of the failures.

In conclusion, I agree with the idea that Success consist of going from failure to failure, even if you loss your hopes or enthusiasm you got to keep going in your goal to succeed.

More than 50% of people, I will guess, fight for their future they put all their effort to succeed and if they can, we can. Failures come as a good parts of success to set it down and success in life.",571,12,Female,Economically disadvantaged,Hispanic/Latino,train,3,4,3.5,4,4,4,3,3,3,3,4,3.5,3,4,3.5,4,3,3.5,3,4,3.5
6515E6AFD11E,Success and failure,"Although some people don't agree with this quote for being negative,however others and I agree of the enthusiasm quote because to learn something new in life and to make mistakes for something great later.

Do you agree with the Former Prime Minister Of England Winston Churchill quote? There others take this quote in a positive way or in a negative way. People that have enthusiasm will most likely to take the quote to their own hearts that doesn't want to quit or gives up yet. Like the quote says from failure to failure that will follow up to a pursuit of success. So here comes the reasons of enthusiasm in the quote.

Learning something new that actually comes up great. A lot of people learn from their own failures in the past for doing something that wasn't easy for their own lives. Like example someone wants to speak a different language but failed many times,that actually doesn't wants to give up on the language that trying to learn. And it's better to make mistakes for something greater later in life. Like if you failed a lot and that you learn from your own mistakes from those mistakes will do something greater in the future.

Others may disagree that quote doesn't fit right their own selves and for being negative. Others careless about the enthusiasm how it will help for their lifetime. So they don't have the positive attitude and thinks about nothing at all. Negativity is the main point that they fail to fail without trying the best and the enthusiasm with them in life it's worthless to them in life.

Although some people don't agree with this quote for being negative,however others and I agree of the enthusiasm quote because to learn something new in life and to make mistakes for something great later. With this quote I agree with the power of the enthusiasm in lives. People should take the quote like it's a everyday thing in life    ",282,12,Male,Economically disadvantaged,Hispanic/Latino,train,3,2,2.5,3,3,3,3,2,2.5,3,3,3,4,3,3.5,3,2,2.5,4,2,3
6586DF43A92D,Success and failure,"I agree with British Prime Minister Winston Churchill when he said that ""success consists of going from failure to failure without loss of enthusiasm"". Because we are all failures, but we all succed in life, if we work hard. Success is not going to come to us as esay as pie "" we go to success"". To go to success we have to be failures in a consistent matter but we learn from being a failure, to fix our mistakes. Knowing that we want a better future and that we want to be successful in many things such as in school, work, sports and many other things we have in life ,that we want to become successful gives us enthusiasm eventhough if fail to do good at moments. Trying hard and keep tryin till you reach success helps us to keep our enthusiasim.

Being successful in school well help us in our daily life. We will go from failure to failure without the loss of enthusiasim. We know that by being successful in school we are going to have many opportunities in life. Being a failure is not bad, it makes us strong to keep trying more and more. To graduate from high school we all need to pass a certain amount of SOL. Sometimes we pass the SOL some times we dont,Thats what leads us to success because we are going from failure to failure but with enthuisasim ,since we keep trying and trying till we pass the SOL. Because we know that passing the SOL is leading us to success and that we have to work hard and go to success because its not going to come to us if we loss our enthusiasim to keep trying.

Work can make us go from failure to failure ,but enthusiasim well take us to success. Being successful in work may be hard that it might make us feel down or even make us feel like giving up. But always working hard and with alot of enthusiasim will help us succeed and acomplish many things such as getting a higher payment and getting a better employment can be possible if we always work hard towards success and with enthusiasim. Keeping enthusiasim is good because it doesnt only helps you to be motivated to keep working hard towards your goal / Success, but it helps your peers as well since your transmitting them the good vibe and enthusiasim. Others well succed too since your transmitting the good vibe/ enthusiasim to them they will be inspired by you.

Playing a sport is not easy. Alot of practice and dedication is required to because successful in a sport. Becoming successful in a sport will take you from being a failure and to a failure once again . But if you really want to succed in that specific sport that you like ,you will have to try and keep trying with enthusiasim. Trying with enthusiasim willl help you become successful in that sport that you like and that you have been practicing with your dedication and enthusiasim.

Others may say that "" Success consists of going from failure to failure with loss of enthusiasim"". People say this because they dont try as hard, if they get things wrong at first they give up. People wotn try to work hard and go to success they just give and wait for success to come to them (THATS NEVER HAPPENNING!!!). People also say this ("" success consists of going from failure to failure with loss of enthusiasim"") because they find it impossible that enthusiasim gives you the strength to keep trying.

Since they are the ones who are the failure that wont work with the enthusiasimto succeed.

Being a failure is not bad. Working to success with the loss of enthusiasim just because we fell a couple of times is bad. Because if we dont work to success and lose our enthusiasim we will never succed in anything we will just live our daily life as a failure. We are all failures but if we work hard we will become a better failure, A failure that succeed in life not a failure who just gives up and loses its enthusiasim. Working to go to success with enthusiasim will help you accomplish your goals and also it will inspire others. Others will also get the same energy as you and will work towards success with enthusiasim. A failure is what makes us strong and successful we just have to give that failure enthusiasim to keep trying and to succeed.",722,11,Female,Economically disadvantaged,Hispanic/Latino,train,3,3,3,3,3,3,3,3,3,4,3,3.5,3,3,3,3,3,3,2,2,2
6792C2E73B6A,Success and failure,"Some people agree with the statement ''success consist of going from failure to failure without loss of enthusiasm'' because the failure help to learn how other's to be prepared and better understanding. But many people disagree with Churchill's for the reason what they don't believe in the failure because if they fail something they do better the next time. Since, no one is perfect everybody have something bad and something good this don't make a different the other's.

Although many people concern the failure how something the need due for doing a better person in the life but that does the means they can't due. Some people thinking what the failure is important for they life because they learning a new things and they put all of they for doing good person. Clarity, this people due everything for not failure something.

Additionally, many people don't believe in the faillure they say is somenthing happed in the life for doing a better person. If they fail a class or don't pass the class they keep trying and never give up. Surely, with failers they learn from the expirence they will not loss the enthusiasm.

Ask you can see failure is not always a good way to major sucess. One need to success failure is put a attention and due a better person and trying hard. If this people trying the things wiil be better in they were doing. Although all many people are success with failure.

Truely, failure is part of life and we need to understand our failers so the we can successed. By understanding our failers learn how doing better and not worry about the failers. Since they are worry about the failers one can have more enthusiasm to success.        ",257,12,Female,Not economically disadvantaged,Hispanic/Latino,train,2,2,2,2,2,2,2,2,2,2,3,2.5,2,3,2.5,2,2,2,2,3,2.5
69FD256DCE38,Success and failure,"There is a quote about success contsists of going from failure to failure without loss of enthusiasm. people have different opinion about failure, some say failure is the worst thing that can happen to you, and it makes you not want to try your best on something . however in my opinion, I thing failure is the best thing that can happened to us humans because. it gives us the the corrage to try something over and over until you gat it, it makes us humans learn from our mistakes, and it gives us the strenth

First failure gives us the corrage to try something over and over until you gat it because, I have fail before when I was trying out for the school soccer team, I work so hard for it I go to training everytime, and be there on time but i did not made the team I was so sad that i did not made the team but it give me the corrage to try more and more.

Second failure makes us humans learn from our mistakes. we humans are not parfect we all make mistake and learn for it. it like me I am a teenager who cant speak english everwell, whenever I spoke to someone my age thay kept on making fun of me, but I never give up on myseif I know that if I learn from my mistakes I will be better at speaking english.

Finally failure make us stronger. in life in other to get what we want we have to go throught failure it teach us to be strong and to nevergive up on yourseif. everyone go through failure for example president Donold Trump in other to be a president he has to go through som failure.

In conclusion failure is the best thing that can happend to us humans. it teach us to be strong in anything that we want and to learn from our mistakes. failure play a enthusiasm in our lives that makes the world a better place.         ",342,12,Male,Not economically disadvantaged,Black/African American,train,3,3,3,3,3,3,3,2,2.5,3,3,3,3,3,3,2,3,2.5,2,2,2
6BDF73E50719,Success and failure,"THE SUCCESS OF LIFE

the success of hes life is through because when you are star every time you failure and failure,but the that failure you learn how you continue your life but and your road you see are new failure and you are star again but like that you learn how to continue your life; because and your future the that failure you are stay there because you know how you attack that fail the you have and your life and try to find the we ideas what are you like and don't forget the you have your family and ask questions if you have or are your friends the more closed you, but don't forget in time have a person they said if your friends but that person is try to destroy you because he or she have a jealousy you because he see the you have more opportunity then you try try to change your opinions and your goals but never follow that directions the that person.

When you have a opportunity take that because that is your like, Try to have a new opportunity and get that before other person have the same carrier not keep your goal because if that person get first that carrier your life change because you said my carrier stop here because other person won the job first them me,like in my life I have a job but in times is so burn and them said I one to change my job a other more better because not pay me the enough to work their like the all week I work 5 days the that 5 days I work 4 days for my self and is not to easy to clean everything for my self I took with my boss to find a another employed, but she said no because this mouths is not business and thats why she no can to find a another employed to help me, to this point I failure because a not won enough money to help at my mom like pay the rent or help and another object.

the enthusiasm they show you, the you never due back you need to go at front the everything you never give you secrets at others person because that person use and you give him more opportunities he you have thats why you never when I said never give your secrets at person because is like you give your goals house, car and including the family , because all at that person;the enthusiasm dislike your first goal because that help you at can work you get your goals and studying is the most important because as you not study you never get you want to want because the study is the most important in your life, the your grades in your schools demonstrate if you fight for yours dreams or you want to work and never work the you like it, because in times you have a negatives times you go away the you road.

The negatives things is take the wrong way,because in times you have a persons jealously they try the you not stay more up the thats persons and try the you go down but never follow that directions the that person because affected your job or your company or and you want to work and don't forget what yo like the have family and friends they help you and friends the your ask if you have a question.

Don't follow the directions the thats person bad, because that person destroy your your goals and another things the you have but never give have you you work, how can you do,how you organization and another thins the you have for take the good direction the yous companies the your goals because is so important the you continue how you dude and how you work, thats why the you never the follow the bad things.

Today I learn the enthusiasm give you goals and good directions and is not important if you failure because I know the you can find another alternatives they help you go for a good directions at the top, and you foollow the negatives thins because the that bad things you go away if you follow the the bad directions but never forget you have a family and friends they stay there to help you and if you had e question you can ask maybe give you a good ideas or others things.                                       ",761,11,Male,Economically disadvantaged,Hispanic/Latino,train,2,2,2,2,2,2,2,2,2,2,2,2,2,2,2,2,2,2,3,2,2.5
6C6B01577E01,Success and failure,"Yes i agree with Churchill's statement about the importance role that failure plays in the pursuit of success because we need to learn to not lose hope in what we want for success and our future. Imagine you keep on failing and failing but knowing your going to be successful in life? Imagine not losing fate or enthusiam to pursuit for success? That is what the Former British Prime Minster once said that ""Success consits of going from failure to failure without the loss of enthusiam."" How would you know your going to fail to pursuit for success?

What is success? Success is to achieve goals you been wanting to accomplished. Everyone wants to accomplished something or anything. It feels extraordinary to be successful in life but to fail is something that no one likes including to success. It's understandable to make mistakes because you can learn from them and try again until you get it right. No one is perfect,it's understanding to make a couple of mistakes here and there knowing you can learn from it.

Everyone wants to be successful in life or in anything. For an example when you apply for a job you to apply first, then wait for a response for the interview,After when the interview is done you have to wait a couple days or two until they call you to notify you if you have gotten the position or not. Well thats how we feel when were trying pursuit for success hoping that we can do this and having fate to not give up.

When you know your failing to pursuit for success is when you keep making mistakes but you keep going until you get it right. No matter how many times you keep making mistakes it won't stop you from what you are doing or trying to get. You can be still successful no matter how much you fail because it will make you smater for success.

Success is something that many have achieved or have not but at the end of the day were resposiable for any mistakes,actions and verbal language that we have used,It could affected anyone or anywhere. As we as people must continue on to be motavated for success if not someone else will speak up and take charge.         ",349,12,Female,Economically disadvantaged,Hispanic/Latino,train,3,3,3,3,3,3,3,4,3.5,3,3,3,3,3,3,3,3,3,3,4,3.5
6F3C318ED62E,Success and failure,"Of course that i'm agree with Churchill's statement, because for to have success or to be successful in the life you need to have many failures. No one is perfect and you don't need to be it for be successful. This quote reminds me when my grandfather used to tell me "" Son, if you wanna be someone important on the life your gonna have ups and downs, don't matter how many failures your gonna have, but however, in spite of everything your gonna achieve your goals and dreams without matter what other people says about you, the most important is not loss the enthusiasm"".

I think that if you do your best on everything and you try to do it better always your gonna achieve your goals. You don't need to do it perfect all the time, because despite everything you always gonna have a failure but that doesn't mean that your gonna stop try to do your best or your gonna loss all your enthusiasm, it's mean that despite of each failure your gonna follow your goal. No matter how many times you need to do it, just try it!!!.

The failure plays a important role for be successful, everybody has ups and downs, for example:

In the school, if you have a test and you were studying for that test but you fail, don't stop just try it again and try do it better the next time.

For a job, if you are searching a new job and you completed many applications for any job but no one is requesting you for a interview, or unfortunately, you not were accepted on that job, don't matter, you will find another job, just don't loss the enthusiasm.

In a relationship, if you like a girl or boy and you declare your love at her/him but you not were accepted for her/him or what's more worse she/he doesn't like you, don't be sad you will find the right one for you.

In a career, if you wanna have a important job like lawyer but you have a failure in the progress, don't loss your enthusiasm you can try with another profession like nurse or another that you like it.

In the life, i say in the life because i have a stepfather that he always says that he is right all the time when it's not true but he never want to accept that he are wrong and that't a problem, because if you never listen at the other people that are right then your gonna have a failure in the future, for the same reason that you thought that you were right when you doesn't.

Be successful in the life is not something easy at the contrary it's hard because in the progress you always gonna have many failures, but however, nothing is impossible in the life with enthusiasm and to much effort you gonna achieve many big things, always fight for your dreams and goals. Remember nobody is perfect on this life and you are strong and intelligent don't matter how many troubles or failures you have just try to do your best and fight for everything that you want.

In conclusion to have failures is not bad at the contrary is very good for you because you learn more about how to do it better the next time. My mom always say: "" Each failure it's make you more strong and more intelligent "", and the truth that's true, you never gonna learn about your error if you don't have a lesson for to learn but everything without loss of enthusiasm.",540,12,Male,Economically disadvantaged,Hispanic/Latino,train,3,3,3,3,3,3,3,2,2.5,2,3,2.5,3,3,3,2,2,2,3,4,3.5
7248792ECAC9,Success and failure,"Many people believe that success consists of going from failure. because we all human making mistake in our life. being faliure is good for must of peoples. however we all taking lesson from faliure to faliure to be come success in our life. for many resons: fristly,must of students, agree with this statement that Minister Winston Churchill once said. and secondary, part of students did not believe in this statement. however they are thanking we do not want to failure in our life or tests. we want to success once time. previosly must of people agree failure is key is success.

for example: Abraham Lincoln, one of the 16th president of the U.S, once time said in during in civil war said to his people or audience, we have to be strong, does not matter for us how hard is life is it . and he continue his speech he said. whatever success, going from failure to faliure without loos any of enthusiasm. he said never contrition in your past. the constant to be succsess consists of going from failure. and aslo he siad that, this a good convenience for everone in consequence Lincoln, said you guys have to conscious and be awake all the time. this confirm to everyone or to all of us key of failure is in success.

other peoples , did not agree what Abraham Lincoln said. must of them said this is not compulsion or compulsory, they said this is over las conclusive in our decide we want to success one time without lossing any enthusiasm or failure.

In my opinion that "" succcess consists of going from failure to failure without loos of enthusiasm. we agree in this prompt. because before that i said faliure of key is becoming in success in our life we should all battle with failure we all know that way is become austerity. we have to fight with failure we did not want to win us. we want to success,in improve our self.

Many people making a mistake in thier life some of them success, and most of them failure. this is our life.

no mather success congsists of going from failure to faliure. some people dismal when they got failure in thier life.

They are become depression most of them and finally when they got success in thier life they are become happy, and depreciation. of course that"" success consists of going from failure to failure without loss of enthusiasm.",365,12,Male,Economically disadvantaged,White,train,2,3,2.5,2,3,2.5,3,3,3,3,3,3,2,3,2.5,2,3,2.5,2,2,2
74CDAF3BB9EF,Success and failure,"I think that he is right in what he think, about the consists of succession going from failure to failure without loss of enthusiasm, because if you loss your enthusiasm in something that you are doing you loss the interes in it, but if your enthusiasm is to do it, you can do it many times you want the failure is just a little rock in your way to made your personality more incredible and unique from other that just give up at the firts time.

Enthusiasm is everything you need, when you want to strar something, without enthusiasm we can have a lot of failure if we don't try again and again, it is like the main function of your brain, your personality, and your attitude, to don't have any failure in your life, someone with a great enthusiasm is someone with many opportunities in his life, someone with a good control about what he wants and what he does, someone who doesn't give the opportunity to fail in what he is doing, failure will be always right there in from of you, but your are the only one who accept it or not.

An example of failure can be, ; like when someone went to ask for a job but, he doesn't had the job because he didn't finish the high school that is failure in his life, but he decide to retake the high school in his free time, and he graduate from it, he can back for ask in the same job, he is contracting at this time it was because he has a great enthusiasms in his life, he never stop because he didn't had the job at his first try he continue and he did it.

I know not everything is rose color but sometimes you need a little bit of failure in your life, to see how brave you are and how strong are you for the life situations, failure it's not mean that you are a loser, not it's mean that you are training for the difficult situations in the life but with just a good enthusiasm you can do it again and again has many times you want to do that is my conclusion about how failure can affect your life.",346,12,Female,Economically disadvantaged,Hispanic/Latino,train,3,3,3,4,3,3.5,3,2,2.5,3,3,3,3,3,3,2,3,2.5,3,2,2.5
75AA6229A116,Success and failure,"i strongly agree when the Former British Minister Winston Churchill say how failure takes a extremely important position in success. To success you have to fail many times as you need to the same thing so you can get it right and success on in. Success is the desire of outcome in many goals in life, is the gaining of wealth and fame,

Success is to attain desire of doing what you like even know you are going to have to fail on it many times doing in it.

Success consists of going from failure to failure because nothing is perfect in life. During life you are always going to have ups and downs everyday, you are going to lose people because you might be doing something that they don't like or maybe You might be facing some obstacles that stops you from success and doing what you like. During success you are going to lose your enthusiasm in what you are trying to success in. You are going to start thinking i can't do this because i have done it many times and i always fail on it or i can't do this because my friend's and family members say i can't do it because when i do it i always comes up wrong.

Failure consists in falling to do something,it consists in the inability to do something or perform To success you are always going to fail and fail and fail till you get it right. you are going to face many difficulties doing what you like or the choices that you make but in the end there is going to be a purpose for what you are doing. You are not going to success on something right away when you know is the first time you are doing it ,

you have to take steps by steps to do it. there are so many things that are going to be wrong, they are going to be times that you are going to fail on what you are doing. there are going to be times where people are going to try to put you down and tell you that you can't do it just because its your first time trying it and you fail it in your first time. And your enthusiasm is going to come down and down each day for everything that people tell you. but you have to always keep your enthusiasm up.

Because enthusiasm consists in strong and a warm feeling that tells you that you re always have to keep strong and keep your head up in what you are doing.

""success consists of going from a failure to failure without loss of enthusiasm""is one of the Quotes you always have to keep on mind when you are doing something the first time. Ia the quote that you have too keep on mind when people tells you that you cant do anything because you fail it your first time. is the quote you have to keep on mind when you fail the first time and the the second time you got it right. thats where you are going to known the meaning of the quote. and you are going to see that all hard work you have done it was for a purpose to success more in life. maybe you might lost people during that battle but when you know the meaning of the quote and you understand it you are going to know that everything was for a purpose in life and after all you when through you success a lot in your life.    ",551,12,Female,Not economically disadvantaged,Hispanic/Latino,train,3,3,3,2,3,2.5,3,3,3,3,3,3,2,3,2.5,3,3,3,2,3,2.5
770E1717845C,Success and failure,"In life, their is ups and downs. you can live you're best life and still fail at times. Failure teaches most people lessons. People also don't care at all. Although, failure can also bring success, if you move smart. Yes, I agree with Prime Minister Churchill with this statement, it all adds up. This all depends on you're level of enthusiasm. How you can handle failure and just grow, learn from mistakes. Failure can bring success.

In life their is ups and downs. Nothing wrong with that at all. For example, you try so hard at something and still fail. All you can do is too learn and grow from that mistake. This just how life goes. When you have are down bad, just pick yourself up and move forward. Positive attitudes will help a lot. Failure teaches people lessons also.

If you're trying, working hard you are leading yourself to success, you could probably fail at times. Failure is part of life is my point. Growing and learning from mistakes help a lot for most people. With good enthusiasm, leads to a good path and positive mindset. Learning from mistakes can or will lead to success, just depends on your'e next actions and command.

This is a important topic , because who doesn't want to be successful in life. Being positive can help a lot. For example, people that have negative attitudes can lead to bad mindsets, we don't want that from you, unless you want that. The things or people you are around may cause a bad or good mindset. This all depends on how you approach things and act. Positive actions, thoughts, people will help you learn many stuff.

Failure is an important roll in life. It brings success. It doesn't feel too good to fail, It just how things goes. Nothing wrong with failing, its all about learning from mistakes. Failure plays the roll of life and success. Even the small can lead you to success in many ways. For example , you can fail at school, home, at anything, just pick yourself up and move forward. It isn't easy but it is worth the weight on your life.

Failure is a big word, so is success. Their are many ways you can lead to success. Without loss of enthusiasm and good attitude brings you to a real world. You can fail and still succeed thats the important part. Not give up is also a good solution. Positive surroundings, small things, full enthusiasm , you will be on the right path. Their will be ups and downs, you should understand that. Learning from mistakes is most important role of success, it helps you grow better and in a positive way. Yes failure can lead to success.       ",437,12,Male,Not economically disadvantaged,Hispanic/Latino,train,3,3,3,3,2,2.5,3,3,3,3,3,3,3,2,2.5,3,3,3,2,3,2.5
7797541CF0A6,Success and failure,"The succes is what people really want all the time, but it is not easy at all. Sometimes we have to pass throught dificults situationt to get to the sucess. Each person want to be succesful in life, but to get what we really want, we have to be positive with the head up. We dont have to put ourselves in an unconfortable situation because it won't help us to get the succes that we want. It just going to help us to go through the way of failure. Not all the time going to be easy. We must have to fail a lot of time, it help us to see what we are doing wrong, and what we have to change to get what we want. We just have to keep going with enthusiasm and believe in ourselves. The sucess help to the people to be someone in life.

We can see in our everyday how hard is life, and how we have to strive ourselves to get the sucess, but we can see that there are obstacles and we have to know how to pass through it. Life is hard, but nothing is imposible if we have already planned what we want. Sometimes we dont get the result on what we have been worked. But nothing can be hard at all, we have to know that all is posible, we dont have to take it as imposible. One example that we can see in our everday are the students in the university. Not all of them have the support of the family to cover the cost to pay the the clas in the university. Some of them have to work to get the money and pay their study. Some of them have to fail because it's not easy to do at lot of things at the same time, but we can see that they keep going through it, doesn't matter what. To get the sucess we have to work and just focuss on what we want. At the end we can see the result. We must have to fail a lot of time, but we have to have in mind that we can do it. The people who graduate, at the end they remember how hard it was. But they believed in theirselves and also keeped their head up with enthusiasm, and learned of each mistake that they had done in the way to the sucess.

Other example can be the student from other country in high school, at the end of each year the student have to do a test of each subjet they have. But is not easy fo them because not all of them speak english, they have to learn a lot and out themselves in a hard situation to do it. They have to effort a lot themselves, some of them have to fail like three time to pass the test. But they know that nothing is imposible if they believe in themselves. They know that they have to take tests to graduate, we can see the hispanic student in Generic_School, they have to take the ESOL test each year but they have to study a lot because their first language that they know is spanish, and they just have been in this country in a little while. For some of them the situation is hard, but at the end we can see them in their way to graduate and how proud they are of themselves because it's not easy to learn english.

Also, we can see the organizations that want to help to the people who doesn't have nothing, they have to do a lot of thing and have to be prepare because no one know if they gonna get what they want. The goverment and other institutions have to aprove the organization and one of the best examples is Shakira and her fundation ''Pies Descalso"", she wants to help to the children with the eduation, and alimentation. She had to do a concert to get the money to start with her fundation, she has been in hard situation but she always believed in herself. We can see today how she had changed the life of millions of children around the world, how bennefitted with education and alimentation they are. child from poor families are now someone in life, some of them are in the university. All can be hard but never imposible. She accomplish her dream, doesn't matter what. In her way, were obstacle and difficults things. But she didn't give up because of that.

People have to know that doesn't matter what they can achive what they really want and keep going in their way to the sucess. Nothing in life going to be easy but they have to know that dreams can come true. They must have to fail a lot of time in the persuit of sucess. But they have to know that nothing going to be in the way they want but they can keep going until they can achive their purpose. Doesn't mattter how many time they have to fail, if they want to be someone in life they have to know that the way have a lot of surprices but thay have to have in their mind that nothing is imposible if they see that situation in that way. We all can be succesful in life, we just have to belive in ourselves and keep in mind that no one can make us feel less than them, we all are equal, we all have dreams and we all can achieve what they want in life to be successful.                ",911,12,Female,Not economically disadvantaged,Hispanic/Latino,train,3,3,3,2,3,2.5,3,2,2.5,3,3,3,3,3,3,2,2,2,3,2,2.5
7862D2AE5697,Success and failure,"Failure playes a huge part of becoming successful. By failing people are learning on how not to make the same mistakes again. For example lets say that i was trying to become a professional soccer. I played for the best clubs, i was named the best player in the team, and i have never been cut from a team. One day my coche tells me that there is a professional soccer try out next week and he want me to get ready. So he gives me a schedual on what i should be doing to get fit. Everyday i have to eat right and train hard. I did all of those things somedays i did not want to train and just start eating unhealthy but i fought through it. Try out day comes and i was ready as i will ever be. we started out with warm ups and went to drills. I was amazing. i was like the best player at the fiald. at the end of the day they gathered every body up and called all the people that made it. I was not one of them. I have failed to become a pro soccer player. Now this is the part where enthisiasm playes a role. I can eather stop playing soccer and choes a diffrent routh or i can pick my head im and try again. Failing tests you on how pationant you are at what you are doing and are you willing to fail again and again to be succesful. A good example would be the book persude of happynes. In this book the main person makes a muchen and he wants to sell in. But nobody would buy it. He was also a dad with one kid and lived in a motal. he got kicked out of the motal because he was not able to pay his bills. So he was homeless for a cuple of weeks. Even though he was homeless that did not stop him from trying to sell his machean. Still nobody was willing to buy it off of him. Finaly after his ups and downs somenoe bought his muchean. The person that bought it told some people on how good the machen was and they started to buy it to. He became successful because he did not give up on his dream even though he was geting regected every time he tryed to sell it. failure is the key to your success.",401,12,Male,Economically disadvantaged,Black/African American,train,3,3,3,2,3,2.5,3,3,3,3,3,3,2,3,2.5,3,3,3,2,2,2
78A3B43DFF8E,Success and failure,"Former British Prime Mrimister Winston Churchill once said that ''success consists of going failure to failure loss of enthusiasm. ""Do you agree with of Churchil's statment about the important role that failure plays in the pursuit of success ? Take a position on this question. Use reasons and specific examples to support your ideas.

Yes I agree.

The Failure in My life.

The failure in the life is just the first step of counsel to success. From experince , I'm saying yes that the failure makes my life better. like when I came America with zero English that was the biggest straggle in my counsel. As emyplee , student and self developing.

Emyplee.

First, as emyplee it was not easy to find job because of English language. So way where was applying for jobs the company require have whether Spinsh or English so I can not speak any of other, for tow year I was just home, job no money to help my family back home because of language

But I did not stop after two years fund a job so I was dishwasher, it was too tough to communicate with my Mangers and employees too. They were making fun of me when I spook English. But that never stop me from what I want to do. Now I'm a superior in the pace I work for it. I did not let the language or anythings else to stop me back from what would me my life best.

School and Study .

Second , as student that was the hardest than that I though . No back round of school like knowledge or education because I never been in the school in my childhood so that made it for me so difficult to understand what the teachers were saying. So another attack of failure in my way, I did not no how to study because there was no one to help me what should I do in that time so fall at school. Because of what other people were saying about me like that impossible that you can go further than that you are now which is can not get high school diploma there were a lot of failure in my life .From failure to a big surprise that I making this year, I will be my graduation form high school and the nest will be collage. Because I do not what let other people make decision of what should I do or not.

Self development

Third was to wake to believe of myself and to make nay decision. there were a lot of pressure no me . I could not focus with what I was doing like school and work and other thing because of people around me. I could not eat well for two years and I got sick. All my families were worry about me. So over and over I fall of everything. And one day I asked one of my friend what you did to be successful in your life. ''she said be yourself and if you are important to yourself that will makes it different''. That word change my life to think positive. Nothing can make me stay a way from what make me successful.

And the end, as human our enthusiasm can make us stronger then failure. We have to look what other people did in the life because of enthusiasm. As human we can learn anyn things that we thought that is hard to learn it.                                                                                                                                                                                                                                                                                                                ",884,12,Female,Not economically disadvantaged,White,train,2,2,2,3,2,2.5,2,2,2,2,2,2,2,2,2,2,1,1.5,2,2,2
78DD2317E359,Success and failure,"What Minister Churchill is trying to say is that going from failure to success is not gonna be easy in life. What could they do to reach their career and have success? People will agree with this statement. Not everyone is gonna succeed in life, we all make mistakes. People just got to try harder even if it takes years to achieve. Failure is not the end of the world, people just got to find what is best for them. Going from failure to success in life is not easy, but they just got to have the potential to reach that goal.

First, some people may tell others that going from failure to success is a good thing. For example, my friends told someone that playing basketball is not a good sport for him, but overtime he has gotten better at basketball. Most people in the world are gonna say ""practice makes perfect."" Another example is that my sister wanted to go to UVA, and she studied hard to get into that college, my family thought they wouldn't accept it, but a few weeks later, they accepted her in UVA. Things aren't gonna be easy, people just got to understand that it is life, we just got to work harder.

On the other hand, most people in the world experience this. There is not one person in the world that didn't have any issues throughout their whole life. Even in school, it is very unlikely to find someone that is not having a hard time with there classes. Everyone was not smart when they were born, people got to work for it to get smarter. Here is another example, my Math and History have good grades, but my English and Science don't have good grades, so not everyone is gonna have good grades, people have strengths and weaknesses, they just got to study and work because not everyone is perfect.

In addition, some others may say that going from failure to success is a waste of time. Others say that it won't help their career in the future. People think that there is a lot of information in school, college, and even a job that they have to go through just to have success in life. They also say that they have to work hard to pay for their house, their bills, health insurance, car insurance, and even for their family. The people in the world that say that it is a waste of time are the people that can be homeless or the people that just have no life at all.

Lastly, the reason why that everyone should always go from failure to success is because it's gonna make people feel good about there selves. Another reason why you should be successful is if people finish everything they need for their career, then they don't have to deal with it in the future than having to deal with it later. Also, it is a good idea if they study and learn the materials they could accomplish. Even if people don't succeed in life it is fine because they still have a chance, all they got to do is to study hard and work hard for it because in the future they will not regret it.          ",516,10,Male,Not economically disadvantaged,White,train,4,3,3.5,3,4,3.5,4,3,3.5,4,3,3.5,4,4,4,4,3,3.5,3,3,3
7949A941BF0F,Success and failure,"What is success without failure?

I can infer that the mentioned statement Prime Minister Winston had provided has an strong point of view from many perspectives. Human behavior mostly influences in their achievements and failures throughout life. To be able to achieved your expected goals without loosing enthusiasm, and demonstrating resilience is the greatest accomplishment. I strongly agree with the Churchill's statement regardless to the critical role failure plays in life. It gives the enthusiasm every individuals need in order to be successful in life, it motivates young minds to follow their expectations, and provides more knowledge in many cases since we learn from our mistakes.

Accordingly to many researches, individuals tend to give up when they are facing an obstacle in a complicated occasion, that prevented most of society to stop achieving their accomplishments due to the constant fear of experiencing failure. Society has been exacerbating this concept by creating irrational fear in those who are not willing to take risks to become better persons once they seemed to have failed, which leads to the mediocrity of the world.

Furthermore, there are many people who were born in a extremely poor region, yet they became successful persons due to the hard work they constantly showed and the multiple failures they have experienced, that helped them work harder on specific goals, and that have made an enormous impact in many young minds since it exposes how someone could be able to achieved anything they are expecting, if you keep trying. If individuals were to give up in the first try, we would be a world with ignorant in it.

Moreover, It is psychological proven that a brain can effectively works in better conditions, if they seem to be in a place where failure could be the main issue. We, as humans tend to follow other's behavior to feel accepted by society. If we keep encouraging people to practice resilience, they would most likely be able to manage every hard situation in life and would have the courage to keep trying even if they are aware they might fail, in other words, they would be practicing negative reinforcement that is based on failing but being aware they could have rewards at the end.

Overall, Failure plays an essential role in the pursuit of success since it gives individuals the challenge of becoming better human being and achieving their goals regardless to the situation. It exposes how human behavior react with the idea that success is not only one extraordinary idea. Success means being able to manage the situation with resilience and perseverance even if they seem to have made multiple mistakes. It influences in many adolescences, gives the hope of being able to achieved their expected accomplishments and it provides higher knowledge from their mistakes. A successful person is the one who have seem to dedicated their time to be able to greatly achieved their dreams. ",500,11,Female,Economically disadvantaged,Hispanic/Latino,train,4,4,4,4,4,4,4,3,3.5,4,4,4,4,4,4,4,2,2.5,4,4,4
7B0C76128726,Success and failure,"I agree with Prime Winston Churchill; in he saying there is a lot of true and motivation. Failure is the most important element in the pursuit of success. Being successful is not a easy thing for anyone; there is a journey that you have to get through with many obstacles that you may fail at the first time. Also, no matter how many times you fail, you shouldn't give up on you want to do. When you continue to fail, your learn a lot from this mistakes or problems. The better thing are never easy to secure; we always make mistakes, but never too late to start again. As Winston once said ""success consists of going from failure to failure without loss of enthusiasm'' This statement is most certainly true if we are welling go put in the effort to past though feature and attain real success.

If you really want something you going struggle for that and effort the most you can. Everyone who is successful has been through things that has caused them to fail in something the admired dearly, but remember you should never lose hope; mistakes allow you to view your challenge from a different perspective. Failure is only an opportunity to begin again, only this time with a better plan and more understanding. Failure is an unavoidable obstacle, so you must be ready to affront and learn about it. Look examples about people who don't lose hope and keep trying until they did it, and see that these people are representation of success. See the mountain they've claimed and look to it for inspiration and all they sacrifice.

In conclusion, we come to learn more from our failures and difficulties than from our successes. Failure can bring us to better ourselves and begin our plans once more, this time more wisely. If everyone was to successes in their first try, we would not feel accomplished in the presence of success. The most important message to take from these quote is that after you have acknowledge both why failed and how it made you feel, you must attack the obstacle again with enthusiasm. Success it is hard work, perseverance, learning, studying, sacrifice and most of all love of what you are doing or learning to do.",364,12,Female,Not economically disadvantaged,Hispanic/Latino,train,3,4,3.5,3,4,3.5,4,4,4,3,3,3,4,3,3.5,3,4,3.5,3,4,3.5
7B4B838D8360,Success and failure,"First of all, I agree with Minister winston churchill once he said success consists of going from failure to failure because when you failure somethig you have to see the important role the faiure plays in the pursuit success. In addition, you have to think about your ideas. Forexample, when I know the position of superviser is avilble at my work and traying to work harder and harder to get this position,but after three years of working hard they gaive this position to someone ealse at this time i feel failure and I keep asking my self why they did not give me the position. Moreover, after two month the manager taking to me about why I am not working hard same like before, and you telling him about the superviser position and you did not ask me for it you just give it to someone ealse. Socend, the city manager called me to ask me if I am still interstiing about the postion or not I said yes I am intersting for it. Then he meet me at the work and said to me to get the position you have to do a lot of things before I gave you the position I said a lot of things like what, I am always dowing every thing at work. Third, he said I have to work all the positions in the reastorant the positions are the following:Foodrunner, Host,Selver,and

Ketchen. And after all of that you will get a traning of two other restorants. In addition to that, I have to disid if I still need the superviser position or not, if I said yes I still need it thats mean I heve to do all the thigs what the manager said it to me to gt the position. FOrth, I accept my manager ofer, and i worked all the positions in the restorant accept the bartnder.

Fivth, the superviser position is good I will get good money and indepence on the location of the restorant our location in Washington Dalles International Airport. Thats mean the restorant always busy specialy Saterday and Sunday. Moreover, I am working with the campany since the open the restorant I am the seniorest preson in the restorant because the campany changed the manigment three times until now.

Then, when my manager saw me morking extrimly hard and when the city manager taked me again I am finaly get the suprviser position

Firs of all, when you going to failure to failure without loss of enthusiasm it is very great to have your enthusiasm and you have to belive in it, because this is the only way to seccess in your life.",413,12,Male,Not economically disadvantaged,White,train,3,2,2.5,3,2,2.5,3,3,3,3,3,3,3,3,3,3,2,2.5,2,2,2
7BBB35F9D1BD,Success and failure,"If I had to take a side I think I would disagree. One reason is that you cant always have success ,there's times where somethings don't work out. Then there's failure and thats how you have success in anything from learning from your failure But there is time where when you fail and your enthusiasm is gone because of that.

The one reason I agree is because there's time that you just cant have success. I have had that in my life in many situations. Once when I was playing soccer we had won all the games and then came to the day where we were playing for first place and we lost and that day all my enthusiasm was gone. I was so mad and just had no energy. I learned that there times that I wont win and times I will it's part of life but along the way I learn new things. Then there school there you do go from failure from failure to success because once you make a mistake and you learn from it and do better next time because your already know now but it does bring your enthusiasm down.

The next reason is that failure does does make you have success but also it make not encourage to keep going. From the first time you fail to the next will will learn something and later on when it happens again that's will you will get it. When you do fail and fail you lose enthusiasm but gain it back when you have success. You feel sad and mad and just not excited no more when you keep failing again and again. So when you fail and fail again you will away lose enthusiasm because you just can't get it.

So if I had to pick a side I would disagree because you cant just fail and fail and then have success and not lose enthusiasm. And I disagree from experience because in my life I fail and never still had enthusiasm after failing maybe some people do but I speak from my point of view.",290,12,Female,Economically disadvantaged,Hispanic/Latino,train,4,3,3.5,4,3,3.5,3,3,3,3,3,3,4,3,3.5,4,3,3.5,3,3,3
7CC4A8E1948E,Success and failure,"Winston Churchill is a good person everybody knows that, a person that give good idea or a person that bring idea to life . Thing he say they are true, they can open your mind, and make you think.

Yes : I agree with Winston Churchill. I know some people say that too, to be success at first; you going failure to failure, in once you try not to failure guest what, you fail again. This can be happen , but Winston was right , to success you can fail all the time. When somebody want to be success in he/she fail, that doesn't mean they cannot "" try"" again. But the thing is, they need to get up in keep trying on till then.

If success brought people failure to failure, then what would that be in life, when you fail on try to be success, it not a bad thing cause sometime in life either you: win or you loos, but at least you can try one more time. Failure might be discourages you, but you can Always keeping going to accomplish your gold, or maybe you might "" successful"" after all.

1)Success is a good thing for those who fail in fail in the results, they successful. Winston idea was right, so my position is that success consists of going from failure to failure without loosing enthusiasm are lesson you. With enthusiasm your success going greats and fast. Thats it true enthusiasm try to find your success can make a big differences. An in endurance can bring you to successful too, in time you'd need it.

2)If you pursuit or enthusiasm your can success anything that you thing that hard can be easier's for you, cause you put your ; Enthusiasm, and convicted your issue. Failure without trying "" does not"" gave nothing excepted discourage, in that will be stupid of you if you failure in you give up in the same time.

3) Failure to failure without loss of enthusiasm will give you something in return, in that is ""fact"" no dispute about it. Even those who loves you can make fun of you, it they sees you keeping failure; or stay away from you on till you ""win"" or find what you want's.

Anabel for you to be success you need enthusiasm, it gonna give courage, and not to focusing on you failure, then you'll never success or accomplish your gold. For example : Generic_Name his a psychology teacher in Generic_School,Generic_Name never thought he will be a teacher cause his gold was to teach psychology, unfortunately he cant past his test so that he can graduated, but he thought about it , he put all his enthusiasm on it Generic_Name past the test in now his a successful guy. There are tree reason that "" success consist of going from failure to failure without loss of enthusiasm.

ONE, if you a failure in you didn't put your enthusiasm on you ""success"" you'll never be successful.

TWO, take example about people who never thought they will success, such ass Generic_Name, Generic_Name,and Generic_Name Generic_Name.

TREE, always get up when fail, always focuses on you success, and take that serious when you a failure. As a Mather of fact , look at all the Hollywood stars' , some of them didn't born with success some of them were poor, having no skills ,and some of them didn't have no education. They work hard in hard to be success cause that was their gold to be "" success"" in they accomplish it even if they fail sometime.

Winston Churchill was right about that, i'm 100% agree with his statement. If you a failure in then you loss your enthusiasm you will never be "" success"" . That's a true statement for success, in

I really Agree with Churchill's statement about the important role failure plays in the pursuit of success.

If you have a gold to be success in you though you a failure , don't like that why cause with : enthusiasm, and consists you can accomplish anything, even thing that you image you'll never accomplish or be success.    ",606,12,Male,Not economically disadvantaged,Two or more races/Other,train,2,3,2.5,2,3,2.5,2,3,2.5,2,3,2.5,3,3,3,2,2,2,2,2,2
7EA986233EDA,Success and failure,"One of minister Winston Churchill most famous quotes is ""success consists of going from failure to failure without loss of enthusiasm"". Some people think that most people are consists on going with failure as a way that shows us that most people end up with failure again. They feel that it's true most people end up failing and end up doing the same process over and over again. I believe that most of the people should believe that success can be achieved only if you try but you will end up failing some of the times because first reason some people give up so easily and second reason they'll never give it their best some of the times and final reason is that people end up saying ""it's too difficult"".

First reason is that people most of the times end up giving up is because of the lack of things such as work or other sorts of jobs it could also be anything in life that people will give up on. It could be like saying it's a job and your been stressing out so much that you couldn't take it anymore so you decided to just call it quits, but for this problem people should always try there best and never let any other problems get into the way of their accomplishment, all ways stay positive and never lose on what you enjoy like giving up on it.

Second reason could be is that people don't ever try giving it their best it's always a been a problem cause some of the times people end up saying i'm not going to even try. you'll need to give it your best and try to give it all you got it could be on a test or it could also be on another problem in life by doing this you could achieve on being successful and end up doing great with no struggle or bad choices.

Final reason is that people end up saying that ""it's to difficult"" but by showing this people can make it difficult on themselves by not focusing or doing what your supposed to it can be in some situations where you have difficult times but in the end if you end up following direction or staying on task it could led to having a successful accomplishment.

As you have read that people should have any other way but to be always successful and always trying your best, you will end up failing but it's always good to never giving up. Only when will we ever end up failing that will always find a way to end up doing it correctly. On that day will we ever have to worry about failing.",426,12,Male,Economically disadvantaged,Hispanic/Latino,train,3,3,3,3,4,3.5,2,3,2.5,3,4,3.5,3,3,3,3,3,3,3,3,3
7F336F4B9442,Success and failure,"Yes,I agree failure plays in the pursuit of success. Some people when they fail they learn what they did wrong and next time they fix it. If they don't understand or learn from there mistakes. They can't get success in there life. If anyone did any mistake try to fix it. If you can't fix it. Get help from your family or your friends.

When i was in 9th Grade. I don't like math. Because i don't understand math question. I read my question and find mistakes. What i did wrong. Then i fix my mistakes. I do my work again and again. I do my work very hard. I ask my teacher about anything that i don't understand. She help me lat to learn math. Because i did my work hard now i get the success. Now i am good in math.

When i came in United State. I don't Speak and understand English. I made many mistakes to write the work or speak. I try my best and I learn English from my teachers from my friends. Any word i don't understand i look in dictionary. If i can't find word in dictionary i ask my teachers. I speak English at home with my brother and sister they fix my mistakes and its help me to speak better English.

Some people when they loss they don't try it again. Because they think that we are not good at this. Cause of that they can't get success. peoples who are around them they need to help them motivate them so they can try it again. like Sport coaches motivate there team before they match. When someone motivate other they get energy to do something. Don't be afraid to loss next time try with more power. Everyone loss in there life and they learn from that.

Reasons why people fail. Because no one understand them so they think that no one care about them. people need to understand other problems and help them. Tell them that you make this mistake try to fix this and you will be better.

When someone break his/her leg. Then he/she is so afraid to walk. because he/she think that it's very painful. Then someone help his/her put his/her hand on the shoulder. Then they slowly slowly put weight his/her leg. Like this you don't need to lose enthusiasm in your life. When you feel failure see other people read about them that how they fight when they fail.

Many American famous people loss in there missions but they don't loss there hope. They try it again and now we are read about them. Because they did many things. Thats help us make easy and fast to do our work or travel. Like Airplane, Electricity, Computers, Cars, and many others things.

Some people fail in there life. They try again but still they fail. So try something else that easy for you and you can make your life better. Like if you are not in a basketball try soccer or baseball. which one is easy for you. Choose that and do hard work on that. practice every day don't be lazy.

I want to say that do what ever do you want to do. But do that you are good in and easy for you. If you like another thing thats hard for you. do hard work on it and make easy for you. Don't lose enthusiasm. how this world work? help others then they will help you not all ways.",584,12,Male,Not economically disadvantaged,Asian/Pacific Islander,train,3,2,2.5,3,2,2.5,3,2,2.5,3,3,3,3,3,3,2,2,2,3,2,2.5
7F4706C105DE,Success and failure,"Do you agree with Churchill statement about the important role that failure plays in the pursuit of success? Yes because in order for you to be successful you have to fail a couple of times. For an example when

I was 10 years old I lived in Miami Florida and I played football. Every kid I went up against they were faster than me and better and I got mad because I was not good enough. One day the coach pulled me after practice and told me what's up this is not the kid I saw play football in Miami Beach. He then matched me up with the best receiver he had and I still didn't surprise him with that kid he saw on the beach.

After a while of training and training back to back coach then matched us up again now I was faster and better it got to the point where I was his star receiver that season we finished 10-0. We went to playoffs and finished 5-0 coach was really happy in 10 years of coaching he had never achieved something like that with his football team. But it was the final game everything changed the team we went up against had stronger and bigger players they first took out are running back with a neck injury so that left me playing two positions. We were up 21-7 its second half 2 minutes before half and next thing you know I had both tight ends and safety hit me at the same time both tight ends hit me in my knee and I was done. What hurt the most was seeing my coach not being able to concentrate he had then even left the special team coach run the plays all because coach went to check on me.

He asked the doctors was I okay and they said he is done he cant play neither can he walk. After that coach went outside mad he was really mad and he then saw the score board it said 28-7. We were still up than theres the halftime coach talks to the players even I did so and they go back on the field we are on the 40 yard line and next thing you know boom are star quarter back is hit. He is not getting up his spine was broken and he could not even move after that coach knew we lost the game but coach did not know that i was feeling better without coach knowing i wen't back on the field the score is 28-28 theres 30 second left and the ball is on the 50 yard line. Coach starts to see the formation he than knew I was on the field and he tried calling timeout but there was no time out left coach knew I could throw but the team did not know my friend Ricky is running he cuts back and runs back up the field as fast as he can I throw the ball he catches it on the 10 yard line and he gets the touchdown coach than ran on the field and picked me up.

Coach then said how did u manage to hold in all the pain after being hit like that I told him the same way my brother managed to cover me when there was a drive by and he was shot 9 times. Coach knows I came from a rough spot in Miami especially the projects. Now i am 17 and i learned from my passed i learned from being a failure for you to be able to be great you gotta fail no matter what nobody is perfect. My brothers always told me if you eat okay now you will eat better tomorrow it is a saying just about being able to actually grind and stay humble. sometimes in life things will not always be easy because that is just the way things are and i personally will be better from yesterday.

How do you think all the star people from now and days have so much money they were not good from the jump they failed a lot in life nothing will never come easy to be great you gotta beat the great. Football players dont just get to be star just like that they gotta earn it. Rappers dont get to get platinum just like that they gotta make good songs. Everything in life is a sacrifice you gotta humble yourself and be able to go out and get it because nothing will be bought to you. you can feed a horse but you cant force them to eat it. ",756,12,Male,Not economically disadvantaged,Hispanic/Latino,train,3,4,3.5,4,4,4,3,3,3,4,3,3.5,3,4,3.5,3,4,3.5,3,3,3
800FE9615C63,Success and failure,"The misnister of

Wilnston churchill, he say that success in life or anyother things, theres a failure and don't lose enthusiasm because of that litlle things or because you fail one time in your try.

I agree with the minister churchill say because succsee it's a way to improve your skills or be betther in what you did and you try to not haves more make mistakes annymore, success can have failure but also you can lern for them, and learn how to rersolve your pronlemsand see how far you can go by trying, how you can have more expiriense by traying and traying again and again, no making mistakes annymore so the next time you don't have the same mistakes or pronblems because you larn about it.

I think with success you can learn a lot of experiance in your life, because with your failure you learn about it, because if you leave it like that you not trying and you are not exploing your self, so if you exploit your self you can see how far you can go to resolve the problems or the mistake you have.

So if you explod your self trying more and more you can maybe resolve the problem or see how far you can go to find a solution, the thing is if you keep trying your best in somthing you don't know exacly what it is or how to resolve it in many times you can find a solution and fix it.

failure is not you are not going to resolve it because if you are doing your best but you keep failure is becuase you need to find the problem you are not seeing, to resolve it failuture is not because is not working success is because you didn't find the solution at your problem.

For my conclusion for success you have to pass for a lot of problems and mistakes so you can find a solution for it, in your life if you don't explow your self you won't know what was the problem to that but if you explow your self you can find the solution and also learn from that, trying hard and hard moust of the times you can find a solution for evryting and that is how you also you can help others with they problems like when they say two heads is better then one.",368,12,Male,Economically disadvantaged,Hispanic/Latino,train,2,2,2,2,2,2,2,2,2,3,3,3,2,2,2,3,2,2.5,2,2,2
806672A60686,Success and failure,"Failure is a simple thing that everyone use to get. some people are loss of enthusiasm but some people they do not by keep trying. In my mind I agree with "" success consists of going from failure to failure without loss of enthusiasm."" this is very important thing that we might think about, The reason why I agree whit this statement be cause of failure brings me a improvement, success.

I always improve myslef when I get a failure. Last year, I was in high school in New York, it was my first year for studying in America. because it was my first time so I fail a tasting so many tests, I could not talked to any friends and I also could not made friends. everything were so hard for me to pass or event talking whit someone, so I keep continued stady more English skill. Right now a year pass, my English is batter than first time that I got here.

Failure make me stronger and bring me success. I got a lot of problems last year, so

I was thinking about go back to Thailand but I always tell myself ""don't give up Generic_Name,you can try it again, you can do it, you will get it"" and I believe myself. I did not go back to Thailand and I got a lot of new things make myself stronger.

the Failure is important role in life. We get success form leaening from our makestake, we improve everytime that we fail. If we give up and walk away from our failure,than we are just a losser.        ",252,12,Female,Not economically disadvantaged,Two or more races/Other,train,2,3,2.5,3,3,3,2,2,2,2,3,2.5,3,3,3,2,2,2,2,3,2.5
8079089BC4D8,Success and failure,"Former British Prime Minister Winston once said that ""sucess consists of going from failure without loss of enthusiam and basically its asking me if i agree on it.

Basically i really have never heard about this prompt but i find it reallu intersting and would love to know more about it, I feel like if there were to ask me an a public place for example now but instead a public place and read about it more and even just reading a little bit about it makes me agree on it.

In my opinion i would definitly agree on it since what he said was pretty true, he basically said something that is basically true and not only that its basically making you think that it is right that ""sucess consists on many thing but for sure loss of enthusiams""which is not wrong now i feel like ive thought about it just couple minutes and its making me think alot about it specially how much ive failed and life and always got up back like nothing was wrong.

May not be true for many people but for sure for me,I would agree on it 100% without doughting it at all , its always the ones that have failed and gotten up who would agree on it, it could be tuff for many to accept it but eventually they would agree to it if they were to think about how many times they have failed and won there battled with fighting for it and doing basically what they really want in their life. All you have to do to get through things are get stronger and work on yourself more, feel valued to your surroundings.

However, I have failed so many times and always thought about how i wouldnt make it not even how hard i try to i wasnt gonna make it out of the dark place i was in and eventually i told myself that it was very pointless of even trying anymore if all i was going to do is fail all over again , I didnt have no type of enthusiam whatsoever was horrible and all i did everyday was loss my enthusiam more and more until one day i got back up like a normal day and said to myself that ""Life doesnt get easier you only have to get stronger' and i realized so much at that moment i wouldnt even believe myself that i was up like nothing and day ago i was not in the right mindset thinking i was a completely failure and even didnt have enthuasiam for nothing. so last i would agree to the saying of the Former British Prime Minister Winston it made me realize alot and a very true saying of course,                              ",500,11,Female,Economically disadvantaged,Hispanic/Latino,train,2,3,2.5,3,3,3,2,3,2.5,2,3,2.5,2,3,2.5,3,3,3,2,3,2.5
81B000BCC5B3,Success and failure,"Succes come from failure without loss enthusiasm. Success does not come as a easy as a it sounds, succes comes from har work and failures.

Succes is not somethig everyone can reach specally without fails and enthusiams. Fail mades people stay down but people decide if yhey want to be down or work harder until they success.

Cristiano Ronaldo is one of the best soccer playes in all the world. When he begins his soccer correar ,he was seen as a normal soccer player, he fail some many times. There were soccer games when he did not score any goals or his team loss. His enthusiasm made him work harder and harder. Hard work made him the person who he is now, he is considered by so many people the best soccer player of all the history but is wasen't easy, fails made him work harder in order to success in his correar after 15 years he keep working hard to be succefully in life.

Enthusiam made people work harder until they reach succes. Enthusiam is the feeling that makes people go foward even they fail multiple times. When people have the type motivation fail is just a symple word becuase most of the people want to keep trying until they finally succes in life.

My mom is a good example , a few months ago she was trying to get her Driver Licence Permit. In order to get it she had to took a test that consist about all the rules in the road. She fail the first time, she was sad beucause she could not get her permit but she had a big motivation inside her that impulsed her to go and retake the test again. She fail the test twice , she never give up she worked hard to pass the test. She did not tooked the test 3 or 4 times, she toked 5 times until she finally passed the test and she got her permit, months later she go her Driver license. She fail so many times but she never give up. When you want to succes does not matter how many times you fail, you most get up work hard until you succes . As you can see, succes consists of going from failure to failure without loss of enthusiasm.",365,11,Male,Not economically disadvantaged,Hispanic/Latino,train,3,3,3,3,3,3,3,3,3,3,4,3.5,2,3,2.5,2,3,2.5,2,2,2
827D807512AB,Success and failure,"churchill's statement about the important role that failure plays in the pursuit of success? Success consists of going from failure without loss in enthusiasm. I think that churchill's is wrong about that failure of the plays in the pursuit of success because not many people are failure of there success and many people are in inspired from what they are going and so many people are pursing a failure.

Firstly, not many people are failure of there success. For example people that are failure is not succeeding in doing something else. Lets say that student that goes to school that they don't want to succeeded in there education. That they don't want there education for college or a university if they don't succeeded . Another example is if you are not succeeding then you can't do something just as outcome.

Secondly, many people are inspired from what they are going to succeeding. For instance people are are working or getting a job they have to be inspired of there job they have to succeeded in what they are going. They have to love they job or do a better to succeeded in there job. If you succeeded in your job you might get a raise.

Thirdly, so many people are pursing to failure. They don't want to pursuit anything because if they do then they are not succeeding in doing something else. for example if a students want to graduate on time with there class mates they he has to get good grade pass the sol then he has to succeeded in school. They have to be enthusiasm meaning they have to be inspired.

Iin conclusion Winston churchhill's is a failure of the plays in the pursuit because not many people are failure that who want to success and many people are inspired from want there are going and finally so many people are pursing to failure.",306,11,Female,Not economically disadvantaged,Hispanic/Latino,train,3,3,3,3,4,3.5,3,3,3,3,4,3.5,3,3,3,2,3,2.5,3,3,3
8399BA1DF44B,Success and failure,"I am not agree because everybody in this world can be freedom to think or to do whetever they wan because we have the independence of right. They can enthusiasm for things or wons that they did.

If they want to do that the rule said is they decition,or they opioniom because they are freedom right, but i am disagree with thus rule for one reason, that it's. That if they don't want to failure you have to fight for yours dreams for everythink that you can do it, and say thank u god for give me that opportunity and say i am so pround of me.

you never give up just kept going and follow your dreams to have a good future and don't be failure and don't play with that things beacuse you can practice once and you can take that thing for a while of your life.

I will give you one example for this thing, you see the poor people that they follow the rules just for money or do whetever things just for money is because they just wanna a good future for they kid's and they don't wanna failure they just fight for they kid's to have a good education and they hope that one they they can be somebody profetional like doctor and help them family to get out the situation of poor.

I hope that everyone in this world can see the right things and complete and don't be afraid if you don't do nothing bad why you suppost to be afraid you have your right laws. If you play wiht that thing you can fail in your life, but you can learn that way because when you broken down and you say i can't continue with this, is when you have to say i am stronger, the life give a leason, and i learn about that. Now i see and i can be better.

You can see now that you can do it. When you wish something like be profetional, soccer player, but if you play with failure you can fail thats right you can not have to play wiht that.

Also there is going to be peoples in your way that they dosen't want that you can be happy, like a fake friends, and sometimes we were really surprised because someones in your family are fake too, but don't pay atention to them just focus in your dreams and finish.

Another example is my self because when i came in United States, i don't even know English and i thoght that will be more difficul for me, i thoght that i will fail every class, but is not how was i thihk because i just focus in my class and i work hard every single day, and i never fail one class that's right you never have to loss the enthusiasm in your life and enjoy every single day, because the life is just one and we has to make the most of opportunitys in this life, and be happy every single day.

When i came in United States without my parents i thoght that will be more difficul for me, at the beginnig was so hard because i always live with them but i never give up because i know that they want a good future for me and i saw that way and now i juts want to help them because they are a good example in my life they say to me, son just fight for your dreams and don't worry about us you know that will be ok and that's right i never loss my enthusiasm because i want to reversed the help that they give me one day.

My father and my mother say, you arer the reason for work and fight so hard for you. You will have a good future don't be afriad don't loss your enthusiasm. That's right i never loss my enthusiasm because i take the example that they give me because i wanna be a good example for my childrens and be like my parents or better.

When you have a problems to solve and you feel that you can fail just think creatively about different ways to solve and actively work to balance your mind, health and emotions or enthusiasm. we have to develop many ways to solve the problems. Our environment it will be consider many perspectives, and how we can work to balance our mind, health and see many solutions in our life.                     ",729,12,Male,Economically disadvantaged,Hispanic/Latino,train,2,3,2.5,2,3,2.5,2,3,2.5,3,3,3,2,2,2,2,2,2,2,2,2
852C90E3FA05,Success and failure,"Yes, I'm agree. I'm agree because the success consists of keep trying without never loss the enthusiasm. You need to keep trying until you get what you want because that's the goal.

I will give you, and tell you what a pass through like a example. When I came to the United States; It was a may 21, 2014 (I thinks that's the correct day, I'm not sure). I was 13 years old, almost 5 years ago. I didn't know any English, but I said to myself, ""I'm never giving up, until i get it"". That was my goal. I learned some English, how to write it, and how to speak it, although I'm still learning it, but I keep going trying it without giving up, and the most important think is without losing the enthusiasm because if we want something, we need to keep going, and trying until we get it.

Some people think they can do it, and those people prefer to gave up, and NO! That's wrong. YOU NEED TO KEEP GOING UNTIL YOU GET IT, and NEVER GIVE UP! That's it. :)",158,12,Female,Economically disadvantaged,Hispanic/Latino,train,2,3,2.5,2,3,2.5,3,3,3,3,3,3,3,3,3,2,3,2.5,3,4,3.5
857B7FB712ED,Success and failure,"One topic "" success consist of going from failure to failure without loss of enthusiasm"". when the person want to progress with something the person maybe failure or maybe not, if you work hart and you focuss on your goals because everybody try to do some better on his life.

I'm agree with churchill' because the statement is important role not always your won when the people has a goals , each time when we try something new, we will able to success the first time but the problens is to how your work for you not failure on your life. when you start everything is enthusiasm only you know how work going for the future you cant not failure.

Second ereason, the british prime ministern say that because maybe he do something and he try to do with different ways. The

British look at for you wan to have something good or other thing is when you start but the first thing is when you failure because not always your won on your goals but if you want to mejories your own life, you need to focus on goals and them you will have your success on life. When you get a success, your was enthusiasm.

Last reason, I see if you want to be successful on your high school or in your job you only need is beleive in your self.

Because you was enfocus at 100% when you wannt or need something tat was be more easy for you beacuse you work really hart for take a success because when you have success you was a enthusiasm and them you try to work more and them in your future was more success.

conclusion. to the british say that is really important because not all of person want to work hart for won and them take success. On my case when i start study on Generic_School , I failure to many time on my class because on the time i dont like do nothing but when i failure the last time on my sol . I say and thing own my self , to i want success on my class . My goal and dreams is pass my sol and graduated from Generic_School.",370,12,Male,Not economically disadvantaged,Hispanic/Latino,train,2,2,2,3,2,2.5,2,2,2,3,3,3,2,3,2.5,3,2,2.5,2,2,2
8772F74F5EE0,Success and failure,"""Failure is not the worst thing, not to try is worst thing in the world."" To become successful, people must try. They should not give up. If people fail and grow up without losing hope, they can be successful in their future. Although some people thought failure is not good for their life, nevertheless, some were thought failure plays an important role in their life, because, it makes them to learn more about themselevs and become successful in their life.

Failure can make people to learn more about their self. Because after failing, people can know themselves better than before. They can know about their strength and weakness. For example, Generic_Name told her friend that she is good at Science and English. But she said she is not good at math. For that, she don't like to do math at home or do it by herself. She always copied from board in classroom. Because she never try to do it. Suddenly, one day in her math class, she was called by her teacher to solve a math in board. First she was saying that she doesn't know how to do it. Fortunately after looking at the question, she did it. And then after this, she got to realize that she know how to solve the equation problem. Which makes her feel confident about math and herself. While she was talking, one of her friend interrupted her. And said that, he was satisfied with her math. Unfortunately, she failed one of her test, which makes her feel bad. After test correction, she got to understand what she missed. So she prepared herself for retake and she took the test second time and then she pass the test on second time with a good grade. Some people who fail on first time can also prepare themselves for next time. Which can take them one step ahead of their goal.

Furthermore, failure can make people successful in their life. To become successful people have to have positive enthusiasm. For example, Generic_Name is senior of Generic_School. In order to graduate she need to pass her English SOL. Because when she was a junior, she didn't pass her English 11 SOL. But this time she tried her best with positive energy and she didn't gave up. As a result, she pass her English SOL this time. Some people also cannot reach their goal in first time. But that doesn't mean, they never can be successful. To reach a goal, people need to pass the small steps first. If they fail, they can try their best for second time. And always there is a second option for every problem. For to become success, people need to learn from failure and they have to try again and again. And then they can become successful on thier life.

Overall, without loss of enthusiasm people can reach their goal by failure. People can successfully reach in their goal if they learn from failure. From failure people can learn more about themselves. And people have to have positive energy and hope to handle any situation. Because failure is an important role that plays in the pursuit of success.",508,12,Female,Economically disadvantaged,Asian/Pacific Islander,train,4,4,4,4,3,3.5,3,4,3.5,4,4,4,4,4,4,4,4,4,4,4,4
8A165723DF82,Success and failure,"Failure Is Success

Nothing can make you stronger then failure. It make's you more success In life, even helps you to learn a life lesson, that you can do much more then what you could image to build your life and happens.

When you did something and It makes you failure don't think that why did that happened, or why did you do that although, give up that you can't solve It, you should know and everyone else that we all are strong we will not know until failure comes to you that you are much stronger and be powerful with what you have and what come's to you

Nothing Is more Important then success your life, sometimes failures and make you life hard but It can make your life more powerful, that you will trust yourself and, It will make you stronger and you will take more responsibility for your next steps. For example, my father would tells me all the time that when you get older have your on business and you need to be strong If your not strong ""failures"" can heart you so that's why you need to work so hard and be strong as will to reach your goals. Although even If you have a good life don't think that's It that you will not have any problems anymore. If you don't work hard and not be strong failure can make your life so harder

On the other hand, life is a lesson and challenge for everyone It can take a risk so you need to be strong for what ever come to you and be powerful for not any failures so to you and break you. For example, my mom would tell me life Is a lesson each day you will learn something different and you will get stronger so you don't know when and what will happen to you so mantle and physically be strong. However If you did something learn you mistake lesson to not do It again and forget the mistake.

However, It's not good to have failure some people can't handle It so they kill them self. On the other hand, failure Is good because they know how strong and powerful thy are and nothing can break you or failure you.

Being powerful and strong Is so Important so that life will change you no matter. How or why, so you should all ways learn your lesson that, why or how did failure In your success life and happiness never let anything come between you, because you will get stronger each time and better.",391,12,Female,Economically disadvantaged,White,train,3,3,3,4,4,4,3,2,2.5,3,3,3,4,3,3.5,3,3,3,3,2,2.5
8A80B525C75D,Success and failure,"The Former British Prime Minister Winston Church Hill once said that "" Success consists of going from failure to failure without loss of enthusiasm."" I agree with Church Hill because , some people do fail multiple times but they keep doing it until they get it.

British Prime Minister Winston Church Hill was from WWII to help the British to fight with the Germans on war. He help people in his country and America too. Church Hill gave a speech that said

"" Success consists of going from failure to failure without loss of enthusiasm."" Think that people fail on and on that he mighty think that some people can do it when they need to do. Church Hill the Prime Minister of Great Britain wanted the people to know that your not the only one that fail all the time. Others people are the same like you and your not alone.

He says that we can do it even if we keep trying and trying that it will happen soon for you. That you are responsible to your own work and responsible on your own. Church Hill might? Be the same like us in our life. He might deal with the same problem like us in our life. Even tho he work in the government with other smart people but he can be the same issues.

He want people to know that your not alone you have others to help you in your problems and issues on yourself and others.

He want people to know that your not alone you have others to help you in your problems and issues on yourself and others will help you in life. ",267,12,Female,Not economically disadvantaged,Hispanic/Latino,train,3,3,3,2,2,2,3,3,3,3,3,3,3,3,3,3,3,3,4,3,3.5
8C34447FF21C,Success and failure,"I have heard that many people gets bully by others people sometimes, and which is I don't understand, why this it happens probably for the color of you're skin and we all are the same just the color of the skin is different. Or can be other reason why they bully other people, which is people who gets bully they could kill themselves about getting bullied by other ones and thats a bad situation.

But those bad people they keep on bulling they don't stop until something happens and I ask my self why? this happens sometimes, probably its because we are different than they are or they feel more stronger than other ones or can be any other reason probably they are rich they have more money than other people, probably thats why bulling someone is not nice it could cause bad things to you.

And I understand that its hard for those people who are suffering about bulling, and its hard to support all that when you get bullied for someone, when you bullied i thin k is not for some reason and its horrible for those people who gets bullied by someone, I think thats something that those people who are bulling they should stop bulling those poor people.

What should we do about bulling collaborate to stop we should stop because, it can cause bad situation to those people who are bulling other they can go to jail for the reason they make fun of others, why they can go jail because those poor people who are getting bullied they could kill themselves and thats why they can go to jail its a bad thing thats what can happen to them if they don't stop bulling           ",246,11,Male,Not economically disadvantaged,Hispanic/Latino,train,2,2,2,2,2,2,2,2,2,3,2,2.5,2,2,2,2,3,2.5,3,2,2.5
8ED2404D111E,Success and failure,"I am agree with Churchill statement about the important role that failure plays in the pursuit of success because if i felt the ESL, my feeling is to think positive and there are many students that can't graduate and they put all the energy to pass the classes.

If i felt the ESL, my feeling is to think positive. Many students fail ESL but they never give up. There is not easy to pass ESL, but you have to put all the effort to do it right. Many students think positive and put all the energy to passed.

There are many students that can't graduated and they put all the energy to pass the classes. Some students study to much and never loss the enthusiasm to pass the classes and be graduate's peoples. Students put all the energy to graduate because they want to have a career for in a future to be a better peoples. Many students put all the focus in class to can be graduates.

Other said many peoples fail and fail and don't put the interest to get ahead. Some peoples preferred to work and don't finished the high school because they pass only failing the class and loss the enthusiasm to get ahead. There are many peoples that loss the interest to be better peoples because they are teared to fail each time. I think many peoples that fail they loss the interest to be betters in a future because they are bored to pass to the same thing aver time and preferring to don't get ahead.",249,12,Female,Not economically disadvantaged,Hispanic/Latino,train,2,2,2,2,2,2,3,3,3,2,3,2.5,2,2,2,2,2,2,3,3,3
92D03AB56C53,Success and failure,"Failure the Success of Life

Winston Churchill was a British Minister.

He was a writer famous for his phrase that he ussually used.

Once said that ""Success consists of going from failure to failure without loss of enthusiasm.""

I belive, that failure is an important element that plays in the persuit of success, because the failure lead to succes, failure is unavoidable, learn from your mistakes, and the failures often leads to problems.

One reason is the success that consist of going from failure to failre without loss the enthusiasm.

Failure is unavaidable, the path of success is not a straight on.

Every people have to fails sometimes in the life, but that is part of the life.

For example sometimes, invest money in some bussiness, but we don't know if go to win a lot money, or lost all the money or just one part of money.

If for some reason we fails, doesn't matter, we need to try again, maybe that would be the success to have your company owner. Never say not, before try it.

Another reason, is to learn from your mistakes, if you make a mistakes at least you know, not to do it again.

A failure might put end thing idea or opportunity, but lead you others.

If you ready failure and you know what was the mistakes try to find a solution, and not come back with the same ideas, you need to learn for each mistakes.

For example, if I say something wrong, like English word, if somebody heard me and corrigir me, I try to not say that word again.

One more reason, failure often leads to problem, we need to solve our problems and getting throught difficul times makes you smarter and stronger as a person.

By dealing with your failures you will to be prepared and have most experienced in the future.

If you know that to fails before, so you are somebody with most experience in the life, you know that if you have a important roll in your work, that is why you to fails in some time, but you need always to continue ahead.

Everyone have differents kind of problems, but each problem have solution.

If for find solution is possible that we go to fails, just doing that, we need to solve each problem without doesn't matter what come ahead we always want the success.

In conclusion, failure can change who you are, and what path you're on the life.

To fails in our life is something that cannot to avoid, but we not wanted to be a failure always, we want to change and have success. Each mistakes is a success more in our life, I think that failure it plays an important role in the persuit for the success. We need to pass for differents path and in each one, we go to learn new things.

Mistakes only makes smartes, and working to solve problem only makes us strongen.",495,12,Female,Not economically disadvantaged,Hispanic/Latino,train,2,3,2.5,2,3,2.5,2,3,2.5,2,3,2.5,3,2,2.5,2,2,2,2,3,2.5
92F6C1E71237,Success and failure,"This is a very good prompt to write about but i might have to agree on this becuase if you keep failing in life and sometimes you get bored of it you might have to change your mind and be success. Bacuse fialling in life is not that easy for same people. But sometimes people might disagrer it becuase if you fail you can't be successful in life, and if you are trying to get a job and you keep failing on what the boss is asking you to do you might not get the job. Even thought in school you can't keep failing.

I also agree with Churchill's satement becuase you can't just success in life without trying becuase life is evry hard to success in it. and if you wants to be success you really have to try in life, there's so many people in life that don't have job,place to sleep or food to eat becuase they did not success in life. Success also consists of going from failure to failure becuase sometimes in life you have to fail, no one in life have success from the day they were born.

My comclusion is that failure can leasd you to success.    ",189,12,Male,Economically disadvantaged,Black/African American,train,3,2,2.5,3,2,2.5,3,3,3,3,3,3,3,2,2.5,3,2,2.5,2,2,2
93DF867BE1C5,Success and failure,"I am agree with Churchill's statement about the important role that failure plays in the persuit of success .The Success consists of going to faillure to faillure without loss of enthusiasm. Next the success consists in many things. For example the Prime Minester Wiston Churchill said that, because he always persuade . That the enthusiasm is it the most important to any business or personal in your life consist in that simple word.

First I think that prompt has a specific message that persuasive that everyone who read can reading the message. So if who read the prompt may perform their success and should not failure in the future business. Next the futere business can thinking about it. Then if they don't have any enthusiasm they won't have success in a not very far away future. Finally that is what I think about the prompt said Churchill's statement very important role that failure plays in the success.

First I think it is very important that statement role that failure plays in the pursuit of success. Second if you persist and never give up you should be successful. Also if you are not persisting what you want with enthusiasm. That means you will have the same situation going to failure in your live. Then finally never loss the enthusiasm that is the point for all success.

For the success if you are unwilling have a little enthusiasm. So, as you are trying to do and you fail. It's only one reason that was not enough enthusiasm to doing it. You have to preform and trustly in yourself.

Also I think that success is for who are looking and persist with enthusiasm. Finally that is the enthusiasm consists in the future.

The important role from failure to failure without loss of enthusiasm. I am agree with that statement said, you never think you cannot do anything. Also I think if you feel without enthusiam you always will failure. So if you purpose is the success you should hard work and don't feel you cannot. Then if you willing you won't failure. Finally I think just sometimes that if believe in yourself you may do anything including if you came from failure to success.     ",337,12,Male,Economically disadvantaged,Hispanic/Latino,train,3,3,3,3,2,2.5,3,3,3,2,3,2.5,2,3,2.5,3,2,2.5,3,3,3
93EF5F755313,Success and failure,"To who may concern.

The Former British Prime Minister Winston Churchill once said that ""success consists of going from failure to failure without loss of enthusiasm"", is well know that some people believe in this statement and some other don't. There are some reasons to believe this is true: one, failure gives experience to do it better next time, two, failure makes one think about different possibilities to be prepare to control the situation, three, failure gives the option to try again.

First, failure gives experience; this helps to learn how to dont make the same mistake. For example, to learn how to cook is a ""try and fail"" because one needs to put a specific amount of spices and vegetables is a long process to give the food a good flavor; failure said what are the mistakes one needs to correct like to dont put much sugar in the cake or dont put much salt in the salad. Another example, learn a new language is difficult in various forms like the pronunciation or the form to make a sentence; failure give experience to improve abilities like these too.

Second, failure makes one think about different possibilities. For example, if one try to built a ship inside a bottle and fail because the little pieces of the ship broke inside for dont be careful, that persons if going to think about what can make the pieces break next time to avoid the same situation. Another example, if one flew a kite and a bird or the wind make the kite crash, the next occasion ""what can make the kite crash?"" is going to be a possibility to think.

Third, failure gives the option to try again. For example, take a test driver and fail but still studying to take it again; to get the necessary score to pass, this show that person decide to try again. Another example, when one try to learn how to do a magic trick, the first times fail is guarantee, but with perseverance one can be the best magician, this can be only reached if one decide to try again after fail.

Although, one can learn from the failures, is not necessary fail to success, but sometimes one can't decide to don't fail; fail is a form to learn something from the mistakes, for example, fail to do something can make one know what is wrong and what is necessary to do to correct and prevent a future failure.

In conclusion, one dont need to fail to learn, but ""perseverance is the key for success"" and when one go from failure to failure without giving up; the action to dont give up show how capable is that person to success.",439,12,Male,Not economically disadvantaged,Hispanic/Latino,train,3,3,3,3,4,3.5,3,3,3,3,4,3.5,3,4,3.5,2,3,2.5,2,3,2.5
9528CA8FFC22,Success and failure,"Farmer British prime minister Winston Churchill once said that ''Success consists of going form failure to failure without loss of enthusiasm. I agree with Churchill's Statement because some time in life u fail but never gave up in life. keep fighting and you will get to the place you want to get. Work hard if u fail and fail never say i'm done trying the same thing over and over. Because one day u will not know what will happen if u keep trying.

Firstly,Some people think that success consists of going from failure to failure without loss some time people feel safe without loss in their life. For explane you trying to became a prime minster in the future and people telling you. Can't became a prime minister but all you get to do is work heard in life true in yourself you can do anything you put you mind to in life.

Secondly. some people think that success consists of going from failure to failure with a loss. Some people think that failure to failure is good because some time people like to try one think over and over on tell they do good at it so that what some people think in life to gave when the chances to do the same thing over and over even if they could't do it they just when to keep trying.

Sometime people think that success consists of going from failure to failure without loss. Because they dont like to keep trying one thing over and over so they feel safe without loss in their life. But other think that success consists of going from failure to failure with a loss. Because people like to try the same thing over and over on tell they do good at it.

Conclusion, sometime is good that ""success consists of going from failure to failure without loss of enthusiasm."" In everything you do in life. But sometime is good that ''success consists of going from failure to failure with a loss of enthusiasm.'' in life...          ",303,11,Male,Economically disadvantaged,Black/African American,train,3,3,3,3,3,3,3,3,3,3,3,3,3,3,3,4,4,4,3,4,3.5
963501C88479,Success and failure,"Some people say that failure plays in the pursuit of success. Other people say that failure do not play in the pursuit of success.

Some people say that failure plays in the pursuit of succes because if we fail we learn how to stand up after every time we fall down,For thing we never had we have to do something we never did,If we fail big we learn big things,and we fail once we have to try again.

In life stuation we fail but it does not mean we never pass,Life is hard to deal with it but we can deal with it,every time we fail we have opportunity to fix it,Life is about gulliblety bad ideas come to our mind but we don't have to think about it we have to think positive,Every time we fail we think we are guilty,We think we are useless,We think we can not do it but there is somwthing in the back we have to catch it that thing is success.

We are skillful that thing is notthing against our skills,we always worried about what others think what we accomplish and what we carry out but it is our job that what we do, We have to lead our self to get success and we are the finder,there is alot of ways to pass we can get help from others:family,teachers,friends,and people;every body is liable for there own work.

Once i had biology class that i had to pass SOL I toke the SOL fourtimes at the last time i pass it,It was hard to pass SOL for me but i never stop accomplish even i hate that,In some point in our life we fail but we do not have to loss our firmness or solidity,We do not have to shrik responsibility,We have to strenghen our ideas,We ahve hopes in our life that we need to make them true,In some points in life we have to calm down take a teep breathe and focuse on our work, In a test when we fail we learn things like:what was in the test,how to use an other strategy to pass the test,how to try,and what can we use in the test like dictionary;This is how failure play in the pursuit of success.

Other people say that failure do not play in the pursuit of success because every time they try they fail.",381,12,Male,Economically disadvantaged,Asian/Pacific Islander,train,3,3,3,3,3,3,3,3,3,4,3,3.5,4,4,4,3,4,3.5,2,3,2.5
973B1B44F884,Success and failure,"To to successful you may have to archive it. You might encounter or even fail so many times, but who cares, as long you try and try you will be successful. So will you just give up if you failed? and of course, people will judge you because you're not perfect. That's why Winston Churchill once said ""success consist of going from failure to failure without loss of enthusiasm. Some people say you could use your failures as your motivation and encouragement. In life, you will fail a lot of time but it's important that you keep fighting and learn from your mistakes.

To begin with, a lot of people thinks failure will only make you look bad and some thinks its the end of the world for them but that's not the case. Every each person make mistakes and having a motivation in your self will get your somewhere: however, when a person is lack of motivation in their life, they won't be as much successful and failure will take over.

Secondly, when it comes to hard times, a lot of people say that there's no point of trying if you're meant to be a failure. Every each person in this world know that they're capable of, and every each person know what their weakness are. However, having encouragement won't mean anything because if you're encourage enough, you will get back up and do anything you can to be successful.

At last, learning from your mistakes is the key to be successful. You will fail and fall but its very important that you get up and keep fighting because once failure takes over, it will be hard to get back up. Also you will need to earn the key to success, but once you find it, you will achieve anything in life not because you didn't give up but because your learn from your failure and mistake.

In conclusion, people say you could use your failures as your motivation and encouragement and in life, you will fail a lot of time but it's important that you keep fighting and learn from your mistakes.                ",324,10,Male,Economically disadvantaged,Hispanic/Latino,train,3,4,3.5,3,4,3.5,3,3,3,3,4,3.5,4,4,4,4,3,3.5,3,3,3
97EF67C73A5E,Success and failure,"Students failure the game every time when we have a game with another team, because for some reasons they do not beat the game. Sometimes student do not sleep as well, or they do not have much energy to play, because they do not eat before start the game. Everybody needs to know before they have a game we need to eat healthy, and drink enough water. Sometimes famous death for that kind of reason, so we need to learn about the experience. Life is very important for everybody, so we need to look what's the first thing we can do before they think and act too.

Family is more important than the game, so they do not have time to practice. Sometimes family want to explore places for example; New York, Florida, and Boston that state has beautiful place to swim play, and we can do everything. That's why student do not have time to practice the game. Game is an important thing they can learn too much, and maybe in the future they can get a award like a professional or famous on games.

Some students do not have time to practice, because they need to work to pay the bills for example; pay the insurance for the car, pay the rent where they live, and also pay the bill for the cellphone. That's is the reason we do not have time to practice. That's why we failure the game, because we work at night and then we are going to school all day. When it is time to practice the game we do not have energy to play, so that is the cause we lost the game every time. We needed to work a part-time on that way we got more time to practice the game, so the next time we can win the game. Sometimes the family do not help them, because they said we need to learn how they make a money to obtain the food for each person.

Eating healthy is good for everyone, so we need to eat every day. Also we can eat fruit every time, because that has to much protein. That's is the first thing we can do before beat the team, because that make they strong. they need to go the gym too, because that help you to get a healthy body. Sometimes the first thing we can do is eating, and then go to sleep this is not a good choice for them.

Please help all the students who is trying to work and continuing to go to school, because they are the future on the world. We need to help them because sometimes we have a dream, but no body try to help that's why students can't realized they dreams. If they can continuing to study in the future they can earn to much money, because in the past it was hard for them, but now is more easily then the first time when they start                             ",486,12,Female,Economically disadvantaged,Hispanic/Latino,train,3,3,3,3,2,2.5,3,3,3,3,2,2.5,3,2,2.5,3,2,2.5,3,3,3
983D4402B74F,Success and failure,"Not everyone in the world is able to accomplish their dream. There are so many obstacles that make a dream impossible and a lot of important things to give up in order to reach it. The British Prime Minister Winston Churchill once said that ""success consists of going from failure to failure without loss of enthusiasm."" I agree with Winston Churchill because I also believe that failure, hope, and enthusiasm are the three keys to success in life.

First, all the things have two sides. the bad side and the good one, not everyone can see this two sides because of two simple reason. The first reason is because they do not try hard enough to find a solution. The second reason is because they loss their hope. Failure has two side but they are hard to see. The bad side of failure is that you did not reach that goal in your first or second try and you give up everything. The good side is that you fail but you learn a little bit on the way and that the next time you will be more close to reach that lovely goal.

Second, some things that i have learn from family, friends, and own experiences is that hope is the most powerful thing in the world. Most people tempt to lose their hope when they fail, while for others that maintain it can be more able to success. When I try something and I fail I always ask a question to my self. The question is What would I be without hope? When i answer that question I feel that all my strength and enthusiasm that I need for reaching that dream come to me.

Lastly,

a person can not reach a goal without been enthusiast. No one in the world would fight for something that is not interested on. Enthusiasm is what give you the strength and hope to keep trying until you success. Enthusiasm can also be lose by a person when they fail so many times. The thing that make people lose their enthusiasm is the time.

In conclusion, in order to be a successful person in life you need to make sure not to lose the three keys. Failure, that help you to gain experience, hope that help you to not give up, and enthusiasm that help you to keep trying. This are the three keys. Next time that you fail just thing about this three keys and you will be able to success in your life.",413,12,Male,Not economically disadvantaged,Hispanic/Latino,train,3,3,3,4,4,4,3,3,3,3,3,3,3,4,3.5,3,3,3,4,4,4
98C692B7B152,Success and failure,"I agree that success consists of going from failure to failure without loss of enthusiasm because you will be exited for your next step and you want to know whats gonna happened once you have passed.

For example if you fail on doing something, you will be exited on doing it again until you haven't pass because you might be thinking thats your dream to achieve it or its really important to achieve what i fail in it. I heard story of a guy he fail a lot but he didn't gave up because he was still interested on the experiment, so he failed like 408 time I think and he passed at 409th times so you can imagine that he was still exited and interested on that experiment that he failed 408 times and he got success at 409 times.

So in life when people failed on something they move on because they might not be interested or exited on that thing that they have failed but many other people will keep trying until they haven't achieve it. they will keep trying because they love it or they are still exited on that work that they have failed.

I know some people don't like doing one thing again and again but if you want to be success in life you have to keep doing it until you haven't achieve it because you can't be success in life without being a failure. when people failed on something they might say that its hard and i am not gonna do it again because they didn't try their best on it, but if you keep trying you will get some hint on it and it will be easier to achieve what you working on. So if you failed on something be enthusiasm on it it will help you more to be success in life.",287,11,Male,Economically disadvantaged,White,train,3,3,3,3,3,3,4,3,3.5,3,3,3,3,3,3,3,2,2.5,3,3,3
98CD7819C7EF,Success and failure,"Some people believes that making mistakes is how peoples move on to success. Othes believes that is if we are determinated person and having positives thoughts without limitations. Some others people realized right before they are committing the mistake and they are just avoiding them. Although some say, successing in life without failures, our lifes wouldn't make sense, because we would not learn how to be success in our life's. Actually, successing in life with failures is more baneficial to our life's, because we learn how to believes on us, and we may have a life without doubts.

As a result, if we are the kind of person who doesn't makes any mistakes and realizing to success. i think that we wouldn't know what are we doing wrong to be determinated person. Also most of the people wouldn't have knowlwdge to succes in their lifes. Actually, when people cling to themselves isn't good for their goals in lifes.

However, I believe that making failures is how we move on to succe ss in life and is more beneficial to our life's. Otherwise i can tell the 80% of the people belives that making failures is how we learn to success and we become a civilized person. Sometimes most of the people have goals to achieve in their life's. As a matter of fact,

when we are setting goals to our life's and we can't get that goal it's because we are doing something wrong and we don't even realize what's wrong with it. its when we are learning to be focus and making sure next time to be success and whatever we did wrong.

In fact, sometimes it's hard to when we have had failures a fewers times, because we do not want to commit mistakes, but i think that is a beneficial for most of the people. Because the most mistakes we have and at the same time we overcome to have more experience in life. First of all, when we fix what we did wrong. Also I believe that fixing problems is a good way to be success in life. second of all, my suggestions are that to be a positive person, and determinate, smart, and wise person it make us a better person in success.

In conclusion, some people believes that having failures is how we are success in life and others don't think that way. However i do believe so that to be a success person, we have to fail a fewers times, because it's really important to me to be a determinate person. I think that those are my thoughts to be a better person in successful. and by the way, I'm totally agree that we have to fail first to be a success person.",432,12,Male,Economically disadvantaged,Hispanic/Latino,train,3,3,3,3,3,3,3,3,3,3,4,3.5,2,3,2.5,2,2,2,3,3,3
997589EE26E6,Success and failure,"Generic_Name.

Introduction:

We can see to simple nudes ayes when some people have the high enthusiams and we can detected if a person are sad, happy, when you talking or with yours expressions to the other people. The people who have enthusiams are the persons who ever have more people in the around whos can help them, so if they see a person sad, they go where him and they try to be happy him again or they asked you how they can help that person, but a person who doesn't have enthusiams they worry about to other people.

People who have enthusiams:

They can to do all whatever they wants, because they are happy.

They can create a grat ideas when they are happy in that moment.

They can help to other person who need help.

They can to be the best in everything.

They can to be happy to ther people who are tired or sad.

People who doesn't have enthusiams:

If you doesn't have enthusiams, you can not do anything.

How you can help to other person if you doesn't have your own enthusiams.

If your enthusiams is bad, don't be alone.

If you don't have enthusiams, you doesn't wants to do anything.

Do you agree with Churchill's statement about the important role that failure plays in the pursuit of success?

No, I'm not agree whith him because, if we failure and failure everytime again, so we enthusiams go to down, but if we failure just one time and the next time we are more preparate, is almost same that happen to me the day nobvemver 19, 2018,

that for see the hour from my phone, some people think that I did cheat in the SOL, but I doesn't need do that for pass this SOL.

Conclusion:

The bad enthusiams not just affect one person, that affect to the people who are in the around because if we can transmit cheerfulness to the other person and the other size the coin, other people can transmit the bad enthusiams I think so, so the person who have a good enthusiams they try to help to the other people. Winston Churchill with that he said, I understand that thing; That person whos failure and failure, are the person more strong because each failure they return more strongers and they do the best job. ",345,12,Male,Economically disadvantaged,Hispanic/Latino,train,3,2,2.5,2,2,2,3,2,2.5,3,3,3,2,3,2.5,3,2,2.5,3,3,3
9C37912D9442,Success and failure,"I think that failure is the key to success in life, That means that without having any obstacles you are not going to succed. Churchchill's is right that failure is the pursuit of success. You have to try to do what you want to do.

If you have a dream to become someone you want to fight for it. Make good choices and try hard. Sometimes is hard to achieve your dreams, because maybe you are not capable to do things or you don't know how or where to start. You can ask for help to your parents, teacher, and people outside of school, so they can help you with something. People make mistakes, And they learn from it. You have to try over and over to do what makes you happy. You can fall down one or three times, but you have to get up many times you can.

Make a plan, and write down the things that you want to do, and don' t be shy to ask for help when you needed. Be a enthusiam person, If you fail to do something try to do it again. Nothing is easy in life, with effort everything is possible. If you are in school try to do your best at school and ask questions to your teachers. For example: I am a high school student. At first I was a very shy person, well I'm still a shy person but not like I was before. I was shy to ask for help to my teachers and whenever I needed help I didn't know what to do because I was shy and quiet. At first I did't know how to ask for help, but then I realize that without asking for help to my teachers I was not going to succed, and I would never learn how to do things.

I was also shy to asked my parents to help me with something, so everytime I needed something I used to go locked my self in my room and figuring thing out, But I also learn to ask them for help, even though they don't speak english, they still helped me with my school work. You have to do the same thing and ask for help to a trusted adult that can help you, so you can succed in your life, If you have bad friends stay away from them, because they are not good people and you are going to end up ruining your life.

I believe that if you fail, try to do it again. Do what makes you happy and succed in your life. Make an effort and achieve your dream, because you are living of that, And if you fall down get up and do it again.",444,11,Female,Economically disadvantaged,Hispanic/Latino,train,3,3,3,3,3,3,3,2,2.5,3,3,3,3,3,3,3,2,2.5,3,3,3
9DE684107A66,Success and failure,"should churchill's statement About the importnat role that failure plays in the pursuit of success be true. I think that failure plays a big role to success but is just for those who really want to changed their lifes. First of all, learned something from any failure. Second of all, A failure shows up the real people. Third and most important, try not to do the same failure over and over.

""Success consists of going from failure to failure without loss of enthusiams"". First of all,learned something from any failure because we are humans and we all make big mistakes in our lifes. Those who learned form their mistekas are the best to help the ones that are passing the same process. Learn because there would be always more failures in our lifes. Second of all, a failure shows up the real people because those who you think are good friends would help you on a failure. the person that you thought was the worst could be the only one helping you. An example, A real girlfriend would never run away in your first failure. Third and most important, try not to do the same failure over and over becuase the first think you loss is your enthusiams when you had been passing the same failure for many times, it becomes harded not to loss it. There is always gonna be more failures in our lives but, if u dont even pass one it would be more difficult to pass more then one at the same time.

My conclusion, everyone has a failure or more in their lifes but the most succes full thing of a failure is to pass the page knowing that you had learned something good of it and you wont do the same mistake ever again. Everyone has the opcion to change their lifes but the key word for this is that the person has to want it and be ready to changed.",366,12,Male,Economically disadvantaged,Hispanic/Latino,train,2,3,2.5,3,3,3,3,2,2.5,2,3,2.5,2,3,2.5,2,2,2,3,3,3
A1B06DEEA15C,Success and failure,"I agree with the Former British Prime Minister Winston Churchill, that failure plays an important role for some people in life, If they fail once they could get it right the second time and succeed. People will learn from their mistakes and it will take time for people to be successful in their life and accepted that they failed for the first time.

Its very important for people to know that if they fail they can try again and can go back and check to see what was wrong or think to them self what they did wrong, They can learn from their mistakes and not give up when they fail the first time.

People that have failed in life know that its not a bad thing when they fail. Its actually a good thing to fail in life and people that know what its like to fail would get inspired to work extra hard and take more time to look over everything. They would also stay on the positive side and have family, friends, and other people supporting them and cheering for them no matter what happens if they fail or don't fail.

The British prime minister probably has fail in the past years when he was younger and was successful after he learned from his mistakes. Nobody is perfect in life thats why we fail in life to see what we did wrong and make sure that it doesn't happened in the future.

Here is one example, If someone wants to open a coffee shop the person would need to get a loan from the bank so they can purchase a building and to start their own coffee shop business and come up with the name's for the coffee shop, drinks, pastries, and food that will be on the menu. People that have wanted to start their own coffee shop business or other kinds of business, doesn't always work out for them for some reasons and are not very successful when doing the planing their ideas and would want to hire someone to help them come up with more ideas. The person might not be happy when he or she were unsuccessful for the first time to try and open their own business and take a few more months to come up with more ideas to be more successful for the second time.

Overall, I think that failing is good thing and not a bad thing its just people dont have to give up after they fail the first time they need to give another second chances until they get it right. People should get inspire to keep working hard when they fail and not quit, because not everyone in the world is perfect in life. ",438,12,Female,Economically disadvantaged,Hispanic/Latino,train,3,4,3.5,3,4,3.5,4,3,3.5,3,5,3.5,4,4,4,3,3,3,3,4,3.5
A4BBB301E3CE,Success and failure,"I agree with what Winston Churchill said because it is true. Going form failure to failure without loss of enthusiasm can help be successful in the end because you tried and tried again and it gave you more confidence to go on and try things you haven't done before. When we fail we learn from our mistakes and try again and be successful because failure is actually helping you in the pursuit of success.

On the pursuit of success we will have some hard times ahead of us, and does hard time are the mistakes we will end up making and form does mistakes comes success. For some people when they try new things the only get it once without any mistakes. But for other people it takes the a few times before they can get it, that is going from failure to failure. Failure helps thousands of people become successful in life.

When you are trying something new, you have to happy about it, and when you fail doing that new thing you should still be happy because it is your first time doing it, and when you fail you always get a second chance to do it again, and when you fail the second time you get another chance, it will keep going until you get it at the end and giving up is not an option. You should always be happy about trying new things. And when you try new thing and you fail and you give up strait away you, are not being successful, you are just ruining your life an becoming a failure because you gave up strait away. Once again giving up is not an option in the book of life. Giving up ruins your life.

In life there will be challenges coming your way and you should take those challenges head on and if you fail try again and be successful, because out of those challenges comes a great price that takes you to the next level. Going to the next level is a big thing in life good things start coming your way and more people start to like you because of the challenges you went through and failing helped you become successful at the end of those challenges.

I agree with what Winston Churchill said because it can help us in life and in the future.",387,12,Male,Economically disadvantaged,Black/African American,train,4,4,4,4,4,4,2,4,3.5,4,3,3.5,4,4,4,4,4,4,4,4,4
A5056E812783,Success and failure,"If you ask people ""When are you feel happy?"". Most of them can respond that they feel happy in some kind when they are succesful, with a less of problems and failures. But what are in the another side of this success? How people get this success? Nobody can't tell whole way of getting succesful. But why?

Everyone went a hard, full of pitfall way. It wasn't easy, it was hard when you tried to achieve one's goal. Succesful people hadn't easy way of getting succesful. Failure is in some kind examination, challenge for us when we are trying to stay succesful. Succesful people must pass all kind of failure examination that to show that they are strong, sturdy, and patient. Success doesn't like weak and whiner people.

For example, famous people like musicians and composers: Bach, Mozart, Beethoven; writers like Shakespeare, Stendal, Tolstoy, and Pushkin; scientics like Einshtein and Tesla. They all are famous now, because in their time they had goal: be succesful and do those things that they are like to do by their soul and heart. They had failures and opponents, peoples who just only hate and envy them. And now you're just can only imagine on how much those people were full of enthusiasm and pation that we know about them now, in our time. They are examples of succesful people for us now.

Nobody of famous and succesful people don't tell you that it was easy way of stay succesful. Because it is true. And everyone has different failures; you can't feel those failures like feels those person by itself. And nobody can't tell you that the way to stay success will be easy. It is a very big number of people, who pray to achieve their goal, but with the first failures they just stopped and go back, they loss their enthusiasm. And this people just need to be pushed with someone with the words ""Hey! What's happen? This is all all that you can show? Other people have more failures then you, you must go forward! You mustn't to be afraid to see with your eyes your failure. You must be strong."" And I think they can find some strength.

There are a lot of different meetings, conferences, and seminars with a succesful and famous in some way people. There you can hear more good things that can help you to improve, to achieve your goal and stay succesful. But you can't hear all of the failure that would be connected personaly with you, and on how much it can be hard, that you still have enthusiasm that help you to solve your problems and improve. When you stay on the way to achieve your goal, because of the failures you can forget why you do all this things, you need to remember all of the good things you now that will be when you achieve your goal and stay, at first, success for yourself. With a failures you stay more self-controlled, and grew up more inside of you, stay more confident in your deed.

In our life we stay succesful with everyday for ourself too. We have some small and big goals that we want to achieve. Our life is the way to stay succesful. We are achieve our goals for stay succesful in the school, in the college or university, in the sport, and on the work.

To stay succesful it is not easy way with a failures that pursuit us. But we need remember for what we stay on this way, way to stay succesful.",514,11,Female,Economically disadvantaged,White,train,3,3,3,2,3,2.5,3,3,3,3,3,3,2,2,2,3,2,2.5,3,2,2.5
A5E9417DBC88,Success and failure,"Have you ever thought about how many people are ""success by going from failure to failure without loss of enthusiasm?."" This are are the words that British Minister Winston Churchill once said, and I am totally agree with him, to failure without loss of enthusiasm will creeate a person with experience and knowledge.

Once

I fail one time people think that I am a losser, but I see it in different way because I learned what

I did wrong in the first place, and I can fix the problem to make it perfect the second time. Moreover, every single mistake that I make give the opportunity to be success in life, so

I will never give up for any reason.

This remind a few years ago when I was in nine grade when my class took a test and I could not do it, so my teacher involve him self to make it try again as mush as I want it, so I decided to try the second time and still fail, for the first time in my life

I was going to give up, until my mom told me if you never fail and keep trying you are different than others. Hardly, but I decided to try again and this time the third time I new every single question and at the end I was the kid with the best score in class. if you ever thought about giving up with your first mistake you're wrong or because you fail one time you will never be successful, keep trying until you overcome every silgle obstacle.

Many people that are simbly of knowledge and success now were failure once. The important role that failure play in persouit of success. Failure show what kind of people I am and from where I coming, what makes me special and different from others.

On the other hand, people might say once you fail you will keep failing for the rest of your life or that I will never be successful person, but all what people say

I can use it to improve my self.

To resume, what the Former British Prime Minister Winston Churchill once said "" success consist of going from failure to failure without loss of enthusiasm.""? Its absultely true, if one day you want tio be succesful person you have to learn that there will be mistakes and fails no once,twices or maybe more times, but do not lossing enthusiasm will keep you in right way. Failure give knowledge and a better change to improve yoursel. ",419,12,Male,Not economically disadvantaged,Hispanic/Latino,train,2,3,2.5,2,3,2.5,3,3,3,3,3,3,2,2,2,2,3,2.5,2,2,2
A72A4397F9F5,Success and failure,"Does the success consist of going through failure?

Yes, I am agree with this quote.

As we all know been successful is not easy. Some people say that hard things make hard soldiers; Therefore, failure is part of the success, but that does not make it easy for us; Why? Because no one likes the idea of suffer in order to be successful in life. As a matter of facts; Failure help us to become who we really want to be or who we are suppose to be, but no all of us get the chance to feel successful or not even see any progress; yet some people choose to give up, instead of fight for a better life; A life with success. But do we loss enthusiasm during our way to success? yes we do!

It is OK to loss enthusiasm in our way to success; that is showing every body else, and you as well that we are humans, and we can get tire sometimes; But what is not OK is to give up, because you will showing everybody that you are weak.

By showing us how difficult life can get, and tough us that you are the only one who choose to continue or to give up in your life; Oprah Winfred would be a great overcoming example. Oprah had suffer a lot since she was a child; yet she decided to continue with her life. Even though it was not easy to act like nothing happened, but she knew what king of person she wanted to be. Therefore, she decided to fight for those things she always wanted; instead of been crying all her life. Do not doubt that the sky is the limit even for the suffering. Oprah was a determinate woman; a woman who wanted to be successful. Yet everybody else was saying that she would not be able to accomplish what she wanted; instead of supporting her they were feeling sorry for her, and not doing anything. Therefore, she became more stronger than she had ever been, and now she is showing as that even after everything she has been through you can smile with placer and success.

On the other hand we have immigrants; those people who fight day by day to get no even what they want, but what they need. As an immigrant; success is the biggest word we all are working to accomplish, some people do not even believe they can accomplish more than what they have accomplished already; Even though everything we have accomplished until this day is because of failure; because each morning we decided to go out a fight to get something else than just failure. Eugenio Dervez is an example of overcoming in a different country, language, and culture. He is an inspire person for immigrant people in the USA. Eugenio has been proving us that dreams can come true. He showed us that everything is possible, you just need to believe in yourself, and trust that you are capable of so much more. Even though some people could be selfish even in your own family; Instead of been worry about others opinion worry about your future; so one day you can be successful, too.

Finally, in my experience I have fail so many times; but I am sure that any of those times I have fail will not stop me from what I want to do or who I want to be. Somehow my family does not have faith in me; and even though that if I fail I have no one to support me; I am afraid. However I know that I am capable of so much more, and I will fight until the end of this. Also, I always wanted to show everyone that they were wrong about me that I am capable as everyone else. Yet everybody was judging me, I decided to teach myself how do become a better version of me. I will continue fighting for myself. As you should do!

In conclusion, in order to success we have to go from failure to failure. As I was said before; there are so many people that have been showing us that everything is possible. Instead of been afraid for our mistakes we need to learn from them, so we can success in our life. Therefore, we have to think about the future that we want and start working on it, so we can be the people we want to be; the people our parents want us to be. By fighting this battles day by day we are not just creating a better country for ourselves, but a better country for our families. Remember that hard battles make hard soldiers.                                                                                                              ",802,12,Male,Economically disadvantaged,Hispanic/Latino,train,4,4,4,4,4,4,4,3,3.5,4,4,4,4,4,4,3,4,3.5,3,4,3.5
A9F7B20A9483,Success and failure,"On my opinion I be agree with the statement because He was one of the minister,who has more power from other's. Ms Winston had to help other's. For example giving hand and talk about what they can do. The minister Winston, had the responsibility to help others around he, and give enthusiasm to what they can do and how far they can go.

Them Let's say on my class my teacher ask to work with others I had to work and show up. For example: let's talk about work in group,help each other giving ideas to we can add on the project. The terms was tried if you fails show up and do cause there is how you can be better. If you make a mistake no problem on other time you can do more better on my opinion there is how the minister can work.

In addition there the things can Minister Winston do was talk about with others if they be agree. Because if they do not be agree with the statement was cause they had to know that and see is the achievement work successful too.

Now I take the my position on my opinion many people like me came to this country and looking for better opportunities to we don't have in our country. Also we had to learn the languages what is hard but we tried to what we can do and show up how we can be better on the future.

But many student had a long history or someone didn't graduated cause many student had to pay rent or thing to what's hard to work after school and don't have to much time to sleep, any ways we had to work hard.

Also many student show what they can do and how far they can go, Also many emigrant people came here to found a safe place to live so the mind on our country we don't many security.

Now I'M be here work hard, sometimes I like to help people when they get travel or didn't understand what we do. Also I tells them to din't do bad things cause if you get travel you get problem them your record contain a bad thing, until now I to my best it's hard sometime to understand but everyday when I be at home I practice or read book thats one thing can help everyone who want to learn more English. For example if you read a book like 20 minutes you learn and know how to pronounce that work that help you to main ten your vocabulary an read faster.

I'm a student who like to help others and like to share new ideas with other and talk about what we want to on a future. a couples of thing I want to share are : thanks the program for help us and the teacher who help us with new things everyday.",428,12,Male,Economically disadvantaged,Hispanic/Latino,train,2,3,2.5,2,3,2.5,2,2,2,3,3,3,2,2,2,2,2,2,3,3,3
AA0919FCDEDC,Success and failure,"The Primer Minister Winston Churrchill once said that ""success consists of going from failure to failure without loss of enthusiasm."" And the question is about angree or desag.

My opinion is desagree because the Primer Minister wiston not is try to motivate to onther person to do again. First,reason when something person loss manytime something and feel what if continue does again can obtain something good in the future. Because never said end. Second, reason the failure plays inthe life a paper strong in the life of every person in the world. But when any person not try more time that one is clear that is going to failure and never feel what is obtain something good in the futured. The decition every person have nothing can said what try againt. The decition is of your selft. My position is what if I whole my life said not and not continue consist in something never can obtain something.

When have the oportunity of obtain something and gain something never say I failure least when have a enthusiasm of obtain. Never person have the right to says you never can't do. forever cave you personas negatives and thoght negative in the life. But every pesona have the right to attain something. For example: I have goals in my life what is gradution and have my diploma and can continue in the college. For can gain this gold and my dream i have enthusiasn and an person positive. Also if I have failure in my gold I have of up and againt.

Form not failure has try more of one times. The reasons are clear if an have enthusiasm for something I loss the possible to go back to againt. I also think what the Prime Minister Winstor Churchill loss something for what the that try todo is what the person not continue there are and losss your enthusiasm for something what hill obtain. There are many success about failure but the failure arrive when the problem don't have solution. Becasuse also have the right to fight for obtain the solocion to the failure.

When us arrive to the failure have the right of to do again but other form. Sometime the life us play's different suitation what think that not obtain solution but many pesons said what there are form all have solution lest when an dead. These is other example when one person dead and before to dead have failure many time in yours objetives an don't know say there are fight for obtain the solution.

The life arrow as the world an never have the solution in the hand to all problems butnot signific what noy have solution. Never there are said not can't. The final of failure forever have solution. Is as when an company is goint to bankarrot. They try to share solution form the failure. For there nevere said that no can't share solution to the every failure.

My conclusion is that never lost the energy for figth for the solution. Forever cave sometihing what have hopeful in your self. No lost yor hope eve search the solution to the failure.                                                                                                                                                                                                                  ",587,11,Female,Not economically disadvantaged,Hispanic/Latino,train,2,1,1.5,2,1,1.5,2,2,2,2,2,2,2,2,2,2,1,1.5,2,1,1.5
AAE16C990870,Success and failure,"To begin with, I am going to be listing my reasons on why i agree to the statement that the former British prime minister winston churchill said. In each paragraph I will be supporting my reasons.

To start off with, My first reason on why i agree with the statement Is because their Is always a saying that says keep trying don't give up. When i read this statement I see that saying because you can't give up you got to keep trying to get what you want.

Second, With the statement saying ""success consitts of going from failture to failture' I agree with just for the smiple fact that In life you will go through some rough times and you may not always succeed In what you are trying to do or accomplish, because someone will always fail at something they are trying to accomplish but will keep trying because at some point they will complete what they had tried to accomplish the whole time.

Last, Someone can't lose hope of trying to complete something because they will complete it. They have to stay motivated to keep on going and keep on going to complete it. Everyone will be successful but If someone just gives up and doesn't keep trying then they won't get what they wanted to accomplish. Some people don't know that enable to succeed they will fail at it plenty of times but they would have to keep trying to succeed at it and can't lose hope.",235,12,Male,Economically disadvantaged,Hispanic/Latino,train,3,2,2.5,3,2,2.5,2,3,2.5,3,2,2.5,2,3,2.5,3,2,2.5,3,2,2.5
AD730017246A,Success and failure,"Prime Minster Winston Churchill once said that ""success consists of going from failure to failure without loss of enthusiasm."" This quote indecteds that becoming successful is a lie in life that dose not have challenges,failures and have hard time in life to achive your goals and, without making it intersting. However, a lot of people belives this quote, because success is nothing with haveing enthusiasm and, lossing or being fail on something and being positive about it.

First, Haveing successful life without challenges is result of being fail in your success. The reason why you should have challenges in life to become a succesful its to make you a a better person in life and to make you a critical thinker and to garner your all skills and your talents for the better future. For example if you face your challenges later in life you would have the benfits from that hard or easy challenges.

secondly, makeing you challenigs intersting would led to be come successful, the reason why because having intersing and positive attuide towards your challengs would make it easire to handle. For example if your lossing a bussines or challnge do not bring nagitive atomsphere around it because it would never let your mind to have more oppotrunity that you could done more.

In my piont of view, failing or lossing is lie if you do not try hard for the intersting and successful goals. If you are lossing a challenge it okay to loss but with positive thought and never give up on the difficults challenge you have to face in you way to successful life and gaols. However a lot of people gives up on the diffecult challenges because its too hard for them to handle and at end they would have more diffcult thing to face. Make your challenges intersting it dose not matter if you fail it it matter how you play it.",360,11,Female,Economically disadvantaged,White,train,2,2,2,2,2,2,2,2,2,3,3,3,2,3,2.5,3,2,2.5,2,2,2
AE0DB193F5B5,Success and failure,"Today, in the actuality, a lot of people have a big dreams that we can to complete have a better life for our future family or also to own self but a many people be surrender becuase most of the time have the fuilures, when they are doing something; I think that our life without the fuilures will be bored and easy becuase we don't have the energies to work hard or fight for our goals or dreams. I agree with Churchill's statement about the important role that failure plays in the pursuit of success because you can help other to complete their dreams or their goals, also you can have more spirit and a positives attitudes than you have in the begging, also you can be a successful and strong person.

You can help others to complete with their dreams or their goals, because sometimes a lot of people who want to comply their dreams or goals they don't have the motivation of their families or the economy necessary to buy all the studies or all the things that they need, so when you finish all the goals that you make you, you can assist to others. I know an experience of child from Mexico, his name was Generic_Name. Generic_Name was a child with the low economy resources, I remember that he toll us all the things that he was comply to get a better life for his family and him self. So one day, Generic_Name received a big notice from a presidency of Generic_City, the place were we live, that he can have a opportunity to study whatever he want. He and his family were happy for the big opportunity that Generic_Name have. At pass of the years, when Generic_Name finished study the collage, I know that Generic_Name is a big entrepreneur from a big company that he created after finished the college. Today, also Generic_Name likes help other people who want to be a successful in their life like the presidency help him. In my observation to be a good person likes Generic_Name makes that you have a lot of open opportunities to get the success or the things that Generic_Name every day was dreamed.

Also you can be a successful and strong person because all people knows that the life is not easy and less if you want to do something hard or something that you need put a lot of time in it to pursuit of success and if you think that your goals or dreams are difficult to complete. Sometimes we need strive more that the people or your mind think. Another of my experiences is when was in Mexico, I was little girl, I remember that most of my days I talked with my family, my mother, my father and also sometimes with my grandfathers; about that I want study the High School in Untied States because I saw a TV Shows and movies shows all the schools and also my father lived a lot of years in this country so, he talk me about the schools, the teachers, the classmates, the classes and classrooms that were to different form my country, the lunch time and I think that the thing that was more exercise was with the lockers because in my country don't have lockers or something to put our things likes books, pencils, notebooks and sometimes, the food. At the time that was grow up, I was continue with the same mentality to come to this country to comply my studies. I remember that have a lot of failures in the time to the arrival to United States but,even if never let that my thoughts or the commentaries of the negative people will be fell bad about my big dream. I think that was a strong person because is hard to come to other place with different culture and customers in everything and also is hard and sad separate to the persons who love.

Other might say that the importance role that failure plays in the pursuit of success does not matter or they are disagree because you can lose your forces to continue and accomplish your goals and sometimes this failure can make us fell sad. However, you can have more spirit and positives attitudes than you have in the begging because when you have a failure in something that you study a lot or put your all time in it, you can have the mentality that you can to do well it, just you need strive a little be more that you make before. This is one of my experiences in my life; the last week, in my History class with Generic_Name, we have a quiz form the first unit so, we did the quiz, but the majority of my classmates and me, we don't pass the quiz, my teacher talked with us to give us a another opportunity to pass it. A lot of my classmates tell her that they do not were think that they can pass it even though they study a lot before the retake but, I have the spirit and the positives attitudes that I can passed the quiz with a good grade and study well at home. I think that my experience, it is good example because a lot of people who want to complete their dreams does not matter the times that they need to try to get a good result and a good recompense for the effort that they make.

In my opinion, I think that Churchill's statement ""success consists of going from failure to failure without loss of enthusiasm"" it is important and I agree with it because you can motive other people to be a good person with good feelings and goals, another reason is because you can to be a successful and respectful person and you can have a good attitudes through haved a bad results, every time you need stay be happy. Most of the people we have the big goals to comply something that always we dreaming.",923,12,Female,Economically disadvantaged,Hispanic/Latino,train,2,2,2,2,2,2,2,2,2,3,3,3,2,2,2,2,2,2,3,2,2.5
AE2E6B3472DB,Success and failure,"A Former British Man a Prime Minister Winston Churchill once said that ''

success consists of going from failure to failure wi t hout loss of enthusiasm

.''

is like saying that people are more afraid of success that they're are in failure. what Winston is talking about that is okay to lose once in awhile as long you have that smile in your face that you already a winner of yourself, like playing a soccer game but your team loses but you lose as a team, failing a quiz you just gotta do better in the retake you can't give up on something that is precious to you. People make mistake and people learn from it just try to do better next so you can succeed on winning. Some people are scared to take the chance to succeed because that taking a risk of failure and people have but you won't know if you try. Winston Churhill want people to never give up on your dream. if you learn more about the subject you won't got no worried about a thing. Once I was little I have a hard time learning and participating in class that my mother and father didn't knew about the time that they constant working to provide us a house,food,and clothes. I have to restart kindergarten because of my failure that I didn't bother asking my mother about was my mom knew about they took me to a doctor to check on me that I have a learning factor my mother was worried that I have to transfer every school that have a program for me then there was one school that help me learn better communicate with teacher answering question when I first started highschool I look back when I was little and started to laugh and think I have so many chances to succeed in life that one day I'll go back to the teacher and say thank you for everything so I have to go through of failing but never lose my hope of becoming a winner. ",314,12,Male,Economically disadvantaged,Hispanic/Latino,train,3,3,3,2,3,2.5,2,2,2,3,3,3,3,2,2.5,2,3,2.5,3,3,3
AE83E9155405,Success and failure,"We all dose mistake in our life . If your going from failure to failure without loss enthusiasm you will not going to learn from your mistake, Sometimes we need to feel bad about something wrong we did in our life because if we didnt feel bad or sad we will keep doing our mistake and we will not fail in the same things.

Me and My friend we took

IB math together , last year it was so hard for us. one day she talked to me and she says: Generic_Name you will not pass this class because your grade is not good you better change it or you will take it next year .

I went home i felt stressed for one hour a about what she says to me , later i told to my self that she is true about every thing she says meanwhile i didnt t study for the exam and i didnt want to study .

On the exam day i didnt stressed my self I was OK , I ask my friend did you study ? She says i didnt study ,I feel happy because its Friday .We took the exam both of us didnt pass but the thing i felt so bad, When i went home. My dad ask me about my grade , i told him that i didnt pass because it is hard for me .

I remember he got mad at me and i didnt says nothing that time . i remember he told me that is one of my big mistakes that i didn't try or study for the exam also he says that it is nooses nothing is hard if you try your beast , you can do it . he make me feel so bad about my grade, self so called my friend because i thought she will feel bad like me but she was so happy and she didnt care about her grade.

I took decision that i need to be A + student in this class , all my class , I decide to pursuit of success and push my self hard no mater what .

I start to study all the weekend for my math IB class also I exert my best .

On Monday i ask my teacher if i can retake the exam for me , my friend .

The exalt was so easy because i studied very good for it

, my friend didnt impact from me , She got a bad grade, She kept going from failure to failure with out loss any enthusiasm that why she didnt change and she is the one who took the this class this year because she didnt pass it .for example if she felt something she will be success in the class and her life. Moreover Failure should impact negative because if its not negative the people will neglect their failure and mistake.",430,12,Female,Economically disadvantaged,White,train,2,2,2,2,2,2,2,2,2,2,2,2,2,2,2,2,2,2,2,3,2.5
B1C410876D33,Success and failure,"Churchill consists of going from failure to failure without loss of enthusiasm, he said that because he wants to animate people to not be shy of anything and I'm agre with that.

Some say Churchill go from failure to failure without loss enthusiasm because sometimes people feel shy when they are doing somehing that they don't want to do, like me. I'm so shy when I have to do presentations, I don't feel confortable. But we have to get out our fears, that are killing us to not do what we have to do. People sometimes said that they going somewhere but they said that they don't want to go alone because he/she feels weird, like if you are new in this country, they tell maybe to their cousins to go with him/her.

People should be agree with Churchill statement about the important role that failure play in the pursuit of success because that makes you feel successed and that makes you to be a good person. Actually, Churchill said that because he want to people to not loose their enthusiasm in something that they want and that is a good choose.

People should not be agree with Churchill statement about the important role that failure play in the pursuit of success because I think people don't want to do want Churchill said in the statement and they are not going to follow the statement . Actually, people is not agree because people think that is not importat statement for them and thats why people are not agree with the statement.

In conlusion, people should be agree with Churchill statement because he don't want to people to loose their enthusiasm, that's hy people are agree with the Chuchill important statement because they feel success.",265,11,Female,Economically disadvantaged,Hispanic/Latino,train,3,3,3,3,3,3,3,3,3,3,3,3,3,3,3,3,2,2.5,4,2,3.5
B1E1608C016D,Success and failure,"'Success consists of going from failure to failure without loss of enthusiasm.''-Churchill once said this phrase during WW2 to tell his people that it didn't matter how many battles Britain was going to lose but that they were going to win the war. Personally I do agree with Prime Minister Churchill many times on my life I have fail, and fail again but I got up because I knew that there was a good price at the end. Humans now at days think that life is all about planing the future, and they all just trying to avoid problems, trying to live only winning but to reach success there must be a long journey of lost battles, of big problems but you must stay put because it does not matter how many times you fall you most get up again, and again.

My Dad once told me ''Always try never give up''. Back in 2014 it was my first day on the soccer academy

I been playing soccer as a defender all my life but this time it was my first time training in such a good team I started training every day make some friends too. A few days later the first game came I was not on starting line up or on the bench I wasn't even call for the game I was upset but I though that it was because I was new in the team, or the coach didn't know me well. The next day during practice my coach call me out and told me if you wanted a spot on the team you need to work harder after that day I knew I needed to start training more, going to the gym more often, and I start eating more healthy a few days later during practice I started seeing results I was getting stronger, faster, and skillful a few weeks later I got called for the teams fourth game but I was not in starting eleven I was sitting on the bench the all game I was upset I though I was failure once more but I never gave up and the next day I was back practice, eating more healthy, going to they gym more often. Halfway during the season one of the the starting defenders left the team and I knew it was my chance I started and I play all the game and I didn't just prove my coach that capable more importantly I prove my self. Later during the season in one of the last games in one play I dislocated my arm and that meant that I was out for the rest of the season. After three long months of recovery after was heal I started once again training harder, eating healthy, going to the gym more often getting ready for the next season. beginning of 2015 that season I was chosen as team captain and I played all the games all that hard work was worthy at the end.

It dosen't matter how many times I failed I never lose my enthusiasm because in life we are going to have many failures and we will feel life given up but we most get up and keep going it doesn't matter how many times we lose a battle our main goal must be win the war because just like Churchill failed again, and again but at the end he won the war with his people I also failed in my team again, and again but I won my own war at the end.                                           ",556,12,Male,Economically disadvantaged,Hispanic/Latino,train,3,3,3,2,4,3,3,3,3,4,3,3.5,3,4,3.5,3,3,3,2,3,2.5
B2919590BDB0,Success and failure,"I do agree with Prime Minister Winston Churchill. My first reason is because most of the people in this world will think that is really easy to be successful, but time will get difficult as you and your self are growing up, for you to be failing over and over again is just a meaning that life at some point will be easier, Most people if they keep failing they won't know what to do, Keeping your hope and thoughts on your mind that's how you will succeed. keep on following that dream no matter how hard time will. Sometime you will feel like you're not getiing answer or at least a signal.

My second reason is that failure is going to come at some point in your life for example; teenager come at school, adult come at work, money wise, housing. failure is something that we all should learn how to over come that problem we should think for a solution make a plan in our life. how are we goinf to fix this part and find a solution to over come that problem if we need help from somebody.

My third reason is that as soon as you over come failure you start learning thing about themselve, that they didn't know before, most people find ways to stop going back failing, that's when you start gaining the believe on keep going on practicing every single method to do not fail again.

In my conclusion most of the people have those hard time and is bext to talk to someone about a look for answer, in way to find the solution and fix this problem by yourself or with someone important in your life.",270,12,Male,Economically disadvantaged,Hispanic/Latino,train,2,2,2,3,2,2.5,3,3,3,2,3,2.5,3,2,2.5,3,3,3,3,2,2.5
B469122B9ACB,Success and failure,"Success Consist of going from failure to failure without loss of enthusiasm. I think he is said is right you never give up on anything, you are always going to wings and sometimes you are going to fail. Because thats how you are going to wing never giving up. There is a lot of stuffs that I been done on my life, that now i start thinking i never finish what I start. But I dont give up i know I m going to end up doing them soon. for example there is a lot of people that have the motivation, then they start winning and fail ones and they give up. when you love something you gotta chases it because then you are never going have it.

Failure is a really strong word that nobody likes to like that hear some students get upset for failing a test or class they cant be late because they want to win is just like work if you want to start getting paid more you always gotta be on time and all that. so you can become better everyday. Soccer is one example about success soccer you got to learn a lot of new stuffs, Because you have to do a lot of practice. To win you gotta do something,and do it right all time. We all hate failing I hate failing, I always think that is just a waste of time. I fail so many times but i never give up because I know that I gotta finish what I started ow you are going to success

Enthusiasm thats whats the way to success on your dreams if never use that enthusiasm to do something you are going to be good at it you might fail more than ones but still think about what is going to give you. And just think positive that you are gone be sussefull. Lets said that i m trying to go to collage and I stared to work and stared to get a lot of money and all that. then I think about going back to collage and think of all the work that they do and all that im not going to keep going. Because I lost the enthusiasm that i had. Why because I stared to get more stuffs, and I wont feel success

Thats why i agree with what The britishs prime minister Winston Churchill said. That to get where you what you got to fight. And never give up on whats coming next yeah some times you going to fail but get up and keep going so you can be success and become better and always have a good enthusiasm on your life because every body deserves to be success. never lose your your enthusiasm because thats your key to success.",444,11,Male,Not economically disadvantaged,Hispanic/Latino,train,2,2,2,2,2,2,2,2,2,3,3,3,3,2,2.5,3,2,2.5,2,2,2
B49D86AC2062,Success and failure,"Success consists of going from failure to failure without loss of enthusiasm? its a 50% chance you will be successful,reason for this is that some people give up too easily,some people get tired of failing and failing again. You dont need to fail many times before you get successful.

Some people never put in work to be successful as they are today some just became successful out the cut. Right now the world we live in you dont really need to put in alot of effort,there are many ways of being successful for example we have social media! Social media now has a big impact in the world we live in.

Scientists are perfect examples of this statement. A scientist can start an experiment and fail over and over again till they get they expected the results. Students can fail a test over and over again but whiles he's failing hes learning from his mistakes to pass his test.

Working on something new or getting used to something new,you wont get it right the first time you would mess up or fail but once you keep getting used to it you learn from your mistake which helps you to become successful.

If you ask most successful people of today,some might respond by saying they experienced alot of failure on the way to the top some might respond with a no,this states that failure might plays a role in being successful it may also not play a role in being successful. ",228,12,Male,Not economically disadvantaged,Black/African American,train,3,3,3,3,3,3,3,3,3,3,3,3,3,4,3.5,4,4,4,3,3,3
B548BF7A2A8F,Success and failure,"Hello, my name is Generic_Name. I'm student in the Generic_School, and the reason for this letter is because I have give my opinion about what I thing about the British Prime Minister said about the success.

I agree with the British Prime Minister Winston Churchill for this reasons: Failure in want pursuit your success do you make wrestler in the life, failure in want pursuit your success this one can do you make better in the life, and failure in want pursuit your success do you make more strong in pursuit your success.

The first reason failure in want pursuit your success do you make wrestler in the life I thing that because every day fight for want pursuit you success but many times failure in things but continued fight every day. Also I thing that because if you effort every day you fight for pursuit your success and that do you make a wrestler in the life.

The second reason is failure in want pursuit your success this one can do you make better in the life, I thing that because when you commit one failure this teach you to don't make that failure again. Also I thing that because when you failure that help you to want overcome more every day and make better.

The third reason is failure in want pursuit your success do you make more strong in pursuit your success I thing that because the failure give you knowledge in the life and help to make the correct in the life. Also I thing that because when you failure that help you to overcome.

I agree with the British Prime Minister Winston Churchill for all the reasons that can help you to pursuit you success though failure many times but you can overcome all the failures if you don't loss the enthusiasm, all can be more easy when you have enthusiasm and when you want continued forward with you life and pursuit your goals.

Sincerely,

ATT: Generic_Name.",308,12,Male,Economically disadvantaged,Hispanic/Latino,train,2,2,2,3,2,2.5,2,2,2,3,3,3,2,2,2,2,2,2,2,3,2.5
B558AFC603D4,Success and failure,"There was a girl named Generic_Name, and she wanted to play violin like she used to. Generic_Name was struggling. It was not easy on getting back to playing it. Generic_Name practiced everyday no matter what. Generic_Name made a lot of mistakes on the way, but successed at the end. When you accomplished something; you have failed before you could have successed. Failing can cause before you succeed because you try to get where you are, you make mistakes, and you can make the wrong choices.

To begin, failing can lead to succes because it happen before you succeed. For an example, you tell yourself that you will get your work done for all of your classes. Then you end up not understanding the work, but tried and turned it in the work. It can also be doing all your chores before you could go out and be with your friends. For another example, you had a lot of chores to do. It was getting late and you have finished all of your chores. At the end you could not go out, but finshed with all of the chores. It can also deal with reading a book. For an example, you want to read a hard book and finsh it, but you end up reading a different level and finshed the book. These examples show that you fail before you can succeed.

Secondly, failure happens before you can accomplish anything because everyone makes mistakes. It can be when someone is trying to make a cake. For an example, you try to combine the inderigdeints, but they were not the right indergridents, Then next time, they put in the right inderigents. It can also be about when someone is trying to practice on their drving skills. For an example, The driver prcatices everyday, but makes many mistakes. Later on, gets better at it. People can aslo make mistkes by giving poeple directions on where to go. For an example, a lady needed help to get the location at the supermarket. The lady asked an old man where it was. The old man gave the direction, but made a mistake where the superamlrket was at. Then the old man told the lady that it was the other way. All of these examples show that mistakes can happen before you can success.

Lastly, failing can cause by just making the wrong choice. Such as a girl wanted to tryout for outdoor track, but she loved playing softball. The girl tried out for track and made the team. There was a problem, she couldn'[t be on the softball team because it was too late. The softball teamwas full. At the end, the girl should of made a better choice. It can also be about how you want to turn out your day. For an example, the boy wanted his day to be fun, but the boy was paying attention in his classes so he was sent to the offfice. This turned out to a bad day. Then he apologized and made his day better. This all shows that making the wrong choices can lead to failing on what you decide.

This all sums up, that failure can cause before you succeed. Others say that failure does not happen when you succeed, however, I say that it does play out before you can success. Failing will always occur when you succeed. You push yourself where you want to be, you make errors, and doing the wrong decision are all reasons why failure can happen before you can success. Do you think there is failure even when you succeed. ",604,11,Female,Economically disadvantaged,Hispanic/Latino,train,4,3,3.5,4,4,4,4,4,4,3,3,3,4,3,3.5,3,4,3.5,3,3,3
B8656754E9EB,Success and failure,"Do you believe failure could lead up to a better person? Shortly, I am going to discuss as to why making mistakes is necessary for a person to become a better human being. When a person makes mistake he's/she's is more likely to learn from its mistake. However, not all person learn from their mistakes in the first time, some take longer than others. Therefore, you should always look back at what you did wrong and always fix your mistakes. Making right decisions should help you become a better human being for its future community, country, and even the world.

I personally strongly agree with Churchill's statement. A person should not always be right, some people think that by doing what pleases them they are doing good. However, little do they know they're hurting people because they decide whats good for them and whats not good for them. That leads up to a person who is selfish, mean, and has a cold heart. Mistakes are a problem, and problems can always be fixed.

Once upon a time my friend Generic_Name had a girlfriend, Generic_Name. He was a good kid with a good heart, therefore, that led to people takeover him easily. Generic_Name's girlfriend or friend would always takeover Generic_Name. She would tell him what to do and how to do it, she was the man in the relationship. Thats how good my friend's heart was. She knew she could trust Generic_Name because Generic_Name loved her like he never loved anyone else. Till the day came, sooner than what we expected. The day that he will never forget. It was a Thursday and Me and my friend Generic_Name were on our way to work, I was driving when all of the sudden he starts screaming like if he was having some sort of a seizure. "" NO how could you do this to me"" he said. ""What happened?"" I asked. He tells me that he was on snap chat just chatting and looking at snaps when all of the sudden he sees his ""girlfriend' kissing another man. I tell him to relax and to let it go that she was not worth his time. He calms down, breaks up with her and moves on. Years passed, I noticed that he has changed. He is not the sweet boy with the good heart anymore. He now learned from the mistake he did, which was to let his girlfriend controlled him. He now knows when to say NO and when to say YES. People make mistakes all of the time in their lives. However, that does not mean you cannot change it or fix the mistake you did.

Mistakes are mistakes. You cannot go back in time, but you can move on and make a change in your life. In conclusion, a better person makes a better future for its world. People can change,and we all make mistakes. However, we shall learn for the better.

In Conclusion, I would like to give an advice to all people to never give up. You made a mistake? You all shall learn from it. Fix it. Make of yourself a better self being and be and example for all others. We are not perfect, but we could try or at least act like we can be. Learn from what you did wrong an improve yourself. Love everyone because you only live once in this life.",535,11,Male,Not economically disadvantaged,Hispanic/Latino,train,4,4,4,4,4,4,3,3,3,3,4,3.5,4,4,4,3,3,3,4,4,4
BB5D6C14712D,Success and failure,"I agree with Churchill's statement about the important role that failure plays in the pursuit of success because, the more the try the more experiance they will get, they will get more power, they can cortrol people, and they will get freedom and respect.

Most of people are scared of losing or failing. They think failure is the end of the carrer. For example most people when they fail in business they give up, or some people don't try things because they are scared of the unknown.

One of my mintor alwasy telling me the more you try the more experiance you will get. For example i tried many types of business and i failed on some of them like i tried to do real estate i brought a house and i lost $50,000 because i didn't know how much the house worth. Also i tried Bitcoins and because i joined late i lose $7,000. But i never said i'll quit, what i did is i got a mintor his name is Generic_Name, he is doing real estate and i leanred a lot of things from him and one of my friends is good on bitcoins so i asked him to teach me and he became my mintor.

After you get the experiance you will get power and what i mean by that is it will be hard to fail. For example Bill Gates is a powerful man in business do you think he will be in debt? the answer is no it will never happend because if he lost everything he made other people will help him to success again and everybody want to work with him.

Then, you have to have a control because you don't want other people to tell you what to do. for example who has the cotrol in the hosptal? the doctors or who has the control on companys? the ceos. The reson why they have the control is they are more succesful, or more educated, or they are powerful. Another exapmle if someone has a company he will have the most cotrol because he'll be the most powerful person in the company.

The last thing you will get is the freedom and respect. As a business man what i mean by freedom is you can go where ever you want when ever you want, and what i mean by getting recpect from people are two ways the first one is when you are more educated than them and when you make more money than them.

At the end success is like the marathone, you don't want to be the first preson who get it but you want to enjoy it. ",426,12,Male,Economically disadvantaged,White,train,3,3,3,2,3,2.5,3,3,3,3,3,3,3,4,3.5,3,2,2.5,2,3,2.5
BBE74D844874,Success and failure,"The Ways To Success In Life

Failure plays an important role in the path of success. To gain success in life we all have to go from difficult situations. We do not have to lose hope at failure. Failure is the key to success. We learn the lesson from our mistakes. If we will not do the mistake so, how would we learn the things more better. We should learn the things from our failure instead of losing hope. Encourage yourself and other when you you are facing the failure is a good thing. If someone fails again and again in their goal, we have to encourage them for not to lose hope,determination about goals and be enthusiastic.

We need to help people if they need us,if we see someone who are losing their hope because of the failure, we have to encourage them for not to lose hope. Because if they lose hope, they are destroying their dreams and goals by their own hands. At least we have to try something until we reach to our goal. There was a spider, who wants to go to his home but he was not reaching to his home because it was so high, he tried first time he failed, he tried second time he failed but he did not lose the hope. When he tried the eighth time, he reached to his goal just because he did not lose the hope. We have to try as many time as we can but never lose the hope.

We should have determination about our desire. If we are determine about our desire then we can reach to our goal. For the success we have to do a lot of things like hardworking but the main point is determination. For instance if we think we can not do this thing then its really happen. First we have to prepare our minds that this is my desire and I will have to reach my goal. There is nothing wrong to make or see the dreams but the determination about your dreams can take you to path of success.

Be enthusiastic about your work and goal is the great way for success in life. We have to be thrill about our goal. Enthusiasm is a great thing, we have to learn from the failure with out loss of enthusiasm. In the pursuit of success we do not have to be sad. Be happy that you learn from your mistake and now u can do that better than before. From the failure we are getting more experiences. For example when teens go for their first job, they do not have experience. They do not know how to manage their time in job, how to take customers and how to deal with the difficult situations. Every day they do mostly mistake and learns from their failures. At the end of the year they are master in everything but if they do not lose hope and be enthusiastic about their work.

Life is so hard but we can make it easy if we don not lose hope, be determine about our goal and be enthusiastic. To gain the success we have to do a lot of hard work but if we fail at any point we do not have to lose hope and just sit down because we fail. We have to learn from our mistake and just try, try and try until you reach to your goal. If we fails after hard work it does not mean we can not fulfill our dreams. However if we fails after a lot of hard work it means we have to try again. Because hard work will never waste so just keep trying until you reach your goal. So, we should never have to be afraid from the failures. It is good for us to learns more from failure and do better next time. Never give up on your dreams and desires. Try for your ambittions and happiness. One day you will get the success, as Former British Prime Minister Winston Churchill said that:

""success consist of going from failure to failure without loss of enthusiasm.""",682,12,Female,Economically disadvantaged,Asian/Pacific Islander,train,4,4,4,4,3,3.5,4,3,3.5,4,4,4,4,4,4,4,3,3.5,4,3,3.5
BE6A28051A30,Success and failure,"In my opinion, i completely agree with this association church statement. Success consists of going from failure to failure until you get what you're being fighting for, without losing your enthusiasm. However i realized that the time period it's not the same to the one that we're living on. Company Association, Churches, and Governments are not alike as before, because now if you are trying to achieve something and for some reason you failed, people will start judge on your acts that you're not capable to become your dreams reals. Eventhough failure plays an important role in the pursuit of success. I would like to share one specific example that fail is the promotion that brings you to success.

I would like to lasso the example of your first day on your new job. We all passed through that situation , you feel like you're not lace in, in the directions that your boss or supervisor gave it to you to do and thanks to that some employees start laugh at you, about your failure and no one is loyal to come up to you and teaches you how to do it they stand by and wait until they see that you made it wrong then they try to help you. But, let me tell you something that you already know, the world isn't a rainbow it's a very mean and nasty place and it doesn't matter how rude you are, it would put you into your knees and keep it permanently if you let it. Not you, not me, even no one hits that hard like life does. But, it does't care how it hits, the only thing that really cares is about how much you can take, how much you can get hit and keep moving forward. If you know what you worth, then go out and get what you worth, but you must have to be able to hold out hits and not to came and blame others and say; I can't be the person that i want to be, because of him or her, or anybody. That's how winner is done.

In summary all the proofs plays an important factor in how to be successful in life, sometimes is that shove that you needed to get higher. In addition to this, you have to be able to hold out the criticisms of others, if you are not capable your enthusiasm will get shrink and all the effort would be vainly.",393,12,Male,Economically disadvantaged,Hispanic/Latino,train,2,2,2,3,3,3,2,2,2,2,3,2.5,2,3,2.5,2,2,2,3,4,3.5
BE928441C9D6,Success and failure,"I agree with Churchill's statement about the important role that failure plays in the pursuit of success. I believe Churchill about what he said ''success consists of going from failure without loss of enthusiasm ''

sometimes in life you have to be a failure to be successful. For example , I know friend of mind when he first came to the USA he didn't even try to speak English.

After a while the time came and he had to learn and try when he tried he filed and filed couples times in till he be came a successful . me in person filed couples times in all SOLS

but I had fix and I kept trying and trying in till pass all of them. at the same time it might be a bad thing because some of us when they fail they give up so easy.

I sagest we should teach student about what that success consists of going from failure to failure without loss of enthusiasm.                                                                                             ",257,12,Male,Economically disadvantaged,Black/African American,train,2,3,2.5,3,3,3,2,3,2.5,2,3,2.5,2,3,2.5,2,3,2.5,2,4,3
C2F34D6A76D4,Success and failure,"""Success consists of going from failure to failure without loss of enthusiasm"". Although the word failure is the lack of success, is the loss of the ability to work normally. As humans, we all know that sometimes instead of get better in life, we currently loss our capacities to start over and follow what we want for us because as British Prime Minister Winston Churchill once said ""do not loss the enthusiasm"".

To being, humans fail every time in life, every episode in our life there is always a failure, it is always there for us like if we need it and maybe this is why we always wondered why failure have to happen during the most incredible episode in our life, we always think this is because we did something bad or we did not tried our best as much as we can for get that job, pass that test or even keep all our problems in line, but why failure became a big role into our daily life?.

The reality of failure is not only fail, is to see what we did bad to get better, is to understand that we need to fail, understand that fail is good for us and help us to do not make the same mistakes that we did in the past because every time is a failure it is also an experience and a new lesson to success.

For example, scientists tried many experiments to just get one result and they fail very often but at the end they discovered new things not just only what they were looking for. This shows that not matter how many times you fail, there is always an answer and new things to discovered.

Furthermore, stay positive for humans could became a big issue in our community. Every human try everyday to stay positive and see all the mistakes as much positives as we can but this became more stressful after a failure.

What we all need to know is that feel stress, feel insecure of ourselves is good. We all are humans, our feelings make us more stronger than we actually are however, most people could feel depress after a failure and this is why we goes down, we loss our hope and most people stop to keep working in their goals and just get tired and feel depress.

For example, there is a book that the students of Generic_School were reading last year called ""The life of an Indian"". This book is about a poor Indian boy that lives in a reservation, he has no hopes after one day his teacher introduced the Indian to a different world out of the reservation to find hope and believe in himself, follow his dreams instead to keep poor in the reservation. He fail a thousand times, but instead to get back, he goes thought his issues.

This shows that stay positive after our failures even for a poor little boy is not always too hard. Clearly not everyone could do it that way, but we always want our happiness, and to get happiness, failure could became our big right hand.

In conclusion, join from our mistakes is the best way to be successful, to be better in life, to keep in mind that every failure is a new experience and a new lesson. Not matter how many times you fail, there is always an answer.

I am completely agree with Winston Churchill, feel enthusiasm for what go next in our life is more excited than we all think and as humans, if we start to believe in ourselves and stay positive and start to dream and also understand that failure is part of our daily, we will become more successful with the knowledge to how life really works and that life is not too hard as we all been thinking. ",570,12,Female,Not economically disadvantaged,Hispanic/Latino,train,3,3,3,2,3,2.5,3,3,3,3,3,3,3,3,3,2,2,2,3,2,2.5
C40BB9E0BC6C,Success and failure,"Should success consists of going from failure to failure without loss of enthusiasm.

l agree with what Churchill's about the important role that failure plays in the pursuit of success. Failure is to do or perform. l agree because some people think that if you are failure it mean you can not be success, you will be success no matter what. Some people preform good in ever where they go and do what will make they there success so this is important role that failure plays in the pursuit of success without loss of enthusiasm.

First reasons, ln the world people will say that failure don't make they life by success so if they did something and they fail that all, they will never try it again because they did not get good thing from the fist one. Be strong in everything you are doing failure will not be without loss of enthusiasm. For example My brother wife have an exam to write in the morning so she was learning all the night she did not asleep so l went to her room and tell her to sleep some time before morning and she said no l have to learn so that l can pass me exam and l said OK then am going to sleep. ln the morning she get up and she went to write the exam. The next day they call her and told her that she fail her exam so all what she was thinking was that she will pass the exam but she will failure so she was thinking that she will be success in this exam but she did not loss of enthusiasm.

Also, Most of the people give up if they fail in thing they are doing they believe in them self that what they are doing will be successful for they but the end thing will miss up for them and the loss of enthusiasm the good ideas of bring success tell your that l can do this and do it all. For example, l was write am SOL exam last year and l don't know what to write and l don't understand what the question is say so l was thinking about the question but l don't know what to write so l tell my self that no matter what the question is l will do it and pass it. When the score came because l believe in my self l pass the exam. So you can be success in every thing you do if you made up your Maine in what you are doing. Make your self a good discuss and you will be fine.

However, Some people start their own business but they first tell them self my business will be successful and yes they will be because they believe first before they start the business. Yes the work will be good without loss of enthusiasm. For example, My friend dad has a big shop in Generic_City one night when her dad was asleep some bad people came to the shop to take all his money and the thing in the shop so in the morning people was cry infant of the shop so we all went there l see what is going there so when we went there it was so sad they bad people took everything in the shop not even a pen but do know something he did not give up because he did not give up he fail but he was successful in what he was doing. The reasons why am telling all this is that never tell your self that l will be failure on matter what you will be success.

Other might say that it is bad ideas to be success consists of going from failure to failure without loss of enthusiasm. However you can loss enthusiasm any time but if you never give up in what you are doing people do things that they don't believe in what they. One of my teacher in my school called Generic_Name gave as a test and the test was as difficult for as to do so he told him self how can the student do this work so try not to give the test to as the student in the classroom told him that we will can do the test so the teacher the told as that do you believer that you can do it and we said yes we can so he gave as the test to do. infant all the student that told that test pass successfully and the teacher was so happy. So you will be success without loss of enthusiasm.

ln contusion, We have many things in the world that will make you a failure or success, make a discuss to yourself that you will success in life no matter how how things will go. My friends always told me that never give up in life, school and any thing you do. Maybe you have an exam today and when you went home yesterday you did not learn and you was watch TV and you want to pass the exam no matter what you will be failure in the exam. ls important to be success in life if you can be success you have to do what will make you success. l believe in my self that being a success is a good idea.",889,12,Female,Economically disadvantaged,Black/African American,train,2,3,2.5,2,3,2.5,2,3,2.5,2,3,2.5,2,2,2,2,2,2,2,3,2.5
C465964DA6D5,Success and failure,"Do you think that you need to fail over and over to become success. In this essay, I will argue about the important role failure plays in people success. people that become success is because they have failure a lot of time during the process, and they work harder each time to do it better.

When someone success in something, they had failure in something one time in their career. Maybe the fail they took in their career is what make them successful. They knew, if they dont work harder they wouldn't do any better. A failure can teach you lessons to do better that last time. That why a lot of people said that never gave up just for a fail that you can have. Thats what make a person successful.

Failure is something that all of us do. Thats what make us do better in life. If we all ignore are failure, we would keep failing over and over. That why we have become successful in something in are life. For example, when I was 10 years old, i couldn't ride a bike. I away fail trying to ride it, but i never stop trying. I try doing different way to learn. My success of riding a bike was based on failure that teach me different way to learn something and better.

My dad have a company that he have work hard and a lot to archive what he have now. He never loss his enthusiasm to make his company better, years over years. All the knowledge that my dad have now is by the failure. Sometimes he have lost a lot of money, or work for free, because he din't do what the customer said. Some times was because the customer din't like the work.

Now he know that he should do the work as the customer said and do the work better. He have learn that he should do what his job more better and do what the customer said.

Some people said that you don't need a failure to become successful, but they are wrong. Success comes from failure that make you have knowledge. All the failued that you took make you work harder and do way better. In the future, I hope people learn more from their failure to be successful in what they want to archive in their life. ",376,12,Male,Economically disadvantaged,Hispanic/Latino,train,3,3,3,3,3,3,3,3,3,3,3,3,3,3,3,3,2,2.5,3,3,3
C47E98E69AFB,Success and failure,"I'm a gree because if we are enthusiasm is probavility that we have success in the future for example, when we take an test if we are bored and also we not are enthusiasm is probavility that we fail and no passing the test, sometime be enthusiasm is the first step to take the success,but sometime when we are enthusiasm also is probavility that we can loss to most but there is when we need to be most enthusiasm because is like it how we can have success.

actually,

another example It's me because when my family and I decide that I will to come to United Stated and my other family that live in the United stated for many years they told me that if I coming I will going to the school I was feeling enthusiasm because I wanted to learn a new language a was the English and now I have three years living and studing here and for be enthusiasm today I speaking two languages

I think for be enthusiasm I have success for this reason I'm agree the success consist in no be scary to loss and alway be enthusiasm.

Also many peoples said that the success not consist in be enthusiasm because they said manytimes the peoples that are enthusiasm like for example, when they will stard a business or differents type of jobs they loss money for example or also they always fail in everything and the reason is because they are very enthusiasm for this rasson they said that be enthusiasm not always is good and also not a;ways consist in the success.

but is a opinion because there are many people that are agree and other are desagree because some people take a good opportunities because they said that they was very entusiasm and also there are people that never know what is success for this reason are desagree but in my situation

I was enthhusiasm and this support my success.

In conclusion, I'm agree because is probavility that if we are enthusiasm we will have success in the future and always will be a step to have success.",312,11,Male,Economically disadvantaged,Hispanic/Latino,train,2,2,2,3,2,2.5,2,2,2,2,3,2.5,2,3,2.5,3,2,2.5,3,2,2.5
C6555F21F7CD,Success and failure,"I believe that Winston Churchill's quote,""success consists of going from failure to failure without loss of enthusiasm"", is true because after you make the mistake you learn how not to make that mistake again. The only way to learn how to be successful is to make a mistake. I think that you should always isten to your elders because they have been threw rough and happy days. When we are little, we always think that our parents are being really strict, but they're only trying to keep us happy.

I have made alot of mistakes when I was a pre-teen and I still make mistakes now,but at the end i realize that I was wrong. I was thirteen when I got my first phone and my parents always told me to not have social media till i'm sixteen. The only reason why my parents said,""no"", to social media was because they didn't want me to get hacked by people. All though, my parents said no to socail media i got it anyways. After couple weeks of having social media, someone decided to hack my snapchat. At that point, I realized my parents were always right.

My parents have made mistakes before too. When I waa a baby, my parents took me to my grandparents house for the first time. After we got to my grandparents home, my parents forgot to close the door behind us. So, I crawled out of the house and they didnt see me. After that, this guy saw me crawling down the streets and there were cars driving by me. So, the guy carried me to his shop to see if anyone comes to find me. After couple minutes, my mom realized I wasnt there so she ran out of the house to find me and than couple blocks down she saw in someones shop. My parents always checked if the door was closed after that incident.

Always keep in mind that you shouldnt do anything without thinking of the affects. If you not sure if its right or wrong, then you should ask someone for their opinion. If that doesn't work out than your probably doing something wrong. If you do something wrong then people will change the way they look at you. It better to keep in mind that your family and friends have faith in you.                                                      ",405,10,Female,Not economically disadvantaged,Asian/Pacific Islander,train,3,3,3,2,4,3,3,3,3,3,3,3,3,4,3.5,4,3,3.5,3,3,3
C7AC45EF9D03,Success and failure,"Former British Prime Minister Winston Churchill once said that ""success consists of going from failure to failure without loss of enthusiasm"". I absolutely agree with that statement, because in my opinion I see success as a goal that everyone on this earth should somehow reach to. However, it's not that easy and not everyone is able to to that.

For example, my father is a successful business man by helping others and our family, he has done a lot for me. He also took risks and failed multiple times in order for him to be successful in life. Not just because he has a lot of money, because otherwise not every rich individual is successful. You must fail in order to better yourself and learn from your mistakes, because that will benefit you in the long run.

For me, I want to be a successful business man, just like my dad. I also want to travel around the world, and gain knowledge. but my goal for know is to pass all my classes with a high GPA, to show my parents and myself that I can do it. Yes, I failed one of my classes before but I didn't give up. As Winston said ""success consists of going from failure to failure without loss of enthusiasm"". I'm going to keep working hard in order to graduate and chase my dreams, just like my father did.

In the conclusion, I think that Winston said a true statement. I personally agree with him, because in order to be successful in life you will either need to learn from your personal mistakes or others. That's honestly what I am doing right now, since I'm still a teenager. Learning from others help you develop new skills and knowledge, especially from the old generation.                           ",268,12,Male,Economically disadvantaged,Black/African American,train,3,4,3.5,3,4,3.5,3,4,3.5,3,3,3,3,4,3.5,4,4,4,4,3,3.5
C8A3B0D8B7E5,Success and failure,"Prime Minister Winston Churchill said that "" success consists of going from failure to failure without loss of enthusiasm"" is a great idea. Although some people might say If you keep from failure to failure that means you can not done It,because you are not genius. But in my opinion If you don't loss your enthusiasm you will be success.

The best example is when AiDiSheng developed light blob he had thousands of fails but he didn't give up, he didn't loss enthusiasm,after more fails finally he made the first light blob in human life. It tells me If you don't loss your enthusiasm on something thing you focus on keep doing it you will done it perfectly like what you wished.

My other reason is be audacious keep trying. when you are failure to failure, your friends might say stop doing it you are not going to make It .they just giving you a suggestion.

If you stop you will loss your enthusiasm on something that is attracting you just because they said are not going to make it, trust yourself keep trying don't loss your enthusiasm.

In my opinion enthusiasm is not easy to have, the only ways to have Is someone or something that is attracting me. I would like to focus on I will have enthusiasm like video games I can play for a whole day,but I can't study for whole day It will be tough to me what If I have enthusiasm on study I will be success too.

Fail is not dreadful, the awful thing is loss enthusiasm that will be incurable. Believing yourself even you have many fails continue trying you will be succeed.",255,12,Male,Not economically disadvantaged,Asian/Pacific Islander,train,2,3,2.5,2,3,2.5,2,3,2.5,3,3,3,3,3,3,2,2,2,2,2,2
C8DF8FD0D69D,Success and failure,"""Succes consists of going from failure to failure without loss enthusiasm"".

-Former British Minister Winston Churchill

Immigrants who came from differents countries to United States are the most strongest people in the world.

These people really know what failure means and how brave they are to leave their families and find the success that they could not get on their countries.

That's the meaning of this statement and I'll explain you why I am agrre with this powerful phrase.

I believe that immigrants who came to United States are the strongest people because they have to do a lot of sacrificies before to come here, for example, some parents live theirs children with their grandparents or take the risk to come with them even knowing how hard is the way to come to America.

Its really difficult to come to a new country without know the lenguage, the city, and what kind of peolpe will you find in the way, some are good persons who helps them some of them are racist, they start from cero without a hosue, a car, a good job, being alone and so far from their families, this is how they get the strength to keep moving up and help their families in their countries.

They are the best example for this statement to teach us how can we start from down in a new place and get the opportunity to be in the top without never give up making clear our goals and purposes,

sometimes we want to do something that we really love but we feel afraid to fail, but if we never try we never going to know how it feels like to see ours dreams realized. If you believe in what you think , then it worths and do not let anyone tell you that you can not.

I'm agree with this statement because it shows us a different way to see what we call difficult or imposible to make. When the things are getting hard just think in the price that you will earn at the end or how proud you will be for made that thing that you wanted to do and someone told you that you could not make. Just be as an immigrant, brave, able, capable to risk all that they have to get a new opportunity, a different way of live but always thinking about the yearned price.

I hope you have an idea about this statement means , and do not give up on your dreams and the goals that you made some day thinking about make them reallity and if you always want to triumph you have to spend time on it.                                                                                                                                                                                                                                                                                                                                                                                                                                                                                                                                                                                                                                                                                                                                                                                                                                                                                                                                          ",1054,12,Male,Economically disadvantaged,Hispanic/Latino,train,3,3,3,3,4,3.5,3,3,3,4,3,3.5,4,3,3.5,3,3,3,3,4,3.5
CB71E5F9AE1E,Success and failure,"Do you think failure is a good thing or bad thing? Well, what a British prime minster ones said""success consists of going from failure to failure without loss of enthusiasm"". Some people may think this is bad thinking because of how hard you try,but you have no success at the end. Yes,i agree with the statement about the important role that failure plays in the pursuit of success because of these three reasons,failure makes me better than i was at first,never giving up without motivation ,and be able to over come that obstacle that i work so hard for. My first reason, of why failure is a good thing because it makes every body better at what they started with. For example, when i first started learning how to ride a long board i was very afraid that i would fall and hurt myself. At first i really terrible and failed over and over again. Until one day my friend came over my house and showed him how i would do it. But once again i fell off my long board crazy like. Then my friend started to laugh but in a funny way,so i also stared to laugh too. I ask him why he laugh at me,he told me"" i remember at was like you when i stared to learned long board"". He also told me he was really proud of me not giving up and failing. what i understood of what he was trying to tell me is that failure can make me better from having that kind of enthusiasm in my spirit. related back to my first reason is that not just giving up,but having a motivation every time i do anything to keep going. In order to have that kind of motivation of getting out of bed and doing what you want to accomplish at the end of the day is looking up to someone who helps you get to work or hustle i can say. For example, famous people who did or was successful in life like Bill gates who found the gold rush,Arnold the best body builder of all times,and Stan lee who invited the marvel universe. All these people was in our shoes before they became famous. They can motivate us by what people probably said to them like ""no"" or ""it can not be done"". They did not listen to adorers Sayers would though that never would happen. My final reason of why failure is a good thing is to over come any obstacle that can get in your way. For example, the time when i was fifteen years old i had a problem with one of my classes in school where i had to learn to stay away from people who were not good influence on me. At first they looked like good people,but when i started to notice that they were hiding something from me i was really currouse what was it about. Until one day i was with my best friend in his room just chilling and later on he showed me on his phone what i never though they would do. I was really dissapionted what they were doing beyond my back. So on that day i had to over come my obstacle of not making friends with anybody who looks nice or their appraise. In conclusion i do agree with the British prime mister Winston Churchill quote that says ""success consists of going from failure to failure without loss of enthusiasm"". because of these three reasons failure makes every body better,never giving up without motivation,and lastly over coming any obstacle that can be on road to success. something that i always believed in is ""no pain,no gain"".                 ",566,12,Male,Not economically disadvantaged,Hispanic/Latino,train,2,3,2.5,2,3,2.5,3,3,3,3,3,3,3,4,3.5,3,3,3,2,4,3
CC24D88BEB8E,Success and failure,"I agree with Churchill's idea that success consists of going from failure to failure without loss of enthusiasm; Although, many people believe that failure will take you down and make you doubt about your potential; however, failure also help you to progress, gives you different ways to achive your goals, and makes you become even stronger than what you were before failing.

Failure is always there, a lot of times we thing failure is a bad thing, but failure is a key thing for success, it will prepare you efor even much harder situations, if you don't fail how are you going to progress?, fail and mistakes help you learn from them, help you to become stronger and they let you know that things are not easy. You have to put more effort on the things you want to get and mistakes are just there to help your progress.

Sometimes we just need different ways to solve problems and failure is there for us, when you fail you know what you are not going to do next, it give you choices and failure let you know the things you could've done to avoid it. When I started to play soccer, I didn't know how to kick the ball correctly, because I only knew one way to kick the ball, I failed a lot of times, but i didn't give up, I started to kick the ball in different ways, I placed my foot in different positions to kick the ball with more power or if wanted to kicked it with more precission. All those fails helped me to realized that there were many other ways and not only one way.

Failure also makes you stronger, because when you fail and you are beaten down and you go there even stronger and achieve what you wanted to achieve you are a new person, a new and strong person that doesn't give up for a simple mistake, a person that when everything looks like its over, comes back with more confidence to not make the same mistake again, that mistake helped you to become even stronger than what you were before it.

Edison was asked ""How does it fell to fail 100 times?"", and he answered, ""I didn't failed, the light bulb was a proyect that took 100 steps to be done"".

In conclusion, failure and mistakes help you learn from them, failure gives you other ways to accomplish your goals and it makes you stronger than what you were before, I think people shouldn't be afraid of failure, they have to start failing, because when they get to reach their goals, their satisfaction when they achive it, its going to be even bigger.",431,11,Male,Economically disadvantaged,Hispanic/Latino,train,3,4,3.5,3,4,3.5,3,3,3,3,3,3,3,3,3,3,3,3,3,3,3
CC2EC6C74865,Success and failure,"Success consists of going from failure to failure without loss of enthusiasm because to have success is important to do a great effort. It is very important in the life, but to learn the value that it has sometimes failure is also necessary. Also success is not something easy to get, but without loss calm could get it with enthusiasm. Success has an role important in the life of many people since it is something that is necessary in their academic level, their jobs, and their goals to have a better future.

First, success is difficult to get at the academic level, but the students need know that although they are failing with effort they could get it. Since to get it, they need to study a lot without loss the hope of getting success. Also they need to practice each step to do more easy their activities and have a better success. For example: if students loss any test they need to study and practice a lot to get their success with enthusiam. For this reason, the importance of the success also depend of failure to failure to learn.

Second, in the work, the success depend of many dedication and is absolutely necessary working a lot to get it. If the employees is not working well, the problem could be that the company not could have success and the employees could be exonerated of their jobs. Moreover, if they are exonerated their jobs, they need to looking for another jobs without loss the calm to get their new jobs with a great enthusiasm. For example: An employee was farawell for does not a good report, but continuous practicing and learned to do a good report after that the employee found a good job did a very nice job. Sometimes the success in the work is not easy to get, but neither impossible.

Finally, the people have many goals in their future, but also have obstacles to get success. The goals are difficul to accomplish, but not difficult to do. Furthermore, to realize their goals, they need to keep completely firm their ideas to find the success. Sometimes, they can failure, but they have the capacity to do anything and accomplishment their success for example, A family want to go to the beach, the problem is that they do not loss money to their vactions, yet they were to the beach because winning money working hard and with a great emotion they arrived to the beach. All goals can get with dedication and effort.

In conclusion, from failure to failure, the success can be possible and get it with a great enthusiasm. In the academic level, job and goals for future there are not impossible to accomplish the success. Does not matter the difficulty that everything have, the most important is realizing all with success, but without loss enthusiasm. Success is important, but the most important is learning to surpass failure to get it with enthusiasm. ",452,12,Female,Not economically disadvantaged,Hispanic/Latino,train,4,3,3.5,4,4,4,3,3,3,4,4,4,4,4,4,3,3,3,4,4,4
CC30C03474B1,Success and failure,"Well if you want to make something that you always wanted to do or you wanted to have you will failed sometimes but you never have give up with out loos your enthusiasm like the statement said because if you always give up in things that are harder to you to do it you will always be like that and them you will never going to be waht you always wanted to be some reasons are the you have to superate in the life bacause life not always is easy to live sometimes you will have some troubles without you don't expect that it will come.

Examples are that if you are wasting your time doing things that are going to ruin your life you will always failure and you will loose your enthusiasm and if you don't think what you are doing one day you can do something that you will never wanted to do in your life and there is where going to be seriuos problems with the police and you will jail for a couple years.

So that's why you will need to be always positive with things that you wanted to do in your life never think that you will never going to make your dream because you can make it thare are people that love your family so you will never going to be alone some reasons are that if you make your dream that you always wanted to be and your family are working hard to help you they are going to be so proud of you them you will said thanks god for all you give me and you will be so appreciated with your family because without them will never do what you always wanted to be a good person you will have a good work and you will going to have that car that you always dream to have when you was a kid.

Nobody likes to fails even if it's something that you don't wanted to happen at you or someone else that you love or eather something material because it's harder to buy something or other thing that cost you alot of money and some else just come to break it or destroy that thing that you love and you take care of it like that was only thing that you will love in your whole life.

An importamt failure will be something that happen to you and you said I know i can't superate this and be better than I was before so you can have better ideas how be sucesful in life and don't comitte mistakes that just a child a child can comitte so that can an important failure.

Also taht's why i can not be agree baecause I think both needs to be the same but not both can be the same but with the help of anyone both statement can be equal.    ",461,11,Male,Economically disadvantaged,Hispanic/Latino,train,3,2,2.5,2,2,2,3,2,2.5,3,3,3,3,3,3,3,3,3,2,2,2
CD9FDD5F9F9E,Success and failure,"Does failure play a big role in success? Former British Prime Minister Winston Churchill once said that, ""success consists of going from failure to failure without loss of enthusiasm."" Although failure often just ends up in failure, I agree with Winston Churchill's statement that failure can lead to success if people continue to use enthusiasm.

First of all, many of our inventions used today are a result of failures.

For example, Edison created the lightbulb, but failed many times before he discovered electricity.

He used his faith and motivation to not give up and keep trying even though he had many set backs.

He accidently made a circular shaped like glass ball which became a source of electricity. If Edison did not keep trying, we would not have electricity today. Also, many scientists have created medicines after many failed attempts.

For instance, there is now a chicken pox shot that prevents people from getting the chicken pox.

Through many experiements with mixure of chemicals and failed trials, scientists were eventually able to find a shot that prevents chicken pox from entering your system. These examples show that failures often lead to success if people never give up trying.

Second of all, many students have failed in school, but if they keep trying and keep their enthusiam, they will succeed. For example, I have had a hard time in school, especially with passing my sol's. When time goes on, I try harder and harder, and spend more time studying with my teacher.

As of today, I have passed all of the sol's I need in order to graduate except for the one I am writing about right now.

I also have a learning disability and ADHD and have a hard time paying attention and often lose focus in my classes.

Even with my disability, I have not given up and keep coming to school and get extra help from my teachers so that I can graduate this year.

I make sure I follow the rules, don't skip class, or don't miss school becuase it's so hard for me to make up what I miss. Although many seniors like to skip class, I do not skip becuase I want to earn a high school diploma. Even in education, there are failures, but through hard work and a good attitude, students can succeed.

In conclusion, I agree with Chruchill's statement ""success consists of going from failure to failure without loss of entusiasm.""

Even though people will experience failures, there will be success if they work hard, keep the enthusiiasm, and never give up. ",400,12,Female,Not economically disadvantaged,Asian/Pacific Islander,train,5,4,4.5,4,5,4.5,5,4,4.5,5,4,4.5,5,4,4.5,5,4,4.5,5,5,5
CDABA09822C7,Success and failure,"I my opinion the Minister Winston Churchill its right, because to learn something you need to see it not just of the success fool side. You need to learn of the mistakes too.

The problem of someone how never has experimented the failure, is that when this happen its going to be more pain fool that someone how has that experience.

Imagine a pro football player and he never in hes life lost, and for the first time in his career lose: he is going to suffer more and maybe get in depression because he never experiment the feeling of lose. But the football player how has hes loses and didnt stop and keep fighting if he lose now he know what is the feeling, he is more prepared.

You need to feel what is loss, its going to make you a more prepared person, who knows what you want and how to do it, but you cant surrender you need to all ways keep going; is your life, your goals, your decisions and no one cant stop you.",165,12,Male,Economically disadvantaged,Hispanic/Latino,train,2,2,2,3,3,3,2,2,2,2,3,2.5,2,3,2.5,3,2,2.5,2,2,2
CFD0D13D3180,Success and failure,"Former British Prime Minister Winston Churchill got the concept that ""success consist of going from failure to failure without loss of enthusiasm."". Many people failed and successed in life. Some people learn by their own mistake, fail is part of growth. Others, feel like to fail is being a loser and cannot admit their defeat from a battle. In other words, they have no modesty. Success consist to not give up on your goals, to not leave your dreams from a simple mistake; to not describe yourself as a coward.

Many people failed during their career, even the most professionals, but they kept trying. It may be that to fail bring some issues of closed minds, fears, etc. For example, There is a doctor that knows the hard work to finally done with college plus to achieve what you'd love to be. This doctor studied for 7 years, this is a huge and long way of his career. As you know doctors never stop studying because the technology changes every year. Therefore, the start is not easy as, others, thought because the first stage of college, it may be the hardest stage than the others. Some people fail the first test, or the first semester so they prefer to abandon their studies than do better in college. This doctor have failed on the way of his career, but prefered to ask for help instance of giving up. The importance of failing is to learn and the importance of learning is to success in life. Above this, a 15 years old guy used to fail in High School and this student was down-hearted, but the family supported him without criticize him. It was not easy because some are not smart enough, but this 15 years old guy put a little bit of effort and now he is a doctor in Spain.

Failure to faliure is the key of succes. Besides, Failure gives you more knowledge of your mistake and opens your mind to discover news to things to learn. For example, a cook is trying to do new dishes from differents cultures. Now, the cook wants to try peruvian dishes because the gastronomy of Peru is one of the most populars in the world. Also, this would be a benefit because will gain more money. By trying these new dishes, the cook fails because most of the customer did not like the food plus received many critical comments. As many cooks receives many critical comments, they decide to abandon the kitchen and do something different. This cook enjoyed when he commited a few or big error; to do better next time. Learned to do better the new peruvian dishes, listened to the rest of people and finally, succeded in the kitchen.

Some feel ashamed to fail, they usually compare themselves to others because life is a competition and this may bring issues of insecurity. That is one of the biggest problems that many people have in these days. If there are 2 lawyers that wants to face a case of an innocent and important person, who is involved, in a serious problem. The best lawyer would defend the case and will be recognized as one of the best, would get inmmediatly many jobs for being recommended. On the other hand, if a lawyer fails a case would not get inmmediatly many cases often. Therefore, the lawyer knows that to fail have a positive side of learning, gives you more skills of how to face any case.

In conclusion, as Churchill said that to fail is the start to success. As many people fail, they learn. Some people are not smart enough, but they put effort of what they want to do. Even though they fail, they keep trying because is the ability of their knowledge. People that are already professionals, they make mistakes and enjoy of their mistakes because they learn more of their speciality. Finally, even if you want to be the best of something, do not feel ashamed because life is a competition and do not closed your mind of making a few mistake. ",642,12,Female,Economically disadvantaged,Hispanic/Latino,train,3,3,3,2,4,3,3,4,3.5,4,4,4,4,3,3.5,4,3,3.5,3,3,3
D001F6D3A0D0,Success and failure,"Everybody would like to be succesful in the life, and that's possible, but is not easy you have to try one time and one more time until you have what you want; it doesn't matter how many times you try for it. In my opinion there are a lot of people that if they fail one time they give up and shouldn't be like that because you will be happy if you complete your goal, you will be a good example to help others to be successful, you can earn more than you expected.

Complete your goal can be really important for you, and will make you happy, for example, my Mom wanted to have a beauty salon, but she knew that it wouldn't be easy; she started with a small room and a few customers, sometimes she didn't have custumers, and that made her think to close the beaty salon, but she never gave up, now she has a big room with a lot of customers; she is happy because she is doing what she likes, and the most important part she never give up. That' is why we have to try many times until we are happy for what we have or what we are doing.

Some people would like to have an example to make their goals, and you can be a good example if you don,t give up at firts time that you fail, for example, I have a cousin, Generic_Name, she was a bad student; she didn't care about her grades, tests, homeworks, and nothing about the schools. when I moved to live with her, she saw my grades and all that things that I do. She stared to ask me how I can have good grades in the tests and be successful, and I said to her,"" you need to have more enthusiasm for the school"" ,and now she has a really good grades and she is going to graduate this year. If we don't stop even if we fail, we can hel others to be successful.

Some people might say that you lost the time trying something many times, however, you can earn more than you expect if you try as much as you can, for example, I saw a video on facebook; there was a man that was loking for a job to support his family; he went to many places, but nobody gave him a job. One time he was walking on the street, and he saw a man trying to fix his car, and without thinking he went to help the other man after that the man was thankful for the help, and he offered a job for the man. The man who was without job; he didn't know that he will get a job on that situation, what would happend if the man would be sleeping in his house; he would never get that job. That is why we never have to lose the enthusiasm to be successful; we never know what is prepared for us.

It is clear that you will feel good if you complete your goals, and you will be a good example of persistence to help others to be successful, you will earn more than you expect if don't give up at the first time that you fail, and maybe is not easy, but you have your whole life to make it happen, and nobody will tell you when to stop; it doesn't matter how many times you try or you fail. The most important part is that you will be successful if you are constant and and what you are doing. ",600,12,Female,Economically disadvantaged,Hispanic/Latino,train,3,3,3,3,3,3,3,3,3,4,4,4,4,3,3.5,4,3,3.5,2,3,2.5
D10BBD82D66F,Success and failure,"Former Primer Minister Winston Churchill once said that ""Success consists of going from failure to failure without loss of enthusiasm"", and in my opinion I agree with Churchill's words. Failure has a enormous role in success. Failure is all about, learning from the mistakes you made and gaine all the experience you can out of it, Not giving up and plan what can you do better to accomplish what you have been fighting for to get even better results that the ones you were expecting in the first place, that is what failure is all about and that is why it has big and important a role in the pursuit of success.

Learning from the mistakes that were done is a big example of the role that failure has on the pursuit of success; throughout history there had been many times were our society, nation, and specie had learned from their mistakes; as an example of this is the League of Nations, it was created after WWI to maintain worldwide peace; It end up being a big failure. we learned from this and the U.N was created to maintain global peace through nations and till present days it stills been one of societies biggest success. this is an example of how learning from mistakes you have made in the past is useful but overall this is one of many examples you can put to show how failure is related to success.

Not giving up is also really important on this because giving up is not an answer as an example of this is, Pele, he became one of the best soccer players in history but it also became the youngest player to win a world cup, since a really small age he was told that he was never going to become a soccer player, he was told numerous time that his talent was not enough, but he did not gave up, he gave all he had and when he had the chance he showed everyone of what he was capable of and became one of the best players in the world. In his debut on first world cup he suffered an injury on his knee while training for the first match, it let him out for half of the of world cup. Doctors told him that he had to do exercise every day to get better, but that he was not going to be able to play in the whole tournament; he did not give up he trained day after day and in the third phase of the world cup he was given an opportunity to play in one of the games. This is a great example of the strength that people have when they do not give up and they give all they are capable of. This is also a great example that shows how failure has many things directly related at helping people to success at what they are trying to achieve.

Another example of how failure can help you success is trying once more. this is the most important feature in the relationship of failure and success because once you have looked back at what you did wrong last time and learning from that, you are ready to try once more and accomplish what you have been fighting for. As an example of this is the spaceships that have send to space to reach many places in the universe. Its well known that many of the spaceships that have been send to space failed, and in really big proportions. Many of those spaceships exploded do to problems on their systems or other problems. After many tries looking at what failed and what went wrong humans were able to send satellites and people to the outer space, it took many failures to till we got all of this finished, now we are able to send spaceships throughout the galaxy to explore the stars and many other places. failure taught us what were we doing wrong, and we learned from it, this shows us of how failure is related to success by trying many times to achieve what you are fighting to achieve.

Many people believe that failure is not related in any way to success, they have arguments saying that, you can accomplish something at the first try, that you do not learn anything from the mistake or the times you have failed at something, and they also say that you lose all enthusiasm when you fail numerous times at something. I believe this people are wrong because you do not always accomplish something in the first try, and you always learn from your mistakes, you might learn valuable lessons out of them; their last argument can be denied by telling to yourself that you can do it, we decide when do we lose our enthusiasm or not. this is why I believe they are wrong failure is related in the pursuit of success even if we want it or not because you learn and gain experience out of it, that is what makes this world a better place, failure, and it might sound like is not true but I believe it is; failure is always there and we can always learn valuable lessons out of it.

Like I stated in my examples above failure is related to success; failure is not a bad thing because we learn from the mistakes we have done, we can gain experience out of it, we learn what are we doing wrong, but what we have to keep in mind is that we decide if we lose the enthusiasm in something whenever we decide to do it, this is why I believe that the words that Winston Churchill said are true, because from failure to failure we learn from the mistakes we made along the way to success, we can think of a better plan with the things we learned and after that we can try once more to accomplish the thing we have failed with better results that those we were expecting. That is why I think that failure is related to success. ",976,11,Male,Not economically disadvantaged,Hispanic/Latino,train,3,4,3.5,3,4,3.5,3,4,3.5,4,4,4,3,4,3.5,3,3,3,3,3,3
D2035E3721BA,Success and failure,"Don't put yourself down if you are trying to succeed ,but you fail.

Prime Minister Winston Churchill said ""Success consists of going from failure to failure without loss of enthusiasm"" I agree with Churchill""s statement because you have to work hard towards success and In general not everything turns out to our favor the first time so, you have to try again until you reach success.

On the other hand success does not consist of going from failure to failure without loss of enthusiasm. Success is gain through those who choose to succeed and you do not need to fail in order to succeed.

Working hard towards success without losing enthusiasm is important because you have to be patient and sometimes we can be inpatient so, we loss our enthusiasm we will loss interest and will no longer be motivated to succeed. Enthusiasm is strong warmth of feeling interest. Failing is alright because to succeed you are going to fail and you learn from your lesson, try again, and move on.

On the contrary side success is obtained to those who seek it. Studies show that 78.2% of people don't succeed because they chose to be comfortable and not motivate themselves. Success does not consist of failing and failing ,People should be assertive that they want to succeed so they are prepared with the mindset not to fail.

In conclusion ""Success consists of going from failure to failure without loss of enthusiasm"" I agree with Churchill""s statement because you have to work hard towards success and In general not everything turns out to our favor the first time so, you have to try again until you reach success. ",259,11,Female,Economically disadvantaged,Hispanic/Latino,train,4,3,3.5,4,3,3.5,4,3,3.5,3,3,3,3,3,3,3,4,3.5,4,4,4
D457F3AEAC6D,Success and failure,"I do agree with Former British Prime Minister Winston Churchhill without failure how can we humans excied in life to get to success? To prove my statement i will provide two reasons, and also two examples, explaining why i believe that failure can lead humans to a world we couldnt imagine it could exiest.

Reason number one would be Battles and Wars. I believe that losing Battles and Wars help us the united states of america create new weapons wither it was nuclear or bullets. Another reason why i say that is because without losing those battles and wars how wouldve we found out about atomic bombs or harden steel bullets. It sounds crazy and highly dishorroable to are fallen heros who were killed in action, but if we won wars and battles everytime we would soon fall. Because we keep using the same positions and plans in order to win, and we also would feel too confident in wining so we will be using the same weapons over and over again and let the other team discover those new atomic weapons.

Reason number two is about automobles. Automobles have been around for a very long time now i guess if my calculations are right its been almost 1,500 years since Henrey Ford showed the world his first ever automoble, the Model T. Henrey Ford had to go through so many people doubting his Model T project would work. Day by day, month by month, even year after years of failed experments. But in the spring of 1830 he successfully got one fully working and running. He had to go through so much walls blocking his path in order to show the world that a automoble was and still is possible. Another example would be Tesla. The famous electronic car company to power there cars with electricity. those guys mustve gone through so many experments that i cant even imagine and the amout of failed ones too and im pretty sure there is alot more failed test projects than passed ones. I say that to be reasonable about it not saying it to make fun of them because if they didnt fail the first time the first modles would have been super crappy, like the cars would suck. Because after every failed project you get new ideas and new imagines of how you want the car to repersent the company and have a good repuation. So if failure wasnt an option for these two companys the cars of 2020 wouldve sucked so much because the company will only car about the money and just send running crappy looking cars that we humans have as a need for work and family.

Those are my last two thoughts about failure and Wisten Churchill isn't wrong at all. Without failure succces would feel like nothing like if it was pointless. And we wouldnt live the world we live in today if it wasnt for people back then who didnt stop failing until they reached succesed.",489,11,Male,Economically disadvantaged,Hispanic/Latino,train,3,3,3,3,3,3,3,3,3,3,4,3.5,3,3,3,3,3,3,2,4,3.5
D537BE6997F7,Success and failure,"I agree with success consists of going from failure to failure without loss of enthusiasm because everyone need to be stronger, successful, and become independent youself.

Success are things that everybody need to be stronger the most they can with every single thing in your life because everyone has bad moments in lifes and there are many peoples that they want to see them fail in everything. For example, if someone is given in they can find someone who is bad person and the only thing that they do is to given words that did not help in anything, but that's why they have to failure, but do not have to loss enthusiasm because if you loss enthusiasm you are failed in everything because in lifes you can find peoples that want to help you a lot, but sometimes you are going to find good peoples that want to help you in everything. Therefore, it does not matter what other peoples want to tell you people just have to continue their lifes and do not have to give up in anything, it does not matter peoples have to do everything they can because if you propose what you want you can do it no one is going to said no.

Success is that everyone has to be successful in lifes because everybody has to be esthusiasm in everything. You do not have to loss that because you have to be with good smile because it does not matter what is happened in your life you must have to had a good smile in everything because it does not matter how many times in your lifes you are falling you have to continue because if you do not do a good job, thinking that you can not do what you want, or said that you are going give up in everything. For example, if your sister said that some people said that she can not make her dream true you can talk with her with enthusiasm and said that she can do everything she can propose because she do not have to listen those peoples that can not want their lifes good they failature is her past that means that others peoples are going to do the same thing because in this lifes exist peoples that want the bad thing to you that ever can exist.

Success something in life is more harder than you think because you have to pass a lot of thing in your life and you have to stay strong the more you can because if one day you are going to fail in something and there is no one to give you support and you can not anymore, but you have to said in your mind that it does not matter because you are thinking in your mind that you are never give up with anything because you have your mind with power, esthusiasm, and stronger. However, you do not have to be thinking bad things there are some times that you failure with many things that can be in the school, work, or test. You always have to be in mind that it does not matter how many times you took your test and get bad grades you have to do it until you get good grade or how many days you are going to take to learn any kind of food the thing is the you have to be a good person to show to other peoples that you can do whatever you want to show to the world that you can do everything you want because they are here to fail, but if you lose a lot of time you are going to wake up twice.

Success consists of going from failure to failure without loss of enthusiasm because in this world everyone is here to be something in their life to be someone stronger to make your skills stronger to show to the peoples that you want to be someone with energy to show that there are so many things that you want to do be a successful person to help peoples when they need something; it does not matter what you are passing or what your life is give you. You just have to learn how to be a good person, how you can make your skills stronger, and how you can demostrated to yourself what you can do and can not do because that is a harder to know yourself to see what you can do or not because you can see more peoples that if they can not do anything they do not tried anymore they are sad, mad, or angry with their self because they can not do what they wanted. For example, if your friend want to be in the future a teacher and he/she has to learn, to be prepared, and study. He may not want all of that or he/she may have travel with all of those things he/she is going to get mad with herself, sad with herself, angry with herself and he/she is going to said no i can not with all of this is so harder that i think, but everyone has to be stronger show that you do not have to get mad to show with enthusiasm that does not matter how many times you may fail you have to learn, study, be prepared everything you need and you will see that you can everything you want.

In conclusion, Success consists of going from failure to failure without loss of enthusiasm because you have to be stronger, successful, and become independent yourself because you have to be stronger with any problem in your life, stronger with every person, and stronger with whatever you have to do. You have to be successful with yourself, with your work, and with your own things. You have to be independent with yourself because when you are older or you are lonely you have to see for your owns things, you have to fight for you owns problems, and for your owns bussiness. For example, if you are going to be a good police you have to see what is coming what your enthusiasm is going to be what you have to be. You have to fail many things, but you have to tried the most you can because is this life everything you do have to be with enthusiasm. Therefore, If you find a job and you boss said that you have to go to do a fish and you went, but you did it wrong and he said this is wrong you failure you have to tried again you have to go with enthusiasm not be angry or sad because you are going to do that with enthusiasm to said im going to do this rigth not wrong because everything you do with enthusiasm everything you will get more better and you will be happy because if you do everything good you are going to feel thatyou do a esthusiasm and good work.",1161,12,Female,Economically disadvantaged,Hispanic/Latino,train,3,3,3,3,3,3,3,2,2.5,3,3,3,2,3,2.5,3,2,2.5,3,4,3.5
D669349412FB,Success and failure,"He is a good thinking,but you see fast all fall,said you are ageeri him. He said you going to success god help us.

Yes i,m agree because every people fallow the role and going to toghader don,t loss enyone.British Prime Minister Winston Churchill so good idea,because people go just one satap success god help,s more help go up belive the god and yourslaf. Failure to failure without loss of enthusiasm.

I,m agree with him. He has a good idea about the improtand role and that failure plays in the pursuit of success,because you have pawer fight with failure,and failure you won oneday success and you have prode yourslaf.He is a nice idea give you but fast all fasl the most improtand everywhere fallow the role,success consists of failure loss you enthusiasm. My sentences content of my idea. My word organized in a logical manner. My idea supported by British Prime Minister Winston Churchill said,success consists of going from failure to failure without loss of enthusiasm. Pursuit of success i hope so the maen idea is success of help god but said him good idea give us all.

One day you have success fight the failure ever peolpe fast fight the failure than have a success. Eevry people dont have success because thay are not sarvie life no fallow the role,s and dont have good thinking go up.

Mr: British Prime Minister Winston Churchill said is very improtand idea and good thinking every people fallow the rules than you go up success you don,t have good think you not move go up success.

Main idea is success and failure with fight than go about success.

He is very amizing idea and supptand the success and you know without failure not have not success. You frist down than go up going to success you not fight failure you not go up you not have success.

British Prime Minister Winston Churchill i,m agree with you. Yes success consists of going from failure to failure without loss of enthusiasm. Churchill,s ststement is will because all success is with failure.",295,11,Female,Not economically disadvantaged,Asian/Pacific Islander,train,2,2,2,1,1,1,1,2,1.5,2,2,2,2,2,2,2,2,2,2,1,1.5
D6894AB9188B,Success and failure,"Failure plays in the pursuit of success. Although some say that success shouldn't be consist of failure because a failure makes you a loser, not a winner, actually failure plays in the pursuit of success because people fail, but they learn from their mistakes and it's positively affects people personalty.

Those who believes success shouldn't be consist of failure have their reason. Some say failure may negatively affects people in their life. But, success makes people feel proud and enthusiasm. Because a failure makes you a loser, not a winner.

Failure helps people to find their a path to success. People fail, but they can learn from their mistakes. For example, I took math test last week, and I didn't do well on the test. My score was 50 out of 100. So, I checked my test paper, and I saw what mistakes I got and learned from it. Then, I retook the test, and I got 91 out of 100, I was proud; after, I saw my score.

I know many people hate failing, they think it's negatively affects their life. But, failing is sometimes there's benefits because it's positively affects people personality. Such as, hard working, proud, and encourage. First, people have their dreams, some wants to be a football player, or some wants to be a president. They need to work hard to accomplish their dreams. Some people fail or success, but they are working hard to accomplish their dreams.

Lastly, pride and encouragement. For example, I have cousin who into sports, and he is in race track. there was a race in high school between Generic_School. So, my cousin was in it. He's family was there and I was there, too. we saw the race, we were encouraging and cheering for him. So, he came in second place. I was mad at first, and I saw my cousin smiling. I told him, ""why are you smiling?"" He said,"" I'm happy that you guys came, to see me race."" he was so proud. I was happy for him. He didn't care if he is second or last. He cares about his relative cheering for him.

Conclusion, Failure plays in the pursuit of success. I believe failure helps people to find their a path to success. People fail, but they can learn from their mistakes and it's positively affects people personalty. Such as, hard working, proud, and encourage",361,12,Male,Economically disadvantaged,Black/African American,train,3,4,3.5,3,4,3.5,3,3,3,3,4,3.5,3,4,3.5,3,3,3,3,4,3.5
D6FF6E26EB7D,Success and failure,"Being successful in life everyone goes though failure but believing in yourself is the key. Everyone can learn from there mistakes, without learning or believing you fail and stop. People who stop and fail they don't learn from there mistake. The ones who fail and self believe they learn form past mistakes and try again. By practicing over time the person can understand the subject or the materials they'er trying to learn thats how some people can be successful. People who don't practice the won't get any where in life or get to there goals where they need it to be.

Winston Churchill say ""susses is consists of going to failure with out loss of enthusiasm"" yes i do agree with his saying. The reason being if you fail for an example on a math test you got an 53 but now this time on the retake you want to get a 80 now that's a goal you want to achieve. By practicing over time people can learn there mistakes from there past experiences and see how the develop over time. People who become famous, millionaires, and company owners they had good and bad ideas but they still became rich or powerful people by learning their mistakes. Winston Churchill is tilling us that by failure and believing in our self we can successful.

There are many ways to be successful to get where the person wants be to. The first step is were and how to start company or store. Second step is how to get the money, recourse, and a company to. Will the two steps are that easy,step number 1 always start off small use a room or make a stand out of wood if that doesn't come up with other ways. The second step buy the material off the item the cost mummers are buying if that a back fires you can always use you own money to buy the rests like company poster. Thats how some people can have bad or good ideas.

In conclusion people can be successful or not by learning the mistakes they make in the past. Finding a way of how people can practice there mistakes an be more productive in the future. Sitting a goals and having more of what you expected to have for example have a higher score on a math test. Having ideas and recourse to start small business. Believing in yourself on what you can achieve on what you can work on.         ",389,12,Male,Not economically disadvantaged,Hispanic/Latino,train,2,3,2.5,2,3,2.5,2,3,2.5,3,3,3,3,2,2.5,3,3,3,2,2,2
D8532CCFE454,Success and failure,"Yes I identify with churchill and his statement that for us to reach what we want, we have to pass for a lot of things.

For us to be able to achieve our goal, it doesnt matter if our goal is a short goal or a long goal, first of all we have to pass some difficulties to be able to reach the goal that we want. If we want to see the results of success in our life we never have to loss the enthusiasm on it to be where we want it to be.

To reach the porpose that we want is something fantastic because only the person that fight for them know what they have had to pass to reach the goal. How can we be a support for does people that need help to reach their achievements, but for our on self is difficult to give us a impulse to reach our own goals. The things in this life are hard nothing is easy, but not impossible. What can we do for us, so we can always have the the enthusiasm high, so we can have the decisition to tell our self we got this. Sometimes there have to be a person to give us a shove to undestand that we got it. In my opinion and I say this because this happen to me all the time, I give out advice , I help those people that dont believe on there selfs no more, give them a word to push them to keep goinginto the get it and tell themnever put there self down.

Every single one that have complete a goal have had to pass on problems, that you have problemts doesnt mean that you are on the way to give up, to throw everything you have done at this point. Those problems, those failure you have had are helping you to bild your character, to change the way you see life to see the things with other prespective. I never heard someone saying that reaching something is easy, fast or simple. To be successful is something hard, its a huge feeling to get your own respect that you can do it. Being successful is something difficult to overcome, the reward is amazing. It is a nice thing to see everything whta we had go over to get where you at is just for the effort that you put on it. Is a bless to go forward in life tellingpeople how to do, what to do so they can get a advice from you to be a successful person, to try very hard to achieve their goals.

In conclusion to be a winner require to pass all difficulties that life give out. Those failure are horrible but at the end of the day of the day you will understand why did it happen. Whene you get along very well you would say now I understand how to haddle out this problems. Like i said before to achieve something is like get out of the something and enter to other failure. when the years pass out you will have create anew version of your character, personality that you construct, this new person will have the capacity to make the hard esay. In my opinion I believe that getting or achieving our goals consist on a route of failure, problems, difficulties, ect. The things that are up on the hill those that are hard to reach are the great ones, the right ones. ",567,12,Female,Not economically disadvantaged,Hispanic/Latino,train,2,3,2.5,3,3,3,2,3,2.5,3,4,3.5,2,3,2.5,2,3,2.5,2,3,2.5
DA6899CADE97,Success and failure,"The British Prime Minister Winston Churchill once said that ""success consists of going from failure to failure without loss of enthusiasm."" Although many people believes that Churchill's statement is wrong, I believe in the important role that failure plays in people's lives to be successful in the future. In fact of the society, failure is a bad experience, however, I believe that failure is a way to help people to grow in personally, to be more successfully, and teaches you how to be mannerly.

Every single day, we are exposed to a reality that can be favorable or unfortunate. Where people need to learned about their failures, and grow personally from their new experiences. They made you more mature. That can be the example of my aunt, a nice woman who had an accident in the past. She was traumatized after that accident, but that never stop her to receive professional help with enthusiasm and do what she likes to do, helps others. My aunt understood that everything is possible if we do not loss our enthusiasm, and our pleasure to be success.

Life treat of deal with all unexpected situations. Failures that people never thought that could happen to them. However, everything depends on your enthusiasm, if you want to stay in the same place or learned about your failure and keep going until you accomplish your dreams. Generic_Name, a friend, is an example of the statement just mentioned. Generic_Name wanted to pass his classes in order to graduate. Generic_Name's teachers always told him that he was wasting his time if he was planning to go to the university, but Generic_Name never loss his hopes. Generic_Name became more expert in every subject, he graduated. Moreover, he demonstrated that everybody could be successful, if they try their best.

Everything has two faces, like a coin. As failures can be bad experiences, they can also be helpful if we look at them with good eyes, and if we receive them with good manners. People need to realize that the way in which a thing is happening is not bad at all. Things happens to foment our self and made us more mature. An example of this can be all of us. When we are passing for a bad moment we need to control our behavior, take a rest and think in a positive way to be successful.

In conclusion, Churchill's statement is more than right. Do not pay to much attention to the different failures and keep going with enthusiasm, is the key to be successful in life. Accomplish a dream that we are fighting for, is the best that could happen to everybody. That is why we do not need to discourage and loss our enthusiasm just for a failure that happened to us.  ",437,12,Female,Economically disadvantaged,Hispanic/Latino,train,3,4,3.5,3,4,3.5,3,4,3.5,3,4,3.5,3,4,3.5,3,3,3,2,3,2.5
DC56EF65D59D,Success and failure,"""Success consists of going from failure to failure without loss of enthusiasm""

I agree with Churchill's statement about the important role that failure plays in the pursuit of success, the life consists in make mistakes, nobody is perfect, everyone in any moment of our life we failure, but the purpose it's stand up with faith and enthusiasm, and doesn't give up; failure is not something bad like many people think, that's the reason why too much people feel lees than other's, when they make failure's in they life, so we resolve our mistakes with sadness, without enthusiasm, or fear of what people can say, believe in yourself is the key of an better life, and failure in our life it's just the teacher of our own future.

Churchill's statement bring a beautiful statement of what successful can be signify in our life, so success it's something what everyone can obtain in any situation, however, it's the most wonderful opportunity for our own willingness,while, in my other hand failure means practice of our own future, because failure it's just the perfect manner to learn, to be better with the past of the time. How your going to teach your children's, if you didn't make mistakes? Failure make people with experience, ""if you don't make mistakes,you don't learn"" and you can't teach other people, when they are in warning to make the same mistakes that you did before, this is a great example of family, so you need to be the example of your children's helping to show the danger, but as well the wonderful manner to see the failure with enthusiasm to commence again.

The failure make better people? absolutely, because mistakes sample the things what we didn't wanted to see before; failure to failure probably it's tired, but have a great recompense; failure prepare our own life, for example if we failure the test, probably next time we are going to study better than the first time, but we get a great experience to see with better perspective than before. The point of failure is what we need to live failure in our own life, for understand and see with different perspective than before, failure create a maturity person with experience, and big knowledge;however this great statement it's a example of persevered,progress, and growth in our own life to get experience, maturity, productivity, and fortress.

My conclusion is basically in the important role that failure plays in the pursuit of success, so make mistakes is no bad it's part of life, just don't give up and show that we can be better, we can do better than before;failure is the teacher of your future, don't be fear on what people can be say about your decision's, or you manner of see your failure, it's fine make mistakes ""we learn something new"",but it's important the manner that we see it, with enthusiasm or sadness?,because we continue,we start again,and we can get better results. Failure it's the experience of the teacher, of a persevering, progressing, and productivity person,life it's not perfect, but depends the perspective in what way do you see life, so"" we need to make mistakes to be the teacher of the tomorrow"".",462,12,Female,Not economically disadvantaged,Hispanic/Latino,train,3,3,3,3,4,3.5,2,3,2.5,3,4,3.5,3,3,3,3,3,3,3,3,3
DC88C1130FD9,Success and failure,"I agree with Bristish Prime Misnister Winston Churchill. The failure comes before of success So, I think that everybody had a failure in their lives but I think that is good because we are learning about our failure and I think that the failure is important becuse with the our failures we can be a better people for the socity or community. I think like Generic_Name goes to university and fail science class, Generic_Name had a failure but he can think about it what happen or that is wrong in science class and then, Generic_Name study a lot for recover science class. the final of semester Generic_Name recover science class, Generic_Name had a success because Generic_Name study a lot to recover science class and Generic_Name doesn't loss the hope to recover science class. So I think that the success is good for us because the success make us better. I believe that my failure that I had before that help me to be a better person to learn more to do thinks that I don't believe that i can do and the thing that a have is thanks of my success that I had it. I think if you have a lot success it is because you are donig well. If you have mistake in your life just learn about it because that help you to don't do it agian the same mistake. My concluison is The life is amazing and maybe in the future we can have fails or we can have success but the most important is that you learn abour yours mistake and yours failure because that helps you to be a better person in the community and the socity and in your life.",275,11,Male,Not economically disadvantaged,Hispanic/Latino,train,2,3,2.5,2,2,2,2,3,2.5,3,3,3,3,2,2.5,2,3,2.5,3,3,3
DCDDFA12E124,Success and failure,"We humans aren't really perfect, there hasn't been one human that has never made a mistake, for example the person that is writing this prompt, has had a decent amount of failures in his life. One time he was taking a really hard test like this one, but he didn't know that it was going to decide if he is going to attend college or not, so he just sat down on the chair in Generic_School Library and he began to take the test, he had to take another year of high school, but he figured that he doesn't want to fail this senior year.

If he fails again he has to graduate with a bunch of kids, that doesn't sound right, does it? i'm from a family that always want their kids to be a doctor or an engineer, and they want to show to other parents that ""my child is better than yours"". So they kept putting pressure on me for months and years but it didn't seem to help a lot, but I had to make a change one day not because I was trying to make my parents happy or impress the other parents, but I was tired, I was tried of not having respect in the family, like anything that i said didn't mean anything to them, so I had to change, and with that change came a lot of consequences, for example losing my friends, not leaving the house as much as I used to, working less so it means less money on my paycheck by the end or every two weeks, but i didn't care as much, because I knew that this is going to be my last year at Generic_School.

I will learn from my defeats, and make sure that they wouldn't happen again, like one time I was working at Panera, my main job, and it was still my training week so I had no clue what the names for the dressing and the food was, so there is this computer above every line that tells you what the name of the food is, and it tells you all of the ingredients in the food and what kind of dressing that salad or what kind of sauce that food needs, so I followed the ingredients on the computer but i had made a peanut butter and jelly sandwich before the order i was making, and the costumer was allergic to peanut butter but i didn't know that so i made their salad with the gloves that was contacted with the peanut, so I gave the salad to my friend to bag it and he asked me ""Hey Generic_Name! did u make sure to change your gloved after each order?"" and I said ""I'm sorry, I didn't know that i have to change my gloves every time."" he said ""It's fine, just change your gloves and make another salad."" after that i have always changed my gloves after every order.

By the way my side job is detailing cars at all in one auto group located in Generic_City, VA. It's not a really easy job, but the pay is good, $50/hour, for a teenager that's a really good amount of money and imagine me working every day for a year and working 5 hours every day, yea, that is a lot of money for someone like me, last year i bought a lot of stuff with the money i made, I bought a car, a new phone, a really expensive watch, and a bunch of other stuff that u get when u have a lot of money, they don't affect your life, but they are just there, for entertainment purposes, like who really needs to have a Nintendo switch and a ps4 at the same time, like what type normal person would do that, you only do this type of stuff when you have too much money, and having too much money and not knowing what to do with it is insane.

Me failing makes me stronger, it's like you are running a marathon but every time you fall u get faster and faster, you keep getting closer to the finish line, and that is a good thing, the finish line is where we all are going to end up, but it depends what u do during this race that decides if you are going to win or not, if you keep failing and failing and not learning from it then I feel bad for you, but you have to focus and learn and decide what is good and what is not good for you, you should not be distracted by the stuff around you and your life. humans are stronger that what they think, i read somewhere that humans only use %1 of their brain capacity, imagine the day that we all would use at least %50 of it.

If you ever feel like u have be defeated in life, you are not correct, get back on your feet and started working hard again, there no way that you would do something the right way and not get a good result out of it, it's impossible to do so, unless you are pretending that you are doing it, in fact that used to be me last year, pretending like i'm doing homework, pretending like i'm listening to the teacher, but where did i go with all of that, just because I was lazy and didn't want to pay attention, I lost the race, but I got back on my feet this year, and i'm making sure that i'm happy, more than anyone else, I'm not going to let any negativity impact my life.

My dad used to tell me, he still does, but he says that ""imagine you are a racing horse and you have covers on your eyes, so you would only see in front of you"", apparently it makes the horse focus on the race but he said that ""you have a lot of distractions on your way but focus on what you have to do and only that, nothing else. just keep running and don't let the distractions affect your life, if they do you will lose balance and either affect someone else or you are the only one that will fall over, and that is not a good thing.""

In general just focus on your life have fun at times but make sure it doesn't affect anything and if it does, make sure that you, with the help of someone else or by yourself can figure out a way to resolve the situation, sometimes it's a really good option to get help from the people that you know, like for example friends and family or even the school counselor or the principal, just get some help if you think that you can't resolve it by yourself. so the former British prime minister called ""Winston Churchill"" is right about ""success consists of going from failure without loss of enthusiasm."" I agree with his opinoin.",1144,12,Male,Economically disadvantaged,White,train,4,3,3.5,3,3,3,3,3,3,4,3,3.5,4,3,3.5,4,2,4,3,3,3
DD00E48BC258,Success and failure,"Honestly, I do not agree about the important role that failure plays in the pursuit of success. The pursuit of success in life is achieving it in many ways.. Therefore, you can push yourself to be successful by putting in effort.. Failure can lead to serious conflict because then you will not be able to succeed. The important role that failure plays in the pursuit of success is not agreeable because you can overcome obstacles, aiming the goal to success, and to achieve the plan to .success.

First reason, is to overcome the obstacles, for that you must have to work hard. Also, it takes practice the better you get to succeed. Do not give up on something you are overcoming in life. One of the biggest problems that people have in life is not overcoming what they are afraid of and from being afraid will not get you to succeed. Most of all to overcome the obstacles. is to try them not to give up on them.

Second reason, putting a great effort can lead to improving. Efficiently the work you do can increase a great impact towards your achievements. In order to achieve a method, working pays off and by earning it. For example, people push themselves to making progress. Others might work hard in different ways to be successful and to aim what they want. Eventually, when making progress towards something, can influence the goal your improving.

Third reason, to plan the success is to try achieving what your aiming for. In other words, enthusiasm can be those people that want to be successful in life. Pursuit also aims for the goal your trying to influence. When planning goals, is the most valuable thing to achieve. There must always be a plan towards the target you aim. Majority of the people, look for something easy they can achieve in their future goal and that is how they succeed.

Finally, the key to being successful in life is by achieving it. To be honest, I do not agree about the important role that failure plays in the pursuit of improving. Many people find success by putting in effort and time towards big things. It is not to late to start pushing yourself to be successful and being something in life. Therefore, is it not an important role that failure plays in pursuit of success, and to achieve the plan to succeed ",416,11,Female,Economically disadvantaged,Hispanic/Latino,train,3,3,3,4,2,3,3,3,3,3,3,3,2,2,2,3,3,3,4,3,3.5
DD91A86810BD,Success and failure,"March 2020/10

Generic_Name

Ms. Generic_Name

People consists of going from failure to failure without loss of enthusiasm. Success have motivation to do new ideas even if they can not do it. They push them self to keep trying because it makes them stronger as a hum being. Being enthusiastic makes you confident, in want to do more thing's in life. people push them self on being enthusiastic, it makes them excited on being confident in them self. More you try the more you want to get interest in exploring.

Having enthusiasm makes you happy it only gives you have positive thoughts. There are great people in the world that will give you advice. Telling you that you can do it if you only put your heart into it you can get it. Even if you fail always keep trying, you most likely would not get it the first time. Seeing other people on their success makes you have enthusiasm and make you uncomplash your own dreams.

Now in days their are people that expect if they try on doing something once they can not succeed again. Humans' relay on other's for their own achievement. Not having motivation makes you not want to do anything and you will keep failing. If you fail and fail, feel sad and give up you can become depressed. As you stop putting in effort in things you lose interest and do not try.

Failure is what makes you strong so you do not give up on trying. Failing is what should push you to make improvement and know your strength. Tell yourself to always think positive never negative you should have enthusiasm because that is what makes you stronger. Who you are is how you make of it and having interest on new things makes you a believer in yourself. British Prime Minister Winston is whon showed people to not stop and believe in yourself when you are failing. Because failure is what's good.              ",318,11,Female,Economically disadvantaged,Hispanic/Latino,train,3,3,3,2,3,2.5,3,2,2.5,3,3,3,3,3,3,3,3,3,3,3,3
DDCB2CC96EA7,Success and failure,"I am strongly agree the failures in our lifes means to keep going and be a successful person. Although some say success not consists of going from failure because people always fell many times keeping doing the same mistakes in several times in their lifes, actually success consists of going from failure because failure help us to learn more in our lifes and get experiences to teach other people.

Those who believe success not consists of going from failure have they reasons. One reason people always fell many times keeping doing the same mistakes in several times in their lifes. But doing the same mistakes many times does not help people to be successful; makes the person wake in front of others. People that are better to them can make bullying at them because they feel that they are perfect than others .Many of the people that keep thinking that they are a loser think about diying is the better thing to get out of the failures. Did you know is that 90% 0f the teenagers kill them self instated of find help to keep going with their lifes. It is very scary and make me sad at the same time. If we use social medias we can see people talking about their lifes or using drugs and drugs makes the person to lose more their mind.

However, success consists of going from failure because failure help us to learn more in our lifes. Learning from failure to failure is better for all the people. Having the enthusiasm in our mind can be the better word to start our life every day. We are capable of doing many things it does not matter how many times we have to do the same things to be better in our feature but we have to keep going not matter what. In my position I have a experience; when I was in my country I did not what to do with my life; I just was trying to finish my middle school, get a job and then have a family and now here I am making better things for my life; now I am tinking about to have a better life. when I came to USA I was tinking about how am I going to do if I do not nothing about the language but now I feel more conformist knowing the language because makes me keep going studying. I though that learning another language was a new obstacle for me to keep going we my life.

Also, success consists of going from failure because people get experiences to teach people. There are many people that think that they are failure and they are not; I think that every people are genius. The things is that people don not let the talents get out and that can be because they think about others people opinions about them. I have many experiences keep seeing people about failure. Had you ever try to help others? I have it done many times. When I was in my country I saw this person trying to be better but at the same time this person was with many problems that did not let to keep going. In many occasion I help the person to be better like getting solutions with the problems and it is very difficul to teach others with the problems and try to make them better.

Seeing our life in a failure can be the worst thing, but keeping trying to do better things each day is going to be the better effort in our life and that is going to help us to get more enthusiastic every day. It is very helpful to find ways to be better in the world because every person had to have new things to do the life better for themselves and help others if they are struggling with their life.                      ",625,12,Female,Economically disadvantaged,Hispanic/Latino,train,3,3,3,3,3,3,3,4,3.5,3,3,3,4,3,3.5,2,3,2.5,3,3,3
DFB7AB4481AC,Success and failure,"I think that people can success without having the cosists of failure without loss of enthusiam. There's other way to success without failing, one of them is to practice. An another way is sometime you can get it on your first time without have to fail. Then you can just study other's failure and not make them same mistake, or sucess and try to do the same. These are other way to success without having to fail, and they are maybe more ways also. So Winston Churchill isn't wrong, there's still other success with out failure.

First you can practices, practices makes you better that thing to want to success with. It like you can't success to be the best soccer player if you don't practices. So instead of taking the test or what ever if you practices, you might not fail, you'll be ready for it or good to do it. If you want to success in a sport, you can success by practicing you can build mussel memory that can help you in many ways. If you want to success on a test you can practices on practices tests, that can help you out. That one of the ways you can success without failure.

Also you can success by getting it are on you first time, there's some time people do will on their first time without having to fail, practices, or study. They are mostly lucky when that happen, and it does happens much, but they still success. Most people like to call this, winging it, some people might success, and some might not but that a other way so still success. it might be the best way success, but might have done it and success for it.

Another way people can success, is by watching other's failure and success. When you watch other's failure you can study and try not to make the same mistake as they did. So if you saw some player or some slowed down when they were about score, but they miss or someone block them you can say, ""they shouldn't have slowed or whatever that would have help them. So when it your turn you can try to not make the same mistake and success. You don't just have to watch their fail, and can also study their success and try to do the same thing. So by watch others people success and failure, you can copy their success or improve their failure.

So Winston isn't wrong you can success form your failure. By look on your mistake and improve them and making you'll self better, at what you have trouble at. Failure without loss of enthusiasm is better then getting so mad about it and might make it easier to success next time.

So I don't agree with Churchill's statement, because their is more then just failure to success. There's so much way to success with having to fail. You can practices, study other's failure and success, and sometime success on you first time by winging it. So those are some reason, why i don't agree with Winston Churchill.",475,11,Male,Economically disadvantaged,Hispanic/Latino,train,4,3,3.5,4,3,3.5,4,3,3.5,3,3,3,3,3,3,4,3,3.5,3,3,3
E0E060143B79,Success and failure,"Do you think failure lead you to do better? In this paper i will argue about never losing enthusiasm by falling and falling. Failure should be just another way to do better, because you try until you get it right, when you fail; failure lead you to success in life. Also, enthusiasm and try is the key to success.

First of all, when you try until you get it right, sometimes you get really frustrated. For example; in freshman year i remember that i couldn't actually get good grades in my algebra class, i remember that i try and try my harder to get good grades. I even stayed after school, I was doing my homework, i was watching videos from my teacher. However, i was still getting bad grades in my class but i keep trying and i finally become a success in the class.

Secondly, when you fail; failure lead you to success in life. When you are working on a project or you are working on a personal goal sometimes thing doesn't actually goes the way you had planted. For example; if you are trying to solve a mathematics problem but you never get the solution you're supposed to get. Although, you keep trying and you always fail, you actually learning from it. However, by keep trying your best you actually getting experience from your failure and that helps you to success later in life.

Finally, enthusiasm and trying is the key to success. For example; when you want to achieve something but you fail, each time you're losing enthusiasm because you think that you can not do it, but if you keep trying and trying their will be a time that you will going to success and you would said that you try your best and never lost enthusiasm for your goal.

In conclusion, some people said that failure doesn't lead you to success, but they wrong because the more you fail, the more you try, and when you get it right, it will be a completely success for you. Going failure to failure led you to a good way to do better in life because the harder you try the better you do to success. In the future never stop trying without losing enthusiasm because enthusiasm is the key of your success.",371,11,Female,Not economically disadvantaged,Hispanic/Latino,train,4,4,4,3,3,3,4,3,3.5,4,4,4,4,4,4,3,4,3.5,4,3,3.5
E13F3C0CB738,Success and failure,"Can failure lead to success?

Former British Prime Minister Winston Churchill once said that ""success consists of going from failure to failure without loss of enthusiasm.""

Many people who have dreams and goals would agree.

If failure is on the road to success it will give motivation, thought of improvement, and an opportunity to have experience.

Failure doesn't always have to be a bad thing.

Failure will give people that push of motivation many need. If students fail once then they know they have to get up and keep trying. Are many people just going to give up because they failed one time? Let's say somebody is setting a high goal and fail; if that person sets a high goal they will have to understand failure will come in some part of that; it is a reach to get there. As soon as failure kick's in, so should the motivation. If not then nobody will be able to meet the goal of success they want. For example,student is walking into class and spent the whole night studying for this test.

She turns it in and thinks she did well. Turns out that it is the opposite. She has the chance to retake it and is taking the chance. Sometimes expectations don't go the way people would like. That doesn't mean eventually the expectation won't get met.

It just means to keep trying.

Another reason on why failure can bring success is because it gives thought of improvement. Everyone knows the saying ""You learn from your mistakes"". That saying is very true.

If something goes wrong because the way it was dealt with, will the same mistake happen again? Of course not! People see when the mess up or fail after it happens and will try to do better.

That is improvement and it's leading you to success.

Then we will know where to start and where to fix things.

It's apart of succeeding. People who have succeeded can tell others than without at least one fail, they would not of made it to where they are now.

Last but not least, it gives you experience.

If we didn't fail there would be no experience for the next goal. Having that experience of failure will help.

When the goal is met and finally succeeded then there will be an amazing story to tell. Especially because failure was around. Speak on the obstacles that were faced and how to get through without giving up. Having this experience and speaking about it can influence others as well. Maybe some people also have failed but they want to give up, encourage others that failing doesn't mean you still can't succeed.

To conclude, failure can be a big step to success if used the right way. Don't sit there and give up because failing is a way closer to the goal. Use failure as motivation, thought of improvement, and an opportunity to have an experience. In this case, failure is a great thing. ",498,11,Female,Not economically disadvantaged,Hispanic/Latino,train,3,3,3,2,4,3,4,3,3.5,3,4,3.5,4,4,4,4,3,3.5,3,3,3
E1B9CAF68CA7,Success and failure,"Hilary Clinton, soccer players, people in the government everyone had failed once in their life time. Everyone is not complete. We are humans we make mistakes and we fail.

Failure without loss of enthusiasm is the best thing people can do. We gain experience by failing. We learn not to give up and chase our dreams. We learn how to be patient and deal with problems. We never know when is the best time to do something or to get something so be patient. my parent told me that""good things will come to you just be patient""

Although, after failing once most of the people lose hope and stop trying. Nevertheless, it is not easy to start over because it gets boring working on same thing over and over and people give up on their dreams.

To begin, failing help people to gain more experience. When we do same thing over again it makes our work easier. For example when we fail the test at school and we have to retake it we already know what mistake we did for the test so we do not repeat it. This shows that we will try harder when we get the chance to do it again. Clearly we will be successful next time.

Furthermore, we learn not to give up when we fail for the first time. Giving up is not the best thing to do after failing. For instance, we can make a whole new plan and ways to do our work. This shows that we are going to be successful next time. For example, when I was 13 I had to take a test in order to get in to the high school that I wanted but, the test was hard and I failed the test i said I will not take it again because it is hard and I can't do it but my sister said that i can't give up and I have to take it again and again and finally I pass the test for the second time.

Moreover, it teaches us to be patient. when we fail it is the best thing for us to wait for the good time to start over and to get what we want. obviously, it will take time to start all over and do everything one by one but it will help us to learn how to be patient and to deal with problems better than before. Clearly we will get what we want sooner or later after trying hard.

Overall, failure is a key to success. We will not get to success if we do not fail once. It is not something to be ashamed of.

In conclusion, gaining experience is the gift of failing. We start working hard and not to give up. We learn to be patient and chase our dreams. The best thing we can do is to be happy and joyful even after failing. Everything has it's own time so be patient. ",479,12,Female,Economically disadvantaged,White,train,3,4,3.5,4,4,4,3,3,3,4,3,3.5,4,3,3.5,3,4,3.5,4,4,4
E3DF63035440,Success and failure,"I am agree with Churchill's statement about the important role that failure plays in the pursuit of success. It is true that to be success first, you need to have a clear mind of what you want to be or to do. Because in some of the cases can be very struggle and difficult to be success. For example, a very famous statement says,

""After the storm comes the calm.""

This can be similar with the Churchill's statement. Because this explain that it does't matter how worst you see it but it would be great after the problems or you are struggle with.

Furthermore, to be successful you would pass by a hard things, for example something that people says,

""Nothing is impossible if you don't tried.""

and

""Nothing is easy in this life.""

This is a true statement that all people have to do and we have to know.

Additional, the word

""failure""

plays an important role to be success. One important thing is that if somebody loss her or his enthusiasm or will power can be worst because that means that you are giving up what you have already and for that you already worked for it and don't want to fight that victory of success anymore. Sometimes you can fail but that does't matter because if you tried and tried again and again after you can get it. That would be one of your goals that you would remember. This shows how important is going from failure to failure to be success.

Finally, to be success we would failure first because by that you would know what you did wrong and thats why failure pursuit an important role in our life to be success.",263,12,Male,Not economically disadvantaged,Hispanic/Latino,train,3,3,3,4,3,3.5,4,4,4,3,3,3,3,3,3,4,3,3.5,3,3,3
E4051C85D12E,Success and failure,"If we think about the words that the British Prime Minister Wiston Churchill sait "" succes consists of going from failure to failure without loss of enthusiasm."" There is a lot of truth is this words well that is what I believe. So how important is the role that failure plays in the process to reach success and don't loss enthusiasm in the proccess? In my opinion it is very important because it make us gain experience, improve our skills, and it make you feel comfortable and happy at the end.

Les't think about how you feel when your staring in the proccess to reach a new goal that you propose to youself it could be hard at the begin, because is your first time in that enviroment and maybe you have none experience there, and that could make you to fail some times and could be desesperate to you.

you or people migth say, "" this is not for me,"" because you already fail a few time and you think but is just the beginc how will be the future. That could make you loss enthusiasm, but if you think what happend when you keep going with all this fails you're gaining a lot of experience during that proccess. For example, when I star to study at Generic_School it was a big change for me staring with the lenguage, because I came from a coutry of Spanish speakers and here the official lenguage is English, so I remember that in the begin my English was really poor, and I just knwe a few words in English like good morning or the name of some school's supplies, but everytime I did something wrong I learnd something new from that mistake wich make me gain experience in the proccess of my English learning. Even if sometimes is embarasing to say or spell worng a word infront of people you will be learning to do it rigth with the time. Therefore we should see the fails as a good oportunitie to gain more experience.

Most of the time you will notice some changes in yourself while you're reaching some goal, I'm talking about the change on your own skills. That could be maybe improve some skills that you already had before or in the best of the cases developing a new one. Using the last example that I used, when I star to learn English I remember that my speaking was the most hard part for me, because is hard to think a word first in Spanish and then traslate that word in to English and also spell that word correct just on your mind. Sometimes I started a sentence but then I couldn't finish it. That was so embarrassing for me, but with the time that problem has been decreased not all, but now is not like the begin. Sometimes that happend to me again when I'm doing presentation or when I'm imfront of nwe people that i have never met. But I feel that the practice has been helping me to decrease that problem and now is easier for me to speak with some body in English at school or in my job . Even if you feel bad or embarrassing to fail with the time that will help. You can be improving skills or even descoviring new ones while you fail that is part of the whole proccess of reach success.

Maybe for some people the fact of fail is the worst thing that can happend to them in the proccess to reach success some of them could say,"" You have to do perfect if you want to reach your goals,"" but I think that we can not do perfection without failure. Failure is a big and les't say importnat part of reach success. Have you ever heard the words , "" No pain, No gain,""

I like that words, because reminds me how good feels when you reach a goal in wich you speend a lot of time or maybe hard work.

For example, when you have a big test at school and you have been studing for that test all nigths for a week or even more and the day of the test you know all the anwers for that test and you got an A or A+ as a grade that feels so good and comfortable to you. Just because of your hard work you are getting all this good grades that you gain by yourself. That is one of the best sensations that you can ever feel or experiment. Using my example agin I can say that all the result of my hard work that I have done helping me to get good gains in my English developing .

Not matter howmany times you fail the last feeling is best in the world. Because is the result of all your hard work. Sometimes I remember how hard was for me to star school in a differnt country, but when I see that I'm about to garduate and get my High School diploma it reminds me all the hard work that I have done during this almost 2 years that I have studing here in Generic_School.

It could sound bad when you hear the word failure or fail when your trying to reach a goal, but if you think we should see all the forms that this words have. Success is not all about fail there is more. We have to go deeper into that words. As I said fail is a big and important part in the way to reach a goal. Success is a big proccess with branches and one of this branches is the failure. But failure give us more than we think. it give us experience that could prepare us for future problems or future goals, it also prepare or improve your skill and even if you don't have one you could descover one that you didn't notice, and finally, but no less important the comfortable feeling that give you at the end is incredible because remind you all the hard work that you have done. So I think if you don

't want to lloss enthusiasm during the proccess of reach success you shouldn""t see the word failure as it is you should go deeper in to try to understand the important role that it plays in the pursuit of success. I just mencion three reasons here but there could be more than three just don't think that just because you fail is the end of the world instead see how failure could help you to reach that important goal your or success. I hope all the time that I've fail in my English speaking will help me to in the future became in a perfect bilingual speaker having my home lenguahge Spanish and my new home lenguage English.    ",1099,12,Male,Economically disadvantaged,Hispanic/Latino,train,2,3,2.5,2,3,2.5,2,3,2.5,3,3,3,2,2,2,3,3,3,2,2,2
E7A370A15B49,Success and failure,"Yes agree with it, because if you fail one time you will try to do it in a different way, but you never have to loss your enthusiasm if you have a goal you need try to to get it otherways you will never make it always try to do your best never let anybody tell you what to do anything can be possible.

when i was young i wanted to be good at soccer but when i play with my cousings they allways make fun of me, and i stare crying i never try to be good a soceer never. then i was always staying after to play with peolpe at my age, I was getting better and better at soccer, and after like one year after i went to my aunt house my cousings told me to play with then, they were surprise because better then they.

When i first came to USA all my family was tellimg to learn english. First when i was learning a little be of english, and my teacher told me to practice english in the class (talk to others students in class), but i was scare that the student make fun of me, so that day i did not spoke english in class i told my self ( i going to learn and make my self proud)

at the end of the school year my english was better i was always epeaking english with my sister and to my teachers too.

Others people think taht if you can""t do something you have to stop doing it or stop trying, others will told you that you can""t do it, but remember you can do everything you propouse .

So if you want to do something just do it don't be afraid of failing doesn't matter if you fail you can keep trying to do it make your family proud meke your self proud. Life is beautiful try to get your goals done. And remember you can do anything you want just if you try really hard. At the end you will remember all of the people who told you that you will fail, and the people that always believe on you.",348,12,Male,Economically disadvantaged,Hispanic/Latino,train,3,3,3,3,3,3,3,3,3,3,3,3,3,3,3,2,3,2.5,2,3,2.5
E7C8F254C841,Success and failure,"PROBLEMS WHITH MINISTER WINTON

Maybe it ask:why put on that title?, i don't know about team, tinck firsts, in don't making do,and don't writhing nothing, but is how, skip my problem, and absolute,i'm can doe more; so sorry for this note, by we it start my introduction about this team of mister Winston.

am starting for: what is British?- OK that is habitats of Britain.

Winston Churchill does, primer minister than formed British, and he say:

""success consists of going from failure to failure without loss of enthusiasm"".

Hes very smart, i tin ck the costs to rrive to be minister from British; the place Britain being is controlled for command army.

The settlements being indigent, have to status classic, the different if have money or if is poor and middle recrosses, it's good what man family unsaid to the army, for a better position for family.

I know fine, but indigents or Britain with low recrosses of Britain make or starting""warm tea"", who the all Britain on wet-up, hers ideas protected the territory of evil, for a free right and don't more pay commission in the mercadery was legality.

""success consists of going from failure to failure without loss of enthusiasm"";

this phrases is truth because you can do make a mistek again an learning better is something messenger indirect, can you do put in your live, for example , how now, always is fine try, don't have zero percent in the live of it and if you can more to your manner.",245,12,Female,Economically disadvantaged,Hispanic/Latino,train,2,2,2,1,2,1.5,2,2,2,2,2,2,1,2,1.5,1,2,1.5,2,2,2
E80B0AD2A9D7,Success and failure,"I think is important because de Churchill have a important place and the ministery British work in that.

Also is important because is recognized for many people.

The ministery British is play for that important role.

I think the people is interested for that.

That help many people.

sometimes the people helps to others and work together for had a good ministery and for help the government or the country and if that some people obtained any help for the education for the kids.

Also the mayor is a good person he received the support of his country and all the community has a good life.                                     ",320,11,Female,Not economically disadvantaged,Hispanic/Latino,train,2,1,1.5,2,1,1.5,2,2,2,2,2,2,2,2,2,2,2,2,2,2,2
E80C88E9837C,Success and failure,"I agree with Churchill' statement about the important role that failure plays in the pursuit of succes, because the way to become to the success is not gonna be easy. All the people that try to have a good success they gonna have failure on the way and sometime they fall apart, but they never have to loss their enthusianm, because the succes consists in fall apart and wake up again, and keep going looking for a good success that gonna be graet for their life and their family gonna be haughty of them.

I agree because, the life gonna put many impediment to have a good success we have to keep going do not have to loss aur enthusiasm, for example. My family came of a poor family, but I have an ancle that he never loss his enthusiasm of has a good success, so he worked too hard for it. One failure that he has on his way to the succes was the poorness, but he keep going wrestlering for get uot of the poorness and help his father and mother, one day he found a job and begin to meke money and his first thing that he made was to buy a bed for him, then he to begin to save money to come to this country, now he has a lot money in his bank account because he put his own company of landscaping, but he never loss his enthusiasm about his success.

I agree with this statement, because there is a lot example of how the people have many failure and they keep going never loss their enthusiasm of their success, one of this example is of one soccer player his name is Cristiano Ronaldo. He is a famous soccer player, but to have a great success he had many failure one of thase failure was that his father died when hi was a kid it was hard for him even has to see a psychologist and he to overcome that, he keep going looking for his success, but he failure again because the people and couche's that saw him, don't believe him they say like he doesn't has future, but he keep work in his success and show to all the people that don't believe him that they was wrong. Because he has a future and he gonna has a great success, now he is the best soccer player in the world for many people, but he always worked so hard to get out of the failure and he to obtain a good success.

I agree with Mister Churchill, because the way for a great success is gonna be long and we gonna have many filure to obtain this, for example. I am trying to graduate from high school, but one of failure was that it is not been easy for me, because this is a new language for me and it is dificult to talk, but I keeping going trying to get my diploma , another failure is that I have to work for pay may rent and buy my own stuff, shoes, clothes, and food, it make more dificult to have my success, but I know that success consists on fall apart and wake up, but I never loss my enthusiasm of to be graduate from high school. One day I gonna say that my success wasn't easy but I obtain a good success.

In Conclution I agree with ""churchill's statement about success consists of going from failure to failure without loss of enthusiasm"". I agree with him because on the way to a great success we gonna have many failure but we don'thave to loss our enthusiasm, because in the world there is a lot people that they never loss their enthusiasm, even when they have a failure they always weke up and keek going, now they have a good success, so if we want a great success in our life we have to keep going wrestlering with all the failure that we gonna have. One day we gonna say I made it and we gonna have a great success.                                                                                                                                                                                                                                                                                                                                                                                                                                                                                                                                                                                                                                                                                                                                                                                                                                                                                                                                                                                                         ",1192,12,Male,Economically disadvantaged,Hispanic/Latino,train,3,3,3,3,3,3,3,2,2.5,2,3,2.5,2,2,2,2,3,2.5,2,3,2.5
E952F0EB5083,Success and failure,"Former British Prime Minister once said that ""success consists of going from failure to failure without loss of enthusiasm"". I disagree with this statement. In my own experiences I have never failed to succeed, I have always failed to fail. In 7-11th grade I have tried out for my school basketball team and never made the team. I have also experienced doing something on my first try and succeeding, Failure never brings success.

All through out my life i wanted to play basketball for my school. The only problem was every year I tried out i never made the team. This year I am a senior in high school and still havent played basketball for my school. I have realized that no matter how good I got it wasnt enough. Personally i can not relate with failing to succeed because it has not happened to me. I have never been able to fail and then succeed.

I can say from my own experiences. Somethings just come to you and your able to keep being good at it. While there are also things that are not able to do on the first try or ever. For instance my seventh grade year I was trying out for football. I had never played a game or ever tried out. First try and boom I am on the football team. I played left tackle and was a starter for ""A-team"". I had never played before and I was already starting. I didnt fail to succeed, I just succeeded.

As a result from the facts I have stated. I do not believe or agree in ""failing comes success"". Failing happens to everyone and I have yet to hear someone say "" I failed to succeed"". It is very uncommon for someone. If it has not happened to me in all of my seventeen soon to be eighteen years of life i dont believe it is possible. ",321,12,Male,Economically disadvantaged,Hispanic/Latino,train,4,4,4,3,3,3,4,3,3.5,3,3,3,4,4,4,3,4,3.5,4,4,4
E9CE67114F63,Success and failure,"I think that failure plays a crucial role during the persuit of sucess.

Failure is inavoidable the path to success is not straight one.

everyone fails sometime in their life .

Walt disney was fired for a newspaper because he lacked creativity.

Learn from your mistakes, if you make a mistake at least you know not to do it again.

A failure might put an end to one thing (idea or opportunity) but lead you to other for example: I used to try to draw realistic people and animals with pensils, and then I found that i was better at zentangle (an art style that consists of repetitive designs and patterns. The success you end up having might not be the kind you originally had in mind. Failures could lead you into in something else entirely.

Failure often leads to problem, working to solve problems and getting through difficult times makes you smarter and stronger as a person. By dealing with your failures, you will be more prepared and experienced in the fututre. Strength, intelligente, problem solving skills, and experience are all thing that are gained from faiture and can lead to success.

Former British Prime Minister Winston Churchill once said that success consists of going from faiture to faiture without loss of enthusiasm. I think that faiture Plays a crucial role during the pursuit of success.

If there were not mistakes in life. Then no one would learn from then. Faiture is unavoidable, but it can be a useful tool that helps shape your future.

My conclusion is Faiture can change who you are and what path you're on in life, and I believe that it plays an important role in the persuit for success.

Mistake only makes us smarter and working to solve problems only makes us stronger.

Without faiture, no one would be sucessful.

Vocabulary:

-Blunder

-Unavoidable

-Principal

Prime

-Induce                                                                                                      ",329,12,Female,Not economically disadvantaged,Hispanic/Latino,train,4,3,3.5,3,3,3,4,3,3.5,4,4,4,4,4,4,4,3,3.5,3,3,3
EA40087521CC,Success and failure,"Failure is a dreaded thing in our daily life what we try to avoid. A lot of people trying to not get in any situation where they can fail, and just a lesser layer of the people want to face with them. Those people find it as a learning process and they a make great outcomes from they life.

Fear controlls every aspect of our life. How do we looks like? Did we made the right decission? In most cases we fear about failure because we are not sure about the success or a positive outcome of the situation and the consequences of our actions. This idea divide peoples minds to two sides, two ideology: shy, safety player and brave, risk taker. Both sides have pros and cons.

Those who chose the safety game, are using they background knowledge what they learned for long years and made it highly sure to not fail it. The word shy is not the best representation for them just in that case when something new and unknown came in to learn. They don't take the risk to fail it and they obviously will not fail because they will not even try. That can be any situation like answer the question in class; try out a sport; go to the gym; wear a new cloth; ect. The only thing what is make a gate between them and to try it is the fear. They don't take the risk and they will never know the outcome. If it's a fail then they take it as a lose. Maybe the only thing what is a benefit in their thinking they will really not going to lose anything but then the successes will come lesser. Also that doesn't mean they are not risk takers or they live in constant fear, it's just more safer. The cases where they are need to take steps can be not that scarry or it's doesn't need to be a big deal. These type of people are already made mistakes and the reason why then fear to try it again the previous experiences. Said something dumb in class and everyone laughted; tried a sport be he/she was not succes at all; in the gym he/she felt unconfortable because he/she was not that strong like the people around them, ect.

On the other side those people who trying out new thigs and got experience are usually the ones who make something in their lives what will stand for them after time. Great example for this is the former British Prime Minister Winston Churchill itself. His life shows the importance of trying. If we just think about how he becamed a Prime Minister of the United Kingdom, it's easy to realize it was not always easy for him. Biography of his life tells us how many times he tried and failed but even through he gained success. People like Churchill are thinkers and they take the failures as a lessons of the life. For them is a learning process of making an idea perfect; make an action successful; decide a the right way; answer a question rightfully. If a fail cames up after a wrong move they face with it and they are most importantly proud of it. Not proud about what they failed, about the correction, the knowledge what they gained and driving them to avoid the same and similar fails. Yes they can make the same mistake again but at the end they will be the winners. And this is the point where the enthusiasm came in.

People are trying to reach their goals and enthusiasm drives them. Winston Churchill won the World War II because his goal was to not fail his people, the mankind, and everything what he built. Enthusiasm can have different faces like duty as a president, joy like an istrument player, or to bring happyness like a parent. To keep the enthusiasm is depending on the person. The goal what is requires it can be lesser, greater, midling, makes no difference. The person who keeping it is matters, not the size of the goal because anyone can be a president if he/she really wants it but cannot go to the gym a few times a week if he/she is lazy and don't have enough willingness in their heart. That is a close connection with our life goals. Doesn't matters if it's short or long tearm goals. That enthusiasm can broke after fails or can be even stronger than before.

My example is with the martial art also an example for this. I learned how to dual wield the nunchaku and the learning process was painfull. I'm right handed and to learn, just to spin it, with my left hand hurted me. I was hitting my forearm thousand times. My skin was red after an hour of practice. People asked me why do I still trying and why do I don't stay down. The reason why I didn't stoped was my enthusiasm in my goal to master the nunchaku. After months of practice I did it successfully and in these days I'm not a master yet but at least I cannot hit myself.

A lot of people who going to failure to failure are also taking a risk to fail to the point where they can't try it again. That means a fail where a people can die. These are specific cases but not just death can stop us. Also there are situations where a person just become unable to do thing what he/she did before. And yes there also situations after tragedies where we can stand up stronger than before. There was a boy who loved to ride his bicycle and do tricks with it. One day he had an accident with it in a car crash and he lost his leg. He was in wheelchair for months but doctors offered him a chance to make him a plastic leg. He spent a lot of time in recovery and when he was able to move by himself he wanted to return to his dream. For a lot of time he failed to do anything with his bike. He was angry and broken. But he didn't gave up. After failing again and again he finally on his bike again. In these day he riding like before the accident because he never give up. His strory is inspire me.

I agree with Winston Churchill. We need to fail to learn and enyoj what we reach. We need to try and train not till we can get it right, till we can't get it wrong. And we need a goal to be enthusiastic and to never lose it, to make it stronger after every fail. We can stay in our comfort zones and try to avoid the fails or we can face with them and get experience. ",1107,12,Male,Not economically disadvantaged,White,train,3,2,2.5,3,3,3,3,3,3,4,3,3.5,4,3,3.5,3,2,2.5,3,2,2.5
EAE70CCAFC13,Success and failure,"As a teens, do you think the failure can affect your life in the future? The issue of the failure consists to going from the failure to failure without loss of enthusiasm. It is a good idea to have a failure.

The failure can make you better in the future. Alhough,the failure can improve a better ways in life. Becuase,when someone do something that they think are bad they can to make better next time, they want to have a better opportunities in their life's,maybe in their future can have better job .In conclusion, the failure can make a diferrent person to continue with their life and also their dreams. .

The failure can help to be a geat person. Although, the failure can make a different in your life. For example, if you have a failure you don't to do again, a failure can help to be a better person in the future. In conclusion, the failure can help in better ways if they think in opposite becuse sometime we do thing incorrect that if i have a role of failure can give a lesson to do thing in the better.

while some people believe that it is a good idea to have a failure. Other argue that,it is a bad idea to have a failure. Beacuse, all person have worries about failure, if they have a failure they want to be in thir house sad. Although this migh be valid, there are several importan idea to be considered, such as,they can learn about the failure. Although, they don't want to make the same error the same time. For example, if you have a failure you don't want to happend again you want to make better,also they don't want the same problems can afecct in the future. In conclusion,the want to learn about what the happened,they don't the same problems cuase toubles in their future.

The failure can give a lesson to be better in the future. Also,the failure can make people to improve to be a good person. I Think the failure can make people in good ways and also in bad too because when the people have a problems they don't want to learn they maybe want stay in the same position,in good ways can be you can examplain others to do thing better.",342,11,Female,Economically disadvantaged,Hispanic/Latino,train,2,2,2,3,2,2.5,2,2,2,3,3,3,2,2,2,3,2,2.5,2,3,2.5
EBE0730AFF0E,Success and failure,"Adopting the failure is the way to become master and complete our goals. Everyone have experimented failure in some point of their lives. As the British Prime

Minister Winston Churchill once said ""success consists of going from failure to failure without loss the enthusiasm"". But should we really continue pursuing success after fail many times, even knowing that, it might be really difficult?. Although some say that we should give up after fail multiply times. Actually, we should not lose the enthusiasm after have failed in something that we wanted more than one time because, being consistent is a way the learn and become successful. Also, failure gives us more experience and mastery before we complete our goal.

Those who believe that we should lose the enthusiasm after fail many times in what we want, have their reasons. They think that being pushing your self getting stress by starting something that you couldn't have done before, is a way to waste time because, you're not going to complete it anyways. They also believe that it's really hard to start over again knowing that if you try it one more time you might fail it all the same even though you don't achieve success.

One reason why we should not lose the enthusiasm after failure is that people learn from their mistakes. A way to learn is being consistent and do not give up, even if there are many difficulties that make us think that we should leave our goals and dreams. As example of this is my friend, Generic_Name, who had to take his math test multiply times. First, he took it at the first time without even study, as result of that he didn't pass it as well. Second, the teacher gave him a second opportunity to take it. This time he studied much better than the first time but he didn't pass it again, he felt stressful ""what's going on to me"" he said because, he knew that he needed to pass that test. Then, he asked to the teacher for a third chance to take it. But this time he studied really hard for many hours, he also knew what the test was going to be like because he had taken it before. As result he passed the test with a good score. What happened to Generic_Name is a perfect example why should not lose the enthusiasm after have failed something couple times. If Generic_Name hadn't been consistent by studying and taking it more than one time, he wouldn't have passed the text. Therefore we should never lose the enthusiasm after fail many times.

Other reason why we should keep the enthusiasm even if we have failed something is that, failure gives us more experience and confidence before we complete or reach our goals. As example of this is my self. The last year I had lost to do, such as school, work and other responsibilities that required me to drive. Then, my parents decided that it was time to let me drive. I was really excited thinking in the way that my daily was going to change. But it wasn't that easy because, firstly, I had to pass the driver test, next learn how drive and finally get a car. In that point I wasn's really sure if I wanted to continue with that. Then I decided con continue it and I went to take the test, I couldn't pass it at the first time. I felt sad about it, but after studying all the rules again I came back to take on this time I was able to pass it as well. But, I still needed to get a car, fortunately my parents brought me one. Now I have a car and my driver's license even though I was hard to make it. What happened to me is a perfect example of being consistent and don't give to get success. If I hadn't been consistent even that I had failed it, I wouldn't have gotten my driver license. Therefore we should never lose the enthusiasm after fail sometimes.

In conclusion, based in those reasons I support Churchill's statement, and I'm agree with the important role that failure plays in the pursuit of success. Although some say that we should give up after fail multiply times. Actually we should not lose the enthusiasm after have failed something that we want because, it's a way to learn more and a way to build our confidence, and we also become successful by being consistent.         ",703,12,Male,Economically disadvantaged,Hispanic/Latino,train,2,4,3.5,3,4,3.5,2,3,2.5,3,4,3.5,3,4,3.5,2,3,2.5,2,3,2.5
EC773C38B72C,Success and failure,"I'll disagree because being success is really important and being a failure is one of the worst thing that can happened in life because when someone start failing their is no more reasons to keep doing the stuff that someone like in if when the person start failing for their success they cannot do like that much for they can help for that and when the success person is their best time they can do all the stuffs they want for they can keep being success and keep their position and in good conditions.

Being success the hold time can make someone to fail at the end because someone keep doing their same thing all the time and when that happened the people can start getting tier and that's hew can people can make their success carriers or jobs to fail and that's how they can prevent from all does things that can prevent them from failing and when the people doesn't see they can start to fail they don't pain attention or they don;t care about what they doing during that time,

When a person is a failure at the beganing they can get more courage and start working harder for they can be a great the success person in life after being a failure in life for a long time they can start being success from one time into the other that how the great brains can work after being a such a failure person they can be a great success person in life after being a failure and start working harder and start being a great competent person for working in that areas.                        ",280,11,Male,Economically disadvantaged,Hispanic/Latino,train,3,3,3,3,3,3,3,3,3,3,3,3,3,3,3,3,2,2.5,2,3,2.5
EE58A33AD551,Success and failure,"In my opinion, I gree with the Prime Minister Winston Churchill because the enthusiasm in the life is everything because without the entusiasm we are nothing, we can't go nowhere because we don't has the enthusiam, if we want something like jod, career, something the we want in life, we need the enthusiams first. Failure make people to give up when they mess up something but they has to keep going and doing thing possitive. Now i going to writting some example and information about the enthusiams and failure.

First, In this life if we not make a mistake (failure) we are not going to learn anything but we has to know if we fail we always has to try again and again no better what. We always need to thing possitive and has the enthusiams to do it again and get what ever we want in this life but always with the enthusiams because we need to has enthusiams to try again. Don't drop out your dreams if thing not going well.

Second, we need the enthusiams in our lifes no better if we failure, the enthusimas is the impulse to keep going and get everything like finish high schools, past the test, has a good grade but first thing possite and be enthusiams in things you really want to be successful in the future.

Third, the enthusiam is a great enjoyment, interest or approval . I think everyone has interest in something and we can make it, we can has everything but if propose in life. For me, my enthusiams is graduate from high school to make mother proud of me because thats why she came to United State to give me a better future and now she enthusiams to see her daugther graduate from high schools.

Addition, ""Success consists of going from failure to failure without loss of enthusiasm"" in this quote said failure to failure is an instance of something not functioning properly but is not mean to give up just doing again but never loss enthusiasm to thing you love or want in the future just keep going make yourself proud of you and but never lost the entusiasm you has for things you love just because people talk bad things or thing is not good well, life give lesson to see if we are strong. Enthusiasm is everything in life.

conclusion, I will said that Minister Winston Churchill is rigth because how i said in the beginning of my first paragraphs enthusiams is everything in life, we need to has enthusiams in everything we do to make it better. Failure sometimes make persons to stay in the same place, failure don't let people to keep going because they think everything they do is failure and never try again or be unsuccessful in achieving something.",448,12,Female,Economically disadvantaged,Hispanic/Latino,train,3,3,3,3,3,3,3,3,3,3,3,3,3,3,3,2,2,2,2,3,2.5
EF36F9497E96,Success and failure,"I think i'm going to agree what Churchill had said. Because, if i success so easily, i won't able to understand how hard to earn something. Some people think they are smart and they'd never fail. But me, i thought a different way. I thought that if i fail,i 'll have more experience. For an example, in my country, Vietnam, people always say that failure is the key lead to your success. I have failed many times in my life, but i never give up. I remembered when i was 8, i was really love the egg that my mom made for me. So i asked her how to made that egg, and of course i had broken a lot of eggs. And i also wanted to give up, but, i'm really love the foods that made from egg. So i continued learning how to cook the egg, and now i succeed with the fried egg dish. In my conclusion, i want to say that being a failure isn't a bad thing, because it helps me know that i can do better.",162,12,Male,Not economically disadvantaged,Asian/Pacific Islander,train,4,3,3.5,4,3,3.5,4,3,3.5,3,3,3,3,3,3,3,2,2.5,4,3,3.5
EF3A72193AAF,Success and failure,"The

British Prime Minister Winston Churchill said ""success consists of going from failure to failure without loss of enthusiasm"". I agree with Churchill's statement because you have to work hard to be success, sometimes you are going to failure but you have to try and try and never give up.

There are a lot of obstacles to be success, you have to avoid them. Sometimes you are going to fell but do not give up. You learn from the failures. Churchill said that you have to failure to get success, if you failure you never have to loss enthusiams. For example, if you want to go to college and you do not have money to pay the college, you are going to feel sad because you can not do it, but you have to find a way to solve your problems, you can work and study at the same time, work to get the money to pay the college and then complete your carreer.

To become successul, you have to work hard, do not give up, be positive, solve problems, try your best, and learn something new. Do not forget that success consists of going from failure to failure without loss of enthusiasm.",176,12,Female,Economically disadvantaged,Hispanic/Latino,train,3,3,3,2,2,2,3,3,3,3,3,3,2,3,2.5,3,2,2.5,4,3,3.5
EFF1803E4B81,Success and failure,"Why are people scared to fail? Is failing really a bad thing. NO! For example Churhcill says that ""success consists of going from failiure to faliure without loss of enthusiasm"". I agree with him. I believe that to have success in life you have to go through failiure. Failing with the same feelings and mindset is hard but you just have to think failing is a way of getting better. Failiure is also not something you should be afraid of or embarressed of. You should be proud of failing cuz you know what you did wrong and next time make it twice as strong. Failing does not mean that your to dumb to do whatever it is. It just means you need some more time. Churchill bleieves that failure has an important role in the pursuit of success. Which I also believe this becuase once you fall all you want to do is get right back up. Which I encourage everyone to do.

When you fall get back up everyone falls. Life is about taking risks and failing. Which in my opinion evryone should do. Failiure is the key to success. Without failing you can't really call it success. I beleive you can only succeed in something that you have failed at. Without failing life would be boring and everything would be the same because people are taking riks we have lots of different things in the world today. Everyone has failed to do something. Not everyone in the world is perfect. I wrote this to persuade my readers to take risks. It is also fine to fail just get up and try again. Surely, if Churchill was a live today her would be spreading the same message around the world. That without failiure there is no success. Also, that everyone has failed at something, nobodies perfect.

Churchill Is trying to say that faliure turns in to success. Once you fail you know what you have to do to get yourself back up. Then you try again and again until you get something you are happy with. This is what makes you try again. This is what makes you find and fix your problems. You get a lot out of failing thats why i think that anyone that is going through something tough don't give up so easily becuase its is ok to fail. Failing is a good thing not a bad. However, its hard for people to think in this way becuase they think once they fail its all over. Its not over until you want it to be over. Keep trying and Try your hardest.",470,12,Female,Not economically disadvantaged,Asian/Pacific Islander,train,3,3,3,3,3,3,2,4,2.5,3,3,3,3,3,3,3,3,3,2,3,2.5
F032D40816C0,Success and failure,"Success consists of going from failure to failure without loss of enthusiasm I think is a good idea because, you can be a successful person, you need believe in yourself, and you need support of your family.

You can be a successful person, because you can do all the things that you have in mind, and you can realize more than you already have, for example once my friend Generic_Name told me that her cousin Generic_Name he loves fix computers, but he only can fix computers he can not fix telephones, TV, refrigerators and another electronics devices and he always was sad because his goal was that he can fix all the electronic devices, he join in a group of people that fix electronic devices, he always cry because he did not understand the things that he was learn, he always was try day to day, so one day he was the winner in the competition of who was the person that fixed one TV in the less time as possible, he fixed the TV in 1 minute, other people fixed in 10 or 5 minutes, finally he earn a diploma of the best fixed person, after 5 years he learn that nothing was impossible for him , in the actuality he has a store that he sell and fix electronic devices. The experience of Generic_Name is a good example in our life because he learn that never give up, he always fight for his goals and that example we can do exactly the same that Generic_Name always fight for our goals and always try another new things that we think that we can not do.

Also the reason that you need believe in yourself is that you always need be positive person, every day see what are the things that you need for have success or what you need to do every day. In my experience I was in 10th grade was my first day of school at Generic_School,I never was with a lot of nervous, and I did not speak English ,so all my classes in my first day of school I feel many eyes on my because I was the new student, then at the end of my day I take my correct bus and when I was at home talking with my mom I told her that I do not like the school because was different of my schools on my country and my mom told me that with the pass of the days I will feeling a good person, a correct person. So in my first year in the school I get all my classes with A at the end of my first year I earn one diploma in Math and four diplomas for each end of the quarter, so I pass 11th grade with excellent grades too, but sometimes I fail my classes my test in Algebra I fail many of the test or sometimes I get D or F in my classes and when I fail something is when I was think that I am not good in my classes or in English that was to hard learn the language English, all my teachers talk with me that I was a good student always complete my work, every day I was pay attention to my teachers, and then I pass to 12th grade this year is more difficult because I need pass all my classes, all my ESOL and other things for example my WISE test, and now my teachers, my counselor, my mom told me that I am a excellent person, and sometimes I think leave the school and start to work because I feel that I cannot go to the end of High School . This is my experience and I believe that sometimes I am wrong because loss enthusiasm it is not a good idea always I will have failure or another experiences that are not good.

And this is why we need believe in our self if you do not believe in your self you may be you do not complete all your goals or all that you have in mind.

Other people say that success consists of going from failure to failure and loss enthusiasm, but otherwise you need support of your family because the family is very important in your life and always you need a opinion from your family. For example one day my uncle

Generic_Name he was in his college George Mason his family was in Mexico he was the only person that was in Generic_City. He always try to do all of the way correct and always be a good student and a good person, but one day he fail a very important test in the college that test was the final test in his College, and if he fail this test he can not graduate from College and he was feel like a person that he can not do anything and he told to his friend Generic_Name that he did not pass the final test, but Generic_Name said to Generic_Name that he can not tell to Generic_Name's family because they may be feel sad for Generic_Name, so the option for Generic_Name was that he was need start one more time all the College or he can paid extra money for retake the final test, but was a lot of money, so he decided that he was taking one more time all the College, but he do not see for support of his family, finally Generic_Name told to Generic_Name's family what happens with Generic_Name and why he still do not graduate from College, and Generic_Name's family talk with Generic_Name and he tells the true and his family tell him that why he do not see for support in his family. This example is exactly the explain for why the support of your family is very important, the family is the first group of people that we need to tells them always the true and they will have a excellent opinion about what you asking them.

In conclusion, loss enthusiasm when you are failure it is not a good idea because can be a successful person, you need believe in yourself, and you need support of your family. And always think about what are the things that you are complete or for what you need this goals. Also, think about that if you failure you need keep going and never give up because if you feel that you can not do anything all your life may be your will think that you not are a good person in something that you have in mind. Finally think about all the good things have a successful person and how you can do like a successful person what you need to do or what materials you need for be a successful person. ",1089,12,Female,Economically disadvantaged,Hispanic/Latino,train,3,3,3,2,3,2.5,4,2,3.5,3,3,3,3,2,2.5,3,3,3,3,2,2.5
F06699DB73E0,Success and failure,"Some people say that:success consists of going from failure to failure without loss of enthusiasm.

Success consists going from failure without loss of enthusiasm because every human want's success in there future. and every single person have failure success in there life,even the humen can do their best and derirative for them self ,and alwys when i saw this every success have failure behind them. every human have good and bat thing in their life,and some people past their failure and have a good life know,and some people do have write know .

The live is like ""cradle"" every thing is happen in this world. some times we have a good time and some time we have bad, and then alwys we want to have a good live and we do enthusiasmy when we loss something. and we have alot casualyies and all the lime,we should do conflict with a bad stuff.

When people are thired with their life, we shiould help them, and we make them ""He/She"" sure to be a laborer peron in their live.

even we have a bad live or bad stuff happen in my live we should resistance with that because every thing in is possible. and we can solve our problm.

Other people say that: success consists is difficult without enthusiasm. so even we knows that we have failure we should do preventoin about that stuff to have good and happy live in the future without failure, and we have happy and good live .                   ",610,12,Female,Economically disadvantaged,White,train,2,3,2.5,2,3,2.5,2,2,2,2,3,2.5,2,3,2.5,2,3,2.5,2,2,2
F1F6D7CAE400,Success and failure,"I am agree with Churchill's statement about that ""success consists of going from failure to failure without loss of enthusiasm."" Failure plays an important role in the pursuit of the success. We learn of our owns mistakes, including others persons mistakes. At the same time, is very important to be enthusiasm and with a good attitude to address and learns of ours mistakes, to continue progressing in the pursuit of success.

If we do not try, we do not make mistakes,

if we do not make mistakes, we do not learn, and we will not be success as we want to. It is so important that when we make a failure. With enthusiasm,

checking where did we fail, how can we fix it, and give the best of our self. You can see, that how the next time that you pass with the same circumstances, you will not make the same failure that you did the last time, and at the time you will became an expert according at the area you are trying to perform.

Do not let the fear of going from failure to failure, prevent you of pursuit the success. Every vary make mistakes that is why, it is very important that we do not have to loss the enthusiasm. The enthusiasm is what make us, to stand up, learn of our failure, and continue pursuit the success, do not matter which one, or how it is the circumstances of our failure.

At the same time you can learn of the failures of others persons. that way you do not have to pass with same circumstances that they pass before; and you can economize your time to success faster. Listening, reading and paying close attention of what other person transmit about their failure can help us more then what can we think. Imagine the much you can get just for give some of the minutes of your time, to listen the important things you can get from the failure of others. so open your mind and pay attention.

In conclusion it is good to failure. Every time we make a mistake, we learn about it, and we will never forget what we learn from them. Therefore do not let a failure prevent you to be success, and learn of your failure and other people failure.",341,12,Female,Not economically disadvantaged,Hispanic/Latino,train,3,3,3,3,3,3,3,3,3,3,3,3,2,3,2.5,2,2,2,3,3,3
F2AE464DA15E,Success and failure,"Do you think a good way to success in life you had to fail first?.

In this paper i will argue about, why people should believe fain in life it is so important because if you fail a least in one thing in life it's help you be more confident and be prepared for the real world and also help you that if you want something you had to fight for the.

My mom always tell me "" Be confident i believe in you"". When i was in 1 grade in my country Honduras one teacher tell my mom that i'm not in math the i'm going to fail the grade and i did it. But my mom tell me that and she also tell me if you fail the grade it's no becasue you are not intelligent. It's because it is difficult for you but i know you can do it and i did it the next year i have to take again 1 grade but that year was diffrent and the teacher tell's my mom that it was amazing how good i was in math and the other class too. I'm happy that i fail 1 grade because shows me if you fail one time doesn't mean you had to give up , you had to figth back like i did.

I always said to me you had to fight back never give up in my dreams no matter how difficult is. When i was a kid my dream was the i want to be a lawyer. One time in my school we have to said what we want to be when we grow up and i said i want to be a lawyer. One student tell me how could you be a lawyer you never going to complete that career and said to him you never know no matter how many times i fail. I know i'm going to be a lawyer because if you not fight back for your dreams. That's mean your i said you are failure person and i'm not a failure person. Not allowed other people said you never going to make never.

If you fail one time or more doesn't mean you never going to make is the contrary. In my whole life that it is 18 years old i fail many time but i always i had in mind. I fail i learn a new lesson today beacuse all the fail times i had in my life i take as a lesson to help to prepare for the real world and how it is.

Someone may think i wrong to think like that but they are the wrong ones beacuse no ones is perfect in life everyone make a mistake or fail in something in life

To be a successful person in life you have to take step by step and also no matter how many time you fail keep going. You are gonna make don't allowed other person said what exactly you had to do.

In the future i hope people never give up in their dreams just because they fail one time or more and also show the person's who tell you ""You never gonna make it"". Shows them that you did it all by yourself.",512,11,Female,Economically disadvantaged,Hispanic/Latino,train,3,3,3,3,3,3,3,3,3,4,3,3.5,4,3,3.5,3,2,2.5,3,4,3.5
F30AD5A2B74A,Success and failure,"Do you agree with ""Success consists of going from failure to failure without loss of enthusiasm, yes or not? I agree with Churchill's statement of success consists of going to failure to failure without loss of enthusiams because not all the time we can win or make the things perfect. For example, when I took my English test last year in my English class. I practiced a lot and I did my best for taking A+ or maybe B+, but I did pass the test. I was very sad, however, my teacher told me that I had a second chance. So, I took it and this time I passed with A-, I was so excited. To fall out the test made me to understand that it doesn't matter how many times we can fall out about what we want, we only need to be strong and try as much as we can for being successful. Moreover, this year my aunt was trying to travel to El salvador, but when she called to the airline for buying the ticket, the tickets were so spends and she doesn't have to much money, so she decided to wait few months. seven month ago she called again to the airline and the prices tickests increase more money, but she didn't want to continue waiting more time so she decided to buy it, when she was buying the tickets the person told to her of her ID was already expire, so she can not buy the ticket. My aunt was sad because she did not remember about to renew her documents, but she went to renew her documents some weeks later and after that she has to wait at less three months to receive the new ID. at this time the three months already pass and she didn't receive her ID, she's really sad because she wants to go visit my grandmother. even thoug she can't travel yet, she doesn't lose her enthusiasm of travel this year to my country. Churchill's statement of success consists of going to failure to failure without loss of enthusiasm is more than true because anybody is perfect and we need to fall out for learn lessons and learn to be stronger persons in the life. some people think this statement is not true because some of them loss multiple times for being successful in their life. also, they say when the person loss the first two times they're losers, stupy persons, or other bad things that are not right. in my oponion this cause happend to them or they are saing that because they loss their enthusiams and become weak person. in conclusion, for being successful we have to fall out in the life, like when i fall out my test and with my aunt cause. this teach to everyone to be stronger person and never lose their enthusiams of be successful in each persons life. ",458,12,Female,Not economically disadvantaged,Hispanic/Latino,train,2,2,2,2,3,2.5,3,3,3,2,3,2.5,3,3,3,2,2,2,2,2,2
F3604BAC5D79,Success and failure,"I agree with the Former British Prime Minister Winston Churchill because in my opinion, the failure makes to the people strong and the next time they can do it better. Sometimes we are making failures day per day, but if we become sad and we are closed that we can not do it again, we are losing something important in our life, but if we are doing it with enthusiasm we can improve our failures and do it better every time. Success is the achievement of doing what you have tried to do or what to do. Winston Churchill is referring that no one have to loss the enthusiasm, however if you are making mistakes in your life and you are saying that you can not do it and you will try it but you are going to get the same results and you are giving excuse by excuse you will fail in your life because you are giving up easily and you dont see that every cost and fight at the end it has a benefit or something that you really wanted to get or a goal that you are trying to reach and you will see that you dont have to loss the hope and the enthusiasm in every dream that you want.

The failure has an important role in the pursuit of success, sometimes a lot of people do not have the enthusiasm and they think that it is the end of everything, the failure can be the destruction for a lot of people, but if you make a lot of mistakes and you are keeping fighting still to get your goals you will see how important is not give up easy and watch the positive part of your failures. When Winston Churchill said ""success consists of going from failure to failure without loss of enthusiasm,"" he is only saying that sentence but it has a big meaning everybody can apply it in their lives, you can find the best outcomes just smiling to the problems. It does not mean that you will not care the problems, of course you have to resolve the problems and make them clear, because if you are making failures and people is affected and you dont care you just want to get your outcomes it will be a big problem, no body needs to be involved in your failures because the people around you will see that you are making a mistake and you are selfish.

Churchill's statement has big meanings and has good outcomes, everybody wants success but what happen when someone is trying to get success and miss? of course everyone will feel so sad and no one wants to try it again because the person is afraid of their failures, it is like if the failure is tying you and it does not want to leave you. The persons will be sad and their hopes will be down because they think that they are going the get the same outcome, but what happen if you raise your head with enthusiasm? Winston is trying to say us that the enthusiasm is very important to get the success because if you have enthusiasm you will fight with love for something that you really want. An enthusiasm person has more possibilities to get success than a person sad, broken and a person who is thinking just negative thoughts or who is close that they will get the same result and give up easily like nothing will happen if he/she is going to try it.

The enthusiasm has an important role in the success because you will keep your head up and keep fighting for your goals all the time and every time that you will make a failure it will be more easy to resolve it, because you have a key and you are enrolling every time when you get one failure. The enthusiasm help to the people to see the answer of the problems easily because the brain will be relaxed and will think the best things, however, when the brain is frustrated the brain can not think correctly. So, if you are enthusiasm you will do it very good because you want something that you want and also it will be something that will improve your life not just in the success of work or study it can be in all your whole life you can get success and everything if you apply this in your life, and the people around you like your family will see how important is this role in the life and they will want to learn about the enthusiasm in the failures and they will understand that sometimes we dont need to destroy ourselves or lost the head in something that we can resolve in an easy way that enthusiasm is helping us to improve ourselves.

I agree with Churchill's statement because the enthusiasm it is an important role you can motive to other people to be enthusiasm and they can resolve their problems using the same method. Sometimes the failure are really hard to resolve but if you really want to reach it you have to feel enthusiasm because I think that automatically you will see the answer clearly and easily and if you are frustrated your brain will not work and will be closed and sometimes when we are frustrated we are getting extras failure because we dont think clearly and we dont think about it. Sometimes we have to learn a lot from the failure and we dont see it, the failure can be some steps just to reach the success and the goods outcomes. Winston is showing us that the failure can be defeated it does not matter how long it is going to take but before the success you have to keep strong and smiling to the big failure. Winston Churchill is using a statement that means that we dont have to give up easily we have to fight for something that we want to make real.

Example: The success in the school can be really difficult and more than one time we can fail because we dont do homework but we want to pass, so if we want to reach this goal we have to enthusiasm ourselves because we have a goal that we want to reach, so we are going to fix our failure and we are going to do everything because after school we want to go to college and get a good job.

In conclusion, the Churchill's statement has an important role that failure plays in the pursuit of success. The failure is just a difficult step to reach the success and with enthusiasm we can defeat to the failures. The enthusiasm is a supply very important in the enroll for the success.",1086,12,Male,Economically disadvantaged,Hispanic/Latino,train,3,3,3,3,4,3.5,3,3,3,3,4,3.5,3,3,3,3,3,3,3,3,3
F39FFFB63840,Success and failure,"I agree that failing plays a important role of success. Is because you can learn form your miss tack, you can understand why your keep failing and fix the problem, and you don't make a same miss tack again. However, I do see why some people don't think the same way. It because they don't want take a risk to fail at anything and no one want to admit that they failed on something. But it not as bad as you think, hears why.

First, everyone my miss tack and you can learn from that miss tack . For examples, when I failed to shot a goal, I what to know why I keep missing a goal. After a weal I learn how to properly shot it. A nuder examples are, my friend like to draw a person but he always have a problem to draw a hands. He try to learn why he keep failed to draw a hands and time go by, he finally learn how to draw a hands.

Then, you can understand why you keep failing and fix the problem. For instens, I always keep failing to payatensh, so I understand what was a problem and trying to fix that problem. A nuder examples are, when I keep reading I always keep miss pushing it . So I be reading thirty mines every day and it help me.

Lastly, you won't make a same miss tack again. For examples, when I found out that I failed my reading test I what to know what part that I miss, when I toked again I pass the reading test. A nuder examples are, when I made a miss tack to get a figure that almost filthy baler, and at the same time I have to pay my bills. So I learn my miss tack, at the time when I pay my bills I won't get a figure that almost filthy baler.

Inconclusun, failure is not as bad as you think, it can help you to success for instens you can learn form your miss tack, you can understand why your keep failing and fix the problem, and you don't make a same miss tack again. I hope you understand why failing plays a big role of success.",336,12,Male,Not economically disadvantaged,Asian/Pacific Islander,train,2,2,2,3,3,3,3,2,2.5,3,3,3,2,2,2,2,2,2,2,2,2
F3ACD9A99ADA,Success and failure,"Success is about to enforced our self and to accomplish our goals, as I know nobody was born knowing something everyone was born to learn and to fail every time that is possible to learn more However I agree with Churchill's statement that is about the important role that failure plays in the success, My reasons are that we can protrude, influenced others, more personal experience.

My first reason is that everyone can protrude and be proud over our self ,and protrude means to take the best of us and show it, for example, in my case lass year I loss my job because I didn't have enough age to work in the company this year I start my own company and I have my own employees, this is a example how failure didn't take my enthusiasm, and that we can loss twice maybe but not forever because be will be success later.

My second reason is that our attitude is everything we can infused others that have been losing their life and their enthusiasm and show them that everyone can enforced and get what they want,

A example will be my cousin she had been in 12 grade for 3 years that at the first year that she didn't pass her grade herself confidence went down and she had loss her goals, but this year she will graduate because this year she is been preparing to pass her classes and to get her diploma, this is a example of been failing, and failing and then get the success.

Other might say that success and failing isn't good for our society, however I sill disagree because to get success or to win we have to learn from the beginning, my third reason is that with the experience what we have of been losing and failure twice and twice we will know that we are going to do and be successful later. According to a quote that say ''You can loss a battle but not the war'', In fact we can loss everything but not our enthusiasm.

In conclusion, this is why I agree with Churchill's statement that is about the important role that failure plays in the success, My reasons are that we can protrude, influenced others, more personal experience. everyone is exert to failure but what we have to do is to continue and don't surrender don't give up with our goals, always been happy doesn't paying attention to the situation.                                                                                                                                                                                                                                                                                                                                                                                                                                                                                                                                                                                                                                                                                                                                                                                                                                                                                                  ",837,12,Female,Economically disadvantaged,Hispanic/Latino,train,3,3,3,3,4,3.5,3,3,3,3,3,3,3,3,3,2,2,2,2,3,2.5
F45967CEFA55,Success and failure,"Former British Prime Minister Winston Churchill stated a quote that said, ""success consists of going from failure to failure with out loss."" There are 3 reasons why I agree with this statement. The first reason is, failing will want to make you push for a success, the second reason being that you'll have more of enthusiasm when you're find more ways to succesed, and the third reason is achiving for higher goals.

I agree strongly with this prompt and Winston Chruchill's quote, yet some people think it's something at may not be true and think less of them self. In the first paragraph I will explain my first reasoning with a strong example of it.

First, reasoning to this prompt would be, falling will want to make you push for success. Even though not many people think that is the way that many of our past inventors had learned. Albert Enstine was one of the smartest people out there, yet he had come face to face with failure many times in his life. The only way he learned was to try many other different ways to solve his problems. He used failure as an insperation to to keep trying like our first inventor of the light blub. Even though many people found it frusterated and diffivult when they've failed, which pushes on to my second reasoning.

Next, the reason would be that many people think different about them selfs when they fail in something. Thomas Edison thought different, even though he had failed 100 times, he had not gave up. When he finally successed, he said a quote that is in my mind till today in this presnet day. That quote was ""I didn't fail 100 times, I found 100 ways that it didn't work."" Even though, Thomas Edison had failed he maintaned him self with a lot of enthusiasm, Failure is never an option, but finding a solution to it is a success.

Finally, the last and final reason is achiving for high goals that you want to reach. It don't matter what others may think of it or if you'll be able to achive or not. Show them that they are wrong even if you come to a failure don't stop, find a solution and fix it to make it better than before. You'll reach higher goals with higher potential then what you'll ever imagine. Then later on you will be able to do anything you put your mind to and demonstrate your knowlage to the world.

In conclusion, doubting yourself is not how you achive your success. Finding a way to solve it is achive your success. Get the insperation from the people who had once been in your spot and they done to successed to there goal. Even if failure is a role in life to find success it's the only way youll reach it. Failure is only a motivation to get you to successed.",465,12,Male,Economically disadvantaged,Hispanic/Latino,train,3,3,3,4,4,4,3,3,3,4,4,4,3,4,3.5,3,3,3,3,3,3
F4C52358CE03,Success and failure,"In this reasons from Churchill's statement. I am not agree because, They are many reasons important in the role that failure plays in the pursuit of success.

First some people are in someone problems like a Job maybe need once step to better position or salary. The second reasons is for the young people in the (school or college) is very difficult to do study, work, etc. There last one reasons is pursuit of success is important in the life for each people for better future.

First some people are in someone problems like a job maybe need one step to better (position or salary), example somebody have a Job and once

Office but they need more experience, and more ideas for increase the production and the best thing to do would be is to trust in self.

The second reasons is for the young people in the (school or college) is very difficult to do study, work,etc. For example, is hard to complete the academic studious and dont loss of enthusiasm is the key for they are success.

There last one reasons, is pursuit of success is important in the life for each people for better future. Because some people have many projects from school, Offices, Jobs, and Family need to make sure that from many ideas and to put the best ideas, and dont loss the enthusiasm.  ",203,12,Female,Not economically disadvantaged,Hispanic/Latino,train,2,3,2.5,2,3,2.5,2,3,2.5,2,3,2.5,2,2,2,2,3,2.5,2,3,2.5
F4D23BAA49AE,Success and failure,"Although some say failure doesn't play in the pursuit of success because people can loss enthusiasm, actually some say failure plays in the pursuit of success because it helps people to grow in life and it makes people smarter.

Those who believed that failure doesn't play in the pursuit of success because people can loss enthusiasm. ""weak people get tired when they try to find success but they loss"". For example, have you ever had been in a situation where you think you will succeed but you only get bad news.

However, people who say that failure plays in the pursuit of success because it helps people to grow in life. ""Professional people face hard times, sad days and they suffer before they get a high position"".

Also, people who say that failure plays in the pursuit of success because it makes people smarter. ""A result of a survey say that smarter people learn from their lessons and try to not give up"". For example,

If you lost an opportunity it doesn't matter if you try so many times but never give up.

Although some say failure doesn't play in the pursuit of success because people can loss enthusiasm, actually some say failure plays in the pursuit of success because it helps people to grow in life and it makes people smarter.

We should encourage that going from failure to failure without loss of enthusiasm we can achieve success in life.",244,12,Female,Economically disadvantaged,Hispanic/Latino,train,2,2,2,2,2,2,2,3,2.5,3,3,3,2,3,2.5,3,3,3,3,3,3
F531D21A72F6,Success and failure,"The success is achieve something, is like a goal that we want reach. Nobody is perfect in this life, at contrary all the people make mistakes. For example: When I try to cook something to eat, sometimes I forgot to add an ingredient. As a result of this mistake the food obtain a different flavor, but of this failure I can learn and upgrade my skills like a chef.

Another example could be: when a student fail in a test, but has the chance to take a retake, is there when the student spend all their time studying to get a better grade. Daily the people commit diverse mistakes, but depend of us to determine if this mistakes will define us. Also we can take with enthusiasm this kind of failures and learn from them. Don't give up, we have to be strong. That a mistake don't stop you of achieve your goals. A characteristic of the humans is that we try to overcome all the challenges that we have in our life.

The failures teach us how to be a best person. The people just have to be more optimistics and see the failures from a good point of view. If you are negative with a failure or mistake, let me tell you that maybe you will loss the battle with yourself. If you are negative, is very probably that you will start to have bad thoughts about yourself. If you are negative, you never will be happy again, because you will stay thinking in the failure you had. I'm telling you all this, because I had this kind of problems previously.

In conclusion, don't let to the failures defeat you. You have to be strong and learn of them, to be a best person in the future. Or you want stay in the same place, with the same problems forever? No, right? You have to figth to overcome all the challenges that will appear in your life, and remember never give up. Let me tell you something else, I don't know a lot of english and I'm taking this test that have to be in english. I'm bringing all of me to get a good grade, what I mean with this. Well, even if I don't have a good grade, I learn many things that will help me in the future. I will not let the failure defeat me again, I will return more strong and with more knowledge.",386,12,Male,Economically disadvantaged,Hispanic/Latino,train,4,3,3.5,4,3,3.5,3,3,3,4,3,3.5,4,3,3.5,4,3,3.5,4,3,3.5
F5EFA67354E6,Success and failure,"Yes, I do agree with Former British Prime Minister Winston Churchill's statement, because people do fail over and over again without loosing enthusiasm.

I have good enthusiasm. For example I failed a lot of classes in high school and I had to repeat them I gave all of my best effort on every class I had to take even if I wasn't good at it or if I didn't like it because I don't want to keep repeating them just because I didn't try i have great confidence on every skill I have and i always try to improve them in a better way I ask for help to see what i need improve on and I eventually did get better and it was worth it because it made things much easier i understood all of the problems I had trouble with I brought my grades up on the class I was failing on i mostly got B's on the tests and quizzes it's way better than getting a D I was glad that I was making changes and improvement on my skills it was the best thing I have ever done.

I have dont ever give up, for example one time i remember i had to do make a little video game for my school project and as i was making it i didn't know what kind of video game to make i didn't have any ideas of what to make and i thought of giving up because i didn't know what to make and then i started thinking of making a first person shooting game and it was mostly like the game Call of Duty but i made a little change to it i put in the choices to choose any gun from the previous games it can be a gun from any Call of Duty game i feel like that was a good idea because some people would really like to have some of the old weapons back and they like a game that is boots on the ground and i also made a zombie game mode i put in some better things in that mode and i kept adding more details to the game and i am actually glad that i didn't give up because it tells me that I am not a quitter and that i wont be giving up so easily.

some people would disagree with Winston Churchill statement because they dont believe that failure would consist to success they think that if you fail your gonna fail again over and over no matter how hard you try your always gonna fail i know some people say that because i had a friend that literally gave up so fast it was pretty sad and i kept telling him that you have to keep trying there's no other choice you can do but push yourself and he didn't he just gave up and didn't even bother to try. However not everyone gives up so fast because they believe in themselves they don't loose their confidence even when they are not at their best they still wont give up because they know they can do better the next time they do it you just got to keep trying till you make it.                                                                                                                                                                                                                                                                  ",639,12,Male,Economically disadvantaged,Hispanic/Latino,train,3,3,3,4,3,3.5,3,4,3.5,3,3,3,4,4,4,4,3,3.5,3,3,3
F610B3CBF3DF,Success and failure,"Winston Churchill once said ""success consists of going from failure to failure without loss of enthusiasm"", Meaning success can only be achieved by having few mistakes along the way. Many believe achieving success means doing everything perfect and not making one single mistake, having a couple of mistakes doesn't mean failure it means progress to be successful because one can learn from the mistakes that are made and helps improve to achieve something better.

To be successful, there will be some mistakes in the journey but when those mistakes are made learning from them is the best way to accomplish your goal. For example, when one is constructing a house but have little knowledge on construction, the one building the house will mess up and fail at times but the best way to finish something is to learn from what went wrong. To clarify, to accomplish a certain goal, learning from the mistakes along the journey is the best way to do it. Not only learning from mistakes help be successful but it also helps improve one another.

Improvement is a big key in success. Failure will always have a role in success but it happens to help improve to become or do something better. For example, famous altheles in sports make mistakes in games all the time, but from the failures in the past, pro altheles train to improve more to become better and to not make the same mistakes again. In other words, failure may be the worse but it's a way to show what to improve. From mistakes made in the past one will become better or do better than expected.

Having a couple of mistakes doesn't mean failure it means progress to be successful. Failure will play an important role during the journey of success but you learn from mistakes and improve to be better, success isn't perfect, the little mistakes along the way are actually the things that make one get to the top and become successful.",325,11,Male,Not economically disadvantaged,Hispanic/Latino,train,4,4,4,4,4,4,4,3,3.5,4,4,4,4,4,4,4,4,4,5,4,4.5
F82EFD88E2BE,Success and failure,"Success has always it's ups and downs, I know that their will always will be failures in whatever you are doing. For example, I am planning to be a photographer soon, with that

I had to go through many steps in getting the equipment that I needed. Also I needed to figure out all of the techniques of a camera, through all of that their has always been times where I failed to complete my task. Either their were problems with my camera or with my lighting just problems that I didn't know how to function well enough. Well with all of that I learned from my mistakes now, I know of what and not to do with my camera. I'm still learning new techniques since I started about a year ago, I'm still somewhat new but I plan to do this for a couple years and make a career out of it

When we try to pursue a career or even just trying to figure out the simplest problem that we have, we will all at one point in our lives get a answer to that problem or issues that you have. That's why failure is a key part to success, if you don't learn from your mistakes how will you learn. For example, when I was in middle school my teacher always picked on me in class the reason behind it was because I didn't play my instrument the right way. Well now I thank him for teaching me and instructing me how to play my instrument the correct way. Now I have improved over the past years and play the saxophone in my senior year.

In Conclusion, their will always be ups and downs in life, in all of these examples that I have given you they have all impacted my life in a good way. It also shows that in my life their was failures and at some point in your life their will be problems that you have got to fix. In my hands I will have a advantage over people that starting to be a photographer, they will make the same mistakes as I made but they will recover from it. That's why success has always been my number one goal in life I want to be a well known photographer. All of these examples have made me a better person from what I was and from what I am know and I am thankful for all of the adults that had helped me through this journey.",406,12,Male,Not economically disadvantaged,Hispanic/Latino,train,3,3,3,3,4,3.5,2,3,2.5,4,4,4,3,4,3.5,4,3,3.5,3,3,3
F8FE459205F4,Success and failure,"Do you agree with churchill's statement about the important role that failure plays in the pursuit of success?

Should i agree that when someone fail and if they continuo doing what they were doing they will success later on?

I'm agree because when you make mistakes you'll learnd from it, and next time when you do it you will be better than what have you done in the past. If you are a failure and if you keep trying then i'm proud of you because thats the mean that you're in the good path and that you'll achive your goals soon. My reasons are nobdy is perfect and no one will be perfect ever, my second reason is even famous people have fail and now they're in the top, and my tird reason is there are some people who like to accomplish their dreams by working hard and never letting other people stop them.

To start with nobody is perfect, is because we all can make mistakes and also because it is okay to make mistakes, no one had died because they fail doing something like work from school or stuff from work. So it is like when you go to other country and you have to try new things like their languge, their food. their traditions and all the stuff that their country have and I konw that sometimes to feel like you'll never be like them, you'll never understand what they are saying, but it is false because I am a immigrant, I came to the United States when I was 14 years old not knowing any english, with only one person by my side that was my mom, and leaving everything behind. For one moment I think that I was never going to get used to this country, that I was never going to understand english and that I was never going to be enough to this country but now I can say that I can speak english I can writte in english and that all the people (brothers,and sister)

that I left behind I still love and that someday I will returned and I will tell them everything.

To continuo with famous people had failed in their past, and i'm saying this is people I know that to be where they are now they have done alot of work and they've done alot of sacrifices too like leaving their family behind because they did no support them or maybe because they didn't like that profession, friends becuase some of them are fake or maybe because they want to help them to progress, maybe schools need to be more focus about they work like wrinting songs or even focusing more in their dance, works because you need to choose the one that you like more, and I can tell that it did not stop them, they keep fighting to be better each day to give all the best about them to have a mentality about progress. I've seen alot of famous videos about people that I like and i've cried because some of their stories are really sad and I know what they where feeling that time. You can follow famous people and i admire them because they have fail millions of time and they've never stop doing what they love to do.

To finallice with that if you are one of those persons who like to accomplished dreams then you should never give up because thats what looser (mediocre) people do, they give up when they see that something is hard or maybe because they are shy about them how they look like if they are pretty or no or maybe because they don't like their work because the people is mean or their managge is agressive in the term how he express so they decide to quit. We always tried to put the best and to be the best of us even when you know that you can fail, that there are other people that are good too but you tried and you put effort on it so if you fail you'll know that you win because to did it and you finished it. You never can think that you are a failure if you didn't win, you can see that you are good in some other things where other people is no good. You will always have options you can choose if you want to tried hard or if you don't.

To conclude I am strongly agree that failure plays in the pursuit of success because nobody is perfect and if someone wants to be perfect then they'll need alot of work, we also know that even famous people have fail so if they have fail we should fail too beause then we will see what we had done wrong and we can fix it, and also even when it means that you need to leave that people that you love behind. Furthermore even though sometimes it takes a little too long to notified how much we have success and because we don't see that, we're mad with our lifes, we think that if we don't have a good possition at our work is because were not good enough but it is not truth because they are some people that doesn't have work or some others supplies and were complaining about our possition at work. It is not fair to have that kind of mind because we all should be happy with what we have and with what we can affort. Furthermore been a failure doesn't mean that you don't know how to do something or that you can not win. Been a failure means that for more that you fail the better you get and the more capacity you'll have later.       ",878,12,Female,Not economically disadvantaged,Hispanic/Latino,train,3,3,3,4,3,3.5,2,2,2,3,3,3,3,3,3,3,3,3,3,2,2.5
FA314E23647E,Success and failure,"One of the most famous quote of winston churchil is, "" success consists of going from failure to failure without loss of enthusiasm"". some people think they should no loss enthusiasm, because if they failure without loss enthusiasm one day they can be success this is like, if i failure i dont want to give up i need to have enthusiasm to keep going. I believe they should never loss enthusiasm, because one day they can be success,learn how to no give up, and that can help you with your goals.

First, i should no loss enthusiasm, because all people have failure, but if you never loss enthusiasm one day you can be success in my life i had failure,but i never give up, becuase i know one day i going to became something better. when i come to united state was hard for me for the lenguage, and learn different things, but the most difficulty in high school was to learn english, but i never loss my entthusiasm, and now i'm about to see everthing that i have done, becuase this year is my graduation.

Second reason, is the people can learn how to no give up, becuase if you have failure thas how you learn that you need enthusiasm to keep going everyone would have failure in their life,but as i'm telling you keep going one day you would see why you have try hard,but you always have to failure first, and then you learn have to no loss your enthusiasm.

The final reason is, that can help you olot in the future with your goals, and you can be success in my oppinion people dont like to failure, and they give up. I telling you that sometime i give up,because life is hard you can failure and give up, but never loss your enthusiasm, becuase that is the most important thing to be success, and that can help you with your goals. You have to has the enthusiasm to be something better, and make good choices

As you have read you see that this is important, some people thing that they can not do it, but everyone can do it you always need to have enthusiasm for everythings to be success i agree becuase thats how my life go, but i always have enthusiasm to be success this is very important, becuase this can hel you in the future to be something better never give up becuase things better are about to come.",388,12,Male,Economically disadvantaged,Hispanic/Latino,train,2,2,2,3,3,3,2,2,2,3,2,2.5,2,2,2,2,2,2,2,2,2
FAC0A72D62EE,Success and failure,"Churchill's statement is important to American lives. Currently, people who fail always gets back up to keep on reaching for the goal they want to achieve. However, when people fail, they think they should give up and stop trying. It's important to discuss about these different sides. Churchill's statement is important for not giving up or quitting.

The first reason why we should never give up is that we learn from our mistakes. when you fail at something you have to understand that it's not the end of the world. If you don't get something right or you mess up on it, you'll know to get it right next time. It's always important to recognize that you can reach for you're goals to be successful. when you fight for what you believe in, you'll never go wrong.

The second reason why you should never give up is because you want to reach you're top goals. When you want something, you have to fight for it. People who fail or didn't do something right, they give up and say that they have wasted their time, But in life, we can't always win or do something right. we are bound to fail at some point in our lives and it doesn't feel good. However, we keep on pushing for it because we want to be successful and feel great about ourselves to know that we didn't give up.

On the other side, when people give up, they have fail. People who think they have what it takes to be able to get a job, being able to go to a good school, or pursuit their dreams without mistakes, is someone who's going to give up the moment they've fail. The people who got great jobs or got into a good school, worked hard for it. Even when things went bad, they didn't give up because they work hard for that purpose. Some people who fail, often say that they're not smart or not that good. If your not that smart, how are you here today? When you struggle on something, you have to understand that the people around you are the people that can help you with deal with you're problems. Friends and families are the people who can help you in your time of need.

Finally, whenever you have a goal or something you want to have, it's important to never give up or quit halfway through. A goal is something you want to have and by working hard, you know you'll able to reach it in no time. Whenever you get stuck or something goes wrong, you always have support from the people you know very well to help you. By not giving up on what you're trying to reach, you can be able to feel confident about yourself and be able to be confident through life.         ",430,12,Male,Not economically disadvantaged,Asian/Pacific Islander,train,4,4,4,4,4,4,4,4,4,3,4,3.5,4,4,4,4,4,4,5,4,4.5
FAF2897C9B65,Success and failure,"I agree with Winston Churchill that success consits and failing many times.

One reason is that if you fail, that is going to make stronger for the next time. It's like a game; you are going to do whaterver it takes to gain the game. If you do not do it in the first round, it's going to be the second and you'll do even better. A lots of people think that if they don't do it in the first time, that's going to be it. They don't realize that if they just keep going they're going to get there, and be success. Wouldn't it be great if we didn't have to fail? but that's how it's some times. We have to accept it and keep trying. Life is fool of problems, but we just have hang in there and keep trying and get where we want.

Another reason is that never loss of enthusiasm, that's the most important reason of all of this. if we don't have that exclusive word is like life does not make sense at all. For example, I used to have this friend that his mom wanted him to be a doctor, but he didn't want to be a doctor. He wanted to be a teacher. Farthermore, he study to be a doctor. He wasn't that good but that was what his mom wanted. The second year, which was even harder he just stop. He talked to his mom saying that was not for him. He did not have any enthusiasm on that career, so he fanilly started classes to become a teacher. now, that was for him. He did so much better, good grades and excellents jobs. In short, he never lost the enthusiasm to be a what he wanted.

Some people migth say that you don't have to fail, that you have to be success all the time. They migth say that is not ok to fail. However, that's not true, you can fail it's going to make you strong. you are going to have experience and you're going to do things so much better. If you can't do it in the first then, go for the next, and next until you can finally make it.

In summary, success consist and failing many times.",346,12,Male,Not economically disadvantaged,Hispanic/Latino,train,4,3,3.5,4,3,3.5,4,3,3.5,4,4,4,3,3,3,3,4,3.5,4,4,4
FCAE7B948DCF,Success and failure,"Have you failed at some so much at one point you get so good at whatever you were failing at???well if you have this promt is for you. yes i bevelie that failure plays a important role in the pursuit of success, there was this one time when this kid wasnt so good a catching a football it kept slipping out his hands and after awhile he was able to grip the football at the right time, if you dont practices stuff you bad at you're never gonna get good at it ,with that said that means your going to fail alot over and over again. failure is also life your going to fail in life but its youe chose to get back up and try again untill perfection ,if you never fail you with never success so if you fail dont let it get you down keep trying and soon enogh you be,althoght you might also think that thats not true becuse some people are really talented but keep in mind that noone is good at some thing first try NEVER, i want you to try some you're not good at and keep practicing for about a month and see your progress ,i would like for everyone to try this and see that fail does run a big roll in success.",216,11,Male,Economically disadvantaged,Hispanic/Latino,train,2,3,2.5,3,3,3,2,3,2.5,3,3,3,2,3,2.5,2,3,2.5,2,3,2.5
FD0881855804,Success and failure,"'succes consist of going failure to failure without loss of enthusiasm.''

However in the world lives millions of people with the same goals and looking for a good life and a bettter future,no matter the skin color and weating for the dream come thru with a happy end.

I agree the importance to be succes consist of going failure to failure because,you can learn from mistakes, the main part is never give up and a important person on life.

to be succes needs goals even has the part hard that you learn from mistake on each step can be helful on life because your knowleedge and your experience will help your community and, the most important your strong leader will be eassy. The smart way is to try or find new ideas of enthusiasm because it seems imposible ,until it is done.

The happy life important because a lot people think to be a professional with education and somebody with responsability and pride for all the effort in order to get a good life.

However people think different and their enthusiasm and goals to be succesful on life because effort makes the difference.",174,11,Male,Not economically disadvantaged,Hispanic/Latino,train,3,2,2.5,3,2,2.5,3,2,2.5,3,2,2.5,3,2,2.5,4,2,3,3,3,3
FD9A86C8DA31,Success and failure,"I do agree with Churchill statement because life ain't easy and you will lose a lot to order to became successful in life. The reason I agree with this statement is because I know how it feels to lose it all to order to became successful and that was to became a professional soccer player to proof everybody that left me hanging

, that did me dirty , and people that don't want seeing me to win. This made me go harder for what I want to became in life I really put all my effort into something I love playing since my childhood , it always kept me from trouble and ending up in the street. I remember when I was 13 years old I use to play for a really good team that I never thought I could make but I did and never had a changes to play on the field because the coach thought I wasn't ready to play. He use to doubt about my ability on the field and that put me down , I left the team then stop playing for 6 months but I was start to think that I shouldn't give up and 2 months later I made Super Y where all the good player are at and good teams . I

only played 6 games and i didn't do good or bad but I did alright and one of the coaches love my playing style , he got me on a travel team. My first season was where I proved everybody wrong and scored 38 goals 16 assist , I was proud of myself for not giving up and kept my head up from what I was going thought , Next season I got called up to play for the first team I was amaze for what I accomplish in a year. It was amazing when I played for the first team because I went to tournaments that were big like the state cup and college showcases I never experience , my team came in first place for two season and almost won state cup. The next year I made NPL and been getting mail from academy team and one team from Spain to go play for them but I lost those changes and that when I just stop giving up because money was a issue and I was begin to get in trouble that when I lost it all the hard work for nothing. I had my hope up for things to get better and one day I was listing to my coach , he told me I was a amazing player and I changes the game every time i'm on the field then he told me dont give up on something you really good at cause I can see you going pro or playing division one soccer and get draft from there , so I listed and now I got 5 division one school that went me to play for there school and some others.

This is why I agree with this statement because if you lose faith in yourself you will never became successful in something you love doing and playing even if it gets hard keep your head up and focus on the main goal to become successful. This rapper said "" at your best you are love and don't let nobody pull you from your grind"" and I like what that quote say because it true once you became big everybody you know that talk upon your name and never been by your side will come back and say how they use to know. Churchill quote really think and realize don't lose your enthusiasm failure makes you push harder and makes you more successful without failure nobody in this world is no willing to take any risks or changes to became successful. Prove everybody what you capable of doing and take risks and chase your dream to the fullest.",630,12,Male,Economically disadvantaged,Hispanic/Latino,train,3,4,3.5,3,4,3.5,2,3,2.5,3,4,3.5,3,4,3.5,2,3,2.5,3,3,3
FE822B3E72FC,Success and failure,"On this time most the people had failures on their life, a failure is something that always gonna happen on the life. Some people get it on the good way and they make of each failure a lesson for their life , also a failure give to you the motivation that you need to do your best , each failure make you more stronger and make you be alert on your next step

Some people get the failures on good way when they learn about it. All the failures have a lesson for your life, the first reason why a failure give you a lesson is because. If you never do it wrong you will never learn about the failure. Second you learn about the failure when you made it before and you do again but now you do it good for example. If your teacher give you 10 days to do a presentation on your computer and, the first day you say i will do it tomorrow and you say the same the next day until a night before the day that you have to turn the work you start do it , and you don't have enough time and you get a bad grade. The next day it was a failure and you will learn about it because the next time you will do it on time.

A failure give to you the motivation that you need to do your best the next time. When you do something wrong for first time you feel bad and you want to do it wrong again , inclusively if it was a little mistake you don't want to and you got motivation. Most the people owners of big companies obtain motivation when they have a failure on a business, they don't give up they get motivation to do their best on the next business for example. You went to your work and it's your first day and your boss told you that you have to finish all of your signatures 10 minutes before the end of the day , and you finish it 15 minutes after , your boss can get mad and give you a warning and you have to get it like a motivation to do your best the next day and keep going.

Each failure make you more stronger and make you be alert on your next step. The failure coming and coming on ours life sometimes it come hurt and sometimes it doesn't, all of those make you more stronger, give you a lesson and make you be alert for don't get it mistake again. It make you more stronger means that you don't gonna feel weak again when you commit a mistake , also you gonna be alert and take your precautions on your next step for example. If you are on a team of soccer and you are the goalkeeper, and while you are talking with a friends , one of the other team hit the ball and make a score it was your fault. Your coach gonna scold you for it but you gonna be alert for the next time and you also gonna be more stronger because you learn about of your mistake.

The primer minister Winston Churchill had the reason when he said that "" success consists of going from failure to failure without loss of enthusiasm"" I think that if everyone doesn't have any failure on their life, they never know how hard can be a success person on this world. They never learn about their failure and maybe they don't encourage to the best on their jobs in conclusion all the people have more then one failure on their life but they make of it something good on their life.",625,12,Male,Not economically disadvantaged,Hispanic/Latino,train,3,3,3,2,3,2.5,3,2,2.5,3,3,3,2,3,2.5,3,2,2.5,2,3,2.5
FF76D397A73C,Success and failure,"Not all the types of success have to be kind of hard to reach...sometime you just have to give a look in what are you good in one thing.

According to the Minister Wistom Churchill from Britain about the phrase tha he said

""Success consits of going from failure to failure without loss of enthusiam""

is 50% percent true and 50% percent wrong.

For example a person who reached the success in hard way is the now trending disigner of the brand

""Off-White""

he said on a nterview that ""it wasn't easy to be in here that I'm now you know?"" cause when ll this started I didn't had help so i find my own help with the company/brand Nike to use some of they sneakers to make my shoes design come true, i didn't have the answer of they in one day- NO! I tried and tried to get one response until one day that they say ""Yes we're working together, you can use all of our sneaker desing to make your work"". Now the colaboration between Nike and Off-White in a trending colab now in these days.

This example is a hard way to reached the success but now we are going to see two cases of ""easy success""

Two exampe of ""Easy succes"" are the actress Natalie Portman and the Ex-Proffessional Boxer Mike Tyson,they got their success cause they are naturally borned talented.

For Example the case of Mike Tyson, he was a 12 years old fighting in the streets to gain some money for his family till one day a man saw him fighting with an older boy with him in which fight Mike won, the man saw in Tyson a potential legend in the world of the Box.

Another caseis the case of the famous actress Natalie Portman, she has been a talented actress since she was a little girl. One day a friand of her mother told to Natalie to make a try to win a paper in a Hollywood movie in which Natalie won because she was naturally born a proffessional actress, she just make her future with her talent.

In conclusion not all the success people made their success with blood, sweet, and tears, some of them just were talented or used their pros to be somebody important in this world.",356,11,Male,Economically disadvantaged,Hispanic/Latino,train,3,3,3,4,3,3.5,3,3,3,3,3,3,4,3,3.5,3,2,2.5,3,2,2.5
FFED00D6E0BD,Success and failure,"Do you think that failure is the main thing for people consist on their goal's and success without lose their enthusiasm?

I agree with the important role that failure play in the pursuit of success in life because, I think failure is the main key to people reach their goal's because they need to have the idea that after failure came the success, secondly they need to be positive and have in mind what they want and how they want to reach their success in life, and last they have to be prepared for failure, and they have to be prepared to confront the failure because they need to keep in mind that not everything is going to be in the way they want, but at the same time they always need to have in mind that everything is possible with effort.

First, people need to have the idea that after failure came the success, because everything happens for a reason and if something goes wrong for certain reason in the moment when they try to success they need to accept things, and keep trying. They need to be really patience for example, when babies are trying to walk they fall many times but get up and they keep trying until they reach their goal which in this case is walk or, there have been many cases when people have car accidents and they lose the ability to walk that's something that does not stop them they keep trying even if take more than a year they don't give up because their goal is to be able to walk again, their goal is to be the person they used to be before they get in that car accident, and they just want to be able to keep doing all the stuff they used to do before all the tragedy happens.

Secondly, everything depends in how positive people is because, if they have a negative mind and always act like their goal's is something impossible to come true their not going to accomplish nothing because people need to have the idea that they can make true everything they want, they don't have to be thinking in failure cause the more you think the more afraid you get to encourage yourself to make thing's happen and they have to try every day to improve and look for the resources available to success in life.

Finally, they always need to keep in mind that there always would be a chance of failure and they have the right to be afraid but, that's something they need to live aside and they need to be focus on their goal,

they need to have the power to stop themselves whenever they want, and they have to be the ones to say to their self to stop when they think they already accomplish what they want but, they can't let people decide for them. Because sometimes people get jealous to see the other one's success in life and they try to guide people into failure.

In conclusion, there have been nothing that can't stop people to reach their goal's and success in life because everything is possible, people have to believe in them self and always be positive they always need to keep in mind that they are capable's of everything and they need to learn to not give up. In that way they would be able to do everything and be successful the key is always have and excellent attitude and be prepared for people to judge, and be prepared to failure and get up and make it see like their have been nothing wrong and keep going. They need to be positive in every movement they make and be positive in the way that everything is going to be exactly how the planned.",605,11,Female,Economically disadvantaged,Hispanic/Latino,train,3,3,3,4,3,3.5,3,2,2.5,4,3,3.5,3,3,3,3,3,3,3,4,3.5
36042533396,Success and failure,"Do you ever feel like giving up just because you failed and you feel like nothing is going your way ?

In this paper i will argue that '' success consist of going from failure to failure without loss of enthusiasms''

Sometimes it's okay to feel upset,mad and frustrated when you think you're trying your best and it seem like. Nothing it's working out for you .

Failure is the way to success and some people seem not okay with it. Most people also don't understand why it has to be like this. However we don't always get what we want in life and that's a fact. Because that's just the way it is you can't blame yourself for it either. Most of us think that you have to be successful the first time you try something. But sadly that's not how works for some of us but some are just lucky.

I remember a few years back when my Aunt Generic_Name open her second beauty salon. She was quite upset because nothing was going the way she wanted to and how she planned. It wasn't going well she felt like everything was falling apart. She started to lose a lot of costumers the first year she open the salon. But 2 years later she started to promote her beauty salon again. She kept trying till she achieved her goals and now everything going well for her. I think one the things that helped her a lot was her positive attitude towards everything. She also didn't lose her enthusiasm. I think this is a good example of ''success consist of failure''

Some of us might not agree that ''Success consist of going from failure to failure without loss of enthusiasm.''

I know a few people that don't have this mentality. Just because you weren't successful doesn't mean you're not going to be ''somebody''. Or that you need to stop trying because it's not meant for you. But they are wrong because at the end of the day what matters is what you think you're capable of doing and what you can do.

Don't let others people get to you and keep hoping for the better. Another good example is most of the big celebrities that we know now days like Oprah,Ellen DeGeneres and many more were turn down before had disappointments and maybe gave up for a moment . But they never lost their '''enthusiasms'' and they made their dreams come true and pretty much that's how you become successful in life.

From time to time you need to start taking those ''Failures'' as a lesson and just keep trying to do better. Because that's how life is. Because you attempt to do something and it didn't go your way doesn't mean you have to put it aside. We are humans we make mistakes. But you just can't give up easily and losing hope. It's not an option either you just have to keep pushing and like people say ''Fake it till you make it .''

In the future i hope people start realizing that opportunities come and go. There's nothing wrong with failure. I'm pretty sure we all been there before and it's okay to feel like crap. But it's not okay to stop trying just because one door closes many more can open for you. You can go as far as you want to because you're the only one that can stop you from being successful. ",526,11,Female,Economically disadvantaged,Hispanic/Latino,train,4,4,4,3,4,3.5,4,3,3.5,4,3,3.5,4,4,4,3,3,3,4,4,4
833489139971,Success and failure,"Former British Minister Winston Churchill once said that 'success consists of going from failure to failure without loss of enthusiasm. Many people are not perfect and fail, and some think failure is bad. Failure is actually good, because it teaches you what was wrong. Although some people may think that failure does not play a role in success, it should be known that failure dose play a role in success.

One of the reason failure plays a role is that people can learn from their mistake. when people fail they can find out what went wrong instead of giving up, Another reason is failure makes people stronger. A lot of times failure may cause people stress, and stress makes people strong and not give up. Also failure helps people become better people. leaning from there failure.

Although some people think incorrectly that failure do not play a role in success it should be know that it dose play a role in success, because you can lean from your failure, failure makes you stronger, and failure makes you a better person. people should not give up when they fail, they should learn and try again until they succeed.                                                                                                                                                                                                                                                                                                                                                                                                                                                                                                                                                                                                                                                                                                                                                                                                                                                                                                                                                                                    ",772,11,Male,Economically disadvantaged,Hispanic/Latino,train,,,3.5,,,3.5,,,3.5,,,3,,,3.5,,,4,,,3.5
2.58E+14,Success and failure,"Do I agree with churchill's statement? yes I agree with churchill's. I agree because I'm a type of person who believe the being a person who is going from failure to failure without loss of enthusiasm have not loss yet. you can loss and you can try again if you have not loss your enthusiasm; but if you loss and also loss your enthusiasm there is nothing the you can do. My granny always tell me the no matter how many times I loss, what matter most is the times I try again. Because if you try again many times you can pass from failure to failure to be a success. what I want to tell you is the you do not have to win to be a winner and you do not have loss to be a loser. For example if I do not pass this test again I will be a person who is from failure to another failure, but that do not means the my enthusiasm of passing this test and graduante this year are gone.

supposing most people in this world win in every little thing they do, they will be comfortable with their self that they will not try to be better in what they do. The means that the world is not going to have any progress because people is going to do what the know how to do, they are not going to experience new stuff. lossing is good some times because you can try to do thing better then what they are. For example technology is moving forward each day, but if we did not try again more hard it will not being proggressing as it is.

Success consists of going from failure to failure without loss of enthusiasm if not we will not be here with all these thing the we have as TV, Cars,computers,food, machines the do most of ours jobs, cloths all this new things the are coming out; do you think the people the work on agriculture give up just because they loss half for their products. all the persons the created something in the pass did not give up just because their first try do not come out as the expected. For this and for more othrs reasons Failure plays a big part to pursuit of success.                                ",370,12,Female,Economically disadvantaged,Hispanic/Latino,test,3,3,3,3,3,3,3,3,3,3,3,3,3,3,3,3,2,2.5,3,3,3
02440F360C5A,Success and failure,"Failing at something and getting back up again is one thing, giving up is another. We all should make sure that what we're doing to get somewhere, we do it right or don't do it at all. Former British Prime Minister Winston Churchhill had a point; he said something that strictly proves an everyday thought. I agree because I believe that without failing at something, you won't learn until you get it right. You must have mistakes to understand it properly, and to not mess up in the future. One reason why failure wouldn't play an important role in pursuit of success is because you cannot just see something and know everything about it; take time and study the material. There are a lot of high, advanced learners who would agree with this statement as well. We all learn the hard way or won't learn at all. As humans, we all get inspired by something. We make sure to achieve it and even learn about it, to do it.

One example about failure playing an important role in pursuit of success is my mother. My mother, Generic_Name, came to United States as a teen and even had me as a teen. She came here expecting to do big things; opportunity's she didn't have in her country. As years passed by quick, she realized her goal on succeeding wasn't going as expected. My mother focused on money, but that wasn't the only thing she was mostly focused on. She focused on me. ""I have to set a good example for someone who was actually born here and won't struggle like me, someone who wasn't born here and is struggling."" is what my mother said to me when I was 7. My mother realized she had to do something to get ahead of her deep, personal thoughts. Neither did my mom think negative about her decision, nor did she give up. She had a choice, she either stressed about her decision or went for it with all positive notice. 10 years have passed and my mother is now working for Generic_School as a supervisor at Genereic_School. As she's setting a good example for me, I realized that hard work pays off, and without you feeling like giving up, messing up a topic, and being stressed, you won't get to the point you want to be at. I thank her for every detail she's given me based on her struggles and dificulties. I'm 17, I realized at this age that struggling isn't just what you're going to feel when you're depressed nor when you're going through a hard time you don't want to go through, you're going to experience struggle when youre trying your best to get at something, for it is the one thing you want to succeed in, and that it is okay to feel like you're struggling, it's just the beginning trail to the future you're inspired by. ",554,12,Female,Economically disadvantaged,Hispanic/Latino,test,4,4,4,3,3,3,4,3,3.5,4,4,4,4,4,4,4,4,4,4,3,3.5
0530EFC2C988,Success and failure,"Former British Prime Minister Winston Churchill once said that success consists of going from failure to failure without loss of enthusiasm. I desigree that he can't still failure anymore because we are human sometime we can win or we can lose ,none is better then the other people and we can overcame are self.

sometime like in a soccer geme you can get the goel or you miss the goel. Sometime can win the fight but not the war. none is better then the other people because we all the same. We all the same beacuse we born we live and we die and that we are the same we has the same destination. I don't want to be the sameone my whole life. I want to show my family and freinds the change that on me.

And that why none cannot be a failure because there is not diffiren between as, and the another people if someone tell you not can't do something he wrong becuase we can do whatever we want but we has to still fighting to make the diffiren.

Former British was wrong about Winston Churchill because he can overcame his self.             ",194,12,Male,Economically disadvantaged,Hispanic/Latino,test,3,2,2.5,3,2,2.5,3,2,2.5,3,3,3,3,2,2.5,2,2,2,3,3,3
09ADBEF70E6F,Success and failure,"Yes I do. If I failed, I have to keep moving on until I success my goal. Fail is a unsuccessful in doing something like a test or competition or used in order to say that if one thing is not possible or available. Is not an option. My option is to success. To me, it mean someone who does very well or reaches a high position that can achieve. That what it means to me.

My team and I, we went to a park. It was was dark at that time. We were praticing our armed drill because we have a competition tomorrow and our last drill team competition. We were not doing right, our balaced was not right, and our rifle was not straight but we kept going and going until we get it right. To us, we come every friday without fail, why because we believe we can achieve and make our goal.

I never give up what i do or while im in work. Why, is that i want to achieve what i do and finish my thing what I achieve. I always think my brain, ""Never give up, keep moving forward"". I want to accomplishmy goal what I wanna do in the future. Failing is not my option, is what you can succeded. Do what you tried to do or to reach a position in something such as my job and school studies.

If someone is getting stress out and saying he/she cant do it, i tell them, ""Never give up what you do until you reach your goal"". If someone keep trying over again,they will be success because they didn't gave up. if you keep going, you be a successful person what you achieve. That what make me happy. I gave someone advise to try their best. Never let yourself be down be up. Success consists going from failure to failure without loss of enthusiasm. ",310,12,Male,Economically disadvantaged,Hispanic/Latino,test,4,3,3,3,3,3,4,2,2,4,3,3.5,3,3,3,4,2,2.5,3,3,3
0B6C6000D9D3,Success and failure,"Should Churchill's statement about the role that failure plays in the prusit success don't give up, try again and don't let people said that you are loss.

I desagreee the Churchill's statement failure because they was so enthusiasm to gain. For example some group when they don't gain the games they relapse.. Should Churchill's statement about teh role that failure plays in the prusit success don't give up, always try again and don't let people said that you are loss.

To begin with, Should the Chuchill's Statement don't have to give up. They have to practice more and get more better. Churchill's statement don't have to belong. In addition they need to improve a few people can said The Churchill's are loss but they have to disassemble the people. For example some group get mad when they don't wim then they give up.

The second reason, Churchill's Statement need to continue try again because in this life we always have to try. Survival to go ahead and try again. When i group loss everyone feel bad. For intance failure in not a error because many people make mistaken in this life nobody in perfect in this life.

Lastly,

People can said The Churchill's are loss but the group have to teach the people in not like that. Never listen what people said. A few people like to see the group sad. For example some people can say the group not play good people change to the other group who win.

To conclucion, they don't have to give up Churchill's Statement have to disassemble to people that can doing also they can be strong don't go down. Group have to improve and practice more and not listen what people said because people like to talk. When the game failure i know many people feel sad and the people who support the group they are sad. But never give up.        ",291,12,Female,Economically disadvantaged,Hispanic/Latino,test,2,2,2,3,2,2.5,3,2,2.5,2,3,2.5,2,2,2,2,3,2.5,3,3,3
0C2179431D0C,Success and failure,"One topic that is frequently debated is that success consists of going from failure to failure without loss of enthusiasm. Some people agree with Churchill's statement about the important role that failure plays in the pursuit of success. I think that failure is not just loosing, is something that didn't know how to do something that can help people try harder. Some time being successful does not mean being great all the time cause some time is hard to keep being the same all the time. Being a failure is not a reason why people should make fun of others cause they can hurt other's feeling.

One reason failure is not just loosing, is just that some time people don't know how to do what they have to do and by that they think that they are failure. Some time when people see others that they need help instead of helping the other person they start laughing. When people can't do something they start getting mad at them self and they can hurt them self.

Second reason some time being successful does not mean being great all the time cause some time is hard to keep being the same all the time. Everyone can be successful one day but not all time cause is not easy. Sometime people try to make other look at them like they can do everything but sometime they can't do something and they can get upset.

Final reason being a failure is not a reason why people should make fun of others cause they can hurt other's feeling. Some time people can really hurt them self cause other make fun of the person that made the mistake. Some time when people are really mad at them self they can react bad and hurt others.

As you read being a failure does not mean just loosing that's not something good because that can cause someone to hurt them self. being successful doesn't mean being great all time cause is hard to be great all time without error. Some time people can make bad decision like hurt them self or react bad and hurt others.",332,12,Male,Economically disadvantaged,Hispanic/Latino,test,3,4,3.5,4,4,4,3,4,3.5,3,4,3.5,3,4,3.5,3,4,3.5,4,4,4
0D61EF3B59FC,Success and failure,"Failure plays an important role in the pursuit of success. Some people think that failure give you courage to try again. On other hand, some people think that failure make people loss enthusiasm. I strongly agree that success consist of going from failure to failure without loss of enthusiasm. Failure always push you to never give up, to try your best and to be proof of your mistakes.

First of all, failure is not the worst thing, but the worst is not to try. Failure motives you to try over and over until you accomplish each of your setting goals. In my case, last year I didn't pass my US/VA History SOL with a score of 399, which gave me a lot of disappointment. At the same time I decided to try again, I did my best to study and with enthusiasm I made it. Now I'm so glad that I didn't give up, because if I had not try I would be taking the class again. As you can see, by trying you can attain all your purposes in life to succeed.

As matter of fact, trying your best and working hard are essential ways to be successful in life. Every single person in this world that it's successful are because they work hard to succeed as businessman, doctors, politics, lawyers, teachers and etc. For example, I have a friend who's working really hard on business. He doesn't sleep nine hours like a human being, instead he works at night, afternoons and goes to college during the day, so he can afford enough money to invert on his business. He's almost accomplishing his goal, because of his hard work and effort invert into his business, which now is growing by time. For these reasons, doing truly work and the best you can it's favorable and helps you to be successful.

Furthermore, mistakes are proof that you are trying. Our mistakes are tools from where we learn and improve to be better. For example, one of my classmates was afraid of public presentations and reading out loud, because of her imperfect English pronunciation. Later on, she decided to try and even though she made mistakes it helped her to improve her English. As you can see, mistakes are here to help us don't make the same mistakes over and over, but to learn from them.

In conclusion, to be successful consist of going from failure to failure without loss motivation and effort. Also, trying is better than don't try and don't know what would had happen. You can accomplish all your purpose in life to succeed with enthusiasm. Moreover, doing truly work and the best you can it's favorable and it will open new opportunities. Never let the cowardice control your mind and learn from every single mistake that you made.    ",416,12,Female,Economically disadvantaged,Hispanic/Latino,test,4,4,4,4,4,4,4,4,4,4,4,4,4,4,4,3,3,3,4,4,4
0E263A05732A,Success and failure,"In this life, all of us have moments that we want to give up, Just beacuse we fail in something that maybe is not really important I know some things are important, but that is not the point because we fail to learnd of it and to be stronger person. Although some say be a failure is always a failure, actually be failure is an important role to play to be success because everytime we fail we learnd about it, that give us more reasons to continue and we also got more experience about it.

Those who believe that be a failure is always a failure have their reasons. They believe that a person who fail once always are going to in life, even if they do the same thing every time. They also believe that those people does not think in huge things that is why they never success.

The main reason to be success from be a failure to be a failure is that everytime we fail, we learnd about it and that give us more reasons to continue. I know a lot of people that it being trying to make their dreams came true; at some point they think that they never are going to make it, no matter how hard is they never give up. One of those people is me, I fail a lot times in my short period of lifes' time. When I was 16 years old I got my first baby, at that time was so hard for me to attend school because sometimes my son was sick, doctor's appoitments and a lot of times I do not have anybody to take care him while I was in school for that reason this is my 6th year in High School. But leave school was not an options beacuse one of my goals is to graduate from High School. I know that I been in High School for a long time but is worth it because I learnd a lot more them I though because as we know english is a difficult for a person like me that did not know anything about the language when came here, When I was 14 years old. sometimes it is hard to be a positive person who thinks that every time fails it is for one good reason to be better.

Another reason that is important to be a failure first to be more successful in our lifes is that we also got more experience about it and we can be a better examples for ours kids and other people. my cousin has a friend, that he when he was 17 years old their parents brought a car for him. When he turn 19 years old that start give him some problems and he want to fix by him self; as he keep trying to fix it my cousin ask him, why he does not want to take his care to a mechanic, his friend respond that he want to fix it because his dream was to be a mechanic. Months laters my cousin's friend could not find what was the problem of his car, he was very disappoited with him self and my cousin remind him what was he told him when he ask why he does not want to take his car to a mechanic. Them he realize that my cousin was right about it. Finally he made it, he fix his car, and now he is the best mechanic of the city. This is a big example how much a people can learnd about their own fails. I think most people does not learnd about other people's example because we have to have our own fails to learnd and be what we want to be in life.

In conclusion, we can be a failure whitout loss enthusiasm because when we fails, and learnd what we do wrong, that give us the enthusiasm to do it again. Fail once or two, even three that does not mean that is the end of the world; if we have life we have time to do it again and be success. I think in life everyone is a failure because life consist to fail and got up again. Those are big example of how life made us to fail and give us the oportunity to got again it is like a game you have to practice to be a fantastic gamer. It is worth it when you loss something to gain somenthing more value like is be successs.                                               ",744,12,Female,Economically disadvantaged,Hispanic/Latino,test,3,3,3,3,3,3,3,3,3,2,2,2,2,2,2,2,2,2,2,3,2.5
0EBB7A090157,Success and failure,"Good morning firsrly i want to say that i agree with churchill's statement because we do not has to loss the enthusiasm per anything we always has to believe on us, even if you has dreams you has to work hard to be someone better on this world, show to everyone what you can do with success.

Even if you give all of you try you can see the success, if you fault one time keep trying second time can be, most persons they thinking just because you fault one time that you are going to fault all of the times, when i see someone which think like that i give encourage to him and keep trying.

Sometimes i feel tired to keep trying, but i never loss the enthusiasm to learn more because if we has that enthusiasm we can support someone which loss the enthusiasm, i can motive that person to keep trying.

I support my dreams because i want to has alot success on my way to make my family feel proud of me, i like when i see my family smile that is my motivation to always try my best, to get good grades and pass the tests that is how i make myself to feel enthusiasm.

It also mean you can go straight do not matter what the anothers persons thinking about me, just keep going and try your best you can be bettter that the person too, the best trying is when you are working hard on something you want, when you has the enthusiasm which you puspose to manage.",248,12,Male,Economically disadvantaged,Hispanic/Latino,test,2,2,2,2,2,2,2,1,1.5,2,2,2,2,2,2,2,1,1.5,2,2,2
0F85B38CBFD7,Success and failure,"Being successful is going from failure to failure with out giving up; it can one day lead to success.

in my opinion I agree with the Prime Minister Winston Churchill. Because being successful it's not easy to accomplish you will have to take two steps back to take one step forward. In the other hand some other people believe that successful is easy and that it's just a strait path with no curves, with no problem. some reasons why I believe failure can make you succeed are.

for some people money can be an issues and that can be a problem to become successful.

Another reason is the amount of effect you will be putting because you might lose interest and give up on the goal you set yourself.

lastly not having the right friend to support you to give you advice.

For many people money could be a problem to be successful. Personally this is also an issue that I will have to deal with once I graduate high school. I will have to go on and work to be able to attend a collage, but thats what I have to do to try and be successful. I will have to take a step back to be able to accomplish my goal and go to collage.

Another example is that to be successful you will have to put a lot of interest, because once you lose interest you start to lose hope and wont want to keep on going with what you had made a goal on.

and lastly not having the right friend to give you advise and or support you to accomplish you goals.

for example is you have bad friendships they wont incurige to on your school work or out side school. there people that might incurige you to do drugs only so that they can take advantage of you. they may be a reason why you are not successful you might not be with the right people.

In conclusion i strongly agree with Winston Churchill because to became successful you will have a lot of thing to do and get through a lot. others believe that success is easy that with no effort they will accomplish what they want in the time that they wan.",364,12,Male,Economically disadvantaged,Hispanic/Latino,test,3,3,3,3,3,3,3,3,3,3,3,3,3,4,3.5,2,3,2.5,3,2,2.5
0FC61E073762,Success and failure,"Life it's like rolercoster we fall sometimes but we need to get back up. I agree with Prime Minister Winston Churchill life is all ups and downs we need to go through stuff sometimes so then we can actually talk from our own experiences. Life is all about learning from our mistakes, we become a better person and we get some real life experiences. Now ill introduction to my first reason.

Learning from our mistakes is my first reason. I have so many friends the lean on other people's problems, they have never gone through a hard time, a time the they learned something about how to deal with life. This people only lives with other people's life experiences. I think having a little hard time in life is actually something good. it makes you a great person, you learn how to take care of yourself, you don't see life the same way the you used too and lot of things change.

We become a better person is my second reason. Me being just a teenager i had gone through some fallen for example;trying out for cheers,trying out for soccer at the end of the day I learned to I wasn't really good at soccer and the I really didn't even like the sport I also find out I'm not the girly to actually be smiling every second or act super pretty and all the time, I actually found something I really like I started playing rugby, I started taking

JROTC at my school I stared to find the real me I knew the I wasnt the regular teenager and I knew there was and still something special in me now I thanks the coaches for all this teams the said no to me because now I'm doing something I really love and it makes me feel so good and proud about myself.

Life experiences is my last reason. this reason was hard to talk about after I didn't get select for soccer or cheers I got sad and I couldnt believed the I didnt get in. One day I told myself""sometimes stuff happen for a reason"" I think it was the best advice I gave to myself I though it would be hard to explain to people how come I didnt make the team or why I wasnt good at stuff. I told so many people the I quit last minute but it wans't true,me knowing I was saying stuff the it wants true was killing me on the inside I dont like to lie so I started saying the truth and it felt so good, yes people stop talking to me but also other people came in my life and forgive me from what I said.

in conclusion life sometimes is all about having fun,loving yourself, learn from mistakes get back up trust people around you and ask foe help. I think learning how to get back up by yourself is hard we always need friends in life and falling down sometimes can actually help us to get off this clone of we are all good great type of person.",480,12,Female,Economically disadvantaged,Hispanic/Latino,test,2,3,2.5,2,3,2.5,3,3,3,3,3,3,2,3,2.5,2,3,2.5,2,3,2.5
112B891A4F41,Success and failure,"I am agree with Former British Prime Minister Winston Churchill. because for success we need failure.

Achieving or doing something that should be done or that people expect you to do failure to show proof of success.

When people went to success they need to do hard and achieve them success.

The British prime Minister Winston Churchill idea is really help full for who need to succeed something in his or her life. because everyone can I achieve what they want or what they need, when they know them failure. That you give or do in order to help something be successful.

Doing something good or getting the result you want that means we can be what ever we went to be, but we need to know our failure because its helping to be success in your life. Who is success because they are determined and they know them failure .

Finally I am agree with British president because we have to know Failure before we trying to achieving our success. doing something good or getting the result you want is not easy.      ",165,12,Female,Not economically disadvantaged,Black/African American,test,3,2,2.5,3,2,2.5,2,3,2.5,2,2,2,3,3,3,2,2,2,3,3,3
12AB334092B9,Success and failure,"Former British Prime Minister Winston Churchill once said that ""success consists of going from failure to failure without loss of enthusiasm."" I'm agree with Churchill's statement about the important role that failure plays in the pursuit of success.

First, in this world nobody will success without first failure. Because failure is a obstacle that people have in one moment of the life. On the one hand success come after the obstacle call failure. That's why failure plays important role in the pursuit of success.

Second, people that often failure over and over are the more enthusiasm have. No matter how hard can be to success and get all the goals they dreams. Furthermore they never stop the enthusiam, they just want to suppurate in the life,have a good job.

Third, people have to understand that the failure is a commun problem. Just need to exceed and work hard to pursuit the success, it not easy but they need to try the best. The failure is just for people who don't have goals.

In conclusion, I'm agree with Churchill's statement about the importance role that failure plays in the pursuit of success. In this world nobody will success without first failure. People that often failure over and over are the more enthusiam have. People have to understand that the failure is a commun problem. ",216,11,Female,Not economically disadvantaged,Hispanic/Latino,test,3,3,3,3,4,3.5,3,3,3,3,4,3.5,3,4,3.5,3,3,3,3,3,3
137FC2E422E3,Success and failure,"I am strong agree with churchill's statement because failure plays a important role in the pursuit of success.

If you never failure you will never learn from it, life is not always perfect it has up and downs. If you want to be a better person in the world you have to pass for a lot of unexpected things. Sometimes you pass for things that hurt you but it doesn't matter you have to get up and keep going.

Success consists of going from failure to failure without loss of enthusiasm. Humans were not created to be perfect, and they were not created to not make mistakes. Every single people in the world is different from the way they talk to the way they think. If you want to be success you don't have to give up at anytime, even if you feel that you can not keep going anymore. People has dreams and no matter what happen in your life you have to keep going until you achievement your goal.

We hear testimony of people who has failure many times, and they teach us a good lesson because we see examples for people who has passed this. People who now are artist, famous singers they had not born where they now are at the top. They have passed for many happy and sad things, they had touch many doors to be where they are. If you want to be success and have a good life, you have to begging from the bottom to the top. It is not going to be easy as we think sometimes.

Life is a journey were you learn, and failure is necessary to make you growth up. Failure give you experiences and teach you a lesson that help you understand what life really is. Somethings we are going in the wrong way, taking bad decisions that harm our life. Decisions that do not let us to keep growing up, and there is when failure come and hurt you. Failure always come to let you know that you are doing something wrong, and that moment you have to realized, and think about what you are doing wrong.

Never is to late to learn from failure, because failure is always going to happen; a human is not a robot is not perfect is not created to not make mistakes. In life failure is always going to happen because is something normal that the human is going to have in their life. If you do something wrong in your life never give up, there are always more opportunities. While you are alive you have opportunity to be or became what you want.

It can be biggest failure or smallest, but there always have to be a reason to not give up. Your family has to be the biggest reason, if you failure, is you fall down one time or three times that do not means that is the end of the world. You have to get up and keep going go after your dreams go after what you want, if you failure and fall down is not going to happen just one time. Failure is going to happen always throughout your life.

Never loss the enthusiasm if this is God will this can be a long journey. We do not know the future, we do not know what we are going to face that is why we never have to give up. If you want to be success you will go over pain, you will face people who will close there doors and will not let you go in. Always remember there are more doors and one of them might open for you and might be the right one where you will be success.

In conclusion failure is going to happen in your life, but this will help you to became a better person. Failure will give you a lesson but also will teach you what you not have to do in your life. Failure plays a significant role in the pursuit of success.",793,12,Male,Economically disadvantaged,Hispanic/Latino,test,3,4,3.5,3,3,3,3,4,3.5,4,3,3.5,3,4,3.5,3,2,2.5,4,4,4
149AA9153485,Success and failure,"Failure is simpley the biggest part of success. To be success full in any thing you do you must fail at it. failer is one of the steps to succed in what you are doing.

Peaple have to fail at lest a few times in oreder to lern how to be success full for example I played this game called dead ops for some time and got very good at it. I thot to my self one day maybe I could go for the solo wourld wrecord. I tryed my hardest but didnt even come close to geting it. But I lerned a lot that attempt to I tryed again and failed again. All tho I keepet failing every game I played I got closer to my goil of the solo wourld wrecord. almost two years later a finly acheved the world wrecord. I could not have done this with out failing over a hundred times and never giving up.

Failer bildes carictor in peaple and helps them devolop as a inovidual. If some one never fails in there life they woun't have what is needed to be succes full when the time comes. Further more peaple who tened to be natraly good at things also tend to have inflated egos along with them being very narsustic. This tipe of mind set will never alow you to be able to push your self. With out pushing your self you will never fail thus you will never avance your goil. Failer simpley teches you how to keep trying and what limits you from success. For a example my sister is very natruly gifted, she could read and write form a young age, she also gets strat A's with out trying. she is probably one of the smartest peaple natrully that I know but she is also one of the dumeist peaple I know. Becuse she never hade to work hard to succed she gained a big attutood and became a huge narsusist. And know that she is in much harder classes she stugles to accept geting a bad grade and relly stugles with the idea of changing in order to get smarter and better.

Success is bilt on a moutin of failer. To succsed you not only need to fail you must fail a lot. For exapmle my frend Generic_Name wanted to get good at resoling so he keept failing in phites but he keept trying. One day came along where Generic_Name was able to win a match agenst his cotch. He could not have done it if he had not failed and lerned and failed again and lerned more. failer is not a bad thing peaple just think of it as a bad thing whene in reality there is nothing more inportint then failer. Failer is the giding light to succes. If one dosint fail the one dosint ever sucsed.

Failer and succses are 2 sides of one coin. Someone who dosnt fail will never bild caritor and gain very importint life scilles. Success is a trophey bilt on a muotin of failer. Faler is simply a step toreds your goil and with out is there would be no goil and nothing to push your self for.",524,11,Male,Not economically disadvantaged,White,test,4,3,3.5,4,3,3.5,3,4,3.5,4,4,4,4,4,4,3,3,3,2,3,2.5
15C22AF8D7A8,Success and failure,"Prime Minister Winston once said that success consists of going from failure to failure without loss of enthusiasm. I Agree with Minister Winston Churchill at failure make success.

I belive failure lead people to success. The more people fail the more they success. People they make a lot of mistake and they learn from it .But you should all ways try heard and you will be success in your life .Same time people think they never made a misktake. But at is not right becaues the time you was a Baby you try to walk but you keep failing and you try it to you are success and it.

There is times we have made a misktake and we learn not to do it again and to get better doing it .In school we learn thing we should be a ware of thing in life and to get a way from the bad things. When we at work we make bad

Dasgans in try to be better at work so we don't make at misktake again. Is not we don't want to make a misktake we like to make it so we can learn from at. The most things is ever important is to try heard.

we are all humans we do lot of things not ever good. Which we can do better but the only way is to try antally You be good at it and at will tkae a all of heard work and never give up what you want to be but your have to belive your safe you can do it. But at time will come and make failure to success.",301,10,Male,Economically disadvantaged,Asian/Pacific Islander,test,2,2,2,2,3,2.5,2,3,2.5,2,2,2,2,2,2,2,2,2,2,2,2
16549827D1AF,Success and failure,"Do not be carried away by success into demanding more that is right or prudent. do not be fobbed off with mere personal success or acceptance. you will make all kind mistake; but as long yu are generous and true, and also fierce, you cannot hurt the world or even seriously distress have, because we make a living by what we get, but we make a life by what we give.

i've heard many reasons why people give up on their goals such as it wasn't meant to be or it wasn't fun anymore or life is about having fame the point worth enthusiasm is we create all the reasons in the world not to follow though on our commitments with evidence to support it, but is this how we want to live our life we don't want to be wrong and will give up on a goal rather than risk looking foolish to ourselves. our beliefs about success will help or hinder our progress. They may be unconscious, meaning we formed beliefs we are unaware of and looke for evidence support as out efforts to success. It is almost certain we will fail at some point pursuing our goals. It is almost certain we will want to give up. It is almost certain we will experience mental and emotional distress e. t.c. And let's be clear on what success consists of going from failure. It can relate to areas of life where progress is reached it is not defined by material wealth, nor fame or international recognition alone you have to take care about the fail ypu make.

some example:

in my case a lot of times i failure to failure, but never give up because you always have to had in maid the enthusiasm to take what you want because some of this failure you make may be in the future you can make the reality some of the failure that i do now that help me a lot to be successful in my high school or college, one of the failure that i make are that I'm waiting for some important things and that take to long that somotimes I want give upt and not waiting more but I think that if I can not wait then never going to sucess some of the people say that if you failure one time you always going be down and I think success is the ability to move from failure to reatined the enthusiasm. Because have some old papers that I think will never use but now that old paper that one day a will put in the trash now that paper help me a lot in my high school. ",432,12,Female,Economically disadvantaged,Hispanic/Latino,test,2,3,2.5,2,3,2,3,3,3,2,3,2.5,2,3,3.5,3,3,3,3,3,3
169528C31812,Success and failure,"According to the University of Washington, 89 out of 100 people who failure during the process for being successful think that failure is the worse thing they could find in the way for being successful. Former British Prime Minister Winston Churchill once said that ""success consists of going from failure to failure without loss of enthusiasm."" People who failed feel that they will not have another opportunity to accomplish success, because they think that when failure comes they always are going to fail and their enthusiasm is not going to help them to be success. The best way to accomplish success is not going failure to failure because going failure to failure only cause more obstacles to overcome on people in order to be success, and being successful consist in working everyday with the same passion that we started the first day and making possible what others think it is impossible

One reason, why going from failure to failure is not helping people to be success is because going from failure to failure only causes more obstacles to overcome on people in order to be success. In fact, in 2017 a group of scientific found that when failure comes to people affect all their emotions and cause them more adversities to overcome, now they not only have to fight with the failure that they just passed they have to fight with their emotions. People not only want to be success in life, they also want to be success in all the problems they are expose to receive in the process for being successful in life. I once had a teacher named Generic_Name, she wanted to be the best teacher in her school, but some of my classmates did not pay attention her in classes. She was making all her efforts to make them focus in her class, but it did not work. She saw that all the efforts that she was making were not enought for making them better students, and her job was not being beneficial for us as she wanted. Months later, she gave up, she felt frustrated and she never could be the teacher that she was before. This can be one of the negative things that can happen to people if they fail during the process to achieve success.

Another reason, why success not consist going from failure to failure is because being successful consist in working everyday with the same passion that we started the first day and making possible what others think it is impossible. Success not only consist in accomplishing any goal, also consist in making every single moment something beneficial for us and even the world because success is not only going to make us to feel better, also is going to inspire others to make something good without confront any failure. I have a friend who wanted to be a soccer player, he started training everyday after school; everyone thought that he could not be a soccer player and he will fail in his first game, but he did not give up, at his first game he showed that he had the abilities to be one of the best soccer player in America. He continues working everyday as his first day. Years after, he received a call from Spain, it was a team who wants him to play for them. Now, he is in Spain playing in the best league of the world showing that all the work he made before was for a reason named success. Other people may think that failure is the best way for us for learning what we can improve during the process for being successful. However, failure is one of the most negative thing that we can find in order to learn to achieve success. It has been approved how failure had destroyed people in the way for achieving success.

In conclusion, success not consists in going from failure to failure without loss of enthusiasm, not everyone takes a failure as a positive thing. Most of the people think that failure only cause problems to resolve before they achieve success; those problems make the majority of the people to give up to the dream of being successful. Also, people felt defeated at their first failure causing them emotional problems. Being successful shows everyone how important its to go step for step and not failing in any of those negative problems that can happen during the process. In another words, success is the result of all the hard work and effort that we made before without failing; failure is only a destroyer of our dreams. ",760,12,Male,Not economically disadvantaged,Hispanic/Latino,test,3,3,3,4,4,4,3,4,3.5,4,3,3.5,4,3,3.5,2,3,2.5,3,4,3.5
191F78EF6D73,Success and failure,"I agree that failure plays in the success. In order to success something, you need to try your best. Theres always a time you fail at things in the beginning. When you try hard to be successful in something that matters to you, you try hard and wont give up on yourself.

Failing helps you learn a lesson and make you want to try harder and success. In High School, if you fail an SOL, they have you redo it till you success and get a good high score on it. An SOL is a big example of being successful and trying. In High School, if you fail something, theres always one more chance of retaking and trying to pass once more time. Not trying hard to success is something different when you just give up and dont try to be successful. Thats when you just start to fail. Failing brings you down a big level and youd regret it. Being successful is better than having to retry and retry something that youve tried multiple times. You eventually give up on the thing that youve tried being successful on. If you keep trying on something that your stuck on, dont be the person to give up. Some people thinks it gets tiring. It isnt good to give up. Success is a great accomplishment to do.

Failing is a trick to your brain.

Failing makes you want to try harder and harder and makes your brain work harder to think as well. The brain is your big helper. Your brain makes you want to think more and try to successes on what position you had failed on. You should mainly think about your grades if failing. As a student, i think failing is horrible and i think trying your best to succeed is the best thing you can do. So that way you succeed on what you need to pass.

This is why i agree with Minister Winston Churchill, if you fail then try to success dont give up and keep up on trying hard to success. Success is a hard thing when somethings challenging, but can do it, just dont give up.   ",350,12,Female,Economically disadvantaged,Hispanic/Latino,test,3,3,3,3,3,3,3,3,3,3,3,3,3,4,3.5,3,3,3,3,3,3
1A55C7B84E6B,Success and failure,"Is going from failure to failure the key to being successful without the loss of enthusiasm.

I believe that everyone should at least fail once or twice so that it will make them want to try harder the next time the try to do the same thing they failed at the first time they tried it so they can show that they care about something.

For example a lot of kids like to play video games so they get there parents to get it for them and when they first play it they dont know how to so they fail the first few times and thats all right because after a well they learn how to play it so the start to be successful at the game.

And it also go for a lot of teenagers and adults because when they start a new job they really dont know how to do it so they are failures until someone trains them what to do and then they start to get the hang of it and they become more successful with there jobs like when i first started my job i had no idea what to do and then the other workers at the place i work at trained me how to do the stuff there so the set me up to be successful at my job.

But everyone still fails at what they do and that is okay because everyone is not successful at what they do and that is okay because they have people to show them how to be successful at what they do.

Some examples of this: is the high school, college, the military, the government.

And the reason i picked those was because when the teachers in high school set the students up for success so they end up going to college and some students end up majoring in something the teachers taught them and others end up doing something in the government but then some of the students end up not going to college so some of them end up failing and not being able to get jobs and become criminals and some of the other students that don't end up in college either going to work a regular job or end up joining the military and making that into a career but before they do that they have to get trained on what to do so they won't mess up something and fail and everybody males mistakes it's just how they fix the mistake they made so they can turn it around and be successful in the career they choose.

So in conclusion everyone fails at what they do at least once in there life so failing more then once really is the key to success. ",441,10,Male,Not economically disadvantaged,White,test,3,3,3,2,3,2.5,2,3,2.5,3,4,3.5,3,4,3.5,2,3,2.5,2,3,2.5
1C4FCEB29DEE,Success and failure,"What means failure? For me failure is the key to be successful because failure teachs me never give up. Many people don't like fail, but sometime it is necessary in order to be successful.

Failure is a good practice, and reach our goals.

Moreover, failure is an opportuny to be successful.

Success and failure are opposite words, but at the same time they are relate. We can't be successful without failure. Sometimes when I start a new project, I would like to be successful at the first try. However, I learned that don't matter how many times try to do something, but what really is important is to be successful. For example, since I started my classes here, I passed all my classes. However, I have many classmates, who fail their classes, but when they retake the same class, in the next class they do better than me. In my own experience, I took a Earth Science class last year, it was hard for me. Most of its quizzes I fail, but my teacher gave the opportunity to retake those quizzes, and then I passed them. I learned quizzes prepare the students to take the SOLs, and me they prepared very well. Thanks those quizzes I passed my Earth Science SOL. On the other hand, some people                        ",237,12,Female,Not economically disadvantaged,Hispanic/Latino,test,2,3,2.5,3,2,2.5,3,3,3,3,4,3.5,2,3,2.5,2,3,2.5,2,3,2.5
1E0BF3E0FAA7,Success and failure,"Failing can always be terrible for us but we learn from it. Failure is something that some of us rely on. I worked hard to find a way to be successful. Our lives isn't done yet even as was old people we'll still fail but we can motivate others to stay on track, to never forget where they came from, and to never forget their story.

Even though Winston said ""in order to succeed we must fail."" I believe that from failure we can learn from our mistakes and reach new heights. After failing on something a person worked hard for it will motivate them to keep on trying until they succeed. Staying motivated can push us to new levels that we didnt know we could do. Failing again on something you dreamed on doing will motivate people to keep on pushing. Lebron failed to give his home town a title for the NBA playoffs, eventually he left the team and joined the Heats. He won a championship with them, many fans were angry, yet that didnt stop him from coming back to his town. He came back to Cleveland in 2016, he then gave his fans what he promised and won the finals against Steph Curry. Therefore he failed but he eventually found success and motivated others as well.

Failure can teach someone from their mistakes. I made a mistake in a video game and basketball before that caused me to think twice on what I was doing. I played Mario before and there was a boss fight I could not defeat. I failed and like always I managed to win. There was a time in my life were I failed in basketball that caused me to wonder if I was even good at the sport I loved, so i decided to train to improve my weakness. i had to coach myself how to do certain things that i couldn't do since I've never been coached in my life; it was hard at first, but I knew that I had to improve where I failed. A couple of months went past, I showed many others on what I could do... I finally gotten where wanted to be and for that reason i'm grateful. In conclusion, we must fail in order to find our weakness to improve on.

Succeeding in something can also be a failure. There was a time were I succeeded but still failed. Coming out successful can be a failure because it can get to our heads and change us to become a failure. In my history class I was a very smart kid, but it got to my head and eventually I failed a test that brought my grade down. I retook the test and made sure to double check my answers and passed the retake test. I was successful in a video game that spent days to finish, I got cocky and started doing something that caused me to lose all of my progress. It took me another month to get to were I was, but I still found other ways to succeed. In conclusion, you should never be too confident.          ",518,11,Male,Economically disadvantaged,Hispanic/Latino,test,4,4,4,4,4,4,4,4,4,4,4,4,4,4,4,3,3,3,5,4,4.5
1EA990257725,Success and failure,"To be successful in life we have to learn from our mistakes first, that way we will appreciate the things that we will have in the future.

I agree with Churchill's statement because most of the time is hard to make our dreams come true, but if we really want to do something we can do it, because everything is possible in life. For example my biggest dream many years ago was to learn how to draw. I always dreamed being someone who could create art from anything. But there were many reasons that almost made me forgot about that dream. Another reason of why I think that failure could lead us to the best things in life, is because if we dont't try, we won't never know if it could be possible. Also failure is not something that we should be afraid of, I think that failure can give us experiences in life that can lead us to success, things and experiences that only life can offer us.

Failure in life, for me is just another opportunity to try again something but with the same or more enthusiasm. For example, when I started learning how to draw or paint, there were many reasons that almost made me forgot about my dream. One of the mean reasons was that I didn't have enough materials to make a simple peace of art, it was hard for me because in my country I didn't have the same opportunities that I have now. And I went from failure to failure but I always tried to forgot about negative things and I was just focused about being someone different in life. Now that I'm better at drawing and also I have the materials that I always wanted, I'll keep getting better and I can say that it wasn't easy but it worth it. I know that I still have a lot to learn, i'll keep follow my dream, and I know that one day I'll say I FINALLY DID IT.

Another reason of why I agree with Churchill's statement, is because most of the time we don't see what we have until is gone. And failure can lead us to the success, because it can give us experiences that only life can offer. For example if we do something wrong we know that we won't be able to fix the past, but the only thing that we can do is to learn from our mistakes and try to be better in the future. And that is why I think that failure can lead us to success because if we don't know how hard is to obtain something important in life, we never will appreciate what we have or what a person is doing for us. And is very hard to imagine something that we haven't experienced, is hard to try and learn from what we hear than learn from what we have being true. That is why we shouldn't be afraid to do something or to try new things in life, because nobody was born knowing things, only life can give us the knowledge to learn and teach.

We shouldn't be afraid of fall through, because life is to do new things everyday. Life is to live the way we want, having in mind that nobody is perfect and it's fine to make mistakes, but we have to learn from them. For example, many years ago I was afraid to leave my country, for many reasons I though that I wouldn't make it. But my mean motivation to come to this country, was to see my father for the firs time after 18 years. I was scared to fail, but at the same time I saw that opportunity like the greatest thing that I ever had. That's another reason of why I agree with the statement, because like all the rest of the people i'm not perfect. But I'm proud of some of the decisions that I had made in the past, and at the same time I learned from my mistakes and I'll keep learning.

The hardest things in life, are the things that will always worth it. I share Churchill's idea because you have to suffer before to triumph. Everybody can try and teach you something, but your best teacher always is going to be life. To fall through is not a defeat, is a new opportunity to do something better. And is fine to failure in order to find success, we just have to stand up and try again but with the same or more enthusiasm.                                  ",711,12,Male,Not economically disadvantaged,Hispanic/Latino,test,4,3,3.5,4,3,3.5,3,3,3,4,3,3.5,4,2,3.5,3,3,3,4,3,3.5
1F4C4154C034,Success and failure,"I'm agree with Wiston Churchill because without failures nobody can be successful. There are many people in the whole world that before the success come to then they fail and fail a lot of times, but they never gave up and never loss their enthusiasm. That's what people that want to be successful in their lifes are supposed to do. The success is not found in the first try or in the second one.

When people fail in something like a project, plan or any thing they want to do, they are like oh god why you make me that. But in reality failure is not too bad as people think. Once a a very old man said ""from your failures and mistakes is where you going to learn more in your life"" and that's true I'm agree with that,because when someone make a mistake is like I'm done, but that's not the best opcion first thing a person shuld do is to see what she make wrong and try to fix it and next time try do better on it. That's how people can start to see the success in their life, beggining with small things like a little mistake.

There was a man like five years ago he was in the middle of a storm in a city called the lost city. He was homeless whitout family, job,or food. He didn't have something to survive he had loss every thing he had, he's wife left him. He was so sad and desapointed that he tried to kill himself but he couldn't do it. One day this man started to think how can I do to become successfull? and he was thinking and thinking until a idea come to he's mind. He was looking in the street and there were a lot of plastic bottles and thought that maybe creating something amazing with that plastics bottles and selling then to the people he will go back to he's normal style of life. That will not be easy but he didn't care about that, and started to pick up all the bottles that were in the street, and the people tell him that he was crazy but he didn't pay attention to that comments that people made about him. Then he started to created toys with a old knife that he found in the trash and the plastic bottles. In one week he created three diferent animals that were a cow a horse and a duck and then he went to a toy store to try to sell the toys that he had created but the owner of the store tell him are you crazy you think that I going to buy that horrible toys no no I not going to buy that, get out here or i will call the police, and he go back to the place where he had the plastic bottles and he was sad beacuse he's plan fail. The good thing is that he never gave up and tried to make better the animals that he had created. two weeks later he went to others stores but all that stores reject him they didn't want to buy he's toys. There was only one more store to go but he didn't go that day because he thought it would be the same awnser as the other stores. the next day he finally decide to go to that store and there was a business man and asked to the man of the plastic toys how much do you want for your toys? and the man was so happy that someone ask that to him and he said five dollars each, and the businessman said I'll buy that but if you promise that you going to make more and more of this plastic toys, and the man smiled and said yes and from that day he's life changed. He started to create lot of different toys and every day more beautiful.

The business man gave him money to buy all materials he need like machines, trucks to transport the toys to other cities and finally he become a rich man. But before all this good things happen to this man he had to suffer and fail many times before he become successful. This man is a big example because he never gave up and tried he's best until he got what he wanted. he had some failures but that's something that happen before the success came to us.

The enthusiasm is the last thing that a person can loss because without the enthusiasm all thing are loss too. The enthusiasm is that energy that all people need when they are pursuiting something in their life. The failures teach us what we don't have to do in the next try, and that going to help us to get what we really want in our life.",763,12,Male,Economically disadvantaged,Hispanic/Latino,test,3,2,2.5,3,3,3,3,3,3,3,3,3,4,2,3,3,2,2.5,3,2,2.5
2208E450D536,Success and failure,"I think that failure does have a big roll play in the pursuit of success. Without failure there wouldn't be any success to work hard for. Things would just be easy for peolpe . Im my personal opinion if peolpe were to be so used to having success without having to fail and work hard to get what they want and where they want, life would be plain and simple. life is hard when it comes to setting goals and working for success but at the end of the day all that work, failure and stress are gong to be worth it because you got what you always wanted and worked hard for. For example, if you want something really bad your always going to do the best you can to prusuaed that dream and eventually your going to reach it but before you get it your going to have to fail. failure helps you in a lot of things in how to make your self to keep on trying even though you've failed multipal times now eveything has a prupose and i guess this is failures. Its to see if you give up eventually or if you keep on trying to get what you want no matter how hard and how my you fail before you get to your goal.

The purpose of having failure in your life is to show you how hard you'll have to work to get what you and when you set a goal in your life and try to succed and there's always going to be something that's going to try to stop you from getting there that's were you have to work even harder. when it comes to failing dot give up because it gets hard just keep on trying and you'll see that it willl get better and that eventually you'll have the success that you always disiered.

Never underastimate what you can do because of failure, It's all in your hand's whatever you belive in and think is the best that's all you i just say what i think and in this case you just do what you got to do to succed in life. ",334,11,Female,Not economically disadvantaged,Hispanic/Latino,test,3,3,3,3,3,3,3,3,3,4,4,4,4,4,4,4,3,3.5,2,3,2.5
226B6C9C665D,Success and failure,"Winston Churchill once said that success consists of going from failure to failure without loss of enthusiasm. What do you think about churchill said? i agree with Winston's stament because I have a friend that he was a failure, he pass through many bad experience.

First: Whe my friend it was a failure he was trying to buy a car but the problem it was that whene he makes maney he pended all in drugs but he was traing hard to save money he never give up he was traing harder everyday, also he never loss his enthusiasm to buy a car. One day he star to save the 3rd part of the maney that he makes on his bank acount after few monts he whent to the bank to chek his banck acount and he saw that all the maney that he saved it was enough to buy a car in that moment he think that by not giving up he make it to happen. T he next day he said yo i lear to not give up and also i learn that if we donot give up we can don want we want even if is hard.

Second:My freind he was a big failure he pass through many bad things on his life bad the good thing about the bad things that happen to him is that those things make hime stronger and also make him to think twise befor he somthing bad, he get new knowlage frome the bad thing that happen to him. He lear new experiense for examplo the bad thing preper him how to act in a bad situesion lead him to see how to live along shows him to be a luser those bad thins make him success to open his eyes to see the real world.

famally: Whene my friend it was failure he do not give a F about anyone he did not even think about the consecuens about the drugs that he use adn speing all his on on the drus. He think that he was le only person in the earth he didn't think about the people that suround hime and love him, But one day he almost die about the consecuens of the drugs, heh whent to the hospital for 2 weeks he was in coma but whe he wowake up he was in shonk when he se all the people that alves hime he said just one word (sorry) and he tar craing, in that moment he a see that my friend it was no longer a failure he success to stop been a falier and few mont after that he was so happy he stop using drug, spending his money on drogs and the most inporta he see the people loves hime.

On my conclusion, failure makes a persong tu success no matter what hard is the situetion that thwy are facing. Fail traing people to be ready for the real world and gives us leasons to take care of everinth thatmatter even if is little or big .  ",517,12,Male,Economically disadvantaged,Hispanic/Latino,test,2,3,2.5,3,2,2.5,2,2,2,3,3,3,2,3,2.5,2,2,2,2,2,2
23605BB8BE39,Success and failure,"I do agree with British Prime Minister that ""success consists of going from failure to failure."" First because if you want to succeed there will be obstacles. Second because after every obstacle there is a reward. Last but not least it will help you in staying calm in every difficult situation. These are 3 proofs that if you want to succeed you will have to encounter a failure.

There is always going to be a problem to every success but the good thing is that for every problem there is solution; You just need to keep calm think and you will find a solution and after that you will succeed. Through out your life you will have problems, some of them will be not too difficult but others will be really hard.

Don't your parents ever reward you with something you like after you have being obedient; That is similar with life when you have a big problem in your life, but if you could go through the problem life will reward you with something even bigger than the problem you had, so just be patient man because is just a process it will end very soon.

In every problem you have you will gather knowledge and experience so you will be prepared to other problems you might encounter later on in your life, that is why you need to stay calm and focus and if you are christian praying will might be a good option because maybe God can help you.

Practice this 3 things in your life and they will help you to succeed in life because remember there is no success without failure so in every problem you have remember to stay calm, focus, pray if you are christian, and just be patient and you will receive your reward after your problem and your reward will be success. The End.",301,10,Male,Economically disadvantaged,Hispanic/Latino,test,3,3,3,3,3,3,3,4,3.5,3,3,3,2,3,2.5,3,4,3.5,3,3,3
23DB1CEDA453,Success and failure,"In our life going to success it`s a goul for everyone who wants to bulid his or her skills. Although I agree with Churchill`s statement about the important role that failure plays in the pursuit of success.

There are many reasons that failure plays need to pursuit to success.

First some time when I play in video game with my friends on online we make squad first. Seconed we to discuss about plan to defeat against the player to win. Next we were playing as a team, but each round we are loseing in the game. Some of my friend get bored and they are not excited to continue in the game because of losing, but I said them that losing in the game make us to find the problem in squad. Later the problem was from the plan, one of my friend didn`t follow their plan and was playing alone so I told him that we can win in the game if you playing as a team. Later I saw that each round won in the game cause we were follow the plan and working as the team.

Seconed example that I learn in my life is in the school. Back home when I was taking a class in Math, my teacher was giving a lot of test, It was challange for me to study with her. When I take a test I fail in the test and Iam thinking that I can`t pass in Math. I always thinking that I said before this my challange and I should pass no matter I fail I believe in my self that can do. So I took a lot of practic solve the porblem with the teacher and she gives also a homework to do at home. I was study for a while to understand lesson and to be ready in the test next time. Later I took the test and I got B+ and next test I got A, so that`s comes form study hard and believe in my self.

In conclusion failure it`s not means that you are fail, but it`s important to look at what we have problem in our life to fixed and encourage our self to take one more time to success and believes in yourself.",351,12,Male,Not economically disadvantaged,White,test,3,2,2.5,3,2,2.5,3,2,2.5,2,3,2.5,3,2,2.5,2,2,2,3,2,2.5
25A70D6BA605,Success and failure,"Former British is a good way to express but is not a good way to do it, because i think go to failure to failure without emotion. Is not a good way to do it, I dont agree on my opinion. And feel like i dont have to agree. Because, How you going to failure in you dont have enthusiasm dont make any sense for me.

To have failure you have to have some type of emotion, no just because you want have failure just like that if you have enthusiasm or some type of emotion you can have failure, failure is something emotional like you can have failure if you or angry or you or so happy when you have much emotion. My example is is you have failure is because you happy or very angry, and i think some people are different on emotional part because no Avery body is the same all are different that some of my examples and what i think about this prompts all this stamen are about failure without enthusiasm. And failure can take you to die because what i think failure kills the peoples, but some people dont die, that want i think about that.

And i think you have to be chilling like when you are angre because is verry important no alteration.

I think this is a good conclusion about this in formation and know about all this is good too because you have some information on this, and you can express no just thinking, writing too and you can make good expression about good thinking. And i thinking is good expressed on this.    ",247,12,Male,Economically disadvantaged,Hispanic/Latino,test,2,2,2,2,2,2,2,2,2,3,2,2.5,2,2,2,2,2,2,2,2,2
26EFC4BC6726,Success and failure,"I do not agreed because that said that success consist of going from failure to failure without loss of enthusiasms, and not all that things are going with that form, all that things has different positions to plays or make something that the people can to agree.

Firstly not all the peolpe have the same decisions to agree in the same thing, because some people just think in their future not in the future of the others peolpe, because in the world exist bad people and good people something the bad peolpe try to make something to the good people. The good people something get problems because they don't want to say the things that the bad people did as a ""crime"" something like that.

Secondly the person who said that statement have to gave some reasons clearly to the peolpe because like a principal person need to give good expresions and give the example to the poblation of their city, county, or state. When a principal give a good example to the people the people live in perfect union, becuase their principal gave a good reasons like our have to help each to another person, becuse the village in union never can be beaten.

Thirdly people who want to take the attencion to the others people do not have to be perfect giving goods expresions to animated the other people, because not all the people have the same opportunities to the a power in a community,some people wish to be a principal from a school, or the president from a country. I known that when someone is the president or have responsibility with the other people not is something easy, actually is something hard to can have the control and the attention of all the people.

In conclusion when someone is the principal from a country or school, have to give good reasons like communicate very specific with the poblation in the country, need to be a example to the other people like the principal is responsible to show to the other people a good way that they can get goods opportunities to be a better person.",357,12,Female,Economically disadvantaged,Hispanic/Latino,test,2,3,2.5,2,3,2.5,2,3,2.5,2,3,2.5,2,3,2.5,2,2,2,2,2,2
2A3C4C1F9B71,Success and failure,"Who is became successful without failure to failure in this world? nobody is perfect in this world! so no one became successful without failure to failure. If we want to be successful, we have to be hard worker on our field, until the sweat come out from our skin! we need to have patience, we might fail one hundred times, but if we keep going to do whatever we want, we will be successful. i tried a lot of things to do, and i was failing a lot of times to get it, but after a lot of trial and error, i would always do it.

we don't have to give up! when we decide to do something, we need to be ready to fail. when i came to America, i did not know English language, so i couldn't go outside and work, i didn't go to school either. And then i decided to start learning English language, after 1 year since i started learning language, i didn't feel that i am getting better, because we couldn't understand each other with other people. But i didn't stop studying language, i started teaching myself by YouTube too. And then i was starting hearing a little bit, but i couldn't talk. Even though i tried a lot, i couldn't hear and talk properly. But i didn't give up, i kept learning, and then after a days and a years i got used to speaking and hearing. i went to school, i started work, and i started making friends. when i was in Ethiopia, i didn't like school, i didn't understand education either. Once my younger brother told me that i have to study and get a good grade, and i told him that is impossible! because i didn't even have any idea about education, he said, "" there is nothing you can't do, just try it!"" i said, OK and i started studying, but it was hard, i told my brother that i couldn't do that he said, ""i will help u"" then we started studying together. after all that i didn't get a good grade, my brother got sad. i was failing again and again. but i was understanding how to study, i mean how education system goes. i was getting used to doing homework and class work by myself, and after doing a lot of homework and training, the exams started becoming easier to me. Finally i got the second level from my class. after then i kept studying and getting a good grade, i loved school too.

failure is one part of to be successful!. if you fail by the first attempt, just keep trying again and again. don't ever give up!, so i agree with Churchill's statement ""success consists of going from failure to failure without loss of enthusiasm.""     ",439,12,Male,Economically disadvantaged,Black/African American,test,4,3,3.5,4,3,3.5,4,4,4,3,4,3.5,4,3,3.5,3,4,3.5,4,3,3.5
2B63A9B12B5B,Success and failure,"Former British Prime Minister Winston once said that ""success consists of going from failure to failure without loss of enthusiasm."" I agree with this statement because trying to be successful will always come with failures and sometimes you learn from those failures. Failing is not always bad, in matter of fact, failing can help people learn on what they did wrong. Giving up will get people nowhere in life and if people give up they will miss an opportunite on becoming successful.

My first reason is that people don't know that if they choose to take the easy way out on something they failed at and don't try to fix it to be successful, people will start to give up more often the next time they fail. Giving up can also change the characteristics of a person from being a smart person to a doughtful person. Although some people say that giving up is always the best choice when a person is having a hard time on being successful but giving up can also have a bad impact on the person life.

My second reason is that learning from failures to become successful can help improve the person abilities to understand on what he did wrong. Not only does learning from mistakes can help the person improve but can also open many doors in life. Trying to be successful and failing is almost like riding a bike. A kid gets a new bike, he rides it for the first time, he falls on the ground and scraps his knee, he crys and gets angry and then stops and trys to ride the bike again but falls again and then repeats the same steps over and over again until he successful rides the bike without falling.

My third and final reason is that people who never give up on a task that they fail at and become successful the next time they do it again have a better chance to overcome other problems in life. Being successful can give a person a good feeling but can also encourage a person to do more. The more a person resloves a problem the better he or she gets. Being successful can have many benefits in like a better job or a better personality or a better new life. Giving up won't give people happines, it will just give people sadness.

In my conclussion, I agree that giving up is never an option. People need to understand that in order to be successful people need to go throught failures and learn from those failures in order to be successful. Giving up won't help people be successful, it will just help people increase their problems even more. No matter how many times people fail, people who don't give up will always find better ways to fix their failures and learn from their failures in order to improve their problem sovling skills. ",477,11,Male,Economically disadvantaged,Hispanic/Latino,test,4,3,3.5,4,4,4,4,4,4,4,3,3.5,4,3,3.5,4,3,3.5,4,2,3.5
2D47FB310B00,Success and failure,"I am totally agree with the former british prime miniater winston churchill because before you get a success in your life you have to through so many bad things, But how he said you never have to loss your enthusiasmo even if you are going from failture to failture.

Reasons why i'm agree with him.

one reason why i'm agree with his words is because sometime when we're going from failure to failure and we loss our enthusiasm and we let our dreams go or the succes that we wish to get done. But if you never loss you enthusiam i could tell you that no one will stop you and you will be where you want to be and doing all the one day you wished it to do it.

another reason why i'm agree with him is because once you loss you enthusiam is like you lost everything, You not going to keep working on your dreams you just gonna let them go and that's not okay cause you always have to work for want you want in your life and get done all the pursuit of success that you would like to have one day.

I think that one of the most important thing in this statement are those words ''success consist of going from failure to failure without loss of enthusiasm''

because those words means a lot thing in real life,

because sometime we just give up for the things that we want only for the reason that we failured. But those words show me that we never have to give up even if we are passing through of bad times because if we keep fighting for those success that we want in our life we'll get them, but first you have to belief in yourself and always keep your head up.

i writing this statement because i;m agree with those words, because those words bring a lot of enthusiasm for whoever read this articule and this articule open your mind to keep fighting for your dreams even if your passing bad times in your life. and this articule let you know what success mean because sometimes we don't know that we have to trough a lot of thing before get a success.

In my point of view this statement is really helpful because it show you what you need to do if you want to get pursuit in your life and tell you how important is your enthusiasm if you want to be a sucess's person in this world.

so enthusiams it will be one of the most impotant thing that you need to keep on your mind if you want to be a success's person, Because once you lost you anthusiams it will all for you cause you not going to keep looking or fighting for the success that one day you wish to get done.

One more thing that i leaned from this statement is that you have to keep trying and trying even if you failured more than one time because if you not fight for you dreams and for the persuit of success that you want in your life nobody will do it for you so let's keep our head up and let's keep fighting for what we want cause you decide where you want to be and where you want stop,

so show to the world that if you want to be a loser you will be a loser but if you want to be a success person you will tho, but everyone who would like to be a success person need to have a good anthusiam and never give up for those thing that they want on their life.    ",544,12,Male,Economically disadvantaged,Hispanic/Latino,test,3,2,2.5,2,3,2.5,3,2,2.5,3,3,3,2,2,2,3,2,2.5,3,2,2.5
2DC2AEFE806F,Success and failure,"Don't lose enthusiasm in your goals, failure is just a little bump down the road in life that teach you how to do or make things better.

I personally agree with Wiston Churchill's promp ""Success consist of going from failure to failure with out loss of enthusiasm"".

Therefore; many people fail on their way to reach their goals but by being persistent and not losing their enthusiams they will success.

Most people fail to succeed in their goals.

Every single person in this world has a goal but most of them go trough many tough times and failures before completing them.

For example, I failed my driver license test 3 times, my goal was to past it so I can start driving. So I did it but a fail a few times before completing my goal.

I felt like a such failure every time I didn't past the test, but I did not give up. As results, after studying during day and night time without giving up I accomplished my goal. Failing to me is not the end of the world, it just motivate me to do things better everyday.

A person must have love, passion and enthusiams to be succesful.

Many people work hard and with passion in what they love the must. For instance, my stepfather (Generic_Name) a great business man when he started his company it was a total caus for him.

The company was not popular and was not selling products. Generic_Name went to bankrupcy onces but loving what he does and without giving up, he stands up to work had to have succesful company.

IMPAK his company is one of the most popular in selling plastic products in the United States.

would argue that you don't have to fail in order to be succesful. On the other hand, 98% of succesful people fail before reaching their main goal.

By doing what you love the must and not giving up on it is the main goal in life.

In brief, don't just give up on your goal just because you fail a few times. Complete them in order to be a successful. ",316,12,Female,Economically disadvantaged,Hispanic/Latino,test,3,3,3,3,3,3,3,3,3,4,3,3.5,3,3,3,4,3,3.5,3,2,2.5
2F34580C9A37,Success and failure,"Generic_Name is a 30 yeras old, he is a man of business ,when he was study he funded a little company with his uncle but the cumpany broke with the locking of experience so he make a effort to learn what was the problem and learn about the failure, 4 years ago he recupere about the bad experince that he haved in the pass and with a more experience he is a big businessman. So the succes consist of going to from failure and get alwys enthusiams.

For example when I was in the school at mexico. I was haved a soccer team, I was play for school during 3 years well always prctices with my teammates and the coatches when was a big event a level state my school my participate and another 200 hundreds school, we payed 8 games and we won all my school get to the semifinals so there was when we lost the firts semininal me and my teammates with the face sad for the failure , the failure get to us more experince and united and we won the trophy but the most importand was to representative the school and get the nane on the top of many schoolso if yourself no failure you can't learnd about the lost and find the success.

Another example is Raul, he is a famose singer ,he talk to the peolple an interview before to be a singer, he wanted be a good doctor, he was a good student always he focused a lot with the school and i the work also his parents help to hem and was soy prime about his son but he don't was accepted and any uniersity for lack of study he failure at the work of his dreams that methot guided to hem to follow anothers way he was haved a talent to sing he tell was at one club in the school and start to create music now he is one of the top of the more famoses artist.

Inconclution. Some people belive the failure don't have a play with the succes becuse they think the people who have succes get that without of problem but they are wrong aparrently I see many famoses and businessman tell to an interview tell to the people that they was failure many time, favor to that they learnd getet more experience and follow others away for get the success that they have now.",365,12,Male,Economically disadvantaged,Hispanic/Latino,test,2,2,2,2,3,2.5,2,2,2,2,3,2.5,2,2,2,2,2,2,1,2,1.5
2F644F0E7532,Success and failure,"Yes I am agree with Churchill's statement. Because to be successful you have to start in the bottom.

Every time you fail its a new thing that you learn, don't be afraid to take the failure to turn its an another ways, the ways of success. Without failure to loss you're not going to be successful at all, you have to take the risk to fail. This is why I am agree with this statement.

Success without no fail is not a good success, it's not going to be a long success, you have to learn from your mistake, that the next time you can make it better, you do know when you are going fail, but you can feel the success you make the right thing by learn from your step down, do not worry about people say, don't give up in you dreams. Always remember that you are stronger than what you believe, you are smarter than what you think. Don't take advice from a person who take the wrong ways, if you do they are going to lead in the same ways with them.

Always looking for someone who can give you a good advice, who can give you a great example of success.

Always have a plan B if the thing goes wrong.

You can't be successful without any loss, and i think it's would be better if you start losing first, because if you fail,

again, and again you will take something form the negative thing that you fail, to make its an a positive ways to be success.

Minus plus minus equal positive, you can combine the failure to make its the ways, you think its will be good for you. Success mean everything, the thing you do where you started until where you are right now, you will never stop learning.

The Former British prime Minister Winston Churchill statement have a lot of sense, because success always consists of going from failure to failure without loss of enthusiasm.",468,12,Male,Economically disadvantaged,Black/African American,test,2,3,2.5,2,2,2,2,3,2.5,3,4,3.5,2,3,2.5,2,2,2,3,3,3
2F8F2476D0E6,Success and failure,"""Failure when your start and success when you done"" This sentence is my prompt. To day I have read the prompt of British Prime Minister Winston Churchill. He said ""success consists of going from failure to failure without loss enthusiasm"". I agree with him. Because the mean of he prompt is similar of my prompt. I believe people can't success without failure.

Longtime ago when i was 5 year old I can remember on the nice day of Thailand. I walk on the way front of my house. I look around and see my bike in the glad. I took the bike and ride. I still can't drive my bike yet and I will practice and my parent teach me how to drive the bike. I practice almost 2 hour and still can't drive. I give up and try again tomorrow. At tomorrow during the morning I have to practice again and I still can't drive. I am so wonder and say to my self

""why I can't drive the bike"". Then my grandmother sit down on the chair and look at me. She said why you don't balance you weight of both side. That is answer of my question. I am try to make balance my weight and finally I can drive the bike.

The rule of this world is input always same output. The anything you get is come from anything you pay.

When you do something and you failure doesn't mean you don't get any. At least you still know why you failure and fix it. And get better and much better until you finish and successful.           ",265,12,Male,Not economically disadvantaged,Asian/Pacific Islander,test,3,2,2.5,3,3,3,3,3,3,3,2,2.5,3,2,2.5,2,2,2,3,3,3
3094C86F9818,Success and failure,"Eventally Failure's become succesfull.

One of the smartest Prime Minster's of Great Britan history, Once said ''Success Consists of going from Failure to Failure without loss of enthusiasm.''

Those where the word of a very powerfull Men in Great Britain history. He must of had alot challeging momments while he was growing up. He defitally had alot of issues to deal with while he was Prime

Minster. He had to deal with World war two when Germany Kept bombing them in Britin and they where losing the war before the United States join the war. He had the future of hes country in he's hands.

Some people say if you fail at something you should quit. They have there point. Some things are not for everybody like for me skatebording. It was fun while it last. I was going down a hill and I twisted my ankle and I jumped off the bored and hit a car breaking the window glass. After that I thought about skatebording and said ''NOPE''. I want to keep my ugly face and had to pay for a broken car window glass and Doctor bill. The other thing's I tried and Failed at and quit was track. I I should've just played Football. I don't Know why I tried track but I did.

I knew I was in the wrong place once I saw these Kid's built like sticks. They looked like they need food, they where skinny and small , but that's how track runners look like. I tried it for a week , enough time to get the unifrom. It was Horrible doing track all we did was run around the track. I thought maybe if I try it I would have fun ''NOPE'' I didn't. I didn't want to look like a skinny tall stick so I quit.

There's a differnce between being passionte about something and just doing something. I think If your passionte about something you should not quit. I'm passionte about helping people and making money. I know if I fail at doing what I am passionted about I am going to keep trying until I die. People didn't get to places by just saying ''Abrahkdrah'' Maybe if your Hodinny but if your not Hodinny you got to put that work.

I know this guy that was Prison and after Prison worked at a Wendy's. He hated every day he worked there cleaning restrooms and taking gums out of underneth the table. He hated the most being bossed around by a little lady but kept He's cool and saved up He's money and open He's own bussiness. He is now a owner of a tree cutting company. He had alot of problems Operating the company but he nevre quit he kept working and always staying postive even if things were not looking good. He's company is looking good now. He likes to go to Wendy's on weekend just to go flex he's new car on he's ex boss just to make her mad and feel bad on how she treated hem.

I totally agree with this quote.''Success consists of going from Failure to Failure without los of enthusiasm'' You got to be a Loser to be a winner.",473,12,Male,Not economically disadvantaged,Hispanic/Latino,test,3,3,3,3,3,3,3,3,3,3,3,3,3,3,3,3,2,2.5,2,2,2
364285D0C33B,Success and failure,"I agree with Churchill's statement because many times when we fail, we learn not to make the same mistakes and that's there when we going improve litle by litle without losing enthusiasm, because when we want somenthing it does not matter how many times we fail.

When we want to achieve somenthing important in our life, failures come, but after the failures comes the success and it is there when we realize that it is worth going through the failure to win that we want to successfully achieve worthwhile and let's say it was worth, it is worth so much effort and so many failures and we can learn to value things.

Maybe some people who fail so much lose enthusiasm and no longer want to fight to achieve what they want ad that is a mistake that many people make, because that is what life is about to fail, to learn and to value things. It is important not to lose the enthusiasm and neither the faith, and the hope also believe in our-self. Many times we do not want to risk getting what we want because of the fear to failure and we do not relize that failure takes an important place to achieve our success.

For example: I have failed many times in my writing SOL, but effort to keep trying and pass it, because I am enthusiasm to graduate and this is somenthing that I need to achieve my success and my parents are proud of me and I know that God will help me to graduate and pass this SOL.",239,12,Female,Economically disadvantaged,Hispanic/Latino,test,3,3,3,3,3,3,3,3,3,3,4,3.5,3,3,3,3,3,3,4,3,3.5
3670CB1DD363,Success and failure,"Even though my friend was keep failing her math exams, she never lost her enthusiasm or hope that she would eventually pass her exams. Famous Winston Churchill once said that succeeding consists of going from failure to failure without a loss of enthusiasm. I personally agree with his statement about success and failure, and here are my reasons why I agree with him:

My first reason is that if a person fails something and doesn't want to try again then they have a higher chance of failing. For example, what if my friend after failing her exams suddenly lost all of her enthusiasm and showed no sign of improving, then she's never going to succeed because she's no longer trying to improve. That's what a lot people do after failing something, they either get depressed or are never willing to try again and that's what causes them to fail. Somebody has to try to achieve something and even if they fail they can try again eventually. That's one of the reasons why I agree with his statement, trying again is one of the biggest things leading to success.

My second reason is that a person can be more prepared when their retaking something. For example, a person can look back on their original test and see what they did wrong the first time around so that they can improve. Another way of a person being prepared is that they can spend more time studying if they didn't have enough time to study the first time. Being more prepared can help someone understand the questions their answering and see what they did wrong the first time around.

While some people agree that succes consists of going from failure to failure with a sign of enthusiasm, others may disagree by believing that success doesn't consist of failure to failure with a sign of enthusiasm because they've taken this advice before and they've never been able to succeed in something. While this may be valid, these people might also have to keep in mind that they need to be enthusiastic and confident while taking these tests. For example, I don't think it's ever a good idea for a person to take a test or prepare for a test while their angry or arent motivated. I think this way because they'll just have a mindset that they're going to fail or that they need to get this over with as quickly as possible, which isn't good because a person shouldn't feel rushed or stressed when their working on a test. I think when people who are hopeful or confident when they are about to do a test have a higher chance of succeeding.

I agree with British Prime Minister Winston Churchill's inspiring statement about how success consisits of going from failure to failure without loss of enthusiasm. My first reason why I agree with his statement is that if a person never wants to try improve themselves or try agin then their never going to improve. Another reason why I agree with this statement is because a person can be more prepared when retaking these tests like having more time to study or be able to learn from their past mistakes. I think Winston Churchill's statement is very inspiring and influential to every community that's out there, because it can be told to any person who's losing confidence in himself after failing something and can easily boost their enthusiasm.",547,11,Male,Economically disadvantaged,Hispanic/Latino,test,4,3,3.5,3,3,3,3,4,3.5,4,3,3.5,4,4,4,3,4,3.5,4,3,3.5
36F119F39108,Success and failure,"Winston Churchill said ""succeeding consists of going from failure to failure without lost of enthusiasm."" I agree with Winston Churchill because failure can make people try harder, it can be a life skill, and also you can make new friends on the way of your journey.

Having failure can make people try harder than before. An example, is cosmetology because people are going to fail on a hairstyle, but it doesn't mean that they are going to quit. Some people will try and try until they get the hairstyle down or they will go get the teacher so the teacher can help them. When they master the hairstyle they may feel good about theirself because they did not quit when it got hard, they push theirself step by step.

An other reason to have failure in peoples life, is it can turn into a life skill. Failing on a hairstyle can be fustrating. Being fustrated can make people mad, and being mad is a bad result. An example, being fustrated with a hairstyle can make you mad. Being mad can make you forget where you're at. It can make your tone change. But if you know how to control your frustration then you will not lose a client or your job. Knowing how to control your frustration is a very good life skill.

An other reason having failure is you can make new friends. An example, is if you fail on a hairstyle you may not be the only one having trouble with that hairstyle. You and the other person can work together to try to figure out the hairstyle. Then you may start having to communicate about the hairstyle to see if you're doing it right or wrong then you may ask her about personal stuff like what's your favorite color? What's your favorite animal? And after you ask some questions you figure out that you guys have stuff in common.

Failure plays into success because people will try harder with their work, learning some life skills that you can use in your lifetime, and also meeting new friends. On the way of seceeding your goals you can feel good about yourself and it can make you feel like you can do anything.",355,11,Female,Not economically disadvantaged,Hispanic/Latino,test,3,3,3,3,3,3,3,3,3,3,3,3,3,2,2.5,3,3,3,3,3,3
38A9AEE19B1D,Success and failure,"Have you ever failed at something and automatically give up? Well , Former British Prime Minister Winston Churchill once said , "" success consists of going from failure to failure without losing enthusiasm "". i agree , Losing does not feel so good but it can encourage you to do better and to push yourself to the max , a lot of athletes , musicians and even actors failed at one point , a storm is always followed by a rainbow.

Firstly , everything that happens , happens for a reason. Yes , losing may not feel so good , but it can motivate people so they can do better. For example , when i was younger my team and i failed to bring the soccer trophy back home, but we were committed to win the next year so practice everyday after school till the sun went down , it all payed off that very next year we won the trophy. I see failure as a good thing because i learn from my mistakes.

Secondly , not everyone will succeed one the first try , a lot of Athletes , Musicians and Actors failed at one point before they made it were they at today . For Example , I failed 11th grade , but that did not stop me from graduating. Although i did think about dropping out i didn't , With the help of my teachers i passed all my classes . Now i'm a senior and i am committed to graduate no matter what happens.

Thirdly ,

I always tell everyone that no matter how bad a storm is at the end of the storm a rainbow will always come up. A.lot of people lose hope , they tend to give up after they fail , they need to have patients. Patients is the key to success , effort is very important to because you could have all the patients but if you dont put in the effort it wont be they way you plan it to be .

In conclusion , I think failure is a good thing , although a lot people have given up , the people who have used it as a motivation to keep trying will succeed because now they have learned from their mistakes. Failure encourages you to do better and to push yourself to the max , a lot of athletes , musicians and even actors failed at one point , a storm is always followed by a rainbow , these are the reason why i think failure would play in the pursuit of success .",427,12,Male,Economically disadvantaged,Hispanic/Latino,test,3,4,3.5,4,4,4,3,3,3,3,4,3.5,3,4,3.5,3,4,3.5,3,3,3
3D96910E1239,Success and failure,"First, the importance of enthusiasm is when we never give up. I am agree with Churchill's statement about the impotant role that ailure plays in the pursuit of success for 3 reazon. The first reason is that enthuasiasm is a good way to motivate people to keep going, the second reason is failure teaches us to be batter in this life and the last reason is that we have enthisiasm, we can do wathever we want to do. These are my reasons that I would like to talk about.

first,enthusiasm not just depends in oneself. It could be that others people can help each other. For example, if I giving up by failing, then other person sees me failing and helps me to do something better. Also, I can help people by motiation and showing to do or to carry something easy. Many people that take a job and then the fail, but they have the enthusiasm to do it again and better than the first one. Of course some people do not think the same way. If they fail, then they just give up and they do not want to redo it again. A real example is when you have a buiness and you are not earning enough money and then you break, and you do not have the enthusiasm to do or to find other way to do it better.

In a company many people used to loss the enthusiasm, and that is okay because we are here do do mistakes and do not be perfects.

secondly, failure is not always bad because by doing mistake we can learn how to do our job better. for example, when I am working hard and then something is wrong, but my manager says that I can do it, he is motiving me. That is a good reason that I can be more enthuasiasm. But do not be enthuasiam just for money, because many people do that. when we have enough enthusiasm and be positive for every single day, then you can do great things in this life by doing mistakes and failing in every job. So, failure could be one of the best way to learn and keep doing your job better. I like this reason because I know that to be enthusiasm is not easy. I have been doing mistakes in my job, Also sometimes I though to give up. In addition, that was just a though, nothing wrong with that. It is sad when we see peope giving up and we just want to help, but we cannot because these peope do not want help. Most people that decided to give up and then they lost they job and the enthusiasm they just do not want to do anything to be better. I mean that the failure in some people is badand the most of the people good.

The third reason that I would like to talk about is that we have enthusiasm we can do and be better in this life, work or any buisness. It does not matter if we fail, but if we have the enthusiasm we can do wharever we want to do. For example, when I was 11, my that always excites me when I was in school, and to do my homework. But now that I am an adult this is more diffilcult to decide what career stady. I will never forget what my dad used to teach me. I never loss the enthusiasm, sometime I fail and then I stand up with the same way that I fall. Also, if you fail and then your life changes toltaly and you pass to be a coworker to be a manager. That is great.

Becase you did mistakes and then you had the enthusiasm to be a better person.

In a company if there is the enthusiasm and the company wants to be the most importan company in this word. This mean that the enthusiasm is good for everybody that who wants to be positive and a good person.

I conclution, these reason that I am so agree with Churchill's statement, we can do things better if we want to. That is why I am agree with him. None is perfect in this life, job or buisness, we can make mistakes and learn about our mistakes. Just be positive and do your job easy by failure to failure, but never lossing the enthusiasm. I will be always positive in this life by fuilure to failure but never loss my enthusiasm. ",753,12,Male,Economically disadvantaged,Hispanic/Latino,test,2,3,2.5,3,3,3,2,2,2,3,3,3,2,3,2.5,3,2,2.5,2,3,2.5
40007FDDC453,Success and failure,"Failure plays in the pursuit of success

Former British Prime Minister Winston Churchill said that ""success consists of going from failure to failure without loss of enthusiasm"". I will support my idea that failures plays in the pursuit of success. i will support three ideas about this topic and these ideas are: you learn when you fail, you will take thing carefully, and you will be a honest person.

First, I think you learn when you fail because every time you do something wrong you will not do this like the past time, you will try to make this better. For example, when i was young i was trying to drive a bike, but at the time i was trying i fell, i didn't give up, i tried many time until i learn how to support my self. I know that many people don't try to be successful because they don't try to face their problems they just quit them. If you fight them you will get strong and you would not fall easily again.

Second, I think that you will take things carefully because you will know what you did to have them. you will be care about your thing and you will be comfortable when you take a look at them. it will be like me, i felt comfortable when i bought my first phone. It take me a long time to have that money, but i work hard and i bought it. I know that it is a simple thing but in that time it was all for me. Now it is broke but is my first phone i will take this like a memory.

Then, I think you will be honest because if people ask you how you got successful you will tell then that you didn't give up. You worked hard, you fell a lot of times, but you got up and try again until you were done. I'm honest i fell a lot of times off my bike but i didn't give up. If someone ask me that why i didn't give up. I will tell them that i was exited to play in my bike, i wanted to go around the field, i wanted to go fast and I just wanted to have some fun.

Finally, These are my opinions that support, ""failures plays in the pursuit of success"". So, we can use these ideas or this topic to enroll people to take risks and tell then if there are bad thing they need to fight them and they will be successful. I think every person in this world had fell one o more times and they didn't give up.",451,12,Male,Economically disadvantaged,Hispanic/Latino,test,3,3,3,4,3,3.5,4,3,3.5,3,3,3,3,3,3,3,3,3,4,3,3.5
4030DE7F410E,Success and failure,"Generic_Name

English Writing SOL

March 12, 2020

Success in life.

Former British Primer Minister Winston Churchill once said that ''success consists of going from failure to failure without loss of enthusiasm. Life get harder when people are trying to reach their goals. Not losing the enthusiasm is the key for people to get success. Sometimes when people fail they gain skills that can help for the future. Success consist of going to failure to failure without loss of enthusiasm because people earn experience and people get proud.

First, Success consist of going to failure to failure without loss of enthusiasm because people earn experience. For example, Generic_Name was trying to be a teacher and move out of her parents house,her parents were telling her that she cannot move out of her house because that will be a lot of responsibility she did not pay attention to their advise and she move, After three months she didn't have money to pay her bills and she give up with everything and move out with her parents. Even thought people do not reach their dreams they learn from what they did and also that can be beneficiary for the future. To restate, people get experience that will help them for later.

Second, Success consist of going to failure to failure without loss of enthusiasm because people get proud. For example, Generic_Name want to pass her math exam but she wasn't sure if she could pass the exam because it was the harder exam and because of that exam depend if she graduate or not, she study for 2 days and she get to pass the exam and she graduate. When people try hard they can accomplish their goals even through is difficult. To restate, working hard and not giving up is the way to be success.

Some people may say that success do not consist of going to failure to failure without loss of enthusiasm. This point has merit because what would people try again if they fail the first time. However, success consist of going to failure to failure without loss of enthusiasm because life is about fall and stand up. For example, Generic_Name was a man that use to have the better cars, the better phone, the one with the most money in his country, one day one girl came and he fall in love and she stole all his money and he ends with no money and no friend and sleeping in the streets, One year late work at a Barber shop and he gain to recover his life. To restate, even though life gets hard and people treason us with out knowing how hard we work for the stuff that we have life keep going and we can get over it.

To summarize, success consist of going to failure to failure without loss of enthusiasm. For example, people get new skills and experience, also people get proud of themselves when they accomplish they goals and dreams that they are being achieving. And lastly, people dont want to try if they know they are going to be success. Therefore, Failure plays a important step of all the people life that people can never forget. Never loss the enthusiasm is important to reach our dreams.",549,11,Female,Not economically disadvantaged,Hispanic/Latino,test,4,4,4,4,4,4,4,4,4,4,4,4,4,4,4,4,3,3.5,4,5,4.5
4167630691D3,Success and failure,"one topic that is frequently debated: Former British prime minister Winston Churchill said that ""success consist of going to failure to failure without loss of enthusiasm."" Some people think that fail helps people become a successful person and, they feel that is important to fail and start doing things the right way to be success. I believe success is hard to achieve. Sometimes you will fail, sometimes you will have to work hard, and you will want to give up but, if you want to be success work until to achieve it.

Some people think that fail, helps you change your way of thinking because you have to work hard, if you want to achieve something in you life, don't make yourself and your mind to never think in a positive way,always think positive and it will be very easy, to achieve all the goals you plan your to be in the future and you will see yourself become success. Fail isn't just getting up from the ground is also working hard and preparing yourself for the future and best for your the rest of your life.

People feel that fail is also a lesson for life you learn form mistakes that you made in the pass. Mistakes also helps you understand how hard life treat you sometimes and how hard is to achieve something and is really hard to become success in life. Famous people like actors, soccer player, etc, they also have to fail something and put their heads up, and learn form mistakes they had made in the pass and they want to be success all the time that's why they never give up because they always want more and they always want to be success in life.

I believe that success consist of going to failure because if you never had fail before you will never learn and you will never work hard to achieve what you plan yourself to be in the future and you will never become success in life. I have leaned so much from my mistakes that i had made in the pass, and i'm still learning from every mistake i make, and i'm trying to become success. If you make a mistake never feel sad or never try to put yourself down. Try to stay positive and never lose your enthusiasm to become success and learn from mistake.

As you have read success will always be hard to achieve because you have to fall and get up and learn from mistake you make all the time and i agree with Churchill success consist in failure but, never have to lose your enthusiasm to learn and become success in life.",431,12,Male,Economically disadvantaged,Hispanic/Latino,test,3,3,3,2,3,2.5,3,3,3,3,3,3,3,3,3,4,2,3,3,2,2.5
4362342B2DAB,Success and failure,"Former British Prime Minister Winston Churchill once said that ""success consists of going from failure to failure without loss of enthusiasm."" in other words, people should not give up and never loss eagerness. failing will not prevent us from achieving our goals. we can't argue that encouraging words can also help us to achieve our goals.

First, failing in any major of our lives can teach us a lessons and learn from it. for example, students can make a lot of mistakes in first test while in the finial test the chances of making the same mistakes will decrease. the reason is because the students learned from their mistakes at the first test. also we can learn from society by learning how to choose our friends or people who are relevant to us. learning from mistakes is a very important thing to reach our goals or succeed in any major our lives.

Next, encouraging words helps to not lose our persistence. it also prevent us from giving up. for instance, some people need to listen any of encouragement words. it helps because it gives them positive energy to succeed or accomplish their work in short time. it's a good thing to get a good words from other people, this can make us feel that we can do it.

Some people may disagree with Churchill's statement. people may think that failing will not help them to be happy. this point makes view because no one likes failing in any major of their lives. however, we can try our best and have faith in ourselves to succeed and to accomplish our goals.

it's a pivotal to the people to not loss their enthusiasm.

To sum up, the prime minister, Winston Churchill was correct. he said that success comes after failing but without losing our faith or hope. In same way, giving up is not a thing. we should not give up to reach to success. mistakes also teaches us lessons and we learned from it by not doing it again. good words help people a lot by encouraging them to successful life. on the other hand, people hate failing and this view makes sense because no one could stand being loser in any major of our lives.",351,11,Female,Economically disadvantaged,White,test,3,3,3,2,3,2.5,2,3,2.5,3,3,3,4,2,3.5,3,3,3,3,3,3
44EBBDE247AD,Success and failure,"All Human been have goals and objectives in their life. To be successful is the dream. Some people may think that after trying once and fail, it 's over and whatever you tried for is not made for you. They try for a very lightly and then give up right when the opportunity is in front of them ignoring what they missed. In order to prevent that, it's better to give everything you got, keep fighting for what you believe till you finally achieve it. An intellectually gifted man once said ""success consists of going from failure to failure without loss of enthusiasm"". This quote is exactly true because, everything a person goes through makes them stronger, after many tries you will obviously get it right, and nothing good comes easily.

Everything a person goes through makes them stronger. For example let talk about someone that never being to the gym before, they probably think inside themselves that the gym is not for them and some peoples don't even want to try. there are some people that dont like what their body look like but are too scared to try the gym and think it's not worth it. But then they see everyone else,that gym changed them and their whole life, people close to them encourage them. They all believe in you, and one day you finally decide to give it a try at least. When experimenting the gym for the first time, it's hard and seem like you not making progress. But after a period of time, you get used to it and realize how easy it is now. And your body start changing and now you know deep inside you that anything is possible. The same workout that once made you struggle so much became a warm up to you.

A lot of stuff seem hard to do and sometimes you just want to give up. But keep in mind that after a couple tries, one of them is going to be the right one. I'm going to take a fisher man as example. Anyone that ever went fishing know that it takes time. To be successful at fishing it's required to have a combination of skill and patience. Just like in real life. To be successful, patience, skills and keep trying are keys in life to be successful in anything.

There are a lot of ways and a lot of type of success. There are short success and there are log success. And we probably agree on the fact that no one want to have a short success, which brings us to the third point. If success consists of going from failure to failure without loss of enthusiasm and nothing comes easy in life. This proves that the best success, the one that last long and the one one expected, will never come easy. Everything good in life got to be fight for. And will be worth it and everything easy will last a short period of time.

Success consists of going from failure to failure without loss of enthusiasm because, everything a person goes through makes them stronger, after many tries you will obviously get it right, and nothing good comes easily.  ",570,11,Male,Economically disadvantaged,Black/African American,test,4,4,4,4,4,4,4,4,4,4,4,4,4,4,4,4,3,3.5,4,4,4
4523C54AD30A,Success and failure,"The succes comes after the failure.

There will be many failure that will come accross in life that will want to stop you from succes. I agree with Churchill's statement that we need to fail in somenthing to learnd how to come back up to succes. Also, you need to know how to stay firm in problem, find how the importance of how succes in life works, and sometime you need to show other people your own experience in succes.

To begin, there ere problem in every person life. In life there will be no time that you will have any problemn matter how small thet problem, affect you or not. You will have the feeling that will try to keep you out of your mind. Also lot people that we can get to know or inspect that has a good life and we say that person is doesn't have any problem but if you see his backgroud information we would see how statred from batton to all way up. For example a person that has a lot of money or living a good life going every where or has a company and we can guess that person live a good life full of happynest.

Next, the importance of how succes in life works. The succes always comes after failures if we don't know how does two words works toguether. These word succes and failures is very important like when you finish or acomplish something important, that you had to pass many night trying to solve or working to make yours goalds to come true. And every succes the you have earned in life and all the benefit that you got is because all the failures and problem that have been coming accross your life path you have been strong enough to go through them.

Third, to show how other peple that succes is alway the answer of failures. In my experience when I came to U.S.A. The huge problem was that I didn't speak English and I didn't know it was going to be my first day of school. It was difficult to me because I didn't understand a lot of what other people were saying. So I start watching videos, movie and shows in english that I knew that will benefit me and improve my English. And I need to start pracing more paying attention in class practincing with my friends and my cousin. There one sentece that people says is the succes doen't come from the night to the day. We need to work hard and have in your mind wahat is the best we can do to acomplishing all yours goals you have in mind.

To conclude, To succes in life you need to fail in life to get up back to succes there allway will be problem that are going to accros in your life pah trying to stop you from succes. In each person life there are many different problem. Also if we put in mind how succes and failures works toguether we can take our life more closely. And we can help other people how to succes if we show them that not everything is not lost you still have time to recovered from your failures into your succes. ",495,12,Male,Economically disadvantaged,Hispanic/Latino,test,3,3,3,3,3,3,3,2,2.5,3,3,3,3,2,2.5,3,2,2.5,2,3,2.5
45487C53673C,Success and failure,"""Enthusiasm and success consists in go forward""

Former British Prime Minister Winston Churchill once said "" Success consists of going from failure with out loss of enthusiasm "".

The important role that failure plays in the pursuit of success is because make a strong feeling in the interior of a person, and it will never let a person give up to get success of the dreams.

The first reason is the importance of the role that failure plays in the pursuit of success is because makes a strong feeling in the interior of a person.

For example, Generic_Name wants to complete his senior year in less than seven months, but he have been tried this many times, and he always fail it.

In addition for this example, Generic_Name keeps going forward and he has that strong feeling in his interior even thought if he has fail it many times.

Moreover, the role of success that Generic_Name has in his life is very important to him and makes him thinks positive about his failures.

To continue, strong feeling in the interior of a person is important as Generic_Name's example is in his school because that was the only positive thing that he have been keeping in his mind once time the senior year started.

Thus, positive and strong feeling in the interior of a person is an important skill for pursuit one's success in her/him goals.

The second reason is the importance of the role that failure plays in the pursuit of success is because it will never let a person give up to get a success of the dreams.

For example, Generic_Name is a cuban girl who wants to be nurse in one of the most important hospital in Virginia, United State.

Even thought that she do not speaks English her dream will become true because Generic_Name will never give up to pursuit her success to be a nurse.

She has been tried this many times, but the principal of the hospital do not accept her just because she do not speaks the language however the importance for her to be a nurse is more important than what others say, and she keeps going forward.

In addition, no one will stop her to pursuit her success, yet the failure in her life has been the positive idea for her to always look beyond than others's ideas.

Thus, the role that failure plays in the life of a person is an important skill for pursuit one's success.

On the other hand, some people say that the statement about the importance role that failure plays in the pursuit of success in not the best way for a person to continue going forward in her/him dreams.

It is true if a person's dreams is to live in Mexico and that person lives in Cuba it is impossible to travel to Mexico because the Cuba's immigration will not let you to live there.

However, the role that failure plays in a person life is important because that make a strong feeling in the interior of a person, and will never give up without success of one's dreams.

Thus, even thought others think differently about the importance of the role that failure plays in one's life, yet it is important that a person understand and analyses that failure always will be the best way that a person can choose in her/him life to have successful goals.

In conclusion, to restate the point, the important role that failure plays in the pursuit of success is because make a strong feeling in the interior of a person, and it will never let a person give up to get success of the dreams.

Primarily, when a person has the strong feeling in his/her interior, yet it makes that person think positive going from failure to failure without loss of enthusiasm.

Furthermore ""give up"" is not word for that kind of person who always think beyond than others even thought if the dream is impossible for others.

However, other people are agree that pursuit of success is not the best way to be successful in life. To conclude, the important role that failure plays in the pursuit of success is the awesome way to have completed your dreams without loss of enthusiasm.",684,12,Female,Economically disadvantaged,Hispanic/Latino,test,2,3,2.5,3,4,3.5,2,3,2.5,3,3,3,3,3,3,2,3,2.5,3,4,3.5
460BB140DB78,Success and failure,"Do you agree or disagree that failure is a important role to success? I believe that failure is an important role to success. When people tell me ""Don't give up, try harder next time"" It help me past the objective that made me fail comes back, and it makes me want to try my hardest this time. Failure is important because without failure life will just be easy. Failure is a very imporant part to becoming succeesful because, it gets you where you want to be in life.

Failure is always a big part to success because everyone has to go though it to become successful in life. They might have failed a test or might failed something important, but when they get it again they will practice to succeed the next time. Everyone will go though something that failed them in life. Life with failure is hard sometimes, but it gets you where you want to be in life. Failure shows who you are, because if you fail too much you can be grumpy all the time because you don't try at all.

To become succeesful you have to go though failure first. You will feel how it is to fail, so you can try harder the next time. Failure to success is important to us because, you will just pass everything without doing anything at school. Some people try hard in school and other don't so they fail and do better the next time and succeed. Everyone says ""Failure is the key the success"". So you can go though challenges to become successful.

Others might say failure isn't a big part to success because some grow up already successful. They never went though a challenge. Without failure life will be too easy. You don't have to worry about failing, you will just be successful the whole time. Life won't be challenging. You won't get anywhere in life without failure.

In conclusion, failure is a very imporant part to success. You won't get anywhere in life without failure. Success is part of failure too because when you pass more challenges come. Failure to succes is a big role in life, because you lose a little hope, but when you success you gain more hope in yourself. Failure to success is important to us because it shows us things in life we have never experienced in life. ",380,10,Male,Economically disadvantaged,Hispanic/Latino,test,3,4,3.5,3,4,3.5,3,4,3.5,3,3,3,3,4,3.5,3,4,3.5,3,4,3.5
462EC285B036,Success and failure,"Sucess is not somthing that you get easily, succes is long hours of work, focus on your dreams, and never give up. You might faileld a couple times but also that will make you strong enough to not repeat the same mistake again. Life is about to learn from failure. The quote that Minister Winston Churchill once said: "" sucess consists of going from failure to failure without loss of enthusiasm "". In my opinion, it's complety right.

Work hard will make you a strong person if you ever get failure. First, dedication is the most important thing to get sucess. The people that have dedication almost always get what they want, they make their dreams come true because they are passionate about it. Also, working hard makes you a better person in life and helps you to understand how much it ocst to get something that you been wanting it. Who does not want to have a successful life?. Everyone wants to have a sucessful life, but only a few people work to get it. Sucess won't come to you if you don't make the enough sacrifice.

In addition, sometimes you would fail, but that doesn't mean that you have to stop and give up. Never give up. There is a lot examples how people became sucessful after a failure. One of them is a scientific called Alberth Einstan, he made mistakes so many times while he was doing his experiments. People didn't believe in him, or that he would do something important. but, he didn't listen to them and he kept working. Nowdays he is one of the most important scientifics in the history, and people teachs what he discovered. So, my point is that no matter how many times you fail, you must to get up and keep working because you learn from mistakes and if you fail you will have another chance to improve what you have done and make it better.

Keep focus on your dreams. Everyone has dreams or something you are working to get and if you keep focus and don't let anything to stop you the result will come to you soon. Even though sometimes you feel like you can't do it, take a break and start over. Follow your goals because that's why you are working for. In your head must be the famous quote "" Nothing is impossible "".

In conclusion, sucess consists in enthusiasm, failure is that thing that you need to understand that you can't stop,

and also to think about what you did wrong and do it better. I believe that failure is an extra motivation to keep working, to keep looking for sucess. In the end of everything, it would be so easy to get sucess without a failure. ",436,12,Male,Economically disadvantaged,Hispanic/Latino,test,4,4,4,4,3,3.5,4,4,4,4,3,3.5,4,4,4,3,3,3,4,3,3.5
48CE4CFF4C8E,Success and failure,"One topic that is frequently debated is whether or not the success is really important to everybody.

some people belive that they are not able to get the success. They think is imposible to get the success because is very hard. I believe success is really important to everybody to be able to have a better economic level, to help the population, and to be an good person.

One reason why I believe the success is important is because they could have an better economic level. Long time ago a lot of people had poverty around the world. They did not want keep studying to get a better success to be able to have a better style life. The parents or grandparents who were resposable of their kids they did not have the facility or posibility to be able give them a good feed. There have been many children who dead for the poverty of their parents, all that happened for the bad economic level.

Another reason a lot of people when they make a mistake,they think are not able to get success. The success is not imposible to get it. many people believe that is imposible when they make a mistake. all teacher or people who got success they have been in dificulty, but they always have been positive or enthusiasm to get it. My best friend always he wanted to get his CDL license to drive for a big company , he kept studying with too much enthusiasm to be able to get it. Thank God he got it because he effored.

Final reason I belive success is very important is because the people who have success help to another.

Long time ago many people did not know how to read some book, but with the help of the teachers now most people learned how to do it. Long time ago the countries had more poverty because a lot of people didn't have success to be able become in a develament country.

As you have read, The success is very important to the population.

The enthusiasm keep the people trying to get success. The success to make the people can be in a good style life and get better opportunities in general.                       ",374,12,Male,Economically disadvantaged,Hispanic/Latino,test,3,3,3,3,3,3,3,3,3,3,3,3,3,3,3,3,2,2.5,3,2,2.5
4A2796E31DF2,Success and failure,"Yes, Former Prime Minister Winston Churchill is completely right because success does consist of failure,

also never loose enthusiasms if fail, and another thing is reaching for success is hard working.

My first reason is success does consists of failure because it's actually true, lets be honest everyone fails once or twice in there life time. Success is a hard time goal to reach, a lot of mistakes will be made but you're also going to learn from them. Never quit if fail because it will make yourself look weak, always keep your head up and reach the success of your life time. A couple problems will be coming your way and try to stop yourself from reaching your success but it will not happen fix the problem and move on forward.

My second reason is never loosing enthusiasm while reaching for success because in success you'll need a positive attitude, don't stress over it because that will make you fail plenty of times and it will make you loose your mind. Be strong and patient through the process of reaching your long life time goal of success. Don't loose enthusiasm while the process because it wouldn't help at all. By not loosing enthusiasms towards yourself and your success goal, your mind will be able to think faster, better, and stronger towards your decisions.

My third and last reason is that success is a hard working matter because it's not an easy task, it takes time to reach the top. Success shouldn't be an easy task to reach and it's not. To reach this long time goal means that you'll need to have your A game on because if not it will make you fall easily of task. By reaching this success goal it will payoff at the end of the road because hard work does pays off but don't loose track because of all the hard work have already put into it and the things that are going to be needed to reach this successful goal.

I think success is a long time goal because it takes time, patients and failure. But to reach that success you gotta be intelligent about it and you need to know what your are doing and dealing with. It also depends on the success you're going for. For example some people do reach their long time success goal that they wanted in life but because they put hard work and strength into it.",365,12,Male,Not economically disadvantaged,Hispanic/Latino,test,4,4,4,4,3,3.5,4,3,3.5,3,4,3.5,4,4,4,3,3,3,3,4,3.5
4A3A73608D0E,Success and failure,"Although some people say that failure has no pursuit of success, but what they don't know is that failure plays a big role in our lives. You can fail in a lot of thing like not doing your homework, on your job that you were given to do, and on a test.

First,doing your homework has an important role for success. You can chose not to do your homework and learn by failing that way. Homework has people stressed by how much you have to do, and if you know the subject of what it's talking about you will do fine. Failing is the way you learn through your problems that you have from doing your homework or not doing your homework. You just have to know that at the end of the day you will learn that by doing something always has results to it.

Next,by having a job to do you will all ways have problem ahead of you. You will have to face failure or that failure can have a success. There could be a task that was to hard to solve on your own. You can ask for help on your job so that you can understand it. Jobs have charts that have failures and success to it and they keep the % of the number on their chart. By not giving up on your failures you can succeed in your job. Don't rush in to things that you can't do alone.

Finally,on a test you can fail it by not studying, and you learn by not studying there will be consequent of your actions. You will well in your life that by studying you will succeed on the test that you were given. Test are just something we all have to do like in my school we are given test on our homework, and it can be hard but by studying i got a good grade on it. On the test you can get stuck on an answer that you don't know what to do on it doesn't mean that you failed it. 25% of people in my class failed their test, but when they got home they studied hard for the next test so that they won't fail the next one. Over all they never gave up after one failure of the test.

By making those dissension you can learn from your mistakes and give it your all you got. No matter how much you failed you will always succeed. There's always a way that you can succced in your failure.",418,11,Female,Not economically disadvantaged,Asian/Pacific Islander,test,3,3,3,4,3,3.5,3,3,3,4,4,4,2,3,2.5,3,2,2.5,4,3,3.5
4C1783D806CE,Success and failure,"Success consist of going from failure to failure without loss of enthusiasm.

First, it's means that all failure we have can make us strong and success people.

For example, the people enjoy more the things if first there are failure.

Next, there aren't to loss of enthusiasm because is one of the key for the success.

Inasmuch as if we without loss of enthusiasm, the people don't want to fight against failures and they aren't going to be successful in their life.

For example, the people who has enthusiasm and dedication, he or she has more opportunity to be successful that a person who hasn't that things.

The most important, people that have a lot success in their life; first they had a lot failures.

The failure make them to learn about it, so they don't made the same failures again.

For example, if we make a mistake it was because we don't know about that but we need to learn about it, so we have make a better decision next time that we do determinate things likely.

Finally, the failures that we have in the life it doesn't matter because we are more than that and we only need to overcome it.

It doesn't prevent us nothing so we can make our dream and be happy.

For example, the failures make me brave and the person who I am but never limit me to do things that I want to do.",209,12,Female,Economically disadvantaged,Hispanic/Latino,test,3,3,3,3,3,3,2,3,2.5,3,3,3,2,3,2.5,2,3,2.5,3,3,3
4E1FF7795A48,Success and failure,"A not very wise men once said that ""success consists of going from failure to failure without loss of enthusiasm"".

People always say that falure is one of the keys to success but that is not true. Sometimes people fail on their daily life and never get a chance to success,Failure never leads you to success the only roll that failure plays in peoples life is to frustrate them and taking away their positive energy. Second of all, how is Prime Minister going to say that ""success consists of going from failure to failure without loss of enthusiasm""? Enthusiasm is the first thing you loose when failure arrives. For example, some people have been taking this test for alot longer than they're supposed to some people keep failing it, The school board expect students to pass this writing S.O.L, But what they do not know is that people loose their enthusiasm when they keep failing this test. Some may argue that after failure people get more motivated and that motivation that comes from failure is what helps them achive their goals for example when Steave Jobs creator of apple he failed High School and got kicked out of his own company but after that he did not let failure get in his way in other words his failure motivated him to create his succsesful company. Finally Adult people will always think that failure is the key to success but however this generation may not think the same way because they get frustrated very easy and they dont think the same way as adults. Young people are hard to motivate because once they fail something they set in their minds that they can't do it. However other people think that success comes from failure. People also say that there has to be a storm to have a rainbow this means that you have to go thrue failure in order to find success. Clearly, failure gets in your way to success depending on your atitude, Because if you are a negative person, failure does not help you become a positive person. If you're a positive person they will be nothing that failure can do to prevent you from reaching success. As you can see succsess is about being positive, Prime Minister Winston must have been a very positive person to see that Failure leads to success.",372,12,Male,Economically disadvantaged,Hispanic/Latino,test,3,3,3,3,3,3,3,3,3,3,4,3.5,3,4,3.5,3,3,3,3,3,3
4E3FEE69D23E,Success and failure,"Introducction-

Sometimes you try to do anything but you have afraid to the failure,you lose the hope of get it that what are we want. Some people think that its ridiculous but they don't know that the failure its a lesson of life because you learn about that,always you should though in your objetive,in the beneficts than this bring to you. Also all depends of the posture,if you have a good posture eveything its could be good.

For example: in mexico a person who tries to became president for almost 20 or 25 years finally he get it, he is a real prove that just show that the failure its a step for the goal. His name is Juan Manuel Lopez Obrador and its the new president of mexico,he never lose the enthusiasm and he never had afraid of the failure. I think that the failures its just that,ins't the end of the world,stand up and keep trying because if you don't to do something so you are nothing, the life is hard for everyone not just for you.

If you going to pay attention to each failure you need a miracle in your life,I mean,just let it go because the life is about troubles and failures , the problem its if you decide if those ''failures'' affect yourself. Another example is the soccer player Leonel messi,when he was a kind he had problems with his healthy and his height,but he doesn't care that,he keeped playing and finally the club F.C Barcelona payment for his treatment and today its one's of the best soccer players in the world and the history of soccer.

The failures aren't bad,well, in some situatons yes but for me its apprenticeship, its knows that the road to the goal isn't easy but I going to get it because I have the enthusiasm and the posture and the failure aren't in my vocabulary. So, you have the choice,just keep working hard and to the end you have the satisfaction for yourself.

Conclusion-

Your archievement its would be the result of your failures,it that isn't to much,the satisfaction or the apprenticeship are the lessons in your life,don't matter how many failures do you have,just matter if to get it to surpass. Always thougth positive and still with a good posture,don't let that the troubles or failures affect yourself because the life can give you to much blows but with your good enthusiasm you can do it whatever you want in this life,",828,12,Male,Economically disadvantaged,White,test,3,3,3,3,3,3,2,2,2,3,3,3,2,3,2.5,2,2,2,3,3,3
50296CC178CC,Success and failure,"I am agree with Churchill's stamement about the important role of failure, to pursuit success.

This is a really good statement that I've been using to motivate myself because failure it doesn't mean the End.

Churchill's idea is to motivate people that think that life is a failure when we attend to commit mistakes, and many people makes mistakes but we shouldn't stop learning from our mistakes to continue living our best life.

I get a lot of motivation every time I fail because I'm not perfect and if I learn from something that I'm not really good at it, I try to do my best and improve every time I fail.

Fail is for the people that doens't think big, Fail is for those who doens't enthusiasm themselves to be better in life but they think different and if they want to success in life they shouldn't stop failing because only losers quit.

Based on this stament the fails determine who you are and how do you think, because after the storm, there's always a rainbow.

Even though when you feel that nothing can help you to get up because is really difficult to start from zero to hero, but step by step is how you reach your goals, nothing comes easy there's always a chance that opens the gates to discover new paths. Just being positve, show attitude, and care about yourself nothing is going to stop you.

In conclussion, I'm agree with Churchill's stament because consistent people achieve their goals as soon as you chase your dreams, don't stop pushing, and putting effort to become better. The failure is very important in life for the people that works hard and move foward. So basically failure to failure is how you success in life that's how you enjoy the things that are hard to get but, as soon as you believe in yourself you expect great results.",275,12,Male,Economically disadvantaged,Hispanic/Latino,test,4,3,3.5,4,3,3.5,4,3,3.5,4,2,4,4,3,4,3,2,2.5,4,3,3.5
535D2F56E335,Success and failure,"First i dont agree with church chill qoute becuase i think he not failure to no one or other prerson or people think he a failure i think that he need to be strong about his felling and to not let peoepl bring him done becuase this day no adlut like listing to other adlut they think is all jokes and they ans is really not you just talk t otalk about it

. will i think churchill is a great person and he dont have to be talking bad on his self like i think that he a great person and he should belive on his self becuase other people are going to be negative about him and he should always be positive on his self no matter what he going on like he have to try and love his self no matter what

. he shonent let that hurt him becuase i said i dont agree with the quote he said about his self i think no popel have to talk about his self like that former british is a great and amazing perosn

.

the important role for him is to always thinking that he can do stuff he cant' do he can dot hem put he always have to fine someone that he can let his stuff out like talking to somone that he is close to or need help like going out to out his self that he bein negative about his self . he should meet with other people that he think that are felling the same way he his . for exmple they stuff he can do so he can stop being negative is asked for help talk about it or asked people what he can do so they can hep him .

with lot of stuff all what he have to do is asked for help cause if you dont even try to talk about about it then all what you going to keep on doing is hurting your self u from not letting stuff our to other person or family that you are close to people who not going to talk about your self to other people cuase this days u cant trust no one but your self taht why i undersant that he saying tah he fauilure but he really not is he should talk about his seld a little more kinda

.",373,11,Female,Economically disadvantaged,Hispanic/Latino,test,2,2,2,2,2,2,1,2,1.5,2,2,2,2,2,2,2,3,2.5,2,2,2
540978A8C801,Success and failure,"I think that the prime minister winstor churchill can have success put he need more working but can have success

I agree that he can achieve be in big primer ministre , and that he have enthusiasm that if all can in the life also, can think better also have good idea and to if have many entthusiasm but continion work and not think that can failure .

somentime think stuff negative that no is good for example a student have test and think that not the not pas the test, but if think that failure but he have think positive but all can always that, if it success y also it support the other person that think better that help and also need be always positive.

my opinio not always it success in the life because if one think that if can have many idea positiva that if the achieve be prime ministre that if is impotant role they success for me not it failure all can in thes life always positive not negative but it person that not want see the better the other person.

One reason para have success es have better idea not think bab ideas always be intellingent ,be good person, have respect be responsible also be person happy, ans be safe be in better primer ministre and be sincere also surpise the other person that not leave in you and have good intend , and no have afford but no thank in failure have to must be better and have success.

my conclution is no think that not can because if can achieve and if it success in the life and not think bab idea only good idea but be good or better person and be good employees and transmitir good vide and have courage , and be you self .                                                                                                                                                                                                                      ",464,12,Female,Economically disadvantaged,Hispanic/Latino,test,1,2,1.5,1,2,1.5,1,2,1.5,1,2,1.5,1,2,1.5,1,2,1.5,1,3,2
58BC167E9D72,Success and failure,"I agree with Churchill's statement about the role because failure is the most important element in the persuit of succes. Being succesful is not an easy thing. The quote that reads ""success consists of going from failure to failure without loss of enthusiasm."" In others words this means no matter how many times you fail you shouldn't give up on what you genuinely want to do.

Everyone who is successful have been through things that has caused them to fail. Failing at something and no acknoledgedging your disappointment will not allow you to realize why you failed in the first time. However, the more important important message to take from this quote is that after you acknowledged both why you failed and how it makes you feel. You most attack the obstacle again with renewed enthusiasm and commitment to succes.

Overall, we come to learn more from our failures and difficulties than from our succeses. Failure can bring us to better ourselves and begin our challenge once more, only this time with more things and understanding. Succes may feel great once achieved, but it is really success if there was not failure. If everyone was to succed on their first try, we would not feel accomplished in the presence of successes.",202,12,Male,Economically disadvantaged,Hispanic/Latino,test,4,4,4,4,4,4,4,5,4.5,4,4,4,4,4,4,4,4,4,3,4,3.5
59A00E270F0B,Success and failure,"The Churchill's statement about success to me it is a good advice and motivation to the persons who are looking for help to reach their goals. For me he has all the reason, to reach the success ro be successful is not that easy. You have to hard for it and also put your mind to it, the mind has the power over your body. You will have to recognize and accept all those mistakes that makes you fall down. The fist reason why I agree with this statement is because he said "" success consists of going from failure to failure"", so that means if tou truthly wants that post in your job or you want to get a excelent job or even buy the house of your dreams, you will have to fight and go throw bad moments as I said already the things are not easy in this life all require a sacrifice, but you can reach your goals. Tthe secon reason, you do not have to give up because if you do you will never ve successful in this life.

First reason, I agree with this statement because motivate the readers and makes them see that nothing is easy and impossible and you will have to sacrifice yourself and do whatever it takes to reach your goals. Also make us see that we have to persevere until the end never give up and always learn about ours mistakes and look forward.

Second reason, never lose your enthusiasm this is very important, if you lose the enthusiasm you will never be someone in your life. It does not matter what is happening to you as I said look forward never look back, forget all those things that makes you setback and see the world with good eyes that is the secret of success.",291,12,Male,Economically disadvantaged,Hispanic/Latino,test,3,3,3,3,3,3,2,2,2,3,3,3,3,3,3,3,2,2.5,3,3,3
5A138047A49F,Success and failure,"In the past British Prime Minister Winston Churchill say ""sucess consists of going from failure to failure without loss of enthusiasm"". I agree what Winston Churchill say, if you want become success you need enthusiasm.

First, do you know inventor? If inventor want to invent something, in most time they will fail and fail. But why those inventor don't give up, because those inventor have enthusiasm. Those inventor know they will fail and fail, but they still have enthusiasm in heart. However they know if they give up they will lost those enthusiasm and lost courage. Those inventor will fail again and they will try again, enthusiasm for success made those inventor never give up. If they give up they will lost enthusiasm in heart and become a loser. We don't want become a loser, thsoe inventor don't want become a loser too.

Second,let we think if those inventor become success what they can get. If they invent what they want. First,they can apply for patent and inventor can sell that patent to those company. Company will use what inventor invent to make a new produce, company need to pay money for inventor. Now inventor can stay in home do nothing but still can get money. Second, they will become famous, For example Thomas Edsion was the first person make light bulb. What those inventor make will write in history book and newpaper, people will know and remeber what they invent. Those inventor have enthusiasm in heart, enthusiasm for success and what can get if they success.

Do everyonne know Thomas Edsion? Thomas Edsion was first inventor make first light bulb. When Thomas Edsion try to make a light bulb, he fail more than thousandth time. In those few year he just fail and fail, but he never give up. In the end he sucess, he make a first light bulb. Thomas Edsion work for company, even in night city still like daytime. Thomas Edsion get a lot money because what he invent. Thomas Edsion become more famous because he was the first person make a light bulb, and he was wirte in history book people still remeber what he do. Thomas Edsion have enthusiasm in heart and he doesn''t give up, that was why he success.

What Winston Churchill say was right, success was consists of going from failure to failure without loss of enthusiasm. Those people success was have enthusiasm, enthusiasm for success, money or become famous was not matter.",383,12,Male,Not economically disadvantaged,Asian/Pacific Islander,test,3,3,3,4,3,3.5,3,3,3,3,3,3,2,3,2.5,3,2,2.5,3,4,3.5
5AE6F3EAEDFE,Success and failure,"'Success consists of going from failure to failure without loss of enthusiasm''

If we fall down, and learned from that fall we're never going to do it again, or if we do it we're doing better. Sometimes, we throw the towel just because what we were doing it was not a successful, but we need to try one hundred of time to make it. I'm agreed with Churchill's statement for few reasons such as: If I want to do it I have to failure first, and fall down and rise up without loss happiness of what I have down and recognize if it was great or bad.

To being with, in this world nothing happen from the night to the morning, because I have work hard to have anything I want, and that doesn't mean that is going to be easy no, I have to failure, to do the best I can. To illustrate, many people think that the famous persons are rich by what ever they do, but they one time also suffer same as us, they're up and down. If you stumble a rock pick up it and throw away, to don't fall down because the next time will hurt it. This can happen we we want to be successful we see the rock, but we don't throw away.

In addiction, fall down and rise up without loss happiness of what I have done and recognize if it was great or terrible. If I love my job I'm going to put all my spirit to do it great, and if doesn't work do it again without frustrated myself. For example, some people choose their job or their career because they earn more money, they will have a fancy life but their pledge is terrible because they don't like that they only want the money that is coming through their pay check, those people always failure and never learn. Nevertheless, if I want something that everything will be ok I have to put all my passion in that work to make real to do a very good work always with a smile in our face.

In conclusion, Chruchill's statement is one of the best and true idea that we have to stop and think about it, because this quote leave us a very important message, like I said before throw away the rock when you see it because you can stumble, or hurt your body. Everything in this life is to learn from the mistake, if you don't learn provably is because you're dumb, and you don't know anything about what is happening. Be happy if you failure, just do it again if you love it and put all your effort to make better.  ",416,12,Female,Economically disadvantaged,Hispanic/Latino,test,3,3,3,3,3,3,3,3,3,3,2,2.5,3,2,2.5,2,2,2,2,3,2.5
5F1F30B03C42,Success and failure,"Chruchchill is right, sometimes people try hard to earn scucess in their life but, it turns out to go from failure back to being a failure.

There are many reasons that I agree and disagree with Churchill. He has a point of saying "" Sucess consists of going from failure to failure without enthusiasm"" because many people now a days run after money but not sucess.

Being sucessful in life is something that not lot's of people have. It's easy to earn money, be famous but being a sucessful person in your life is not easy to earn. People understand the meaning of being sucessful late but they still try to be one of those in life. The people that go from failure to failure without loss of enthusiasm is because they never wanna give up. yes! being a sucessful person in your life in ever situation is not easy, you have to work hard and try to be a sucessful person. Not everythimg is easy in life we have to work hard to earn something. For example, when I wanna be sucessful and I start working hard and trying to reach my goal but, I go from a failure to failure without loss of enthusiasm. Because when you lose the enthusiasm ( Excitement)

that u have inside then in that time your an actual failure and you have given up. The main point of this statement is that even if you go from failure to failure you still have the enthusiasm inside you and your still hopeful.

Prime minister churchill is right in many ways by saying this statement. There are people who already give up by not being sucessful, but if they read this statement I am sure that they will always have hope of being sucessful in any point of life. Personally I learned something new by reading this statement by Churchill, it has given me lot's of hope and that it's okay to try something new even if you fail at it. No matter what always try to be sucessful without loss of enthusiasm.",334,11,Female,Economically disadvantaged,Asian/Pacific Islander,test,4,4,4,4,3,3.5,4,4,4,4,4,4,4,4,4,3,4,3.5,3,3,3
5F6B05B99CFF,Success and failure,"Former British prime Minister Winster Churchill once said that ""success consists of going from failue to failure without loss of enthusiasm"" my posotion on this question Yes I agree with minister winston Churchill

Wiston Churchill they dont wants failure on they minister or in their people because they cant grow up as a Minister this people dont want any more have failure on their lifes they wanna be more better every day as well. As a minister they represent God, they are diffrenet people that others they believe in God. And they dont wanna loss the the enthusiasm to keep forward in the minister. The minister will deside to cut the failure that they dont want there because they are losse enthusiasm.

They know as a minister that failure comes to the people and tray to cut the enthusiasm of the minister and the people too because the enemy want or tray to stop the people to keep forward. THe enemy knows that the minister is something that God give power to the church to be more stronger that the enemy. God give power to his people for to believe that he is God. the people need to be more stronger that the enemy because enemy have power to destroy the people that beliebe on God gives to the believers more power to win to the enemy.

The minister of this church is stronger in God because he is the people that want to eliminate the failure on this church because he dont want that people loss the enthusiasm to keep follow Jesus and for hem is so important follow,believe and be stronger every day in theirs lifes because Jesus is coming soon fror his people, they need to figth for their salvation. The minister Winston dont want their people loss their enthusiasm to Jesus.

every night pray for their minister and family and for the church he tray to be better every day for his God and the minister would like that in whatever situation that he is through God always is with his church for to protect from the enemy and thats how the people keep forward they are stronger because God gives to them his spirit and he help the people that fallow hem and God fight for them.

They believe on the God that can do all things possible to all people that believe on hem he is the only in the Eart because he create all things that we see, for the people is difficult keep forward because sometimes the enemy comes really strong to them but allways they believe in Jesus.

As conclution we see that the British Minister Winston Church are going from failure to failure to eliminate that on their Church.",435,12,Male,Not economically disadvantaged,Hispanic/Latino,test,2,2,2,3,2,2.5,3,2,2.5,3,2,2.5,2,2,2,3,2,2.5,2,2,2
5F6F39DCAFB7,Success and failure,"Everybody wants to be successful, people often think that successful is easy. in order to be succeed, a person needs to be busy of working, so that one can learn from their mistake in order to be successful. A success consists of going from failure to failure without loss of enthusiasm. Failure is the key to success, without failure one can never be successful in life. Everybody wants one to fail, so that one can feel about themselves and gave up on their success.

People must fail so one can fix their mistake in order to be successful. Success will never be easy and it will take time. If a person loss their enthusiasm, one will never be succeed. There is no short cut for success, one need to ask a financial person how to be successful. One needs to study, learn, and work in order to succeed.

Successful is a dream come true, because if a person is successful on can do anything that their want. If a person already succeed ones life, making a business is easy. One can make money from their success and one can be free from the hard work that one did. A person success will influence other people. If a person is successful, people will pay attention and trying to be successful too.

The influence that one gave to the other will become strong and people will start believing themselves. People think that if one make a mistake they will never be successful. People give up to easily, that's why one never believe in themselves. Success will be the best thing that a person want. People have to sacrifice everything in order to be successful.

The best part about being successful is that one can do anything. If a person success is strong one can make a lot of money and people to influence too. One can influence other people anywhere around the world. Success is the key to happiness and one can be life easily in their lives. People will start following from what ones doing to be successful.",333,12,Male,Not economically disadvantaged,Asian/Pacific Islander,test,2,3,2.5,2,2,2,3,3,3,3,3,3,2,3,2.5,2,3,2.5,3,3,3
5FA1ED6C8735,Success and failure,"Do you agreed with churchill's stamens about the important role that failure plays in the pursuit of success?

I

am agreed with the stamens of churchill's because the role that failure plays is very important to the success of life,however sometimes the people hate make mistakes because at their point of view make mistakes mean their silly , but not if you realize when you make mistakes you're gained more knowledge because you're learning step to step what's the right way to do it.

Failure plays a role very important in the success of life because help to achieve you're goals ,every single person have failures in life because no body is perfect ,but when you do something wrong you have to fix it because when you do a mistakes you're gained more ethical skill; and life became more successful, then you can get a better jobs more opportunities because you're gained life experience by failures to failures ,so you get more strong.

I

am agreed with churchill's about that success consists of going from failure to failure without loss of enthusiasm because if you failure but you don't loss you're patients and enthusiasm everything will be fine; because you can pursuit to success what you did wrong,so the inspired you to keep trying until you do well,This also inspired to be perseverance and always work with the best energy that you can to improve your knowledge.

Failure is the best teacher of life because teach people to never give up and always do the best to make others feel proud of them,so mistakes help people to be a better person kindness ,responsible ,integrity ,and help people to be preparate for life.",227,12,Female,Economically disadvantaged,Hispanic/Latino,test,3,3,3,3,3,3,3,3,3,4,3,3.5,3,3,3,3,2,2.5,3,3,3
6020901426CA,Success and failure,"The success key

So many people wake up everyday trying to be a successful person. The enthusiasm to keep fighting and going from failure to failure is all about how they want to be great and they will never give up from you objective.

First,the feeling and trying to be great is one of the key for success. Also,some people love be great and that is their life's objective but they don't know how difficult can be to make this real,so they will have experience with some hard.

Secondly,for make the success real they will never never give up. It i s the most important thought for them so it makes they fight and fight again for that. Often never give up is most important key of success because the real life every time something bad happen.

Finally,for example exist a lot different ways to be success person and can be in different areas. Success does not mean rich or millionaire but means you realize what you had dream or imagine to do. When you start working hard but it still failing don't give up because maybe you are doing right but in a different way. So keep trying it and the success consists of effort and a lot fail attempts.",201,12,Male,Not economically disadvantaged,Hispanic/Latino,test,3,3,3,3,3,3,3,3,3,2,3,2.5,3,2,2.5,3,2,2.5,4,3,3.5
610F6AF40D04,Success and failure,"Do you agree with churchill's statement about the important role that failure plays in the persuit of/ success?

I agree with what he say because with failure comes success and you can sometimes fail or you can seceed in life Like in your job . In your school and your relationship there is many ways to seceed and to fail in your life .

First reason, In a jod you can be a failure but you can suceed by working hard an helping other that need help .

Like people that you don't know or you can help your boss and show him that you are not a failure.

For example , In my job I was a failure everyone tell me that a was not working hard , so I prove them wrong I work hard until my boss tell me you have seceed Generic_Name you are doing a good job .

Second reason , In a shools you can be a failure or you can seceed too.

In shoolss must of the student don't pass a grade like English, History , Math or Science some of does class are very hard specialy the SOL they it abuot what you learn during the year , but if you study you can seceed and you pass the SOL .

For example , In school last year I did't study for the SOL and I did not pass two of them but a work hard to study and I pass the two that I fail I felt proud of my self because if you fail you can seceed in the future.

Third reason , In a relationship you can fail the first time breaking with her but at the second time you seceed and break with her you will be free . You don't have to waste your time on her you can make your own time know play video games , go out with you friend and go to party. For example , A freind had a girlfriend that was very bad and shout at him . He try to breakup with but he could not break with her but the second time he try she was mad and say ok and he was happy freedom at last he say know he could play video games and go uot with us and go to party's he was free like a bird

In conclusion ,I agree with churchill's statement about the important role that failure plays in the persuit of success because with failure comes success and you can sometimes fail and seceed in life like Jobs, Shools , Relationships there is many way to seceed or fail . Wich one will you choose .",1077,11,Male,Economically disadvantaged,Hispanic/Latino,test,3,2,2.5,3,2,2.5,4,2,2.5,3,2,2.5,3,3,3,3,3,3,2,2,2
61B2DE4C200E,Success and failure,"Former British Primer Minister Wiston church once said that ''success consists of going failture to failture without lose enthusiasm.'' Do you agree with Churchill's statement about the important role that failture plays in the persuit of success? Sometimes people from Church can fail or a Pastor. Also there are people that always fail in a relationship. Sometimes students fail classes too or in many ways people fail.

People from church fail in many ways. for example if they are in a musical group from church. They are not allowed to drink or go to any party. That is not belong at church that a fail. They knew that they are not allowed but they went that a failture. Also can be a Pastor if he is going to do something inappropriate and hi is a Pastor that a failture,if he is not going to give up and he learned from his mistake that a positive attitude.

If a person always fail in a relationship,for example he or she went in a date. He will ask her out and she will say yes. Two weeks later they broke up but i was his fault for not controling his self. If he will realized what was his mistake he will learned from his mistake. Nex time if he will be in another relationship he knows what do to do,because failture is to learn from mistakes.

If a student fail his or her classes,for example she will fail every classes. She did not pass and she fail. Because she find a boyfriend and have a baby that a failture. if she is going to give up and she learn from her mistake,she will reach her goals and she will be successful.

Some people feel that way that failture is isto havein successful, because they would learn from their mistake.

Some people think that is not good because people can be so weak or scare to fail.

In a conclusion,people should learn from their mistakes. if they failture in a job or at school or even at church. Do not give up or feel weak or scary. Hopefully everybody understand that if they fail they just have to be positive about their next decision and not to fail in the same situation,People should be positive and if they fail just keep their head up nad work really hard.",326,12,Female,Economically disadvantaged,Hispanic/Latino,test,2,2,2,2,2,2,2,3,2.5,2,3,2.5,2,3,2.5,2,2,2,2,2,2
61E2ADCF3B79,Success and failure,"Never give up. I'm agree with Churchill's statement

""success consists of going from failure to failure without loss of enthusiasm"". Try over and over makes you stronger, you will get experience by failing, and fail many times will make you to love what you have. these are some reason why I'm agree with Churchill's statement.

First, a lot of people think that you are weak when you fail over and over; however, they don't know how strong you are by trying until you are successful. The easy stuff are for people that don't believe in themselves. Sometime we stop trying when we fail, but we never going to know if we were able to be successful if we dont try over and over. I have a friend, who is so angry when things are not in the way he want, and I had learned, that things are easier when we are happy.

Second, you will get experience by failing. Let's think about you're 60 years old, and you have grandchildren; what question do you prefer from them, what did you do to be successful? or why you didn't do anything to succeed?. I bet you prefer the first one, so we will get many experiences by failing and failing. you will tell them how hard is to be succeessful. Also, we would learn more because you will never make the mistakes that you did before. It wouldn't make you perfect, but will make you better.

finally, fail will make you to love what you have once you get success. It's hard to be successful and thats why you will take care of what you get. also, It will make you to be a better person such as be more responsible, help others, and respect other people. I remember when my brother was just a student, he often spent money in clothes or anything he liked; however, now that he is a proffesional by fixing computers. He gets more money than before, but he doesn't spend the money that he used to spend. Because now he knows how difficult is to be successful, he takes care of what he has.

Summarizing,

Churchill's statement is absolutelly true. we should always try over and over until we get succeed. It would help us to be stronger, to get experience, and to love what we have. on the other hand, some would say, fail many times will make you weak; however, it's better to be weak for a couple days, months or years than be weak forever.     ",378,12,Male,Economically disadvantaged,Hispanic/Latino,test,4,4,4,4,4,4,3,3,3,3,3,3,4,4,4,4,3,3.5,3,3,3
622DB3B1C2F1,Success and failure,"F

irstly, Churchill The Prime Minister on British refers about ""success consists of going from failure without loss the enthusiasm"" this means that some people fought without enthusiasm, some people do not know why they fought? And others loss their life for their country, this kind of people have a goal to protect and save their nation, also the other way to say enthusiasm is never giver up, every man and every woman have a compromise whit her or him life, the enthusiasm show, what do you want in this life? Which are you goals? ,And, why do you fought? People that have a purpose never surrender, people have something different don't have the same goal, do not have the same purpose, and do not have the same life.

I agree whit the statement about the important role that failure in the pursuit of success, after all fail is important to do better the next time everybody fail nothing is perfect, also people cannot be like a god every single person have bad moments they can fix it, people learn and try to do more better, The Prime Minister on British is a single person, he is mortal like us, he did a lot of error during his life, but he were positive, their country has enthusiasm and he never giver up, there are people like him, however as well there are people that never change.

Before to get the a victory in the school or a game you do not get it at the first time you fail the most probably, but if you have encourage like The Prime Minister Of British the most probably you I'll get it.

In conclusion you can do the difference if you have a purpose in you life do not give up try to do you goals with enthusiasm and sacrifice to get all the things that you want, moreover every single person have a world into their mind, every single person have different knowledge, and every single person think about their future, so if you want something remember that you like it try to do that goal like a professional.",335,12,Male,Not economically disadvantaged,Hispanic/Latino,test,3,3,3,3,3,3,2,4,3,3,3,3,3,2,2.5,3,3,3,2,2,2
645103593F14,Success and failure,"Prime Minister Winston Churchill once said that ''success consists of going from faillure to failure with loss of enthusiasm.'' It was the time when London was being bombed by German Nazi. His Ideal of his quote is to moral his fellow people of not giving up. Britian is losing against the Axis Power, and people are starting losing hope. Prime Minister Winston Churchhill is a man of Honor, and a great public speaker. He say that losing can lead to Great success.

My point of view of his quote is that, if you keep on failing on something or been a failure, one day you will lead to success. At the end on the Great War, German Nazi lose their regime and Britian won the war. It can be said that there will be hope in the future if you have the right leader, someone you love, or your fellow people. People need hope in their lives, because they need to believe themselves. There are many ways that his quote can only work on people if they cooperate and have great leadership.

I Agree what Prime Minister Winston Churchill said that '' a failure plays an Important role of success.''

I see alot of movies when they hit the climax, everything change and went down, but once it reach it conclusion, it has a happy ending meaning that they were losing but hope brought them at the end. I have my reason to agree with him because a loser cant be a loser forever. There will be a day for redemption if you have the courage and strength.",254,12,Male,Economically disadvantaged,Hispanic/Latino,test,3,4,3.5,3,3,3,3,4,3.5,4,4,4,3,4,3.5,4,3,3.5,4,4,4
648D7D45A7BF,Success and failure,"I think that yes people should try to get their goals, or their success because success is the main word for any person who's trying to get their goals, but if people said that

""Success consists of going from failure to failure without loss enthusiasm,"" So we can say that this argument can solve problems, or make problems for some people.

When we are saying that this argument can solve problems, or make problems it means that some people get tired, or they just get weak fats and they don't want to keep trying it, so the frailures are not the base of their ethusiams emotions, and this becomes to be a big probelm for these peoples who dont want to try again and they just go away and i think that it is the most big as problem because they don't know if they can get their success at their second try.

But like i said before that we can use the ""Failures as the base of our emotions, or feelings that can making us to keep goping and trying until we get our succes,"" But how? let's say that we are just trying to graduate on our senior year from high school, okay we all know that this is our last year until we get our ""Diplima,"" So we are going to giving the best of us, but if on the second quarter we are failing the English class and if we have an F and we have to have an A we can see that the failure is right in front of us, Altough that it is our last year of course that we are going to try on the third quarter and we are going to get that failure as the base of our strongests emotions to keep going up.

Also the success are in everywhere like Stores,competitions, and for different kind of careers. In stores the success are in because in all the world countries are stores and they are big companies that are starting from 0%

until they get their goals and be a big company, and we all know that mistakes, or failures are gonna be ahead but the main thing is to keep your head up because you will see that the success is coming soon, and then you will be happy, and proud of what you did.

In competitions the success is the most important thing, but there are a lot of different competitions all over the world but let's talk about success in between sport competitions, and how this is the main thing that makes the sport teams to give their best. For exmaple the soccer sport is one of the areas where the success are always there and the big teams from Europe wants to be the bast one in all the world, so they made the Champions Leage where the most stronger team will be the winner but there are a lot of soccer teams into this competitions and all of them are behind the success of their lives, and for the last three years one team have been winning the Champions Leage and it is the ""Real Madri,"" so we all know that this team won the success and is the team that have won this tittle the last three years.

Some people says that failures means to leave what you are trying to, and give your self a break and wait for a time, then you can start againg but not on the same that you were trying before, so basicly just give up and never try it again because that is a negative thing and if you are getting this at the beginning of your trying then it means that you will get the same at the end. But these are just negative people who doesn't like to strive themselves and that's why some of all the times they are just losers people who are stagnant and they never get their success, or goals.

In my opinion to conclude this statement i think the is very important for people who are tryin get their success to ask for advices to peoples who did already get their goals done, and see how this can help them to get their goals,other way as saying thath the advices from others are going to impruve themselves and they are going to know how they can being trying, or know what to do whenever they're feeling that they are stagnat na dthe failure will be the step that are going to use to never backdown, and keep goiung strerigh up.",735,12,Male,Not economically disadvantaged,Hispanic/Latino,test,2,3,2.5,1,3,2.5,2,3,2.5,3,3,3,3,3,3,3,2,2.5,3,2,2.5
64FA1F7F556F,Success and failure,"When we're talking about the Fatrmer British Prime Minister Winton Churchill and his frase success consists of going from faillure to faillure without loss of enthusiasm, we're talking about the important role that failure plays in the persuit of success. I agree with his statement for the next reasons: first of all, it proves that constancy makes us a succesful person. Other reason why I agree with his statement is: a person can be inspired to make their dreams true because of this frase, and the last reason is that we've to be enthusiastic persons to overcome our problems.

How does it proves that constancy make us a successful person?. Wen you're doing something that you like , but you see that other people are doing it better than you and you wanna be like them, what are you going to do?, are you going to stop doing it, or you are going to keep doing it and each day be better than the last day. For example,

if you're playing for a good and reconized team of soccer, but one day the coach doesn't lets you play in a game because you're not good enough as is required to play, you are gonig to feel really bad, but if give up and say that you wont play anymore for the same team, and you find a new team to play with, but this new team that you found doesn't have a lot of trophies and is not too reconized as the other team is, whats is gonna happen?, they gonna let you play , but you wont be famous as you wanted becasue you are playing for this team. However, if you stay in the team that doesn't lets you play, but keep practicing you will become a professional player, and you will be famous as you always wanted because you are in a reconized team.

When I say; a person can be inspired to make their dreams true because of this frase I mean that; when you see the churrchill's triumphies and what he could made just to be constant and persistent, you feel like more opimist and excited because you believe in yourself and so you start to do more things that will benefit you to be a better person. Also, you gonna make your dreams becomes true. For example, If I don't know how to drive a car, and always when I try to do it I fail, I gonna be saying I can't do it, but my dream is to learn how to drive a car because in the future I want to be a professional car racer, but one day I saw the frase success consists of going from faillure to faillure without loss of enthusiasm, and this motived me to keep trying and then I learn and now I am a proffesional driver.

After a while, I learned that we've to be enthusiastic persons to overcome our problems, and this churchill's frase is teaching us that even if we have problems and we fail or nothing is going good in our lifes, a lot of times we gonna feel like if we aren't able to overcome our problems, but you can overcome your problems asking for help, you can talk with your best friend,or talk with your parents. For instance, I can say that, if you want to overcome your problems don't be shy and talk with someone. An example of this could be; if we have problems in the eschool but your parents don't know about it, you gotta tell them and than change your actitude and you will fell better.

For instance, I can say that churrchill's frase help with all of this reasons to be better in the life because the words that he said make sense for each question, or problem that we could have.",596,12,Male,Economically disadvantaged,Hispanic/Latino,test,2,3,2.5,2,2,2,2,3,2.5,3,3,3,3,2,2.5,3,2,2.5,2,2,2
67458135DC0F,Success and failure,"Yes, I agree with Churchill's stamement because you always need to be brave and never loss the enthusiasm doesn't matter if you failone or two time. When you want to do something that it will take you away to achieve what you want the first thing that the life present to you is to fight with big obstacles which means that your goals never it going to be easy, but that's not mean you will not catch up your dreams.

The failure it is really bitter but I think is one more law of the life that you need to pass because in life nothing is easy neither free, I think you need to fail to do good things because you will have experience about that failure and the next time you will remembered what was yous mistake and you could be able to aprove what you want to acomplish in your lifes.

Just allow yourself to get a second opportunity and be sure in what you are doing because in the second time you already learn about the mistake as you did it last time as saying from the mistake you learn. Failure is like one pushiment when you do the things very fast and has not be like that beause it is not good to regret after the things are done,that's why you need to think before to do one thing because as I already said the failure is bitter that nobody wants to taste.

One day like 5 years ago I was trying to skate with my friend's roller skates and my parents saw that and they told me do not do that because we will going to punish you and it going to be dangerous,too they said ,but I was excited and at the same time fools to learn to play skate and was keep trying to learn i one day my ankle was broken and I just remember the words my father told me "" I told you that it would be dangerous for you, you see it is not neccesary that I punish you because the life it going to teach you how to do the thing if you listen advices, but if you want to learn how to skate wake up,clean your knees and don't cry about your mistake and neithher you pain in your ankle broken because in a few month you will able to continue skating and the pain it will be so far away and I think you already learn about your mistake"". Since that moment I back stronger with that motivation to demostrate to the life that nothing is imposible if you insist and to have always present that if you want to be successful the failure doesn't no matter just wake up and keep walking in the right way.

the most important thing if you want to be successful is never give up and keep working hard because the falls are only lemon that life is given to you and you need to do it juice with that. In my point of view you never throw away the towel because the life is about to stay standar doesn't matter how complicated it is. Never stop to row eventhough if you feel that the lifes if has you in a stream and one more thing that is important to me is do not be shy because is not good be like that, never see back, just leave the pass back and restart your life without pretext of something. Sometimes life present you opportunities than others people wants which means you need to make good use of because I remember one person told me make good use of opportunities because just present you one time. And finally never go quickly in your life because is not about who arrived first, is about who know to think and how to try to do the right things without cheat, bad habit such as smoke,drink alcohol,use drug or something like that, just be honest.",613,12,Male,Economically disadvantaged,Hispanic/Latino,test,4,3,3.5,4,3,3.5,4,3,3.5,4,3,3.5,3,3,3,3,3,3,3,2,2.5
696F9EEB3C6C,Success and failure,"Success consists of going from failure to failure without loss of enthusiasm. I agree with Churchill's statements about the important role that failure play in the pursuit. Faliure is when you don't go to school and learn even though you have the opportunity to attendant while others don't. Faliure is when you focus too much on game, socials media, and friends. Failure is when you are lazy.

Failure is when you don't go to school even though you have the opportunity to attendant while others don't. School is extremely important for peoples in this world, if you wanted to be successful you got to go to school and learn new things. Some people they also go to school,

but while they're in school they did not learn anything, they goes to school for fun for entertainment and that's when you're making yourdelf coming close to a failure. Being a failure is not a great thing it's a bad thing, you'll basically go homeless and walking around the street asking and begging for money, and you're lowing yourself on people and its ashamed. People like that must regrets that they should've gone to school, learn, and be successful in life while I had the opportunity to go. Others people don't even have that amazing opportunity to go but they still find a way to attendant school and they also work to make more money unlike those people that don't even care about school.

Failure is when you focus too much on games, social media, and friends. When you are focusing to musch on something that what makles you feels lost in everything is happening around you, some people are addicted to game and addicted to game can effects your brain its controlled you , its makes you want to just drop out of school, stay home play game all day without caring what is happening in this wold. Gaming can cost you to hurt others and those type of people gain their anger very easily, you can kill people when you are not in the mood like you just wnated to get rid of them so you can do anything you wants. Social media is when you care too much about what you post, what people said about you, and what interesting things is on there. People who cared to much about social network they mostly care about themselves more and that can also effects them lacking off from thing that happens around them. This could bring them into depression the words that people said to them and commented on the photo are mean and they are very sensitive about and at that times they could only focusing on themslves no one else not even school. Failure is when you focusing to much on your friends, and i maen this is not a bad thing, but sometime your friend can leads you to the bad side where you learn thing from them and they tell to do this and that, and then you started to change your whole personaility, you will started to act disresepct to your parents, teacher just to impess your friend that you are one of them so you can fit in, this can cost you to fail school also, and become a failure.

Failure is when you're lazy, so you think being lazy is good for you while you sit commanding people to do this for you. When you are lazy you won't be able to do anything rights even you are at school, you won't participate in any activities. When you get home from school you are not doing your homework, project, but you just sit there play on your phone talking to your friends hang out. You're smart but you let your laziness controlled you, when your parents or anyone ask you to help them you said no or you just don't replied back. Being lazy is not a good thing you're just letting yourself down. your laziness could kill you in school and you will become a failure later on, and year after year after years you are still in school because you got held back, you are making yourself dissppointed and you should be ashamed you are letting your parents down, they did everyting to help go to school and be successful but all that go to waste it's like you take it and you just throw in the trash. If you try then you will succes in everyting and you will felt happy that you actually made it this far and letting your parents knoes that they have a great son/daughter to fullfill their wish.

In conclusion, if you work hard then you will become a successful person, bnut if you are that ype of person that dosen't care then you will become a failure, just belive and do it right then you won't be dippointed about yourself be greatful that you had your parents to suppoert you on the way.              ",815,11,Female,Economically disadvantaged,Asian/Pacific Islander,test,3,3,3,2,3,2.5,3,3,3,3,3,3,3,4,3.5,3,2,2.5,3,2,2.5
6A93CA2C5D9C,Success and failure,"Prompt- Former British prime minster winston churchill once said that ""success consists of going from failure to faliure without loss of enthusisam."" Do you agree with the statement hemad.

Yes, i agree with what he said the thing is true fact thing. Winston churchill is a very succes full men he knows what he's talking about or he been everywhere around the world. He knows a lot failure feels like cause he had a lot up and downs in his life. There is 3 things i agree with him. The First thing i agree with him is that if you don't have failure thing's in your life you not going to succesfu. The second thing ls that failures gives you a lot movation to push your self then other times. The third thing is that failure will show you how the world is what i mean by that is that people in this world will hate on you until you die. All this three thing this why i agreed with Winston Churchill.

I beleive been Faliure will make you succesful if you keep working hard and puting in the time. I rember i was watching Youtube video like three moth ago it's true story. There was this kid named Generic_Name. Generic_Name was born in early 90's. When he was little kid he had gotten effiction from something after he got the effiction he was hurt he wasn't feeling good. After week he try cut his handoff and his mom caught she asked him ""what are you doing"" He said ""my hand hurts i c'ant take it no more"". The next day he went to the doctors and got his hand cut off. After while he start playing the sports he loves football. The coach told him he can't play cause he dosen't have a hand but his brother was playing with him on same team. On that day both of them quit and went to diffrent team they played there for 2 years. After two years there were in high school they were monster. They were the best players in the state. Senior year came both of them gotten offer from UCF. Fresh man year in college Generic_Name didn't get playing time sphomore year came he still didn't get playing time. UCF head coach got fired his end of sphomore beacuse they had bad record the past 2 yeras. Junior came he started on Defense he was monster fast eaxpolisve he was insane. End junior his brother got drafted to the NFL. Senior year came he did that same thing again he was inane. The past 2 years he started the team won 28 game lost 0 games. In 2018 NFL Draft he got drafted to the same team where his brother got drafted in. When he was young his didn,t belive on him and told him he cant,lt play the game cause he dosent have a hand. The coach told him he's going to fail playing football but he did'nt cause he kepet working hard every day. The second thing was failure gives you movation Generic_Name got his movation from failng and coache's didnt beleive on him but he fought all that thing to be come who he is today. The third is that in this world every one is going to hate on you no matter what you do like Generic_Name some coaches freinds hated him cause he didn't have a hand he didn't care what people going to say abouth he just work hard and put the time in no matter what. His parents should be proud beause who bcome to be.

Yes, i agree with what he said the thing is true fact thing. Winston churchill is a very succes full men he knows what he's talking about or he been everywhere around the world. He knows a lot failure feels like cause he had a lot up and downs in his life. This three thing means a lot for sucess people and not only sucessful people for others too. This 3 things i beleive they movate people no matter what and also to change there life style. This is why i agrred with the British prime minster winston churchill.        ",659,12,Male,Economically disadvantaged,Black/African American,test,2,3,2.5,2,3,2.5,2,3,2.5,3,3,3,2,3,2.5,3,3,3,2,2,2
6AC5C9BCE8D1,Success and failure,"One of Winston Churchill famous quote is ""success consists of going from failure to failure without loss of enthusiasm"". Some people think that success consists in the good things that people do. They feel that if people failure in something they were not good enough to obtain what they wanted to do. I believe that failure without lose the enthusiasm is the key for success because you learn from mistakes, obtain what you want, makes yourself a better person.

One reason why is that if you failure in something you will learn from all mistakes that you did on what you was doing and what kept you in failure. If you are smart and you learn from bad decisions that you took in the past, you will gain everything. We all take bad decisions but once we take it, we most have to learn from all obstacles and experiences that face us. So don't worry or be sad if you failure in something you always will learn from it. We are humans and not for be humans we are perfect, we all take decisions in our lives and sometimes are the wrong ones but always is an experience that we live.

Another reason is that if you failure and never give up you will obtain all that you want to do in life. There are going to be many negative people in your life and they will tell you ""give up and that stop do what you want"", but not let them be an obstacle to keep fighting for what you want. Once you obtain what you want, you will realize that failure is not an obstacle to keep you positive and to gain everything you want. Sometimes you will face with difficult obstacles but if you really want to obtain what you are doing, that is not going to be something for give up easily.

The final reason is that you are going to be better person if you obtain everything you want but in a positive way. If you don't let failure win each day you will be a better person and someone that keep fighting for their dreams. You will show to others that give up and failure is not an option to be a better person and to obtain everything you want in life. Everything well that you do, it will guide you to the success.

As you have read failure is not an obstacle to obtain everything that you want. Only when we realized that give up and not fight for our dreams is not an option. We will see the results of everything we were fighting for each day. On that day our society will be a better place and we will have many people that fight for their dreams and they will learn that failure is just an obstacle not an option to give up. ",460,12,Female,Economically disadvantaged,Hispanic/Latino,test,4,4,4,4,4,4,4,4,4,4,4,4,4,4,4,4,3,3.5,5,4,4.5
6B2FC5532498,Success and failure,"'Success consists of going from failure to failure without loss of enthusiasm''a big percentage of successful people fail but never give up because thats what success is, although some people think success comes without failure but there is no success without failing.

To be successful in life you need to be patient because success comes with a lot of failing and if you're not patient you going to give up because of failing, giving up is never the key, no matter how good you are at something at some point you wasn't good enough or you didn't know what you doing, by being patient you well achieve more in life.

Positive people are the most successful people because, they see failing as a challenge, they don't give up when it get's hard, they keep going they believing themselves, staying forced helps you success, we all had failed at something but that doesn't mean we stop instead we keep going do it over and over to be better,

in conclusion, failing and never giving up is the key to success in life, never stop because you failed instead you keep going try to do better if you, there is no life without failing, challenge yourself for the better not give up, you can achieve a lot more if you failed and didn't give up you kept on trying, giving is the key to failure, successes comes with failure.",219,12,Female,Economically disadvantaged,Asian/Pacific Islander,test,3,3,3,3,2,2.5,3,2,2.5,3,3,3,3,2,2.5,2,3,2.5,3,3,3
6D09A01DEF15,Success and failure,"Failure has an important rule in the pursuit of success. Did you hear that great number of successful people in the world always believe that after tons of failures, a big success will happen? That is a true and experimented statement that happened a lot in our history. To be a successful person you have to try hard because success doesn't knock your door and say ""hello, i'm coming"". Successful person is a person who fail several time, but he will not loss his hope, and mostly they get more than what they want because they will exertion more. If you fail a lot it doesn't means that you are idiot, but it means that you have a huge goal because if you have a small goal, you will not fail a lot.

At first, to be a successful person you need to have thousands of experience. You can not getting experience without any failure. When you fail, you will get lessons from each of the reasons that cause your failure. After getting lessons from each reasons, you will try harder to fix your problems. You may takes some more failure to get a perfect resolution. For example, if you don't know how to drive very well, you have to take some risks and practice a lot. During your practice, you may get some car accidents, but you will learn from each of them and become a good driver. Also practice a lot gives you different situation that you have to face them. At first you may fail them, but after practice a lot you will pass it without any problem.

Furthermore, a person who doesn't loss his hope after several failure will become an almighty person. An almighty person should always risk a lot and not scared of losing. An almighty persons always fight for their goal. For example, if you are a scientist that you are researching about why it is important to have white corpuscle in our blood, and you will do several experiment to get your the answer for your research, but your experiments fail. Your will repeat your experiment with different data for the same goal, but second one will fail too. After doing ten different experiment you will not loss your hope and do your experiment for eleven time untill you get something new, something that is so important for everyone. This is how almighty people get to the top the world, by not losing their enthusiasm after failures.

Since, most of the big people start from nothing. They had a huge goal that they want to get it no matter what. If they didn't fail in their life they will be conceited and they will not try harder, so everyone one in their life need to fail at some point to go to the upper level. For example, many of the big soccer player star from playing in the soil playground ,or they play in small teams. They lose and lose until they win and start to play in big teams. I can name one of the players in the national team of Iran who starts playing soccer in the alley of his house. He starts to play on real teams at twelve, but he always had a big goal,and his goal was to play in European team. He came to one of the famous teams in Iran league, but he wasn't happy at all. He thought that playing in that team is a big failure for his goal . He starts to play in national team but still in his head his goal was to plat in European team. This year world cup was the best chance for him to getting into an European team. After wold cup they send him an email from one of the best teams in Europe. Now he plays there for a month or so. After getting into his goal team BBC had an interview with him. In that interview he explained that not playing in his favorite team was a big failure for him and not getting it until now a big failure too, but he was happy that he is in the team now.

For conclusion, the quote from Former British Prime Minister Winston Churchill that ""success consists of going from failure to failure without loss of enthusiasm"" is so true. To get success in your life you have a long road that failure is stop signs in it. Stop signs may stop you a little bit, but after passing it you will getting closer to your destination. Therefore make a U turn after each stop signs makes you getting further from your goal. Never loss your enthusiasm, so you will getting closer to your success by endeavoring.",707,12,Female,Economically disadvantaged,Asian/Pacific Islander,test,3,3,3,4,4,4,3,3,3,3,3,3,2,3,2.5,2,3,2.5,3,3,3
6E3ED4DB9512,Success and failure,Some people think that failing is bad i think otherwas. Failure is good that's how you know that you are leraning from your mistak. If you do not fail you will not succed in life in anything. I have fail so many time but that's how i get better in whatever i'm doing and how i do it. I agree with what winston to have success you most leran to be successful. leran about whatever you want and see how other people do it and why. Take everthing step by step till you got it. For instean to leran how to ride a bike you will need to know everything about that bike and how it works. You will have traing wheels then take one side and balest. Do it with the other side later on when you get better you will not need them at all. Now with no traing wheels its gets easyer as you keep riding and knowing the bike. To get where you want to be you have to fail even then you think you got it. Something will always be there getting in your way from succesing. The most succesful people had to fail over and over again to be where they are now. From thoses mistaks you will know what to do and not do when and where too. Like me i want to work on cars and to get better i have to get a car i do not care about and leran from it. How what part dose what and how it works with the car. Taking the engine out is not easy but i can do it. From taking all the fluilds out if the car unplug the batery so no check engine light comes on. Everthing is step by step miss a step and it will not so well for you later now. I remaber not knowing how to take something off the car so i had to look it up in my phone. What to do what size i need and how everything comes off. To have succes leran form your mistakes it wil not be easy but you can do it at the end. Other people think success will just come out of luck when you need it. It dose not work that way at all for somepeople maybe but for others not. That is way i think failure is good for the success later on to come. Fall and fail will make you better to succes in life and get where you want to go. No dream is small is you but your heart and soal on to it you will make it. To have a bisnes you have to fail from failing your bissenis will grow and make you more money on the long run. Failure is not a bad thing you just have to leran from it get better and keep going. Do not let failure stop you from gettin where you want to be and make that money. ,499,11,Male,Economically disadvantaged,Hispanic/Latino,test,2,3,2.5,2,2,2,2,3,2.5,3,2,2.5,3,3,3,2,3,2.5,2,3,2.5
6FEF08E3FC60,Success and failure,"Former British Prime Minister Winston Churchill once said ""success consists of going from failure to failure without loss enthusiasm."" I'm agree with Churchill's statement about how important is the role that failure plays in the pursuit of success. I feel those are a really strong words ,and have a deep meaning for people who always keep trying ,and never give up.

Passing the years, we can appreciate how this statement it's certainly very true, Famous people who now are in the history, made mistakes and failure, some of then were even rejected. All this persons have something in common ,the way how they reached their goals, fighting against any adversity. we have the case of one of the best bands in the history, The Beatles how they were rejected and some people said they didn't have a chance in the industry of music , but they kept trying, and they accomplish their goal; now they are in the history of music.

Another thing that we have to know, is that failure doesn't mean that we won't have another chance, if we take it in a good way when we make mistakes we learn from them. Strong and smart people know that nothing comes easy, meaning we have to give the best of us to accomplish what we want. The last thing we have to loss is hope and enthusiasm, if we never lost those two things; it doesn't matter how many times we fall we are always going to stand up and try again till we get the success we want.

In addition, if you want to be successful you will have to take away any distraction that can make you failure. You will know that you are on the right path to get what you want when you feel everything is hard, the things that we want the most, are the ones who cost the most.

in conclusion we never have to stop trying, every time we want something we have to fight to the end for it.

Take the good examples that we have around is a good way to realized that if we never loss hope and enthusiasm we'll get what we want. I don't know any strong and successful person who had a easy way to get success, follow Churchill's thought and you'll get far. ",373,12,Male,Economically disadvantaged,Hispanic/Latino,test,2,3,2.5,3,2,2.5,3,3,3,3,3,3,2,2,2,2,3,2.5,2,3,2.5
737ACDA3A359,Success and failure,"The success consists of going from failure to failure because, in more times you fail you get it more experience, if you fail two or more times in the same thing you going to know what you did wrong. if you fail many times those times that you fail gives you a success, if you fail you don't need to loss the enthusiasm of the success that you want, and you need to know what you want ti be, because when you fail you get it stronger in that thing that you fail. I agree with "" Churchill's statement,"" because you need to fail a less one time to get a success.

When you fail many times that times that you fail gives you a success, because in more times that you fail this gives you the opportunity to be better in you life is does't matter if you fail one hundred times what is matter that you learn something from the times the you fail, imagine that you fail one time and you did not learn anything from that time, when you get the second opportunity you going to fail again, because you did not pay attention in what you were wrong in the first chance, so in few words failure gives you a success when you pay attention in what you did wrong in the first time and you work in that to be better next time.

When you fail you don't has to loss the enthusiasm, because the enthusiasm is what makes you the person that you want to be you cannot be anything without enthusiasm this help you to do what you want to be in the future the enthusiasm that you have for something is like, when you are excite to do something you have enthusiasm is something that push you to do it. Imagine that those workers don't have enthusiasm for their jobs or student do not have enthusiasm for their classes. The workers they not going to do their work correctly they going to fail and fail again in their jobs, probably because they lost the enthusiasm of their jobs or for those students that did not have enthusiasm for the classes probably they going to fail and fail over again and they not going to pass that class maybe because they don't like and they lost the enthusiasm of pass that class.

You need to know want you want to be, because when you fail you get stronger in that thing that you fail, because if you chose a thing and you don't like it normally you going to fail so to not fail you need to chose something that you like, to failure and failure without lost the enthusiasm and you really like that thing that you chose you can get a success, because you put all of your effort to do it. It does meant because you fail one time you not going to do it again you has to do it but you don't need to loss the enthusiasm for that work or a thing that you chose to do it.

In conclusion failure gives you the opportunity to be a better person, but you don't need to loss the enthusiasm because when you loss your enthusiasm makes you fail without a success when you failure and failure many times probably because you don't put all of your effort. Failure gives you the chance to be better to get you success; failure and failure without loss your enthusiasm makes you a good person a person that work hard to have what they have, a person who spent the time focusing in what they did wrong to fixed and became a good person. If you failure and failure many times what you need to do is don't loss the enthusiasm that you have for that thing that you want to have.",626,11,Male,Not economically disadvantaged,Hispanic/Latino,test,3,2,2.5,3,2,2.5,2,2,2,3,3,3,2,3,2.5,2,2,2,2,3,2.5
73FC87C4FDF9,Success and failure,"I agree about what the Former British Prime Minister said, that success consist of going from failure to failure without loss of enthusiasm, and do agree to this statement for several reasons.

enthusiastic people always achieve their goals:

an enthusiastic person is capable to do what he wants because they always want more and it make a person successful.

when an enthusiastic person fails, he try to find the way to do it better next time, in the way the person achieve a goal a the time.

when people are enthusiastic, they fight to reach their goals and do not make excuses failures are experiences for the future when you have failures you are acquiring experiences in your life that will help you later on.

sometime we have to fail to be successful because we get experience from our failures.

is not satisfying getting experience by failures but sometimes that is how we succeed in life.

enthusiastic people are very active.

and enthusiastic person is always looking to do some activities when a person is enthusiastic is very active and want to help to others .

when people who are very active are in a good mood and have a good looking.

In conclusion I agree in what The Britain Prime Minister said, that success consists of going from failure to failure without loss of enthusiasm. And I think that failing is part of our life and if we are enthusiastic we can overcome any failure we face.",201,12,Male,Not economically disadvantaged,Hispanic/Latino,test,2,3,2.5,3,3,3,2,3,2.5,2,3,2.5,2,3,2.5,3,3,3,2,2,2
748519C7443C,Success and failure,"Most of the time, failure play an important role on success, because some people have been fail before after that they having success.

The pursuit of succes is failure.

In school,

when you fail , it make you're learn from your mistake. The mistake you might made by not study for the test or some other stuf you done can make you fail. Some student make mistake by not focus when they were in classor they were not care about anything . When they fail they will always want to find out what make them fail, and then they will fix it for the next time. In the process to fix their mistake they made before they will get smater, and the will never make the same mistake again.

In sport when they fail that doesn't mean they are not good at the sport,howerve the failure make them practice more often so they can win the game the next time. the failure make them put more effort on the sport ,because failure does not maen you can't do it, howerve, it make you try more. Sometime you have to try harder to get what you want because there is other people who try to get it at the same time as you so you have to fight to get what you want . If you keep fighting like that there is a time you will get what you always want .

At work is not always easy to get the position you want to reach at the first time. Sometime you have to fail first,and reach your position at the next time. At work the're is so many people who want to have the same position as you you're already know it's not easy even you fail the first time you can always try for the next time .You have to try your best and you keep trying even you not getting the position you want you can have an other it can be the highest level than what you want before. The failure you had before can make you successful and hard working person

The pursuit of success is to fail before. In school when you fail it make you learn from you're mistake ,and when you go back to fix that mistake it make you smater. Sport when you fail it make you practice more by practice more often you will win the game the next time. At work failure make you a hard working people who try to have success .Failure is not make you go back,howerve it make you progress.     ",433,12,Female,Economically disadvantaged,Two or more races/Other,test,3,3,3,3,3,3,3,3,3,3,3,3,3,2,2.5,3,2,2.5,2,2,2
765E50F8B0D0,Success and failure,"""SUCCESS CONSIST OF GOING FROM FAILURE TO FAILURE WITHOUT LOSS OF ENTHUSIAM""

Dear stuffs, panel of judges, distinquished guests, ladies and gentlemen. I am very honored on writing on the stament made by Former

British Minister""Success consist of going failure to failure without the loss of enthusiasm"". And I respectfully disagree with his statement. Succes is degree or measure of attaining goals set by yourself. Success comes in a lot of ways,it may be wealth, favor, prestige or favor. Aso in order to be successfull you need to sacrifice and be patient. Due to this becomes much more difficult to still focus on your goals. The following below are reasons why i disagree on success is gained by failing alot of time.

Firstly, it leads to waste of money and work. In order to be a successfull person, you need to put in a lot of money depending on the goals you set. For example in order to be a doctor in the near future, you need to pay for your course or tuitioin fee to go to college. And if you keep failing your courses, you will have to pay for another course fee untill you pass your doctoring exams which could be use for something valuable to your life. You also have to put in more work and have to be productive.

Moreover, it lead to repitition of something such as classes which makes one shamefull of himself. a`lot of people feel ashamed and shy when they see their mates or peers succeed in life. Others also feel upset when they keep retrying things the fail. For example when a student needs to pass his geometry course to graduate and he keeps failing , he becomes upset or shamefull when his mates passes theirs' and graduate from school. Due to this, it leads to waste of time in school.

Lastly, i disagree to his statement it may make on loose confidence in his goals he is trying to accomplish in the near future. When on loose confidence in his work it may leads to the person perfoming rituals in order to attaim his goals. For example on can use his mother for rituals in order to attain his goals.

In a nutshell, dear stuffs, guest, ladies and gentlemen. I disagree on the statement said by Former Prime Minister Winston Churchill on ""success consists of going from failure to failure without loss of enthusiasm.""",365,12,Male,Economically disadvantaged,Black/African American,test,3,3,3,3,4,3.5,3,3,3,3,4,3.5,4,4,4,3,4,3.5,3,3,3
7828C939A7F3,Success and failure,"In my opinion,I agree with statement about the important role that failure plays in the pursuit of success because we need to sacrifice for things that we want,we need to fight for the success,and we need to be positive people, that yes we can do something.

We need to sacrifice for things that we want , because if we don't sacrifice for things that are really important,we can't gonna do something beneficiary. Like when I was a child, I know someone that was wont to be a doctor, and the problem was that for she can realize her dream, she was need to study in other city; but she don't wont to leave her grandmother along in the house, so she don't sacrifice for her dream, and she don't study anymore for stay in the house with her grandmother.

We need to fight for the success, because every body want to have the parents be proud of us. We can find the success only when we fight for what we want to get for us life. Generic_Name, was my biology teacher last year, and she talk to me and say that when she was in High School she was fighting to much with her problems, because she was have to much problems with her family because they was don't agree with her decision, because she wont to be a teacher; but her family not. Generic_Name realize her dream because now she is a biology teacher, and a very good teacher she explain really clear. so for she can realize her dreams was to hard because she was fight with all of her problems and her family that was not agree with her goal, she was working, and study really hard to be what she want.

We need to be positive people thinking that we can do something in this life, because when we are positive the things that we want gonna be realize for us life. I remember that one day my Mom say that always we need to have a positive idea because she say that she was wont to be go to college to help her family and give to her a better life;but her friends always give her a negative idea, they are saying that why she want go to college when she don't have money that she need to go there, the money that she need to can prepared. so my Mom was getting have a negative brain ideas from her friends. She was thinking that she can't realize her goal to prepare and be a big person with a good carriers to help her, and give them a better life. So that means that when the people have a positive brain, they can do whatever they what to do. to we can complete us goal.

In conclusion, we need to have a big character in us life, because if we have a big character we can pursuit, they can get the success in their life. We need to have a stronger attitude,and readiness to be a positive successful, and respectful person. A person that maybe was fight in the past really hard to be a good person with carriers and have good education;but for be a good person with carriers, we need to sacrificed and work really hard to have a good studies. To get a success in us life is really hard, is not easy;but is for do the things that we like to do with enthusiasm,and to be a good successful person make the family proud of us.                                                                                                                            ",591,12,Female,Economically disadvantaged,Hispanic/Latino,test,3,3,3,4,4,4,3,4,3.5,3,3,3,3,3,3,3,2,2.5,3,3,3
7B4A34BB9EAE,Success and failure,"Should churchill's sucecess consists of going from fairure to fairure without loss of enthusiasm.

some people believe that churchill have not failure while others peope believe that churchs have more fairure, this is important because a lot of people go to churechs with much Enthusiam

Churchs get help from lot of companies also from rich people ext ,some churchs have different ways to make money like educaion events.

firts, for example some church have many way to make money like some churchs use part ,

bulding to care of kids also when church have events every week churchs get money from all people who asistesd to the events ,so the is imposible that churchs can says that they consists of goint from failure to failare.

sencondaly, for example most of churchs recived help from private company or from the goverment also they get donate from rich people or they make activity to get move money

Those donated are used to increased the church also some churchs some church spend their money on poor family.

Howrewer, not everyone is agree with this position claim some people thinks that churchs say that they are failure because the people who alministrarded stole part of money from all that church get, so than is why people don't have a lot of enthusiams to go to churchs.

in conclusion based on this imformation church never says that they are failure or going to failure because with all donated that they recived from company or rich people they have money to do what they wants or help people taht don't have money to give bettler life to their family.     ",221,11,Male,Economically disadvantaged,Hispanic/Latino,test,2,3,2.5,2,2,2,3,3,3,3,3,3,2,3,2.5,3,2,2.5,2,2,2
7C08E5D66D08,Success and failure,"Does people have to failure without losing the enthusiasm, so they can success? Former British Prime Minister Winston Churchill once said that ""success consists of going from failure to failure without loss of enthusiasm."" There are many reasons that people should have to failure before they accomplish any goal, dream, or something you want. Failure plays in the pursuit of success. People should failure first before they success.

One reason that people always failure before they success is that nobody do well at the first time. Famous people always failure at their fist time they tried. For example, most famous people were poor before they became famous. However, they do not had money to paid their careers or college, but with their talent they can accomplish any goal without needing the help of others. Failure is not a wall that makes you think that you are not good doing something; failure makes you do it well the second or third time.

Second reason that people always failure before they success is that failure makes students, athletes, or even adults get angry if they failure. As the result, students are going to studied more, athletes will work harder than the fist time, and adults will take their time. For example, studying, taking their time, and work hard is the key to accomplish any goal or dream. Third reason that people always failure before they success is that athletes are where they are because of their hard work. Most athletes were poor during their childhood. As the result, athletes became famous because of their talent, hard work, and taking their time trying and trying until they learn what they want. For example, most soccer players were poor, but that do not stooped them. They kept doing hard work and doing their best.

Some people said that people can success at their fist time without failure. This is wrong. Most of the time people accomplish their goals doing well the first time because they may have experience or they may practiced. If a person do it well without failure is because they have experience. All people failure at their fist time doing something.

Cristiano Ronaldo is considerate the best soccer player in the world. However, he was poor during his childhood. His father was the Sporting Lisbon's coach; Ronaldo played for that team. Most of the time he failure with kicking and passing the ball, and even play in his position. He do not surrender, and he kept practicing until he learn. Today, he is playing in the Major League of Europe. Failure is the key that makes you success in life.",410,11,Male,Economically disadvantaged,Hispanic/Latino,test,3,3,3,4,4,4,3,4,3.5,4,3,3.5,3,3,3,3,3,3,3,3,3
7C7B5BCE2DB1,Success and failure,"Have u ever imagine how good you can feel when you fail without loss your enthusiasm .

Failure is the step to be successful. I learned form my mistakes. When i wrestled my first mach ever i did a lot of mistakes and i learned from it. I have a lot of mistakes in my life and i learned from it. If i don't fail,then i won't be able to learn how to have enthusiasm. Failure is the key to be successful. I always wanted to do much mistakes i can during my wrestling training. So i can learn from all of it.

I fail but i never loss enthusiasm, because i know i could do better. Every time i loss a mach i go back to training and i work harder because i know that i can do better. failure with out loss enthusiasm make belive in myself. I can be successful by having enthusiasm when I'm failing. When i came to U.S i couldn't speak English at all. It was really hard going to school without knowing English, but i never loss my enthusiasm to learn English. I tryed realy hard to learn English, and i learned English because i never loss my enthusiasm.

Failure give people enthusiasm to do better next time. When i loss to a wrestlers i learn from my mistakes and i go back to win. I did not loss enthusiasm that's the key to be successful, and that's how i learned from my mistakes i fail without loss my enthusiasm. If you fail without loss your enthusiasm that's when u learn from your mistakes, but if u fail with loss your enthusiasm that's the real failure. The way to be successful is learning from your mistakes. To be successful you gonna fail and stand again without lossing your enthusiasm. I have never loss my enthusiasm, so i can be successful after failure. We all wanna be successful so we all should have enthusiasm because enthusiasm is the key to the success.",307,12,Male,Economically disadvantaged,White,test,3,3,3,3,3,3,3,3,3,3,3,3,3,3,3,3,3,3,3,3,3
7CADE27CC407,Success and failure,"There is a debate about success consists of going from failure to failure without loss of enthusiasm. Some people think that success not consist of going from failure to failure because they think we can be successful if we do not try to much. I believe that success consist of going from failure to failure without loss of enthusiasm because we can work hard , we will be successful if we learn from our mistakes and it helps to be intelligent.

we can work hard if we fail to get a good result . One day I was taking a test of algebra and get a f. The teacher said you need to retake again because you need to get a good grade. I studied very hard and I get a good grade . Also I studied very hard in history. If we try hard we will very successful.

Another reason , we will be successful if we learn from our mistakes . One day was taking a English test and I had to read many pages to answer some question, but I do not like to read ,so I just answer the question and I get a 0 in that test then I learned if i do not read always i will get a 0. The mistake are bad if we do not learn from then.

Finally ,when you fail it helps you to be more intelligent. you are learning what you did wrong and you do not want it happen, and you try to do your best. If you fail you need try and try until you are right.

As you read failure is not worst think in the world .we must try hard to be successful .The world will be better a better place if we do not give up went we fail.",277,12,Female,Economically disadvantaged,Hispanic/Latino,test,4,3,3.5,4,3,3.5,4,2,3.5,3,3,3,4,3,3.5,3,3,3,4,3,3.5
7E0EBF50B163,Success and failure,"yes, i agree with churchill's statement about the important role that failure plays in the pursuit of success we have to fail sometimes to get enthusiasm and success after that so don't give up and you have to try agian to get whatever you want you have to be brave to get everything you want .

the failure has active things like it makes you try agian and agian to be successful and it makes you sometimes not happy but don't give up and don't let anyting stop you keep going .

he was right when he siad that because the success coming after fail alot of times and sometimes you can success from the first try ig you want to success yu have to work hard all the famous persons in the world faild alot of times but the didnt give up and tried alot of times and they got whatever they want .

all the inventors success after faild sometimes and they tried al lot of times to get the inventions no its not easy to succss you have to work very hard to be successful in your life .

you have to do your best to get it .

so let me give you exaple when you tried something and you faild in it you was like i cant do it im not going to try it agian its hard but you have enthusiasm you can do it just try agian try it alot of times to get and do it .

the success consists og going from failure without loss of enthsiasm dont loss it to success .

i hope everyone success and never give up and do it and get everything you want it .

so everyone has enthusiasm dont loss if you going to loss you never success in you life so be brave and do it . ",589,12,Male,Not economically disadvantaged,White,test,2,2,2,2,3,2.5,2,3,2.5,2,2,2,2,2,2,3,2,2.5,3,2,2.5
7F3519884176,Success and failure,"The pursuit of success has been discussed by many knowledgeable people for a long time. Nobody is perfect but there always be someone who is more successful than others. Although some people believe that being failure is not important role in the pursuit of success, nevertheless, the important role is failure that plays in the pursuit of success because people always learn something new when they make a mistake, and they tell that lesson for others which leads them into more success.

To begin, when people make a mistake, they always try to fix it by learning something important from it. For instance, there is a girl who wants to make a tryout in basketball team. She is afraid of cannot making the team. Her scare leads her not to try. When the tryout comes, she tried but did not show her strength and could not make the team because of her scare. She is sure now that she will make the team next year without any problem. She makes the team. This shows that, the girl learns her lesson that she cannot be afraid or unsure about what she wants to do. Clearly, if some people never make a mistake and never fail, that people do not try anything new which means they never meet their success.

Furthermore, when people learn something important from their mistake, they start to tell the lesson for others which lead them into more success. For example, teachers teach and tell students what is right and what is wrong by their experience and stupendous knowledge. Students learn it and find the pursuit of success while teachers are going successful. Teachers make many intelligent, talented, successful young people which is very important work for the future. When people tell things over and over again to others, they start to remembering them more which support them not to make same mistake. This proves that, helping people and leading them into right direction help everyone. But the most important thing is to tell them not to quit, stop, and lose their enthusiasm because of their fail. Clearly, success comes by itself when people doing right thing for one and another and not being quitter.

The important role is failure that plays in the pursuit of success because people learn something amazing from their mistake when they do something wrong and they tell that lesson for others which leads them into more success. Failure teaches people what do to next, and how to do it right, and by remembering the mistake people start to tell the others and never do same mistake again and again. In conclusion, people never should lose their hope, dream, and their enthusiasm because of failure. They should learn from it and help others to not do it. Helping others help you to success.",442,12,Female,Economically disadvantaged,Asian/Pacific Islander,test,4,4,4,5,4,4.5,4,4,4,4,4,4,4,4,4,4,4,4,4,3,3.5
7F4EE10C42ED,Success and failure,"Former Bristish Minister winston churchill onces said ""sucess consist of going from failure to failure without loss enthusiasm. Some people agree because if you failure without lossing enthusiasm, for a next time you can work better by trying harder next time. For example Generic_Name is doing a test but she thinks that she is going to fail the test and she gets and 80% but she says she is going to try all over again because she is not going to loss enthusiasm.

For a next time you can work harder by making good choices For example Generic_Name wanted to work in a laboratory but he was working in a hospital, Generic_Name didnt know what choice make but he really wanted to work in a laboratory, he didnt lose enthusiasm that he could of do what ever he wanted to be if he study what he wanted to do.

Secondly,Some time it consist in not lossing the hope, sometimes you need to not loss the hope that way you can think better and be positive all the time and not to loss enthusiams that fast, when you want somethibg you can get it but it all consist in not losing that positive and hopeness.

Although, If a person wants to sucess in life, the person have to follow the dream that he wants too by studying and working harder and harder everyday and never to give up, always be posotive and never lose enthusiasm knowing that you can do it

In conclusion,

Everything consist in never loss enthusiasm and stay positive all the time working harder and making good choices but also do the best you can.     ",257,11,Female,Not economically disadvantaged,Hispanic/Latino,test,3,3,3,3,3,3,3,3,3,3,3,3,3,3,3,2,2,2,3,3,3
7F6A31C9A604,Success and failure,"Former British Prime Minister Winston Churchchill once said that ""success consists of going from failure to failure without loss of enthusiasm"". Churchchill's statement lead to the important role that failure plays in the pursuit of success. Being unable to achieve something attempted,desired,or expected. Getting favorable result or conclusion; attainment of a desired end.

Churhchill's statement lead to the important role that failure plays in pursuit of success. There are many successful people out there that succeed so many times. Famous people like Cristiano Ronaldo, Messi, Michael Jordan,and Lebron James. Most of these name fail so many times to carry out successfully; accomplish. For example Cristiano Ronaldo had to leave his country Portugal and his family at a very young age, so he can join one of the biggest football team in Europe called Manchester United football club.

Being unable to achieve something attempted,desired,or expected. There are billions of people out there on the planet earth that are to scared to fail. Why? Because they're scared to get look at or get pressure. Michael Jordan wasn't scared of failing. Every times that man stand on the court,and misses the basket, He would try again until he made it.

Getting favorable result or conclusion; attainment of a desired end. Everybody want to be successful. But everyone has one important goal. It could be raising money for charity or being a professional soccer player. Imagine if Steve Job never created the IPhone. there will be no IPhone today. So think about it try to imagine yourself playing basketball or whatever sport you play, so you play a game and kept on winning every single time. ,winning a trophy over and over again. It going to get boring every time you're successful. being a failure one time it better than being successful every time.

Those are some reason that lead to an important role that failure plays in the pursuit of success. most people are scared of failing but i'm not scare to fail at all. because I know it can lead to success. So set your goals high and don't stop until you there.                                                       ",361,12,Male,Economically disadvantaged,Hispanic/Latino,test,4,4,4,3,5,3,4,4,4,4,5,4.5,4,5,4.5,4,4,4,4,4,4
80172B0A969C,Success and failure,"British Prime Minister is correct I would agree with them because failure is important for people well a lot of people make so many mistakes .

If someone makes you fall you will learn an very important lesson on why you failed , or even on your bad from rights and also your thoughts on why you did it . Failure can sound like a very strong of a word because a lot of people go threw things and never think before they do it . There are so many ways that it can help us and can give us better understanding in the real world . People don't think that it's going to effect them when they think back on things . they never think about how they live , how they are going to transform especially there health . health is very important in the real world because we all need to stay healthy and always think about what you are going to eat or drink and all the other things that can cause a problem . We all grow and make mistakes always put are selves threw failure there's a lot in life where we can changes a lot of things . Always think positive you can accomplish your dreams on anything you want .

Humans have different traits they always have something positive or negative to say about the other people knowledge can be harassed in the future that indicted so much pain in the first time you do it

. Nothing in life can replace you knowledge that you have gain from being a failure . To achieve your great success this can help us reflect and take thing and do better and big things . Developing is good also because it can show us our painful situation on anything we are going threw . One biggest thing is that all people should have a open personal because it is not good to hold everything even if you are going threw failure . And have a great positive mind set we are developing in life and want to have a great life and never have to go threw anything because your heart is never going to open up.

Once you get to see what is need the real world and understand everything , it's going to be a tuff situation even on how much it takes up in life , on how hard you have to work on thing on your own and never have someone by your side it's ok if you fall over and over again until you have a free mind and refreshed everything . Failure will take you a long way you'll also have a journey that you might not want to go on . It's easier by just to have someone help you like a friend or even your parents because they would probably help you take off all the stress or depression off your mind and not have to go threw and big long journey that's not good for your health . Over anybody your parents have everything you need because they are the ones that raised you and taught you everything there are not going to let you go threw failure or even let you think about getting there they wouldn't want any of there children going threw anything they always want them to stay on a great status and to keep up with your future and have a lot of faith in yourself . But in the real world once you think about it you should always have simply in yourself and show off what you can because you can never go back on things once you do something there's no way back and if you regret it then it would have to be to on your own because you made that choice always think before doing anything or you'll make bad discion people always say the bigger the better and you won't have to worry about failure .

Thank you ,

Generic_Name   ",654,11,Female,Economically disadvantaged,Hispanic/Latino,test,3,3,3,3,3,3,4,3,3.5,3,3,3,3,4,3.5,3,3,3,3,2,2.5
83165FE95044,Success and failure,"British Prime Minister Winston Churchill once said that ''success consists of going from failure to failure without loss of enthusiasm''. Yes i totally agree with him, because without failure we wouldn't able to have great men and women, because they did that it fail to them but they keep trying until it works correctly. I think is important the role of failure in our life because without it we wouldn't able to succeed in life, and we we're just going to give it on something.

One reason in why success consists of going from failure to failure is when you have work from your school and you don't get it. Then you start working on it and fail in your first try and then you try again and study about that subject you know have to do it now . After you have do it you feel proud of your self because you have done it . For example, the creator of Facebook he started working on it when he was in college and i think when he first started he might did it wrong, but after he try again until he finally make it. Facebook then became one the useful social media at that time because it was new to people.

Second reason is when you like somebody and you are trying to make her/him like you back. You have to keep trying even if you fail at the beginning, and maybe maybe later she/he is going to like you back you just have to keep trying and wait until you have succeed it. Now after you have finally did it you both can fall in love together. An example for this me trying to make a girl like me, but she is a difficult one and she doesn't like most of the boys. At the begging was hard because she answered my text messages two or three hours later, but i keep trying until she started to answer me quickly, now we talk pretty much all the time.

Third and final reason is when you invent something and at the beginning the didn't go well as planned, but you keep working on it until you finally did it and now the thing you invented works pretty well. And then companies want to buy what you have make and you feel pretty good because it might change society or something. An example of this is the right brothers who invented the airplane. At the beginning for them didn't because they were some problems with the structure of the plane. And they try and try and try until they have the perfect structure fro the plane, and then they flight it together and it works.

In the end, success consists of going from failure to failure, because without failures in our lives we wouldn't become who we are right now. Because from failures can come amazing things in your life. In life pursuit for success is not easy because you have to go through some many things. You have to accomplish things even two or three time even if you have fail. With enthusiasm you can accomplish anything you want to, like when you are a senior and you have to come to school even tough you dont have that much classes, but you need to come only for those classes that you need for graduate. Failure is an important role in our life for the pursuit of success because after failure can come greatest things.",560,12,Male,Economically disadvantaged,Hispanic/Latino,test,2,4,3,3,4,3.5,2,3,2.5,3,4,3.5,3,4,3.5,2,3,2.5,3,4,3
836776679D47,Success and failure,"Success after Failure

Do people learn after they failure?

Yes, they learn alot of things they learn that they have to try alot of times in case they don't success the first time because failure is not good and not bad because the failure teach you lesson that you going to remember the rest of your life and you have to try again to success with the same enthusiams because you know more things that you didn't know before.

What things do people success after they failure?

The things the sucess are that the become more intelligent and patient person and to try alot of time to sucess not just one and stay there and they success that they know to success they not going to success the first time they try to sucess and they learn how to train their mind to do the things with the same enthusiams because they dont know what is the try that they goig to sucess and if they failure they dont not go ing to stop there they have to keep going until they reach what they want to success in life.

What do people think when they sucess after they failure?

People think they couldn't do it or they think they are not intelligent enough to sucess alot in life but when they success after they try hard and work hard they star believe in their self and their start to callenging their self to do new things that they thought they couldn't success in and sometimes is good to try the second oppotunity to learn and teach yourself new things and sucess in alot of them.

Conclusion

People that sucess alot in life are the people that failure alot and learn from their mistake but they didn't give up and they sucess and become more sucessfully and inteligent and patient and learn alot from their failure and they see things different now and they take opportunity with enthusiams.       ",430,11,Female,Economically disadvantaged,Hispanic/Latino,test,2,2,2,2,3,2.5,2,2,2,2,2,2,2,2,2,2,2,2,3,2,2.5
838852A4CD54,Success and failure,"Former British Prime Minister Winston Churchhill once said that ""success consists of going from failure to failure without loss of enthusiasm."" Do you agree with Churchills statement about the important role that failure plays in the pursuit of succuess? Take a position on this question. Use reasons and specific examples to support your ideas.

I agree with Churchills statement about the important role that failure plays in the pursuit of success. I agree with his statement because its true what he is saying. You cant get anywhere without failing your never going to be right. Your not always going to be right. Churchill is saying that for you to success in life or something you will fail lots of times your not always going to be right in life.

An example for this is that if you want to be an fbi or anything when you grow up you will fail at so many things. You will fail at so many things because you are not going to understand. People are beginners they need to know it all before they success in life. They need to be teached everything about the job or about anything else. Its important to fail at something also you will keep on trying and trying.

The reasons why i agree with churchills is also because some people always want to be right. Thats not right. Some people always want to have it there way and be right but it cant be like that either. You will be wrong at one point. You will fail at one point you will be upset but thats okay also. If you fail that doesnt mean that you failed in life. You will always keep trying and trying to be successful and thats how it should be.

Another reasons why I agree with him is because Churchil knows why he said that. He most likely faild in life so many times also. He knows why he said that he has his reasons and opinions also just like we all do. Falire does play a big role in becoming succesful because your not always going to be right about anything. You need to try your hardest to success in life. This why I agree with why Former British Prime Minister Winston Churchill. These are all my reasons and also all of my examples on why I agree with him.",492,11,Female,Economically disadvantaged,Hispanic/Latino,test,3,3,3,3,4,3.5,3,3,3,3,3,3,3,4,3.5,4,2,3,4,4,4
8456F4CF47BD,Success and failure,"Some people may think that it's a great idea to ignore the possiblities of giving up, and the success of life. Once you are growing up, because you then realize the hard work you done after you finish achieving, and put in the excelent job you did to acheive the goals you were looking for. Never give up your goals you have achieved, keep trying til you get the maximum success.

Although, you may need to succeed so you wouldn't lose your euthusiam you need to focus on what you want in life so that way you can continue in what you can to be a successful in life, because football players try and tried so they can be famous as well as you can do it if something keeps you active and involve into something real can get you read to succeed. It may be hard but trying every time it will help you so it can be success. The thing is that if you challenge yourself to grow as a person to be mature about talking things serious and wise a little bit get you to succeed just like you need too.

Therefore, being active in activites will help you want things to achiev just like other people will like their families to do better, hope they get stranger and power, because some people have fea in them to their success real quick to inform their honesty to their bad things can appear, but if the more you acomplish something it will continue to give you the most you want to achieve the goals you may want to get award later on s mny resons for the future.

Also, school helps you be prepared to be success especially to enter into college, because it can also be somthing you may want and need later on. When you finish school you can start thinking about bein intelligent outside in the world. It can be hard but like theirs people are ging through it no matter what. Keep it up my friend you soon with acheve.

In conclusion, I would like to see people achieve their goals, so they can be successful so first look out want you want to invest your time and future. Never give up keep trying so you can reach your success. ",387,10,Female,Economically disadvantaged,Hispanic/Latino,test,3,2,2.5,3,3,3,3,2,2.5,3,3,3,3,3,3,3,2,2.5,3,3,3
867EF045947A,Success and failure,"""The success consists of going from failure to failure with loss of enthusiasm"". This quote mean that the purpose of we going from failure to failure is that we never loss of enthusiasm to follow try again. If you failure one thousand time it's okay don't worry because, one day you can realize your dream. The failure just be a experience in your life. I should agree with Churchill's statement about the important role that failure plays in the pursuit of success because, you get more experience in your life,

you are a positive person without loss of enthusiasm, and accept our mistake .

First reason, get more experience in your life. The experience that you get when you failure is the experience that help you to realize your dream, and have success in your life. For example, when you was in a relationship where you boyfriend was a bad person you failure with him; You don't want to have other relationship with other person like him because you have a bad experience and this to help you that don't choice the same decision.

Second reason, to be a positive person without loss of enthusiasm. See the failure with positive attitude because, you can't feeling bad or depression when you failure.

For example when my mother want to drove, she need to pass the permission drivers but always failure. The first time she's feeling bad and disappointed, but she try to pass all the time until she pass.

Finally reason, accept our mistake. How much difficult is accept our errors when we are failure in something. For example, when do you failure a test because you don't studies and, don't pay attention in the class. You don't want to accept that is your error but, when you learn to accept the error you start to endeavor for don't failure again.

Conclusion, I should the purpose of we going from failure to failure is that we never loss of enthusiasm to follow try again, because We live in a country where we have lot opportunities to pursuit something. The failure help us to learn about life, get more experience, and accept our mistakes. We live in a country where we have lot opportunities to pursuit something. ",373,12,Female,Economically disadvantaged,Hispanic/Latino,test,3,3,3,3,3,3,3,2,2.5,4,3,3.5,3,3,3,3,2,2.5,3,3,3
86FF01B23BFC,Success and failure,"What is failure means? Falure is a step that you have to do in you'r life bacause if you never faild you never going to lear how to grow up , or how to be more strong, or how to confront life. We all are alout to faild in our life; noone are perfect on this life. I know the noone want to fail, but you know that when we become felure we becong more intelligent: We be come more strong. If you faild in somethink you know how that nex time will be ,so the way you can't not faild agangs; so the way you know tht how this will be. But in this prompt I am dessagre because when they said "" success consists of going from failure to failure withouth loss enthusiasm"" beause i dont think that if you are a failure you will be become a failure; I know the we faild omost all the time but the don't meang the if we fall more them one time we will become failure; I know the we dont have to loss are enthusiasm that we will be more better them how we are.

Some people said the this life is no for failure; Just let me tell you something don't let no one rum you'r dreeams. Let me tell you a i am a good failure because i never give up i just try to go for my dreams don't matter what other people tell me. I never new the i will be hire on this country with a better life; that my life before in my country. I get alot of obstacle to be here , and i feld more them one time. I have alot of ostacle on this countre easy in the futury the most biger ostacle the i have on this country is to lear another language, and be strong when other people laugh of me for how i speck english, but the don't mean that i am ""going from failure to faliure"" but i allway try to be enthusiasm.

The ssuccess consists of going from failure to victory without loss enthusiasm. The success dont take you to be a failure to failure. The failure will take you to the victory i know that is hart to every one; is hart to me to noone is perfect on this world so don't be afreid to field. we everyone field so never give up. This life is not just for weeners this life is more for failure. I all ways think that i am not nothing; the everyone are better them me but you know way they think about me that i am better that they are ,but you know every one on hire are equild; don't matter what we are are equild not matter if you color or how we speech. So never be afreis to be a failure. Never be afreed to fail in you'r dreems or gold just try to do it. Everytinck in this life is dificult. This liofe is just one and we have to life are life no matter what. We have to love are life ,and we have to be thanks fuld becuse we have life.

Enthusiasm- we all ways have to be enthusiasm on are life and when we faild in are life we have to be enthusiam because life is for failure not for perfect.

We just have to try are best an be better because when we faild we lear more and more and more.

So this is all my opiniong about this prompt "" success consists goning from failure to vectory without loss of enthusiasm."" Never be afreid to be a failure and never give up just try to be better.",597,12,Female,Not economically disadvantaged,Hispanic/Latino,test,2,2,2,2,3,2.5,3,2,2.5,2,3,2.5,2,2,2,3,2,2.5,2,2,2
876A8C32BB9C,Success and failure,"Winston Churchill, former British Prime Minister, once said that ""success consists of going from failure to failure without loss of enthusiasm."" Does failure plays important role in pursuing success?

I believe that Winston Churchill was on point when he said this. Success comes in many different ways but share the same key idem to make them possible, failure makes success.

One reason why i agree is that when you fail mutable times you find one way why it doesnt work. Such as President Amberham Lichon, before he was a president he did not get elected after failing two times before. When he failed he changed how he was running for President. President Lichon had to catch peoples dream and ideas.

success comes out failure, here's why when I was in the wrestling team I failed so many times in practice that i learn every moves of my partners that they use against me. In my weight class I slowly and slowly I got better but still failing to overcome them. I practice so much that the first game we wrestled against a other team I was a starter because I overpowered my partner to becoming the best in my weight class in every team I wrestled against.

This is why I agree with Winston Churchill because I believe failure becomes success. Failure will always be a key part and you shouldnt be shamed about that.  ",230,12,Male,Economically disadvantaged,Hispanic/Latino,test,3,3,3,3,3,3,3,3,3,3,3,3,3,4,3.5,3,3,3,3,3,3
87E42E20964C,Success and failure,"""success consist of going from failure to failure without loss of enthusiasm.""

I agree with this quote because i think that you can't success in the first try when you trying to achieve something in your life. For example in school in order to graduated you have to do ESOL tests, you can fail the first time but that doesn't mean that you have to give up so quickly you have another opportunity to make it happen. First important thing for success never loss the enthusiasm to make your dreams come true because you're the only one that can make your dreams come true and without enthusiasm you're loss ,you can't do anything without energy and perseverance .There is some people that are success in the first attempt but just because you failed that doesn't mean that you're a looser, you just have to put more and more enthusiasm. you failed you can come back to fix those mistakes and become better and more strong to be more successful. For those that are thinking to give up don't give up keep going success is coming for those people that did everything to be successful. That's why I agree with this amazing quote by Winston Churchill.",172,12,Female,Economically disadvantaged,Hispanic/Latino,test,3,3,3,4,3,3.5,3,3,3,3,3,3,3,3,3,4,3,3.5,3,3,3
881D383DDED7,Success and failure,"Failure as many times we need until to gaing the success

Many people think like Minister Winston Churchill that ""success consist of going from failure to failure with out loss entusiasm"". Most of our famous Scientist and Inventors started like that until they got success. I am agree with his stament because dosen't matter, if we failure always we can learn from our mistakes, believe in our selfs, and reach the goal.

First, reason always we can learn from our mistakes. if we failure in something tried to learn on what we did wrong?. Work hard to do it better. Any failure that we have is an experience that we gaing. We can feel dissapinting from our self, but next time you will do better and better doesn't matter how many times we fall shakes our self and keep going.

Second, reason is believe in our selfs. Failure is just a stop in our way, but good stop because like i said before we can learn from that. We have to believe in us . We need to have faith in what we doing, and nothing can't destroy our goal. Believe that we do it better but never let the deseption influence in our feelings, and never give up in our selfs. The only one thing that we never have to loss is believe in our self.

Third, reason is reach the goal until we have the success. Working hard and what we believe, tried to be better over our mistakes. Never give up even when we thing everything is lost. Nothing can stop us if we always tried to do the things better. Working in our knowledge until to success will be our achievement, and that will demostrate us the we can do anyting even when we failure many times.

Inconclution, success consist of going from failure to failure without loss of enthusiasm because enthusiasm is believe in what we are, and what we are capable to do. Not matter how many failures we have our lives we learn from the mistakes that we had. If we work hard to reach our goals until we success that will be our achievement. ",351,12,Female,Not economically disadvantaged,Hispanic/Latino,test,3,3,3,3,3,3,3,3,3,3,3,3,3,2,2.5,2,2,2,2,2,2
8BA79A866F2C,Success and failure,"In some point of time, Most people have things to do during the day and their time of being. Like some students would always have a plan to do like completing an assignment, getting all A's, graduate high school, going to college,etc. These are goals that a student would want to achieve and be successful. When they're unable to achieve their goal, the result are failure. But failure can also help others to lead to success However, others may said that failure doesn't lead to success and when people fail, they might feel disappoint and their mindset would just accept that. As Churchill's statement states that failure does plays in the pursuit of success because it help others learn their mistakes and lead to different ways of success.

One reason that failure plays a role to success is helping people to learn their mistakes. Sometimes, people fail when they're unable to do the things they wanted to complete or thinking that their goal are a bit too high than any other goals. They might think that mistakes can't be fixed and should accept it as a ""punishment"" but that's not the main point. The main point here is that people just should go back, think it though, and use those mistakes as as advantage. Why? Well, when people learn and think about the mistakes they made, they will realizes that they're helping themselves to build self confidence, increase decision-making and to be successful. Mistakes can also help people to think and give themselves a chance.

Another reason that failure plays a role to success is leading to directions to success. There are different ways that failure can help others lead to success : retaking a test, take summer courses, stay after school, or possibly take an extra school day in the weekends. These are the following choices that a student would possibly have to choose, in order to redeem, it he or she wants to. For example, my grade for English was ""C"" because of the test I took. The test have three targets and was based on research, grammar, and usage and mechanics. I did very good on one target but the other two were not as good which affect and drop my grade down. I asked my teacher it I could retake that test and she said, "" You can retake during in flex or after school at Thursday"". So I decide to retake during in flex. After three days, my grade went to a ""B plus"" and I was proud of myself because I choose an opportunity to build my grade up and learning my mistakes by studying. Failure can benefit others by giving them a chance to make them feel better of themselves and having them realize that there's always a choice, another way.

It states that failure plays an important role in the pursuit of success because success comes from failure, and failure comes from mistakes. Without failure, people won't learn and know the mistakes they made which could lead to less determination, decrease the chances for better oppportunies, and other things. Every mistake is a lesson and that lesson will show others a different point of view to overcome the impossible and improve on any goal they want in their daily life. There is alway a way to see the outcome of the choice that everyone makes and people just have to look closer in a different angle. ",537,11,Female,Not economically disadvantaged,Hispanic/Latino,test,3,4,3.5,3,4,3.5,3,3,3,3,4,3.5,4,4,4,3,3,3,3,4,3.5
8D6DFE5DD236,Success and failure,"Former British Prime Minister Churchill once said

""success consists of going from failure to failure without loss of enthusiasm.""

Is the failure an important role in the pursuit of success?

Nowadays we live in a world where if we do a mistake mostly of the time, we take it as the worst thing of our lives. But we couldn't know that these kind of failures could makes us grow up and living the life as the best way; knowing how to approach it. That's why wise folks like the Former British Prime Minister Winston Churchill; made public this question, ""Is the failure an important role in the pursuit of success.""

Thinking trough the question, most of the people think that fail such as, in the work, in the school, or playing a random sports; could be a sign that we didn't born to do that kind of activities and we regret cause of those. But I am very agree that we learn from the mistakes, because that make us grow up and being better persons each day; each person have to take these problems as a way to find a solution, because we have to challenge us ourselves. We are very different each other and we have differences, but also we have hidden talents and try to deal with it; failure is part of the process. That's the base of the success.

Failure without loss of enthusiasm is the base of the success; On the other hand we do not have to loss the enthusiasm, if we fall down once we have to stand up again saying that I will not make the same mistake. I have read books of authors relating their lives, of their biography; and is very interesting how they have fallen down, but they have known how to stand up and they've reached their goals without losing the enthusiasm. I do not have many information about the Minister Winston Churchill, but l am pretty sure that he might had some failures during his life, and now he is telling us how to overcome the bad waves trough this quote.

Today many companies want experienced workers, because they do not want to deal with new people. In my opinion, the managers of these companies should do something to respect, should do something like ""this is a new job for you and I know that fail is good because we learn and feed up our success in our lives."" That's the best way to enthusiasm the people who needs an opportunity in the society. We have to recognize we are not perfects and we should know that every fail we do, it is a signal that the next time it is a good opportunity to procedure it better.

Many resources like, magazines, encyclopedias, journals, documentaries, or movies; most of the time tells about people who grew up in poor places and now they have a good life and most of them are very famous; it's called hard work, nobody is going to stop us because we have strengths to make a big difference into us and into the society. Nonetheless we have to be humble and honest with the people around us; all these people knew how to overcome the problems because is the progress of learning or better said pursuit of success.

The parental influence is a big deal with the pursuit of success, as l see the parents play a role very important trough our lives when we are little kids running around the house. One example of this is, when we go to the school and play soccer with our friends and every time our team win the competition, but once is the final and that time we lost; consequently we feel very depressed and we do not want to talk with anyone. In that exactly moment the parents have the responsibility to listen us and giving us advice such as, ""failure is part of the progress, this time you lost but you learned from the new mistakes; the other team probably have already learned about their mistakes that's the reason they won."" Not only the parents, we have friends who supports us; maybe of different way, but still being a kind of help from them. That's the correct way to learn from these kind of mistakes, creating new challenges and take help from the other when it is necessary, if we want to overcome.

In my humble conclusion, the failure is not bad at all; depend the people who wants to overcome the difficulties and see the direction to the success like many person have done. We know the life is not easy, but no one has said impossible, so the life are challenges; if we really want to to get the success, sometimes for that we gotta have some failures in our lives, Also we are not alone, there a lot of good people around us trying to help us. As I said before, the enthusiasm is part of the progress too; however, trough history have had events explaining that many of the constructions or discoveries have been for a failure. So do not give up and remember that from a big mistake could have a big discovery as several people have done. Also the Minister Winston Churchill was very wise with this quote trying to help the people who gives up at the first time; giving them a cause to always stay up and pursuit of success of our lives.                            ",878,11,Male,Economically disadvantaged,Hispanic/Latino,test,3,4,3.5,3,4,3.5,3,4,3.5,3,4,3.5,3,3,3,3,3,3,3,4,3.5
8E40E03B113A,Success and failure,"Many people I known included teachers and Former British Prime Minister Winston Churchill. They said that ""success consists of going from failure to failure without loss of enthusiasm."" I believe this statement would be true, in many case and many situation, these words bring different meaning, different thought, different understanding for me.

In 2018 nowadays, when i look around to admire all the things that people made to make the earth better. Technology, car, house, ... People who invent those things had to go through thousand of failure to get to this success. Thomas Edison was one of the scientist dedicated his inventor for the world, after so many times fail to search for right element, finally he can bring light for everyone. The more failure we have, the more success we get. He does not see failure is failure, it is just one step to get closer success. Technology we use nowadays is one of a example for success. After every year, we keep produce new model, it is not because the last model is fail. Because we want to upgrade it, because we heading to future, to successful.

I just move to America around one year ago, and I realized that they created the fear non failure environment. From education to jobs, we all have a chance to fail to be better, failure is just a opening of success. That is why retake is so important to student. One of my favorite failure is in first time take History class here, I thought it would be easy until I just get thirteen point eight percent on my grade book. And I start working with it, research and talk to my teacher. After short period time of training myself, before I check my grade, teacher come to me and said ""Do you know how much you get for the test ?"" I shake my head and ask him ""is it bad ?"" he said no and walk away with a smile. I get 100 percent, and that feeling is so amazing for me. I can not get that feeling without failing, failure make success important, valued. So if we keep success all the time then success will be meaningless. In my opinion, go from hundred to hundred percent is not as good as thirteen point eight to hundred percent. My country is much difference, everyone know everyone's grade. So student just compare them self to other and also bring a lot of failure negative feeling for other student. But in this environment, grade is secure and teacher just want us to be smarter than them so failure is not a matter, failure become not so fearful and not so embarrassing.

There are also people do not agree with this statement in different situation. Every time we fail, failure bring us experience and painful, but sometimes we received only painful with little experience. In the case that we just can do somethings once in a hole life and if we fail it, chance will not get back to us to do a second times. How painful it is cause when failure go up, price of success go up, painful go up, experiment go up and enthusiasm go down. So sometimes they want to stay away from that, stay away from failure. Or in the case of criminal crime, he want to rob a bank and he fail, he went to jail and then when he come out, he know that success consists of going from failure to failure without loss of enthusiasm. His enthusiasm, however, is so strong that he dare to rob a bank again, and he fail again and again. This statement go different direction for different view of people.

In the conclusion, Winston Churchill was right. Every time we fail we learn somethings new and one step closer to success. But that success is just truly success with people who are helping other, make the world better.",649,12,Male,Economically disadvantaged,Asian/Pacific Islander,test,3,3,3,3,4,3.5,3,3,3,4,3,3.5,4,4,4,3,3,3,4,3,3.5
8F99596B66B6,Success and failure,"I believe that succes come after you failed many times?

this remiend me of when I was in algebra two. In the began I didnt like my class, and I was having a bad time.

I didn't know how to resolve my problems,Horever, I never lost my inthusiam. Since I spend more time in the class,my teacher helps me to figure out to solve my problems. As a result after I did work hard, I pass my class.

one reason to be succes take time and effort,yes,before you are successfull, many times you will fail.

There is a need to change the view on failure and, it is not something that needs to be avoided. it is a change to learn something that does not work.

I think failure never is going to change. When I fail something,I will don't want to try again. Moreover, I lost my enthusiam,and an failure it can't be fix. For example, people laugh or make bulling to you in the class or in the jobs what make people shy and enbarracing.

therefore I think when you fail you can fix it,or you learn a lot experience of it. it all on us becuase it is just a mistake of our life. what we have to correct it and next time prevent not to fail again.",175,12,Male,Economically disadvantaged,Hispanic/Latino,test,3,2,2.5,3,2,2.5,3,3,3,2,2,2,3,2,2.5,3,2,2.5,3,3,3
91FDC448604B,Success and failure,"Some people loss enthusiasms when they have been failing all the time. However failure is a very important role when pursuing of success. Due to the following reasons: it makes you stronger, persistent and, preventive.

Starting with this reason failure makes you stronger because, You will never give up even if you are going through a hard moment in your life. applying my own experience. my dog died 2 years ago, I was so sad that I would never see my ""best friend"" again, I didn't want to go to school and even talk people, so my girlfriend helped me through a lot by making me feel better, she made me stronger and secure to go out and accept the reality.

Another good reason is persistence. failure makes you more persistent when you learn from your own mistakes, becoming more persistent to accomplish certain goal or task. When I was in 8th grade nothing was going well for me, I was failing a few classes to a point where my parents had to talk to my teachers about my grades, so I searched for help with success, all the teachers helped me throughout the year giving me good advises making me accomplish all my tasks.

By failing people become more preventive of committing the same mistakes over and over again, leading them to be successful. like some soccer players that are always training hard to be successful, sometimes they find themselves in positions where they had and injury during a games or practices because they did something that wasn't right like stretching, so they prevent that from happening again in other games becoming more wise and successful on their career. Cristiano Ronaldo had an injury where he prevent himself from playing for the next 2 games, so he can recover to play the next games. He waited for two weeks and when he finally got back in the field he was in a hundred percent connected with the game making 2 goals to juventus.

In conclusion failing gets you more ,stronger, persistent and, preventive when it comes to pursuit of success due to the reasons mention above.                 ",313,12,Male,Not economically disadvantaged,Hispanic/Latino,test,3,4,3.5,3,4,3.5,3,3,3,3,4,3.5,4,4,4,3,4,3.5,3,3,3
927FAB84487B,Success and failure,"Well Winston Churchill is not wrong. People is not perfect. The people who are prefect is good when don't messed up on there jobs or life. But people doesn't know that perfect or not prefcet it doesn't matter. Because is how to know things for your good. People who are perfect all it cares about is them self cause they want to be more perfect then someone else. They only care about is there health,house,cars,money,girls,party,and there CEO.The not perfect people they care about is there friends,family,health,jobs,people who needs help with,and the eath cycle. So Winston Churchill is not really wrong. Is that people who needs to try there best on there lifes and behavior. But there's a lot of not good people they are the ones needs help with there behavior. Because they are not perfect or perfect. Cause they don't care about anything what good for them. But they need to succes on their life to be in a perfec in life.                                                                                                                                                                                                                                                                                                                                                                                                                                                                                                                                                                                                                                                                                                                                                                                                                                                                                                                                                                                                                                                                                                                                                                                                                                                                                                                                                                                                                                                                                                                                                                                                                                                                                                                                                                                                                                                                                                                                                                                                                                                                                                                                                                                                                                                                                                                                                                                                                                                                                                                                                                                                                                                                                                                                                                                                                                                                                                                                                                                                                                                                                                                                                                                                                                                                                                                                                                                                                                                                                                                                                                                                                                                                                                                                                                                                                                                                                                                                                                                                                                                                                                                                                                                                                                                                                                                                                                                                                                                                                                                                                                                                                                                                                                                                                                                                                                                                                                                                                                                                                                                                                                                                                                                                                                                                                          ",2667,12,Male,Economically disadvantaged,Hispanic/Latino,test,2,2,2,2,2,2,3,2,2.5,3,2,2.5,2,2,2,2,2,2,2,1,1.5
9287BCFD009E,Success and failure,"Failure to success or Give up

Former British Prime says ""seccess consistes of going from failure to failure without loss of enthusiams"" this is the reallity, this is a righ idea, because if we never try to do it so, then we never will get on our goals, we have to try and fail and try again that's how life works for everybody. For example: Generic_Name done High School and he started to work as a mechanic without college degree, now he's earning 15 dollars per hour, however if he decired to go to colleger and get done his career and work hard for it he could be making 35 dollars per hour. In conclution if we work hard in life and we never give up, never lost enthusiasm we can do whatever we want to do that's the way how to get into our goals and make them reality.",181,12,Male,Economically disadvantaged,Hispanic/Latino,test,3,2,2.5,3,2,2.5,2,2,2,2,2,2,3,2,2.5,3,2,2.5,3,2,2.5
936D63E8CE0B,Success and failure,"Failure is the best reconciliation of success. It propels you to climb up in the battles of adversity. Failure plays an important role in the pursuit of success because it makes you strong, you learn from your mistakes, and lastly, it prepares you for excellence.

To begin, Failure plays an important role in our everyday life because it makes you strong. You don't give up when the going gets tough, but you keeps your heads up to work harder to achieve success. Failure allows to improve in areas you are not good at. For example, improving on your math skills can help you make a great change in your life. Failure open uncommon doors for everyone who is willing to take risks. It makes one life meaningful in many of ways trying their possible best to make it in life.

Furthermore, failure plays an in important role in our everyday life because you learn from your mistakes. Failure helps you to forget what happened yesterday and focus on what you can do today to make success happen. For example,many college students who often drop out later take another chance to enroll back in college found their way through failure to success in life. Lastly,you become wiser in every decisions you make. Being a failure makes you have a stronger believe in yourself that there's a multiple chance to try again.

Some may argue that people choose their own failure in life because they don't work hard enough. They more often give up. They procrastinate when things are needed to get done. For example, people rely on others to help them get their work done without even them trying. People who encounter failure don't set their priorities right choose to fail. Many of those you failure don't take chances of trying again to make success happen.

In conclusion, Failure plays a major key in our daily life as an individual. It's something helps you to develop in yourself. We all once have met failure in our life before and it's the greatest power which enables us to success in life.

Failure is the greater tool ever to improve intellectual. Fortune is made through chances of failure. Life will hit you like a kick in the stomach, but without failure, you will learn how to pick yourself back up to stand.     ",358,12,Male,Economically disadvantaged,Black/African American,test,4,3,3.5,3,4,3.5,3,3,3,4,3,3.5,4,3,3.5,4,3,3.5,4,4,4
96BB56F10856,Success and failure,"A former prime minster named Winston Churchill has this inspirational quote of how '' success consists of going from failure to failure without loss of enthusiasm.''

What Churchill is trying to say is being successful is not a easy thing. There are people that have to get through with many tough obstacles that may fail at first time.

Many will think of you as failure but will be proven wrong otherwise. The question is are you ready for it or are you willing to give up it all.

Failure plays a crucial role in our lives. It happens all the time at school, work, and even at home. We suffer word called failure; a word that means the total opposite of success, being weaken. We fear failure because we don't want others who would want to see in our accomplishments in grieve disappointment. That includes seeing yourself as the loser. That is not true at all each time you attempt to achieve greatly run the risk of falling short,

experiencing embarrassment but don't let get to your head.

Failure is a critical component to your greatest success. But only if you have the right mindset. Failure isn't fatal but instead offers you valuable lessons on the way to achieving your goals.

Those before us who had been remember to be successful had not really been a success for their first time of achievement. People like Albert Einstein and Walt Disney had suffer from great depression of failing so many times in their lives they were almost willing to give up. Einstein couldn't speak fluent English in his years of youth and develop a rebellions nature and his teacher expelled him for that cased. Walt Disney had dreams of building amusement park for families and kids to enjoy but his ideas were stolen and many lawsuit Disney had to cut down which leading him to go rock bottom. They could had called themselves failures and quit in giving up their goals and just moving on. They both failed several times and found the strength to get back up and try again. For not giving up they're names are inspired across the world Albert Einstein is called one of the greatest smartest genius and Walt Disney becomes ones of the most famous people in the world. These people are representation of success and had failed many times but having the will of giving up and just keep moving forward.

Many would argue and complaint that Churchill approach to failure and success is with loss of enthusiasm.

When you worked hard for something and you are not able to do it, make sense that it would be disappointed and demoralized. Failing at something along with not acknowledging your disappointment will allow not you realize why you failed in the first place. These things does seems to happen it is unnatural to ignore feeling of sadden.

However, more the important message to take from Churchill's quote is that after you have acknowledge of how failing make you feel you must find that obstacle like and climb up to the top over again. With renewable enthusiasm and commitment to success. You got to learn how mistakes happens a lot in a lifetime but is is never too late fix what you had done wrong.

Overall, failure can bring us to better ourselves and our challenges once more to a success. Only this time you wise enough to make the right choices. it just like how I inspired of what Churchill had to say and his qutuo a failure is only a success.    ",519,12,Female,Economically disadvantaged,Hispanic/Latino,test,3,3,3,2,3,2.5,2,2,2,3,3,3,4,3,3.5,3,2,2.5,3,3,3
96E7F9D0866D,Success and failure,"How to be successful,

""success consists of going from failure to failure without loss of enthusiasm''~former Prime Minister Winston Churchill.

I agree with Churchill's statement; when you keep trying and dont give up you, feel even better about accomplishing because you put more time and effort into doing so. If you let failing bring you down, you wont try as hard and wont get all the credit you deserve. Failure helps your success.

You might be asking, ''How would failure help your chances of succeeding?'' well, you will learn from your mistakes and do better. You are given another opportunity to succeed; if you use it correctly you will feel accomplished, if you dont you might feel regret. Many people give up after failing because they're afraid of failing again. Sooner or later they realize they should have tried extra hard the second time around.

An example would be, me. I failed my biology sol the first time so i gave up, after feeling regret i decided to try again. Not only did i pass, I passed with a higher score then needed. Since then I have been trying extra hard even if i fail.  ",179,11,Female,Economically disadvantaged,Hispanic/Latino,test,4,3,3.5,4,3,3.5,4,3,3.5,4,3,3.5,4,3,3.5,4,4,4,4,4,4
9A117FFDFB30,Success and failure,"Does success consists of going from failure without loss or enthusiasm ? Do I agree with failure being part of a successful journey, absolutely. Failing at something always gives somebody a push , makes them work harder for what they want I know from experience. I see it as a motivation for someone.

We've all failed at something in life everyone makes mistakes some people see it as a lesson some don't . A lot give up afterwards , when I fail at something It only makes me want to keep going to accomplish my goal . Although It must be frustating I see no reason to stop trying , good things always come when you're patient .

Many famous people have made it with so many mistakes. Many artist got denied , they got brought down and many didn't believe in them but after all of that they've been very successful in life . Sometimes you just have to go keep going no matter how many times you fail , they'll be good outcomes .

When I say I know from experience It's because I've been there a lot of times. There's been so many times where I just wanted to stop trying but my goal always made me get motivated . I've failed many test , for a second I thought I wasn't graduating but here I am three months away from graduation . i'm proud of myself for never giving up better things are yet to come . I can't wait to be successful in life and no matter how many times I fail , I'll still keep trying because at the end of the day everything will be worth it . I know I'll thank myself for not giving up even after so many mistakes.

Does failure cause me to lose enthusiasm ? No It doesn't it brings more energy to me , to keep moving , to keep my head u , and to keep trying . It may be different for other people but I will keep agreeing with Churchill's statement . Remember that just because you failed once doesn't mean you'll continue to keep failing.",318,12,Female,Economically disadvantaged,Hispanic/Latino,test,3,3,3,3,3,3,3,2,2.5,3,3,3,3,3,3,3,3,3,3,3,3
9A33088946CB,Success and failure,"Failure plays an important role to pursuit success. Former British Prime Minister Winston Churchill once said that "" success consists of going from failure to failure without loss of enthusiasm."" However, a percentage of people disagree, but another percentage agree to his concern.

When you are learning something new in life that you have never done it before, you can fail over and over again. Mistakes and failures are tasks everyone face on daily basis while going forward to their goals. Every time you fail, you learn something new. You take that as a lesson and avoid not to do it again.

For example, in the early age, while being a kid, you wanted to learn how to tide your shoes by yourself. You tried the first time and you failed. The second time, and you failed again, but you kept trying with enthusiasm until you finally learned how to tide your shoes. Another example, learning how to play the piano. You begin making terrible notes that do not sound right. Although, as you keep practicing your notes begin to get better and better until you are excellent at playing piano. As a result, you can start from the very bottom failing so many times, and go all the way to the top achieving your goals.

Failure is not about failing one time and it's over. Failure is all about to learn what caused the problem, why you keep failing over and over again, and find the way to fix it. As people's mindset grows each day, they understand a little more why failure plays an important role to pursuit success in life, because if people do not fail or make mistakes in their lives, then are they actually going to be successful in the future? Sounds unfair, but that is what life is about. ",279,12,Female,Not economically disadvantaged,Hispanic/Latino,test,4,4,4,3,4,3.5,4,4,4,4,3,3.5,4,4,4,4,4,4,5,3,4.5
9D15DAF11FA8,Success and failure,"Do you think failure play's in the pursuit of success? Many do think so and others don't ,personally i believe failure does come around all the time. Here are my three reasons why i think failure plays in your success. Since i was small attending elementary school things didn't go the way i wanted it to go. I always had a thought almost like a future vision but failing at your goals made me better and made me work harder. When ever you fail keep on trying for better results. Not everything you want or imagine will go the way you want to. The last reason would be failure will make you work harder for better results and can lead to better opportunities.

Most people think failure is an option and well it is not. Try to always succeed on your lowest goals or things you don't know much about. Giving up and not showing just a little bit of work can take you no where in the future. When you get tired of everything and not try again you would never work or study on a job you were thinking about since you were younger. Most likely you'll end up working at a low paying restaurant/job.

Most kids in school want to graduate high school and then join college for a better future. Theres some students who have dropped out of high school just because they dont want do work on papers,fail exams and even important classes, and the most likely reason is because they want to stay home and sleep,and go where ever they want to all day. Parents want there children to succeed but when they fail some try again and go on with life an work at a high paying job and living on their own.

Working hard and giving it your best will give you better life with good education. Once again failure happens to everyone and people learn from their mistakes. People who have achieved their goals have had many failures during the life time. Remember when ever you fail along your life time always try again. You can fail up to ten times or more but you should always have the option to try again for better results.",330,12,Female,Economically disadvantaged,Hispanic/Latino,test,3,3,3,3,3,3,3,3,3,3,3,3,3,2,2.5,4,3,3.5,4,3,3.5
9E987A93FC75,Success and failure,"Failure plays an important role to our success. Each of us has gone through a time where we had to face our own problem. Failures can be big and some can be small. Failure can change our life and could take us to a next level. Each has a different failures. It could be a failure in education, relationship, or it could be something else.

We believe that failure plays an important role in our life. However, some people do not believe in failures instead they strive themselves for perfection. Failure is like a mistake that some of us had to go through quite sometimes. Failures can be hard to take for something we worked so hard for or something that we needed or we wanted the most. For examples, failing on one or two of your favorite classes,or failing to graduate in highschool.

Failure teaches us to either move on or move forward. In addition, it teaches us to keep on trying until we succeeded. Some failure can be hard to get or it was really meant for someone else like having a relationship. For examples, when one person love someone and his been longing to tell her feeling but he finds out that he already have someone, it is hard for him to move on and he knows that he have to let her go.

Some people believe that failure make someone realize something, and make them work even harder and better to get what they wanted. I believe that failure is like riding a bike. Because sometimes you might fall and ride again. Failures can also be like climbing a mango tree to get the fruit . Because, just like climbing a mango tree, is like working hard and finding out the way how someone would get the achievement they have wanted the most. Our achievement can be like a mango, because some can be sweet and some can be a sour. There will be a time that we also needed someone to help us out or do it by our own because at the end of the day the things that we worked so hard will help us one day or make us feel better.

Failure is a key to success. Failure teaches us to be a better person, to keep on trying and make us realize something we have not realize before. Failure is necessary to keep our heads up high and do not give up on things that we can really achieve or that may teach us to move on. Failures can remind someone that it is to have a mistake.",422,12,Female,Not economically disadvantaged,Asian/Pacific Islander,test,4,4,4,4,4,4,4,4,4,3,4,3.5,4,3,3.5,3,3,3,4,4,4
9F13985E86E4,Success and failure,"Many people always think success or accomplishment is overshadow learning everything before success, but for meif I want to be succeed I should learn from failure first and I agree with the sentence that said ""success consists of going from failure to failure without loss of enthusiasm""

Failure does not means you have to give up on your dream because you should your failure to get your dream come through; people learn from disappointment, but if you never get it, you would be not receptive when you have the failure, but if you got failure already, you should get up and keep sensation from your failure to be impulse for successful. My mother said ""where have attempt or exertion there have success too"".

In another hand a lot of people do not like failure likewise me, and absolute nobody like to be fail but in this world you can not escape failure; everyone in this world have to use attempt for tackle with failure; I also had failure before, I got flunk in math class that made me can not be exchange student, to be exchange student is my dream because I want to have a experience to study in American high school, but I got flunk in that time, after that I tryed and tryed harder every day, currently I across in math class and I can be exchange student from Thailand to America.

Main problem with failure of people in present is laziness, and this is issue that make people do not want to be successful; people had dreaded to enthusiasm because they appall to failure again.

There I think everybody should have attempt to belong with; you would be successful if you try hard enough, and do not give up on your dream because I think everyone can do every thing that we want to do or to be ",299,11,Female,Not economically disadvantaged,Asian/Pacific Islander,test,3,3,3,3,3,3,3,3,3,3,3,3,2,3,2.5,3,2,2.5,4,3,3.5
A086225E6F9C,Success and failure,"You can began from the back failing and failing, but if you don't lose your hope you can be very successful in life. Although some say that success is not based on failing many times without giving up. Actually, success is based on failing and failing many times without giving up because some people that had failed many times in the past without giving up they became very successful in the future. Also, because failing many times gives experience to try more hard the next time to make better the thing that you had been failing you.

Those who believe that success is not based on failing many times without giving up have their reasons. They believe that success is began from the beginning doing the things better and better to make it perfect. Also they believe that success is based on doing the things in order to get better and better without falling to become the most successful person in life.

Actually, success is based on failing and failing many times without giving up because many people that had fail many times in the pass they became very successful in the future. One example of that it can be my uncle Generic_Name he came to the united states when he was 31. When he came here he wants to have a car, my mom told him that first he has to get his driver license in order to drive. My uncle studied the questions for the driver license only for three months. When, he feels that he was ready he went to the DMV to try to pass the test , unfortunately, he didn't pass the test he got a lower score in the test. Weeks later he went again to try and he failed the test again. I saw that he was sad because he didn't pass the test. I told him that he don't have to be sad because he had one more chance. He already had fell two times he began to worried because if he don't pass the test the third time he had to pay classes to study the questions. My mom talk to him many times she told him that he don't have to give up the only thing that he had to do is to try to remember the questions that he get wrong and studied that questions and try do do it better the next time. That day my uncle got brave and he study the questions all day. Then, the other day he went to do the test again and he pass it with a perfect score he got all the answers right. He was really happy because the most hard thing for him was to pass the test part for the driving part he wasn't worried because he already know how to drive. After that when he got his license a friend of him told him that if he wants to work in his company driving trucks , my uncle told him that he wants to work in his company, but the problem was that he doesn't have the right license to drive the trucks. When he got home my mom told him that if he wants to work in that company he had to get the commercial driving license. He had to study another questions in order to pass the test. My uncle studied the question for a few days. Then, he went to the DMD to try to pass the questions but he din't pass the test the three times that he went. He Told me that he was very disappointing with himself. I told him that he had failing many times that test but that doesn't mean that he has to give up. Months later he pay for the classes and he went to the DMD again and he pass the test. Now he has his commercial driver license and he had his own company of driving trucks. I think that if my uncle wouldn't fell those test many time he probably will not understand that only because he fail many times he can't be a successful person.

Also, success is based on failing many times without giving up because failing many times gives experience to try more hard the next time to make better the thing that you had been failing you. I can be one example of that, when I came to the US and I went to the school for the first time all the classes that I had were very hard for me because I did not understand the language and what the teachers were saying when they were explaining the class. All the times that we had a test I studied hard trying to memorized some of the notes that the teacher game to study, but

I fell and fell all my tests and quizzes. It was so hard for me because I did not understand what the question was asking about it. But one day I sat down in my bed and I said to myself "" only because I had fail to many times doing my tests doesn't means that I had to lose my hope or give up. After that everything that i don't understand

I try to translated to my own language. When I began to to that I began to learn more and more and when I fell the test again I was getting more experience because I try to annotate what I did wrong and for the next time I was going to do it better. I think that if I had gave up when I fell to many times I probably will not be here writing these essay. Now that I had learned a lot of things I'm proud of myself and because the teachers had told me that I had been progress a lot. I believe that only because you fail many times doesn't mean that your gonna lose your hope and not be successful.

In conclusion, I believe that success is failing and failing many times without giving up because if you fail doesn't mean that you can't be successful in the future. Also because failing gave you experience to learn what you did wrong to do it better the next time. However, those who believe that success is not based on failing many times without giving up have their reasons. They believe that success is began from the beginning doing the things better and better to make it perfect. Also they believe that success is based on doing the things in order to get better and better to become the most successful person in life.            ",1067,12,Female,Economically disadvantaged,Hispanic/Latino,test,3,3,3,3,3,3,2,3,2.5,3,3,3,4,3,3.5,2,2,2,3,3,3
A2158F65C4A7,Success and failure,"Yes, I agree that ""success consists of going from failure to failure"". When you fail, you had star over again to make it more better. That how life work failing and star over again and make it better. If you wanna be successful person, you need to be a failure person. If you fail get up and make sure you are prepare for the next time you can make it better and be success in your life.

When you fail, you had to star over again, to make it more better. That way you can success in the future. Nobody is better in this life, for that everybody fail sometime. Failure it make you learn and understands a lot of stuff. Is going to ,make you understand stuff in job, in school, on anything you need for your life.

.

That how life work failing and star over again and make it better. There are people in this world that they give up jut because they fail. Failure is not that just give up, failure is if you fail you need to get up and star again and make better. That how you can be success in your life.

If you wanna be successful person, you need to be a failure person. Because being a failure person you learn where you make the mistake to do it more better. Just dont give up, just because you fail, sometimes the failing can be bad or can be good. In life there going to be always sacrifice.

That is the circle of life, failure dont make you a loser, wear person or a crazy person, is just show you and teach, how to get in the road to your own future. Is not important who you are, what kind of race you are, or where you coming from, the important things is you always get up when you fail. That are the reason I agree with Churchill statement about the important role that failure plays in the pursuit of success. ",327,12,Male,Economically disadvantaged,Hispanic/Latino,test,2,2,2,2,2,2,2,3,2.5,3,3,3,2,2,2,2,2,2,2,2,2
A5DCC6948E4E,Success and failure,"I was surprised when I read an article about Space X, and how they found a revolutionary way to send rockets to space and back to Earth. Space X, a company that did not have experience in how to construct rockets, started from an idea that still today is their main goal, this goal is to make a travel to space accessible for more people and not for just a few. However, a great project requires a great effort and dedication. Space X had many problems at the beginning of the project, the principal problem was how to land a rocket again to use them in future missions, they fail many times losing millions of dollars during the investigation, nobody believed they could accomplish it. Space X, is currently one of most successful companies wining millions of dollars by sending satellites to space. Failure always plays a really important role in the pursuit of success, without failure nobody could learn from their errors, failure is helpful to keep enthusiasm and try to complete it, and failure is really important to keep innovating.

Everybody tries to have success but many have fear on failing in what they are trying to do, people believe that if they try and fail, they will lose something, but the thing they do not think clearly is that if they never failure success will never be in their life. Failure is a opportunity to learn from the mistakes and how to correct them. For example, I had to create a rocket for my science class it was for a final grade, I could not find a effective way to make the rocket work, I was so nervous the presentation day was really close, so I made a prototype of my rocket to see what could go wrong and to find the most effective rocket, the prototype was a complete fail, the rocket not even could go up. I did several errors in my prototype that then I fixed in my final project, the day of the presentation of my rocket everything was perfect, because thanks to the failure I could fix the mistakes and had success in my project. Learning from a failure and knowing how to fix the mistakes is the best way to have success.

Sometimes enthusiasm is the reason why we do things, when somebody is enthusiasm in something, they can try even if they failure and sometimes failure is something that some people can not tolerate and they try their best to reach that goal, people who are really constant and know what they want, they do not fear to things that somebody else could fear. Enthusiasm can make people effort even more for what the want, and failure is the complement of enthusiasm, because if a person failure the enthusiasm to reach that goal gives him motivation to keep trying until reach the goal or success.

Innovation is something that happens every day, a new phone, a new car, all this is part of innovation. companies innovate to keep ahead from others, and some companies failure but sometimes this failure is not bad at all because this companies how failure understand that they were doing something wrong with the direction of the company. This allow them to create new services or products and be in a better track that they were before. For example, a person has a farm that produces only corn during summer, he provides all the stores in the county, but one day the demand of corn goes down and the farmer does not know what to do, he failure with the corn production and needs to sell the farm to pay tax, but then an extraordinary idea comes into his head, why not construct chicken houses and provide that chicken to big companies, the farm will produce more money, and will be a more stable farm. keep innovating even if we failure is the best form to have success.

Failure is one of the things is going to be with us the most part of our lives, the only thing we can do is to learn from it, if we go from failure to failure just be enthusiasm in complete our goal, and keep innovating. Failure is important because it gives us experiences that we will never forget and will help us react in a better form to problem that we could have in the future.               ",720,12,Male,Economically disadvantaged,Hispanic/Latino,test,4,4,4,4,4,4,3,4,3.5,4,5,4.5,5,4,4.5,5,4,4.5,5,5,5
A7F29F16E2C2,Success and failure,"As a child, everyone learned many things in the society and everything that is arond us. Life is hard, even if your are having issues; you need to be strong and face any problem because that is how it works.

I strongly agree that, success consist of going from failure to failure without loss of enthusiasm. People who are succsessful had to pass from failure and learn from their mistakes. A positive person gets rewards for his effort and hope for keeping going ahead and for being always positive whitout lossing enthusiasm.

One reason, successful people are economycally well because of their enthusiasm and positive thinking. For example, as you selling products to mantain your family or to have some money for your college; there are always obstacles that can make you give up. Some days you can earn money and sometimes you don't. It can makes you think if you should look for another way to earn money. You can be afraid of not be able to earn anything because of the experience that you had before. You might find a great job and have good opportunities as a worker or you might fail, but you are never going to know if you don't try. Failure is considered part of the life because we learn from mistakes. Nobody was born knowing everything and it's not easy for everyone to avoid failure because life does not have instruction to follow. Moreover, based on your way of living, you gain experience in order to build your future and choose great decisions.

Another reason, a positive person who wants to improve himself is more likely to get a reward in the future because of his effort that he is putting on something or his positive enthusiasm. Even though, things does not go as you wanted, having positive thinking and good actitudes can be the key of success. For instance, failure is not always a bad thing; failure is another way to see what you did wrong or to make you a wise person for the experience that you learned. If you keep failing and failing it can also means that is not your time yet. Thus, for the next time you would be prepared for everything and know how to deal with any issue. Furthermore, it is important to know that, to be successful in this life it is not easy and that as you going ahead things becomes harder.

As you can see, not everyone has the same opinion. Some people say that failure gives you misery, fear of trying again something that you failed and it can ruin your life. I agree that failure can makes you to feel afraid of doing somethig beacuse I believe everyone has done something and failed in the try. I understand that we don't want to make the same mistake twice, but in the other hand I still agree with my point of view because running away from our failure it's not going to give us success. If your are running away from your failure that's going to make it worse because on the next time your are not going to know how to confront that situation. If you say that the only things failure brings is misery and it ruin lives that's because you did not even try your best, you gave up ealier than anything else. When you are looking for success no matter how many times you failed, you need to have a positive enthusiasm and try to understand why it happened. The purpuse of failure is to give us a stop, to makes us reflect about what we are doing and to be a rational person.

In concusion, success consist of going from failure to failure without loss of enthusiasm. In order to have success everyone has been passed from failure to failure. Even if things becomes worse it is just part of the life and we have to face it and learn from it. Everyone learn from mistakes and it makes us more success because we learn from our experiences. Good enthusiasm helps you to have a strong personality which helps you to think calm and take great decisions. Therefore, failure can be really hard to get over it , but it teachs you to be strong and a wise person. It is hard to assimilate when you failed ,but we know that even if it's hard to understand there is always a solution. Many people are successful in this country and that's beacuse they know how to take advantage of any situation. Our enthusiasm and perseverance are the key for success above the failure. ",735,12,Male,Economically disadvantaged,Hispanic/Latino,test,4,3,3.5,4,4,4,4,3,3.5,5,4,4.5,4,3,3.5,4,3,3.5,4,3,3.5
A867812F31A1,Success and failure,i agree with hi statement because if you fail and fail and fail again with losing any confidence you will most certain get it right one time. this quote can relate to any senario. failiure does play a good role of success because you try something new as an example and you will try and try and try again and you will fail most likely if its something new your attempting and youll get it at one point if i put my self in a situation like that i could say that it was back in 8 grade that i thought i wasnt gonna pass this one call and i kept trying to get my grade up and nothing so i talked one on one with the teacber and she said come in every lunch and dit will bring you grade up so thats what i did for two months straight and thats how i manage to pass that clss with a b+ and thats one of my expieriences i can relate to this is my respones to this essay to he statement about 'success consists from going from failure to failure without loss of enthusiasm' and i agree with this statement all the way.,199,11,Male,Economically disadvantaged,Hispanic/Latino,test,2,3,2.5,2,2,2,2,3,2.5,2,3,2.5,2,2,2,3,3,3,3,3,3
A9A003D289CA,Success and failure,"I'm agree whit Churchill's statement, about the important role that failure plays in the pursuit of suceces because what he said was ""success consists of going from failure to failure without loss of enthusiasm"" this means for me be focus in what is important for the future, never give up, and never ever lost the enthusiasm in what i like to do, my point is, why you should loss the enthusiasm for one or two mistakes? Do you really think what you can do if you never give up? think about this, what was just happened if the person who made the electricity just give up? or what was just happened if your dad and mom broked up in their relationship 18 years ago just because they give up? you wasn't here today.

Don't be scared to fail in what you want to your future, you can learn to many things for every mistake that you do, you can do better every day, just don't give up, do not lost the enthusiasm, just be you and remenber there are no limits for you in this world, no one can tell you that you can't do it, because no one is you and you most try and try, there is not a easy way to your future, because nothing it's easy in life, you most work hard in what you want.

For people who never give up, the world it's too diferent comparate to the world of 100 years ago, if you want to be a artist be a artist, if you want to sing just sing, if you want something you have to be really focus and too many people will tell you that you can't do it, maybe they will said that you are not good enof, but you have to try again because you know who you are, you where you come from, you know what is work hard, and because you're a dreamer.

You have to superate too many things, first you have to superate yourself, you just have to be you, don't try to be something else, if your really want something you fight for that, if you really want to be proud, you mos be proud of yoursel first, find a work is not really dificult, the dificult par is when someone give up, is when someone don't want to try again, one day some said, the thing I don't get about ""no"" is the part where I don't get what I want; this means a lot like what winston Churchill said many time ago: It's easy to give up, It's easy to say ""I don't want to try again"" but do you really think how is going to be your future if you work extra hard for it, you can do amazing things, you can help the world, you can give to your famili a better life, you have whatever you want, but you really have to work hard.

What Winston Churchill one day said is not just for young people this it's for everyone in this world, it dosn't matter if you are a old man, it dosen't matter if you are 9 years old, everyone can do amaizin things, everyone has a dream, in these days almost everyone has a talent, and you too belive it or not, just don't stop right now and remember; Success consists of going from failure to failure without loss of enthusiasm.                              ",549,12,Male,Economically disadvantaged,Hispanic/Latino,test,3,3,3,2,2,2,2,3,2.5,3,3,3,3,3,3,3,3,3,2,3,2.5
A9A92BCA4B7D,Success and failure,"Failures are Part of The Success

Former British Prime Minister Winston Churchill once said that ""success consists of going from failure to failure without loss of enthusiasm"". The failure plays an important role in the pursuit of success. A successful dreamer's life always have a lot of failures, but without loss the enthusiasm. Be perseverance do not let a person loss the enthusiasm still having failures. To accomplish a goal a person will have failure to failure without loss the enthusiasm.

Firstly, failures have an important role in the pursuit of success. Is something impossible be successful without failures. Therefore, every single human have a dream and everybody want to accomplish their own dream, but it cannot be accomplish without mistakes as a failures. For example, Dr. Martin Luther King Jr. was an important leader from the movement of Civil Rights. He fail his own opinion and rights in from of people who were more powerful than Dr. Martin, but with those failures he was a successful leader of Civil Rights. In others words, in King's life failures played an important role in his pursuit of his own success.

Secondly, every successful life will have failures, but the point is do not loss the enthusiasm. Have the power to still having enthusiasm when everything is fail make a person pursuit of success. In others hands, a successful life is constructs by a lot of failures, but without loss the enthusiasm that let you still pursuing. For example, Gabriela Douglas was the first gymnast with a gold medal in the United States. In her professional life, she had a lot of failures. One time she broke her right leg when she had her first presentation in the best school of gymnasts in Japan with the best trainers, but Douglas was helping herself and she was taking therapy sections to be ready for the next presentation where she was accepted. In others words, the key to be successful with failures is do not loss the enthusiasm.

Thirdly, be perseverance do not let the people loss the enthusiasm with failures. Have a perseverance character make the the people strong in front of failures. Many people said that be success does not consists of going from failure to failures without loss of enthusiasm. In others words, when a person want to be success and in that road have a lot of failures it force this person to loss the enthusiasm as a result of those failures. However, a lot of people believe that is a kind of impossibility have enthusiasm when you have some failures. To retake Churchill's statement about the important role that failure plays in the pursuit of success, success consists of going from failure to failure without loss of enthusiasm.

In conclusion, Churchill's quote was humbling and impacting. The failure play an important role in the pursuit of success. Is not impossible still having enthusiasm when a lot of things are as a failure. Be perseverance is the key to be success and do not loss the enthusiasm. Success consists of going from failure to failure and do not loss the enthusiasm.",501,12,Female,Economically disadvantaged,Hispanic/Latino,test,3,4,3.5,4,5,4.5,3,3,3,4,5,4.5,4,4,4,4,4,4,4,4,4
AB2D5694FC11,Success and failure,"Do I agree with Winston Church hills saying?, Yes, Why do I agree, Success isn't just given it's earned. Many important/famous people have been successful, but were they always like this?. NO, they to have experienced and gone through failure they started off planing their future and how to manage it. For an example, Ms Harriet Tubman, a African American beautiful women who fought her rights to have a seat in the front of the bus. Did she succeed at first, NO, she failed and was kicked out by the guards. That didn't stop her from trying, she kept on trying and trying until this wonderful breath taking day were African American were allowed to have their rights to have a seat at the front of the bus without a question or attitude they were now at last allowed to have a safe ride home or to work. You see, Ms Tubman wasn't successful at first, she fought for something that wasn't fair to her and her people. She hit the stage of failure an didn't give up and she continued putting in hard work into this argument and something really memorable happened that day to her self. Failure, handwork, and not giving up is a great step into being successful.

How can I relate to this quote, well one day I was gonna give up on trying to get myself a simple mountain bike that I couldn't afford. I thought of ways on how I can get it. Looking for a job wasn't easy at the time the city is always busy and there is a lot of people coming in and of buildings applying to work for that company I never gave up I continued on looking and I thought to myself I'm gonna get that mountain bike. I found a job and worked so hard and I got my paycheck and luckily it was enough to buy the mountain bike that I always wanted to ride around now I have a transportation system to get to my work on time and get to any place I want without paying and waiting for anyone.

Read this Churchill quote in your head ""success consists of going from failure to failure without loss or enthusiasm"" what is he trying to say?. What I think is happening or what his message to the world is , that there's always obstacles in your pah to success not everything in life is gonna go as you expected it to be. You will have bad and good things come along and they will come and go quick you just gotta take it and run with it, ""go with the flow"" is what I always hear from my parents and spectacular teachers that I have inn my classes. I keep that message in my head when I wanna give up, but there's always something that makes us wanna keep going its hope. We have it everyday its what we crave here and there. I tell myself my success are stories that i'm going to tell my family and friends I just can't wait to share with them my success that i've completed/earned. Think to yourself what is something you always wanted but couldn't get and if you got it ask yourself how and what did I to do to get this. It's wonderful to know what you can get out of failure, there's a lot of life lessons in failure, not everything goes the way you want it to go. Just keep your head up and hope for the best that what ever you're trying to achieve will be worth the time and effort.     ",571,12,Male,Economically disadvantaged,Hispanic/Latino,test,4,4,4,2,4,3.5,3,3,3,3,4,3.5,4,4,4,4,4,4,3,3,3
AFDA18D31FB8,Success and failure,"mainly the success consists of going from failure to failure without the other reason for the other opinion the

Pearson. I am disagree with Churchill statement because they failure plays that is, everyone to agree with of the opinion the same idea therefore today, minister for that reason as a result they dont think to do it that they have important role for to us, for the little children.

On my reason everyone need to respect the opinion if you is necessary to get a agree with this. On the other hand this success is of minister they think about this important theme for everything.

In other way, also people is worry for this success because its not fair that is something bad for this reason i am not agree. when the important role is failure frequently is not work for this reason is that think to do it.

Now everything have that going to from with you proper dream. because prime minister not get a good opinion for all

Pearson. With respect to this failure without loss of enthusiasm to us it is time to look at front. with this statement they have loss dream support of the ideas well right that this reason was more frequently for all.

If you this success consists of going to change and improvement in the other result or specific opinion they need to help each other the same or not of the same plays without loss as much.",224,11,Female,Economically disadvantaged,Hispanic/Latino,test,2,2,2,2,2,2,2,2,2,2,3,2.5,2,2,2,3,2,2.5,3,3,3
B09BD315E258,Success and failure,"Although some said that without enthusiasm things will be difficult, actually enthusiasm will make people's life happy and people will never feel that something is too much for them because with enthusiasm things will always look good. Those who believe that the success consist on enthusiasm have their reasons.

However people that have enthusiasm in their life will always have a reason to smile. One day a doctor said that people with enthusiasm in their life will live more, because they are without too much problems and they rarely get sick. In my opinion this sound good because people can always have someone to tell their things also people can be more helpful for the other people.

Actually people without enthusiasm always feel l that they are lonely and they think all people around them just want they bad things to happens to them, but one of this days I heard dome people talking about those people that feel that they are nothing in the word and they were saying that those people doesn't give a try and try to be happy and have friends. I think that a little be of enthusiasm in the life of this people will be great because they will feel the happiness and love in their lives.

Finally, the role that Failure plays is just to shoe people that enthusiasm is the key for the success in life. One day my teacher said that all days he teach his classes with enthusiasm , because it will let him to the success in his life.

In my opinion I'm agree with the role to pursuit of the success because the success is what everyone want in their life but they first need to find the key to open all the doors of success.

In conclusion, enthusiasm is a big role in our life because enthusiasm will make our life more easy and the most important thing is the people will always find a way to find what they want. I agree with this role because it is important for people to know that enthusiasm play and always will play the most important part of their life.",345,12,Female,Economically disadvantaged,Hispanic/Latino,test,3,3,3,3,3,3,2,3,2.5,3,3,3,3,3,3,2,3,2.5,3,4,3.5
B11AEA209C0B,Success and failure,"""being a failure does not mean a person is a loser"", having to experience failure in life keeps people going and learn new skills to over come those obstacles. Although some people may think success does not come with failure without losing enthusiasm nevertheless success does comes with failure without losing enthusiasm because being hard working ,self motivated ,determinations helps people reach to success.

To begin , failure is part of life skills and road to success. For example, a college student was trying out for a professional soccer team, first he did not make it on the team, the coach told him that he need to worked on his ball control and finishing .also the coach told him to come back in two weeks to tryout again. After that day, the college student was practicing everyday working on his main weakness to able to achieve success and his dreams. And then the student went to the tryout again to prove to the coach that he has worked on his weaknesses. He played a soccer match and he was doing some unbelievable things the coach was impress with his performance after the game was over, the coach told him that he has passed the tryout and he is ready to play.

All his hard working and self determinations has come to success.

He did not give up. He keeps motivating him self. This shows that, being self motivated and determined in addition hard working can take you to success. Clearly, having a positive mind set keeps people going to reach success.

Furthermore, success comes with obstacles on the road. For instance, a student fail his math exams, the next day the teachers asked him if he want to retake the test and the student says yeah. But he needs time to study. Later that day the boy took the the test and ace it with 95% on the math retake quiz. This shows that, being self motivations, positive mind set, and hard working is a big part of success.

Overall, success goes with failure without losing enthusiasms. Because being hard working, self motivations and determinations helps people to reach success. People need to know that, to reach success they need to experience failure in life.                        ",383,11,Male,Economically disadvantaged,Black/African American,test,3,3,3,2,3,2.5,3,3,3,3,3,3,3,2,2.5,2,3,2.5,2,3,2.5
B125FF2A928B,Success and failure,"British Prime Minister Winston Churchill once said that ""success consists going from failure to faillure without loss of enthusiam. The statement is agreeable because failure is part of ones journey to success. Failure serves as a teacher in oness mistakes. After so many failures, failure should be the why to countinue.

Failure is part of ones journey to success. Without failures along the way, how would one learn and progress. Failures serve as guidence to ones success. Failure then becomes motivation to one.

Although failures are not grand but they can teach one by there mistakes. Failure are lessons with mistakes one needs to spot in order to progress. Failure is a guidence to ones next step to success. Failure are mistakes one causes.

Failurs should become the motivation in ones journey. Failures are like people telling one ""you wont make it"" so it becomes motivation to prove them wrong. The greatest success one can acheive is proving the people who didnt beleive in one wrong. Failures become the reason why one should succed.

Winston Churchill statement about success does consist failure to failures without one loss of enthusiam. Failure becomes part of ones journey to success. Failure is a teacher and a guide in ones journey. Failure then becomes the why and motivation to succed in ones journey. ",208,12,Male,Economically disadvantaged,Hispanic/Latino,test,3,3,3,3,3,3,3,3,3,3,3,3,3,3,3,4,3,3.5,3,3,3
B198316DAA03,Success and failure,"Failure plays an important role in the pursuit of success because failure is a guide to success , failure and having success is about learning from the mistakes you have done everyone is not granted success at birth, to master something or have success in life you must have failed multiple times before you have master your objective. there are many way thats show how important failure such as trial and error, learning from mistakes, and past experiences.

Firstly without failure there wont be a way to determine if the event was successful or not. In this quote former British prime minister Winston church chill once said that success consists of going from failure to failure without loss of enthusiasm. in the quote Prime Minister Winston Churchill shows the importance the role that plays in the pursuit of success. Former British Prime Minister Winston Churchill quote and stamens are very accurate and show young kill how to fail and have success.

Secondly failure is a part of life and everything will always have some kind of failure. with out failure there would not be a way to determine success in an event. sports would not be as fun if there was no failure there would be no way of getting better no point in practicing to learn from our mistake. success is going from failure to failure it plays in the pursuit of success.

Thirdly another reason that failure plays an important role in the path to success is because failures are something that aids the learning process. when a kid is learning how to skateboard or ride a bicycle they are not going to be successful at first there going to have to learn how to ride it. when a little kid is learning how to ride a bike or a sake board they are bound to fall the first times. the kids are going to have to fail before they are successful and learn how to ride.

Failure is apart of life. In order to success come failure, and with failure comes success, no one was born successful in life. failure plays an important role in the pursuit of success because failure is a guide to success , failure and having success is about learning from the mistakes you have done, everyone is not granted success at birth, to master something or have success in life you must have failed multiple times before you have master your objective.                 ",411,11,Male,Not economically disadvantaged,Hispanic/Latino,test,3,3,3,3,3,3,3,3,3,4,4,4,3,3,3,3,3,3,3,3,3
B2004746BD4B,Success and failure,"Former British Prime Minister Winston Churchill once said that ''success consists of going from failure to failure without loss of enthusiasm.'' and I do agree with the Former British Prime Minister Winston Churchill because in order to have success you'll have to go threw the failure and the stress first. parents, teachers and also friends can help you to be a better you by telling you what you're doing wrong or how to do a siren task, parents are always trying to know what your doing and the type of people you hang out with, and the reason why they do that is not to be noise but to keep you away from bad influence so you dont end up in a bad place in life, teachers also are always telling you to ''get to class on time'', study for that test, quiz or sol you have, etc. as much as they tell us, you should stop and listen to them because all there trying to do is help you complete all your work and to graduate from school, nobody is perfect theres a point in our life where we just have to stop and think things through and see what were doing wrong and improve yourself or whatever your trying to achieve ",208,10,Female,Not economically disadvantaged,Hispanic/Latino,test,3,3,3,3,3,3,3,3,3,3,3,3,3,3,3,4,3,3.5,3,2,2.5
B3E870E9676B,Success and failure,"In my position, I am not agree with the British Prime Minister Winston Churchill's statement.

Success it's a pursuit that everyone can work on.

Everyone can reach the goal of success .

I am not agree with the statement of the Primer Minister, for the following reasons:

Success it's not something easy to reach, you will have to work hard to reach it, success can be anything you wish for. Believe is one important reason, if you believe in yourself, you can do it.

However, Success it's goal that by working hard, by dedicating endeavor, and demonstrating capacity many people reach it. The success is in yourself, you decide to do it. Success can be in different ways a dream, goal, hope, wish, something that you want, but it's also something that you will have to work to get it.

Also, success it's in our-self. We are the one's that choose to reach the success.

Success it's not always a big goal that not everyone can make, success it's something that no matter how little it is, it's really important something that everyone works on. success start with a dream, and then a wish, that by working hard become real.

Success can be anything that you can imagine. Success it's an achievement, success can be a hope of have something, a hope of being someone, a hope of get a job that you want, a hope that everyone can reach, by working hard and demonstrating that a success can be anything.

Although, Many people have the opinion (like the British Minister) that success it's a failure. They argue that not everyone can reach a success. A success it's also a goal, and many people have big goals, but not everyone can reach it. And those people that fall through a way to the success feel like ""success consist of going from failure to failure"". Therefore they believe that not everyone can have success.

One of the reasons of why many people believe that success it's a failure, it's because they stop trying, they might believe that because they fail the first time, they won't be able to do it again.

In conclusion Success it's a achievement that everyone can reach, success does not consists in going failure to failure, One of the most important reasons to reach a success, it's to not give up, persist, even if everything it's going the opposite side, persevere and keep going it's how everyone can reach a success. Success it's something that you have to persuade,keep trying until you get it. Work, demonstrate not just you but everyone else that you can do it. Believe, trust in yourself, believe that anything can be possible if you believe and you try and try and don't give up until you reach it.                                                                                                                                                                                                                                                                                                                                                                                                                                                                                                                                                                                                                                                                                                                                                                                                                                                    ",943,12,Female,Economically disadvantaged,Hispanic/Latino,test,3,3,3,2,3,2.5,3,2,2.5,3,3,3,3,3,3,2,2,2,2,3,2.5
B47C3886D4C3,Success and failure,"Failure to failure without loss of enthusiasm will guide you to success. Its really a fact because when you fail in something that, automatically will show the way to not fail again, its a true statement because when you made a mistake and then another, you will understand more in detail, how the thing you want to get done works, and because to know you fail and admit it you will convince your mind that, that mikstake is the final step of success.

Failure to failure without loss of enthusisasm will guide you to sucess. Its really a fact because when you fail in something that automatically, will show you the way to not fail again. It means that, the failure is the mirror of your success, sometimes you have to clean that mirror with your enthusiasm and say you will learn more about to understand it because sometimes, it can be confusing but, it works as a fact, you have to help your success kind of a notefoot for your assesments.

Failure to failure without loss of enthusiasm will guide you to success. It's a true statement because when you made a mistake and then another, you will understand more in detail, how the thing you want to get done works. If you are taking notes in your mind about how you are failing without lossing the mindset of getting success you will be a professional, how to not fail and know and your mind that, it was just the expierence to learn more about what are you doing, demostrating yourself you can do more of what it was expect.

Failure to failure without enthusiasm will guide you to success. Its important to know that fact because to know you fail and admit it you will convince your mind that, that mistake is the final step of success. A good explanation about this, its that when you fail a couple times to get done everything to get success you will see it as reminders to do not forget your are inside of success and you are about to show people that, you now know how to know when you are wrong and how to fix it and admit, how to clean the mirror of the success with enthusiasm, which is to fail and then teach people how to pervere to the final step of your success, and be sucessful.

In conclusion we can say that, this statement is truly a truth of the life and it's a point whe you know the definition of perseverance to get success, kind of getting wise each time you have failed in the past to be a teacher of the success and be a generator of enthusiasm to people whose do not know why are they living for and tell them that failure it just a pass to the showing success and the enthusiasm it's just a tool that it's needed to get ahead of getting successful in this life,its good to know we are living for a purpose to know how to live in a wise way.",509,12,Male,Not economically disadvantaged,Hispanic/Latino,test,4,4,4,3,3,3,4,4,4,4,4,4,3,4,3.5,4,3,3.5,3,4,3.5
B5B47FC9D9C2,Success and failure,"Success of life

All people in the life has success. The life conssistent in loss,win and agree the know the that the life require.

Firs it is, accept when failure came a we life for a accident the car, or a bankrupt, or not failure a house.

Second it is,

know loss all the that in the life love, like, or wants for we life. Person that love but we do loss is we parents, the new car that like but the loss in a acccident. The house that wants but was failure.

thirds it is, win when we life is a prime life. beging for we healthy, we education, and love for everybody an made the we a real life.

Inconclusion, all the succes of the life is a continious walk in this world with many many reason and important role that play in this life but the more important is know failure, loss, and win for can have one better life.          ",209,11,Female,Not economically disadvantaged,Hispanic/Latino,test,2,2,2,2,2,2,2,2,2,2,2,2,2,2,2,2,2,2,2,2,2
B807FBBBE8B1,Success and failure,"Most success story's always have failure in them whether its a sport or a man trying to get his dream job.

There will always be ups and downs to achieving something but even if you fail thats just god seeing how bad you want it, Its like the quote stated by the great Michael Jordan; "" Ive missed over one hundred game winning shots but the ones I did make is because I learned from the ones i missed"", Donald Trump has filed for bankruptcy over 6 times because his business failed But look at him now he is one of the richest business man on earth and hes also the unites states president.

First, People tell stories about successful people everyday and why they are successful, But i bet you there favorite part of that story is what caused them to be successful and thats most likely the failures. i grew up with athletes in my family, so we had a lot of motivation if my older brother can out run me i have to practice so next time we race i can outlast him and thats the beauty of a success story how did they get to that level.

Second, You can hate failure all you want but if you like being successful you have to endure the failure because failure doesnt mean you give up It means your learning, Your gaining knowledge about your goal so on your next try your gonna do better than your last and thats one step closer to reaching your goal.

British Prime Minister Winston Churchill Lost a great war and people hated him but he learned from his mistake and when Adolf Hitler tried to invade the country he came up wit D-day, which defeated the biggest evil dictator this earth has ever seen and people went back to loving Winston.

Fourth, I am not from this country I came here when I was seven I didnt know how to speak English i felt like it was very hard, What motivated me was school i had all these generous people wanting to help me so i tried my best everyday I failed way to many times but i never gave up because i knew that if i learned how to speak English my mom and the people that motivated me would be so happy. I failed multiple times trying to speak English but when i accomplished I looked back and i thought my favorite part about learning English was failing because it pushed me even more to be successful I learned more than just speaking the language i learned to never give up.

Finally,In life there will be obstacles you have to get around to accomplish your goal failure will be a big factor in your path but once you get around failure you would have accomplished and learned what it feels like to fail and never give up, Once you reach your goal you will look back and enjoy the times because success will make you appreciate a lot in life and failure is a lesson not a roadblock.",526,12,Male,Economically disadvantaged,Asian/Pacific Islander,test,3,3,3,3,3,3,3,3,3,4,3,3.5,3,3,3,4,2,4,3,2,2.5
B98404458647,Success and failure,"Former British Prime Minister Winston once has said "" Success consists of going from failure to failure without loss of enthusiasm."" I agree to Churchill States that failure have a pursuit of success, because you never give up for those dreams you want comply with everything, and having a enthusiasm on what you like to do, even though some say that failing is just giving up and not trying no more.

First, Dreams are not easy to find but that does mean that you have to give up, It means that your find anything you want to do go after that and if you fail try again and do it as many times as you want. When you go after those your dreams, in the way some of the things are going to fail and lose but you can try to do them all over again and see what mistakes you have done. While you are doing those dreams you may fail at something and that does man that you end their but, it means to try again and do better. The mistakes you do can can be fix and try to do it better after the first time and if you are still are failing you should give up, you just have to do it all over again in till you it. While you are trying it again and again it going to become more easy. By trying again you would loss anything by just trying many times. Life is not easy to live in but we have to continues like that by just trying to go after your dreams. Failing does mean I that lose but it means that you should try one more time at least. Failing and losing does't mean that it a bad thing and that you should do it again. You should keep working for the best of you and see at the end it was worth for it. Falling does mean it the end of the world, it means that you keep going even you u just lost and fail but just don't give up.

Second, Having enthusiasm on what you are going to do seen more better then something that you like even though fail at what you like but at least you try and maybe you can try one more time. Dreams are big but your enthusiasm is bigger because you like to do something that your interested in. Working for something you would like to do but if you don't get the things right but can still do them with a enthusiasm even though keep failing and losing but you should give up on your dream for something that you could to it again. Sometimes you just want to give up because you think you are going to fail and lose but don't let that take you over you. Your dreams and enthusiasm are better the your felling that is telling you at you can't do anything right, don't listing to that because that is going to let you loose and fail what you will be doing. Having enthusiasm is more fun then being bored of something that you already know then having to do something you didn't know and learn. If you fail that you could try again and get on the second time even though it better to get it on the first time. Having enthusiasm is having to trust on your self more and joning it more then otgher that don'ty have enthusiasm.

In conclusion, You should give up on your dreams enough you have fail many times and loss many times but that does mean that you have to give up, you have to keep going , keep doing what you would to to do even though it may be easy for you or hard. It easy to give up but you could keep going with what you have dream even though you have fail really badly but don't give up. Having the enthusiasm in you is doing the things better because you will do something that you really like to do and will do. You may thing that you are going to fail and you enthusiasm goes lower but don't let that take over you because you could win at the end , and that means that you didn't fell at all or loss. Having a big enthusiasm can be fun and could win more time instead of losing and failing.",711,12,Female,Economically disadvantaged,Hispanic/Latino,test,3,3,3,3,3,3,3,3,3,4,3,3.5,4,2,4,3,3,3,4,3,3.5
BACACC4A91AD,Success and failure,"I agree with churchill's statement because, I a human I not perfect but always I learn something new of failure but I stays enthusiasm most of the time, when I not positive most off the time am I lazy, when you are not enthusiasm it reflect in your pesonality and it can be annoying.

First for me be enthusiasm is ready importan. For example when I work in Chipotle I need to be enthusiasm whith the customers so the decide to come back and spend more money chipotle, in addition be enthusiasm whith the customers is nice because sometime they give me tip, and I think be enthusiasm make my job more easily because all the gruop are helping each other, because when a was new in Chipotle I was completery lost and they explain me what was my role in the job.

Next be enthusiasm in the school can help me. for example if I fail a test with 59 and my teacher see me that I am entusiasm and study hard probably my teacher give me a opportunity to retake or give me the opprtunity to do a project to increase my score for the class, if I am enthusiasm my teacher can give me extras opportunity and

I can pass the class with a good grade, and be enthusiasm can help me to have more opportunity for exaple join in sport.

Also if I am enthusiasm travel more easily, last summer my family decided go to California but I was unhappy because I was trying to visit my uncle in texas, my family see me that I was so enthusiasm that they dicided go to visit my uncle in Texas this mean be enthisiasm can guarantee a great summer.

In conclusion be enthusiasm is beneficiary it make my life more easily.",291,12,Male,Economically disadvantaged,Hispanic/Latino,test,3,2,2.5,3,3,3,3,3,3,3,3,3,3,3,3,2,2,2,2,2,2
BB24DCA0CFC3,Success and failure,"""SUCCESS CONSISTS OF GOING FROM FAILURE TO FAILURE WITHOUT THE LOSS OF ENTHUSIASM""

The statement ""Success consists of going from failure to failure without the loss of enthusiasm"" depends on the character of a person showing appreciation on achieving their goal. Many people go through disappointments, rejections, and a lot of pain because, they want to prove they can do better. Others that are being inspired by the great work of their parents, relatives or the great intrigue of an inventor are capable of doing anything even if, it means going through a difficult path in the intention of knowing that they have to prove themselves multiple times, to show that they are willing and very much determine to achieve their goal.

People with wealthy background are some how inspired by the great work of their parents and are determined to follow their footsteps to achieve their goal because of how well they were raised. Some may have the same wealthy background but are not inspired to do great things because some of them were not raised to become leaders of the future but to live life according to how far they reach.

Some people with good experience, knowledge and a good education, are sometimes not motivated to do great things, but want to live a good life and a wealthy life. People with good experience but poor education background are more inspired and intrigued to pursue their career through difficult times.

A person with a great stage such as his or her personality is very much capable of making the world a better place with the years of time, sacrifice and effort of hard work. People without good or great personality get the opportunity to learn and accept the right and wrongs.

Most people in this generation are more determine to do great things, but yet, not willing to sacrifice their time, money, energy, and effort to do things that will bring them nothing but disappointments, rejections and a complete waste of time and energy. Taking responsibilities of your actions in times of difficulties helps one in the process of wanting to achieve in life.

""Success consists of going from failure to failure without loss of enthusiasm"" are the determination of a person, the personality and the background of an individual being, through difficult times, disappointments, rejections. To become successful in a lifetime, one have to accept that failure is part the beginning of one ability to achieve their goal.     ",400,12,Female,Economically disadvantaged,Black/African American,test,4,4,4,4,3,3.5,3,3,3,4,4,4,4,4,4,3,3,3,4,4,4
BBED508690BA,Success and failure,"Former British Prime Minister Winston Churchill said ""success consists of going from failure to failure without loss of enthusiasm."" What he meant by that with that failure leads to success and that it's okay to fail. He's was right failure plays a big role in the pursuit of success.

What are somethings that people that are successful do. When people fail they want to get back up and try again, They should get back up and try again ,do you think Benjamin Franklin gave up after his for tried failed no he tried again and now we have electricity ;People that are well known have tried and failed but they got right back up and tried again. That lead to so many amazing thing that we have today failed attempts lead to cell phone, cars, laptops, and safe houses.

It takes a few tries at something your bad at to find something your good at. Failure doesn't just mean try the same thing a bunch of times then give it can also mean try new things and find what your good at. What I mean by that is that if you have in mind something you want to be, like lets say a doctor but it's to hard so instead you become a nurse, you need to try something sometimes and fail at it to find what your actually good at.

You have practices before you can be good or the best at something. When trying to be the best at something you need to practices and make sure your getting better. For example I'm a sewer and I like to sew but at first I thought it was hard I kept poking myself with the needle and I couldn't do more advance skills I also couldn't use a sewing machine, All those times I tried doing a new skill and failed while practicing are failed attempts. But now I can sew anything you give me and I starting my own clothing brand all because I practices a failed along the way.

Some people don't even try to follow their dreams because they don't want to fail they'er scared to fail. When some people fail they dont get back up,and try again they don't even try to shoot for the stars they just want to take the easy way out . Those people now will never know what would of happened fine they desisted to follow their dreams and they will always think what if. Winston Churchill was right we do need to fail to success and find what we're the best at.                    ",446,11,Female,Economically disadvantaged,Hispanic/Latino,test,3,3,3,3,4,3.5,2,3,2.5,3,4,3.5,3,3,3,3,4,3.5,3,3,3
BC0643D3DF44,Success and failure,"Do you really think that you will be success after a lot of failure, or you think that a lot of failure doesn't help you to be success?

The road for people to be success are not too much, some people may walk on a wrong way when they are just began to do something, but they will learn from those failure and get more experience on it then find their own way to be success. I think as long as people are not loss of their enthuse for doing their work, even though they are getting too many failure, I believe finally they will success.

So for me the failure are not a scare thing, just be more confidence and trust yourself keep going on your way, maybe you will be the next success person.

One reason why I think that the people will be success after a lot of failure is because failure is just a experience on your life, everyone will failure during their life. But as long as you are across it, it will make you become more stronger.

So for how to across it. The first thing you have to do is to make yourself calm down after you failure, be always to have a clearly brain. Then, you can group some of your friend to talk together, tell them your story and summarize the reason by all group member why and how you failure, then solve and remember it to make sure it will not happen anymore. Keep solving problem in this way will absolutely make you be success more faster.

The other reason why I think that the people will be success after a lot of failure is because in my country China have a famous word "" the failure is the mother of success"". A lot of people have that experience, because success it is a end line of failure. For a example, I have a uncle name Generic_Name. He create a company after he graduated from college, but he was fail, the company bankrupt and It already happened several times. Although he was fail, but he is still a hard working person, he have a notebook with a lot of writing, it's very scare. Every main point about how to do make company work and be more stronger is all on that book and his brain. Depend on those experience and his hard working, finally one day he success, now he have a very high salary on his company. A very amazing true story, right?

On the other hand, I think if you got a lot of failure before, you will have the ability to avoid some dangerous decision in the future. Why some 30 to 40 years old man looks very charm and smart, because they have a fabulous experience. Experience is the most important thing to people, it can improve us when we do anything. For a example, when someone want to swim on winter with a weak body, I can suggest him to not swim on winter because in last week I got sick after swim, it will hurt your body so much. That's the experience work, it can also help the others. In addition, when you are getting old and have more experience, you can react things very quickly, sometime the age is your best tool for you, you can have a quick reaction time if you face something your familiar with and make a perfect decision to yourself or others.

In conclusion, For my opinion I think the failure is not means bad, as long as you are not give up for doing your dream and be more confidence to yourself, failure can be good to you and push you to be success. And for people that already success but didn't have failure, they are easy to make mistake, because they are more vainly than the people who had failure for sure, that's the human nature. Moreover, in the future when you have son or daughter you can teach them your experience and how to be success, those experience or failure are invaluable. So please don't scare of the failure just continue of your work with enthusiasm and let those failure make you become more stronger.          ",646,12,Male,Economically disadvantaged,Asian/Pacific Islander,test,3,2,3.5,4,3,3,3,3,3,4,2,3.5,4,3,3.5,3,2,2.5,3,3,3
BC4212B1546A,Success and failure,"British Prime Minister Winston Churchill once said that ""success consists of going from failure to failure without loss of enthusiasm"" i am agree that the failure is important in the life social of the people. The peoples have more success in the job, have more better experience in the work or in the life of the person and in the education have a good success.

First the peoples have have bad experience in the life with family or amigos. For example the family take decision for yours son but the son do not like the decision that family talk hem and the son take in other bad decision and failure have problem with other person or have a accident, the son think in take a good decision for your future. The bad success and failure including a good education.

In the education almost all the student or peoples failure in the exam or ESL. Some student do not like to learning or studying in the class, for the motive failure but other student use the failure like a motivation and enthusiasm. Peoples in this moment existed good president, doctor engineer and lawyer all make bad decision and failure but all don't loss the enthusiasm of to be someone in the life.

Finally, peoples have more success in the job. In the job every time have or take a failure for the dangerous decision or situation, for example Barack Obama was a president of Unite States hem was take dangerous decision and action. When hem to stare to the election have problem and failure for the color or attack in the campaign hem to break and to beat for president and to help the peoples, for moment hem failure in the presidency but after hem make more good decision.

However, someone peoples have different opinion and disagree whit Prime Minister Winston Churchill said. because the peoples have failure in the life go to continuity with the failure and to take bad decision or action hover the peoples or country. But in my opinion i am agree that the failure is important in the life social of the people; you have success in the job, have experience in the work or in the life and in have success in the school or collage.

In conclusion the Winston Churchill talk about "" success consists of going from failure to failure without loos of enthusiasm"" it is really because the failure is something important in all the peoples, the failure help to make a good future and take more good decision. In for that point in this moment have excellent workers and peoples.                                                                                                                                                                                                                                                                                                                                                                                                                 ",591,12,Male,Economically disadvantaged,Hispanic/Latino,test,3,3,3,3,3,3,2,3,2.5,3,3,3,3,3,3,2,2,2,3,2,2.5
BCBE999300EA,Success and failure,"Why did Winston Churchill said that "" success consists of going from failure to failure without loss of enthusiasm""? Because almost everyone who failed to achieve their goals, they gave up and forgot about it. The enthusiasm plays a big rule in your success more than you failure. If someone failed and lost his enthusiasm, he/she will not try again to get what they need. It is a big deal to left what you were doing just because you failed. Almost everyone failed in this life. For example, no one literally success without failure; losing your enthusiasm will cost you so much; failure is your success path.

Firstly, no one will success without failure. Without failure you will not know your problems. Either if it was small or big problems it wall affect you, so failing will help you to achieve your goal easily. Most of the billionaires lost so much at the beginning, but they worked on it. Maybe someone wondering why they will work on it if they failed and did not change the thing they were work on it, or just forgot about it? Basically because they believed in themselves, and they knew that they can do it. You have the choice either you will success or fail. If the frequency of trying was high, it is better because you will learn some experiences.

Secondly, losing you enthusiasm will cost you so much. For example: it will cost you the success on your thing that you were work on it; the money you may gain/spend from/on your thing; the happiness of your success after your struggle. Most of who are going to the gym saying ""no pain no gain"" it looks like small and simple quote, but it has a deep meaning. If they did not work hard on the gym, their bodies will not be like what did they thought. Also, ""never give up"" it is really a small quote, but with full of energy and enthusiasm. If someone told you that quote, you may do anything you can because you will not give up. Also, you will do whatever you can until you achieve your goal.

Thirdly, failure is your path for success. As I mentioned, most of billionaires failed at the beginning, but look at them now. people are giving examples on them just to be like them. In my opinion, I assume that they are working in another thing to success again and again. Literally nothing better than success after hard working. Students in school or universities are studying a lot of subjects, but they are working hard to get their dream job, car, house etc... . They knew the reward they might get after hard working. Some people are saying that once you had your first failure you must stop because you do not want more failures in your life. In my opinion, it is completely wrong. If you stop and did not try to fix it or work hard on it, you will gain nothing. What if you worked hard? You may got credit on it because you did it beautifully. People will respect you more if they notice that you are a positive person and trying hard to complete you work perfectly. When they notice that you are a negative person; hate to complete your work in a neat way; and give up so fast. They will hate to set next to you because you are negative. You must be positive, persistent, and believe in yourself to achieve your goal. You should ignore any negative messages , or anything that may affects you.

To conclude, nothing better than success after failure because you will know your mistakes and you will not do it again. You have to be patient to get what you want. It is impossible to success in one day. Always good things and success takes time because you have to set a perfect plan to achieve what you want. As I said your failure is your success path because you will learn new lesson, mistakes, patient. These three things you might see it simple, but they are very Important. They can let you success if you work hard on it, and you were perfect about it. If you notice Winston's quote, it was deep and cheerful. Again, never ever give up.",710,12,Male,Not economically disadvantaged,White,test,4,3,3.5,5,4,4.5,3,3,3,4,4,4,3,3,3,3,3,3,4,3,3.5
BD30C1CC1004,Success and failure,"I am agree with Churchill's statement about the important role that failure plays in the pursuit of success, He said ""The success consists of going from failure to failure with out loss of enthusiasm"", and that really true , if everyone do not fail and try again, then they will not feel the pride of success and the pride of themselves. And here is 3 reasons, why did I agree with Churchill's statement: because people need to have attempt, patience, and self-confidence.

First, for everyone to be a successful, they need to have attempt and to try again and again. Do not stop trying, because if everyone is not trying there will be no success. Everyone has to try one time, two time, and more until they achieve their goals and be successful in the future. Also, try to not feel dissatisfaction from everything if you fail, when people try again they achieve their goals. And the failure create success

Second, for everyone to be a successful, they need to have patience. Everyone need a patience because they may encounter a lot of disaster in their life, but with patience everyone will arrival their dreams and be a successful person. Do not care about what people taking said , make their negative words to enthusiasm to complete your march. Do not never give up, be patience with difficulty disaster.

Third, for everyone to be a successful, they need to have a self-confidence, self-confidence is when anyone do something that they believe that is the right thing to do. And it is the most impotent thing everyone should have. Also, with belief and self-confidence everyone will make their dream true. A hope support self-confidence, and

Self-confidence reinforcements for your ambitious.

In conclusion, I am agree with Churchill's statement about the important role that failure plays in the pursuit of success, and here is why did I agree with Churchill's statement: because people need to have attempt, patience, and self-confidence. I am sure that when people try again, they will not loss enthusiasm and they will achieve their goals. make sure everyone do not surrender easily, try again. ",297,12,Female,Economically disadvantaged,White,test,3,3,3,4,4,4,3,3,3,3,3,3,2,3,2.5,2,2,2,3,3,3
BE3C0164B1EC,Success and failure,"How do you reach you'r goal of success without learning form mistakes? exactly, you don't. I agree with Churchill statement beacause from experience I have learned along the way their will be failure.

I think of this qoute being about a little kid trying to learn how to ride a bike, he keeps trying and trying until he finally learns how to ride a bike.

Over the years I have struggled a lot in my eduaction, fell into the wrong type of crowd, having a lot of abences and those actions led to consequences. I ended up failing my freshamn year, It made really behind and I struggle to keep my movation high. I switched schools every 2 years due to some family problems and that just kept being a habit to the point that I didn't even want to try in school knowing I was going to move the following year. I kept getting bad grades. Then, came my Junior year of highschool and I moved again. This time I realized Im really behind in my education, so I told myself that I needed to put my best effort into my schooling. I tried so hard in every class, studied for every test that their was and didn't try to give up. There was a point I almost did becuase I kept failing and doing not well in my classes. I kept reaching out for help for someone to get me movtaional help, luckly, I found help and I checked that off on my list of things I needed to accomplish. Once I was back on track with my studies, I tried even harder. I tried new methods on studying, trying to learn how to remember things and all these simple stuff that were making me. Even though not many kids enjoy getting up so early to go to school I tried my best to get a good night sleep and be prepared for the next school day. Now, Im in my Senior year of highschool, this year is very stressful becuase this is the year you find what your interested in and make that into a career. Im interested in joiining the military, so that is my next goal on my list. In order to do that goal I must graduate from highschool and you can't graduate without passing classes. So Im trying my best in every classes no matter how stressful I am. luckly, I am passing every class of mine and passing every test that I take. Now Im only a couple months away from walking that stage. Senior year comes with a lot of exciting events and Im glad I get to exprience that.

In conculsion, Hard work comes a long way and learned that I gotta work hard to get to where I wanna go. There may be some poeple or things trying to stop you but that shouldn't let you trying to give up. I learned from my errors and failures and I made a soultion out of it and it got me to where I wanted to be.                       ",493,12,Female,Economically disadvantaged,Hispanic/Latino,test,4,3,3.5,4,3,3.5,3,3,3,4,4,4,4,3,3.5,4,3,3.5,3,3,3
C0A5C05F8801,Success and failure,"I agree that success consist of going from failure to failure without loss of enthusiasm. Firstly because everyone should always keep trying because we should know that nothing come easy we have to keep trying. For example i use to have one friend who use to hate school because of his math class. He use to tell me that whenever he used to go to his math class he would feel stupid because he don't understand anything in that class,Whatever his teacher use to teach,but he never give up when he was in school he keeps trying and trying until he gets better in his math class and now he is a math professor. He always tells me that don't ever stop trying believe in yourself.

Secondly i would like to say that success dosen't come without struggle. If we want to be successful we should know that there is going to be a lot of struggles in our path. However if we stay strong and positive we will be successful one day. If we become successful we can set an example for people who don't try or people who just get fail one time and then they stop trying. We can be someone's inspiration maybe people we get inspire by us one day. For example i failed my driving test twice but i didn't give because i knew that already that getting my license is not going to be easy. After taking classes for driving and learning how to drive from my parents. I got my license when i gave the test after second try. I was so happy and proud that i didn't give up and i just kept trying.

lastly i would like to say that Failure also teaches us some good experience in life that we will never forget.

All this experiences are very beautiful in our life because we can share this experiences with people and put posistivty in the people. who give up easily or the people who failed once and think that that's it with their life the cannot be successful now. Everyone should always keep trying because success is not gonna come to us we have to go to success. Success doesen't need us we need success.

In conclusion i would like to say that i agree that success consists of going from failure to failure without loss of enthusiasm. First because success dosen't come to people who gives up. Second success dosen't come easy. Lastly success teaches us some good experiences in our life.",396,11,Male,Economically disadvantaged,Asian/Pacific Islander,test,3,3,3,3,3,3,3,3,3,3,3,3,3,3,3,3,3,3,3,3,3
C31019435CBC,Success and failure,"Winston Churchill said that, ""success conssists of going from failure to failure without loss of enthusiasm."" I agree with Winston Churchill, because if you fail once and give up you'll never get what you want, you'll never success. People nowadays just give up and don't accomplish their dreams because once they failed they are afraid that they're gonna fail again. But if you keep trying and trying to get where you want to be, you have to believe in yourself, nothing is easy in this world, if you want something you need to fight for it even if you keep failing, you can't give up easily.

If you dream that you want to be someone in life, that you want to be successful and have a good future, you have to sit and think what are the things that required to accomplish your dreams. You have to search and investigate the possible ways you can become what you want to be. If for some reason or another your plans didn't go as you expected you have to try again but in another way. You have to believe that you are capable of doing what you want and accomplishing your goal. I know a lot of people that lost their enthusiasm just because they couldn't make it the first time, they didn't want to look at their own mistakes and what did they wrong which was the reason they couldn't accomplish their goal. But instead of keep trying they just gave up and moved on with their lives but at the end they're doing something else that they never imagined they'd be doing because they didn't dream of that.

Many people that never give up always success in life because it doesn't matter the struggle they go through they just keep going. For example, my sister went to take her drivinig test, the first time she went she didn't pass it. She was mad because she studied the whole week and still didn't pass it, so she kept on studying and went the next week and she passed it, she was really happy because the first time she went it was hard but she kept on studying until she passed, she didn't give up. Sometime all you need to not give up is motivation because if you motivation yourself or if someone else motivates you, there's a possibility that you're going to success. Every time I motivate myself or someone else does I feel like I have potential of doing what i want to do or be. I just have to believe in myself that I can accomplish my dreams and I don't lose my enthusiasm.

In my opinon, I believe that when we fail for some reason in life it's a lesson that we have to learn. When something goes wrong in life we can't just give just for the simple reason that we fail but that doesn't mean life is over, that means that we have to keep trying and not do the same mistake that made you fail the first time. I know that life is a struggle but that does mean you can just give up because your first time was not successful at all. This country gives us so many opportunities to be successful just for the fact that you have work hard to get what you want. We have so many options of what to do with our lives as teenagers, we have the ability to choose if you want to success or be a failure for the rest of your life, if you want to give up or keep going. No matter the struggle never give up, there is always another way of being successful in life. Life is like a game, you play it like you want to, but you have to decided if you want to be the winner or the loser, you have to find the way to be successful and win without giving up. if you lose, you have to try again and again until you become the winner. When you have a goal in life, you have to find the way to accomplish your goal to success and not to fail because you believe in yourself that you are capable of doing it, you see that you have potential of making that goal.

In conclusion, never giving up even if you've failed a lot of times will make you successful because if you keep trying and trying to accomplish your goal, you'll eventually accomplish it because you will try many ways and sooner or later, you'll success in life. If you have failed once there's a possibility that the next time you try you won't fail because you have to go back and look at the mistakes you did wrong that made you fail the fisrt, and not do them again so you can success and not fail again. People that never give up are most likely to success than people that give up on the first try.",808,12,Female,Economically disadvantaged,Hispanic/Latino,test,4,3,3.5,4,4,4,4,3,3.5,4,4,4,4,3,3.5,3,3,3,4,3,3.5
C4AAC1BB837B,Success and failure,"Does success consist of going from failure to failure? In some cases,yes, but not in all of them, it depends on what you want to succeed in. Some successes aren't always hard to achieve, you just need to know what steps you need to take and when to take them. For example, attending school on time and getting good grades could be someone's success and you could easily achieve that by going to school on time and paying to what the teacher says.

I personally do think you need to fail in life in order to succeed, on earth nothing is free, it needs to be earned and you earn it by always believing in yourself and never giving up on what you want in life. For example, Captain America, he joined the military and everyone made fun of him because he was too skinny and had no type of strength but he never gave up, he did what he was passionate about, which was saving people. He became the best soldier in the military and everyone who bullied him, ended up looking up to him. I think that's amazing, believing in yourself to do the impossible when everyone around you doubts you is honestly not as a easy as it seems. And you see how even Captain America had to fail in order succeed.

I believe that Churchills quote about having to fail in order to succeed and never loosing enthusiasm only applies if you're really into what you want to succeed in. Iv'e wanted to succeed in some things before but once something doesn't go as planned I just give up and let it be and I think that's only because i'm not really enthusiastic about it. For example, I love soccer but i'm a shy person and I can't play infront of people because of it. I also, love money and since I love money I work hard for it, I look for different ways to get it and I keep it managed so it never runs out. the difference for me between playing soccer and getting money is that i'm really enthusiastic towards about money and not as much for soccer. You can't and wont succeed if you're not enthusiastic enough about it till the end.

The reason people usually don't get to succeed on what they want is because everyone usually gives up after the first fail, they doubt themselves and stop believing they will ever succeed but that's where they're wrong because everything happens for a reason. Winston Churchill's quote has and keeps helping people open their eyes about success, fails, and how to work with both of them, by never giving up and having a lot of enthusiasm.

I conclusion, you do need to fail in order to succeed in life and it's for a goood cause. Although, it may be hard to keep pushing yourself fail after fail but sometimes in life that's how you get where you want to be, fail after fail. Also, be enthusiastic about it so it can keep pushing you towards the limit.              ",511,12,Male,Economically disadvantaged,Hispanic/Latino,test,4,4,4,3,4,3.5,3,4,3.5,4,4,4,4,4,4,4,5,4.5,3,4,3.5
C9CBCB6050B2,Success and failure,"I agree with Churchill's statement about the important role that failure, because from every failure we can learn to improve ours failures. For example when you are playing soccer with your team and maybe do you have many times without win but, you do not stop to play good or better that the last time and can win.

I believe that the human need to believe on himself and know that this life can be rude sometimes, but we can learn and learn of every fall that's why we are not perfect. If a person have a fall in his life or success it's a not a reason to abandon we how human have the obligation fight for that you want in this life. If success consist of going from failure to failure without loss of enthusiasm, I don't know maybe that's is a important view point, one thing I think we can be better, you know why? because we knowing how is this life we can fight, and finally achieve our success. ",163,11,Male,Not economically disadvantaged,Hispanic/Latino,test,2,3,2.5,3,3,3,2,3,2.5,2,3,2.5,2,3,2.5,2,3,2.5,3,3,3
CA72E0013F71,Success and failure,"Failure plays in the pursuit of success; I agree with Churchill statement because no one want to fail in whatever he's doing. First, when we see other people are very success in their life we're trying to be like them or maybe better. Next, everyday, every hour, every second, we're working to reach our goals for instance, student come to school, wake up early, people goes to the work, and everyday we just spend the most of our day just preparing ourselves to be success in the future no matter when we will fail but where just looking on our goals. Again, we all know, working hard to be successful in life it's not easy, but everyone want to show how strong he is. Otherwise, we won't live a good life, everyday in our lives we see difficulties, and we're trying to deal with it no matter how hard it is. In conclusion, no matter how many times you fail everyday, don't give up in order to get to great things in your life, and to be success.

Everyone has the choice to be success in their life even if the challenges is more than you expect. First, when we fail in our duties we feel weak, and we think we can't do it but the feeling of failure pursuit us to work hard, and to do our best to reach our goals. After, everyday I'm facing the challenges of failed, but I still do my best to success and to reach our goals; no matter how much time it will take me to get what I want. Again, that's because I failed,

I don't want to be in the feeling of failure. After, For example, when I took my anatomy test and got a bad grade I felt very bad; because I'm looking to reach my goal which is to get the best grade I can, but I didn't give up until I got the grade that I want by retaking the test. Also, Another example, when I came to United States of America in 2014 I was zero at English I had no English at all, in writing, reading, and listening. I spent a lot of time just learning English only, and I didn't take the requirement classes for two years, and some other people were not better than me at English, but they were at higher levels than me; what proved that I was better than them, my grades was better than them. Next, after all of that I stayed one extra year in my high school to graduate; after all of that I didn't give up because when you feel that you are failing, of being in lower level than other people this thing pursuited me to success, to learn, and never give up no matter how long it will take me; just because you fail you stop no! it won't stop me to be success person. Also, one of the famous soccer players in the world now

Muhammad Salah when he started to play soccer the couch put him always on the bench and he want to play, he takes like two hours in transportation everyday for just sitting on bench and not to play; but after he felt that he is not a good player he started to practice a lot by himself, and now he is the best player in Europe this year. In conclusion, don't let the failure to control you and your strength that's inside of you.

The failure pursuit us to success, and it won't stop you to success. First, if anyone work hard he will reach his destination, and you will see your destiny. Second, sometime when we learn from our mistakes it helps us to know what to do in order to success and reach our goals, and don't redo the mistakes that we have oh ready done before. Also, sometimes when we have courage it helps us to stand again; and fight for the our dreams, and the wants that we want to get or reach. After, everyone should have a target to work for that's also helps a lot to success; because life has no meaning without a target. Again, for example, I want to become a doctor of optometry, this helps me a lot when I fail, I start to remember my goal, and what I want to reach; this helps me to stand again and again after multiple of failings. Later, the people who has dreams and goals they just look at it no matter when, where, how they failed; they just stand again do it all over and over to pass the process or the tasks and get where ever they want to get. Otherwise, the people who don't have dreams it's hard for them to stand again because they don't have dreams or goals to work for but everyone should have a dreams because as I said why would you live if you don't have a dreams or goals. you won't success if you didn't set a goal to work for. Again, opportunity don't come everyday, so stick to the point your looking for, when we see other people success in our jobs we feel jealous because we feel not good as they are. In conclusion, don't be afraid to try new things and fail, you won't grow unless you take the risk and try, great things takes time, so be patient, and don't give up!                ",849,12,Male,Economically disadvantaged,White,test,3,2,2.5,2,3,2.5,2,2,2,3,2,2.5,3,3,3,2,3,2.5,3,3,3
CEC40123BE8D,Success and failure,"Failure plays a big role in the pursuit of success. When you fail in something, not matter what it is, a video game, a quiz, a futboll game,or even love you are not loosing anything, you are wining experience. Failure make us strong and smart, thats why old people are considered, wise on the things that they said.

They have gone through so many things and so many situations in life. Also, those who had succeed in life are full of enthusiasm. Those who failure in 1 thing in their life and never wanted to try again, those are the ones that dont follow their dreams.

People with dreams, people that want to leave a good mark in life, have lose so many times, Im quite sure that no one like Bill Gates or Steven Jobs got their success in the first try. People will said things like "" you cant do that"" or "" thats its not going to work"" but enthusiasm and experience will demonstrate to those that yes, I can do it and yes, it is going to work.

Im agree with Prime Minister Winston Churchill, when he said that Failure and enthusiasm play a big role in the pursuit of success. Success can mean so many things like, success in school, success being a good father, success in love. Im the type of person who never give up, and i Know when somethings dont work, their going to be better opportunities. I hope never give up on my dreams and never give up when something its not going the way i wanted to be. Hope is the last thing that some one can lose, and I hope never to lose mine.         ",273,12,Male,Economically disadvantaged,Hispanic/Latino,test,3,3,3,2,3,2.5,3,3,3,3,4,3.5,3,4,3.5,3,3,3,3,3,3
D0592FE83B1D,Success and failure,"Some people think success does not consist of failure . However,I believe that success consists of failure because failure makes people hamlet ,failure makes people even try harder,and failure leads to learning from mistakes

Some people agree that success does not consist of failure because people who fail to achieve success will get discouraged .This is not a good because success consists of failure .In truth, Failure makes people come up with new ways of Devin things .

I believe success consists of failure because most failure makes people even try harder. For example some people think they know how to do everything they feel like they are perfect sometimes they dont dot correct so they duet wrong and that's how they can learn from there mistake

. Therefore, failure leads to learning from mistakes .

Furthermore ,I believe that failure can makes learn more about something we can have experience with'it .Because no one should hive up on thins that you real like, sometime failure make people hamlet .For example failure makes people Evan try harder and harder .Therefore failure is the solution to learn more

People have different views about success dost not consists of failure .For me I strongly believe no mater what we can keep going and try harder because failure leads to learn from mistakes ,failure makes people come with new ways of doing things            ",212,12,Female,Economically disadvantaged,Hispanic/Latino,test,3,2,2.5,3,2,2.5,3,2,2.5,3,3,3,2,3,2.5,3,3,3,2,2,2
D4727B27B79E,Success and failure,"According to Former British Prime Minister Winston Churchill ''success consists of going from failure to failure without loss of enthusiasm"". Some people disagree about Churchill's statement about the importance of failure in achieving a certain goal, But most of the people agree that failure without loosing faith plays an important role in pursuing success. In my opinion, failure is a step in that will lead to achievement.

One reason is that, failure will teach us not to repeat the mistakes that we already made. It will make us think for something new that will contribute in our plan to be successful. Being unsuccessful will serve as a lesson to become wise in making decisions.

Having multiple failure without thinking of giving up is a sign that we are focusing in our task. Being enthusiastic in achieving our goal will give us more chance of success.

Another reason is that, success will not become perfect without any failure. Anything that is happening right now, if we focus on it; it will give us a better results. If we really want to become successful; all the failures that we've done will became a motivation for us to finish what we want to do. Every time that we're doing something; failure is always a part of it.

We should not lose our hope in achieving our task because if we give up; all the time that we spend will become waste. Failures has important role in achieving our task. In order to accomplish our task with out thinking of giving up and loosing our faith; all we need is motivation and determination. The important thing is we should not lose our hope in obtaining the things that we want.        ",276,12,Male,Not economically disadvantaged,Asian/Pacific Islander,test,4,4,4,3,4,3.5,4,4,4,3,4,3.5,4,4,4,4,4,4,3,4,3.5
D48F727D226F,Success and failure,"I think that churchills should pursuit of success. One reason is to never give up and the second one is to never think that you would never success in life. Also, last reason is to always tell someone and let them help you to be successfull in life because of all these three reason you will be a great churchills.

My first reason is never give up and keep trying. If you give up and not try than you wouldnt success and you wouldn't be a great person. But if you have try and try than you will be a great person and be successfull in life. Also, if you try than people will be greatfull for you because you keep trying and you never give up and having positive thoughts and not negative and always having positive thoughts you will success more in life.

Secondly, to never think that you would never success in life. Like i said in my first paragragh if you think positive and not negative than everything will be fine and if you ae ok than everybody else will be ok because you are doing thing as what is soppse to be. Also, you can also do better becasue you have the ability to do things and like i said before never give up on yourself and allways think of you and than think for the others.

Lastly, always tell someone and let them help you to be more successfull in life. Peple can help you in life because they know that are doing and they can guide you and they can see if your doing great or not so your parents are the great people to guide you because they are with you the whole time and they know what is good or not for you and they know if you done something wrong they can tell you why is wrong and how you can make it better for you .

However, other people cannot tell you because they are noy in your life and they don't need to know wthat are you are doing wrong. Maybe some people can and is they do they tell but they would not do it for you in case of your parents they will do it for and tell thing because your parents should be like your best friends and they support and you get injured they are the one who takes care of you and they are the one who takes you to the hospital.

In collusion, this are the reasons and eamples why is great to be a successfull person in life time. Count on people , never give up , telling someone, and never think you will never be successfull in life. ",467,12,Female,Economically disadvantaged,Hispanic/Latino,test,2,3,2.5,3,3,3,2,3,2.5,2,3,2.5,2,2,2,2,2,2,3,3,3
DA89A3790CD2,Success and failure,"PROMPT ESSAY

Former British minister Winston Churchill one day he said that ''success consist of going from failure to failure without loss of enthunsiasm''.

I am agree with him, he's right.

I know a lot of people that they just say OKAY ''I will be inthusiastic so can be success'' but they don't, people just see the good things they don't see the hard work that it takes to be successful. It's not easy to be a successful. I would love to be successful right away not having to work hard it would be awesome.

First, a lot of fails and negative will bring you down and you will cry and go crazy because you don't have any idea how you get through it and get out of that negative stuff. I been through all this and i had worse days that made me feel like i was going to ''die'' because of the depression that i use to get. I felt that nothing was going to be alright or better. I just had bad though on my head and negatived stuff. All those things made me worse and i didn't want to do anything. I got on the point that i didn't care about anything.

Second, few days later i start reacting and i start seen myself that i was getting lost on a deep drakness that i didn't want to be on it. I start seen my friends having fun and not strogeling on anything. I saw that i was losing myself and that there was so much fun things outside and i was not having fun or enjoying my life like It suppost to be. I start getting some help and go out with friends and everything was changing to a good way my stress was going away because i was having fun.

Third, When i start seen more people i start changing because they help me a lot on changing things like negative to positive. I became from quite to a ''while'' guy i don't mean that i was crazy or something like that i was a funny guy that talks a lot and make jokes. All my friends start liking me a they love me because they had more fun with me then other kids. I was so happy newing that i was changing and that i was getting better. I also start watching videos of speech and they help me a lot like the one that

ARNOLD

the bodybuilding saids

''NO PAIN NO GAIN''

what that mean is that if you not work hard on anything and not get pain and not putting effort then you will not be successful and won't get anything done or the one that saids

''You can have the best boat in the world but if you don't have a specific plan where you want to go then you will not end up anywhere and you will be just floating around''. i had a lot of motivation with those kinda speech and i start taking everything seriousl.

My final, My life was a desaster in the bigining i didn't care about anything i was confuse and i just gived up fast. My life started changing when i start getting more positive and seen a lot of people of different country and religion that start changing me a lot and making me see the life better and the world better because i was having fun without over thinking about it i was just been my self. Those people who were my friends they were smart kids so i was happy becuase i was around with nice people and sweet and patiente. They didn't care about how i was or where i came from or my religion we just loved each other like family. Seen my friends been success in school motivated me a lot and made me do more then what i was doing. My friends help me understanding the meaning of success because in the future you need it and no body will do it for you, you have to do it yourself. The important rule is to

NOT GIVE UP ON ANYTHING YOU WANT TO ACHIVE. There will be worse days were you won't feel good but if you put a lot of effort to it at the end of the day you will feel much better and will want to do more then what did.

Conclusion, Failure to Failure it's a strong word and i think you can just say it if you really mean it, not just because you like it or you can say it. Because in this world there is a lot of problems and i believe that one person can change the world because doing it and working hard you can achive anything and you can become successful.

It's like a seed if you don't plant it on the right soil you won't have growths. You have to be smart on what you want to do in your life and be sure about it and keep working hard for it. ",748,12,Male,Economically disadvantaged,Hispanic/Latino,test,3,3,3,3,3,3,3,3,3,3,3,3,2,3,2.5,3,2,2.5,3,3,3
DBB3C56AC19B,Success and failure,"The important role that failure plays in the puresuit of success

I am disagree with Churchill's statement about the important role that failure plays in the pursuit of success, because success is not consists of going from failure to failure. Success is consists of going from failure to prosper, and success is dependent on someone is effort.

The first reason why I am disagree with Churchill's statement is that success is not consists of going from failure to failure. When you fail one time and try your best the next time you will defiantly achieved to be successful, so success is consists of going from failure to prosper.

My second reason is that success is dependent on someone is effort. If you want to be successful you have to work hard and try your best. Nothing comes easy in life, you always have to work hard for it, if you fail in the first time it's okay, don't stop trying and don't give up one day you will be successful.

My third reason is the important role that failure plays in the pursuit of success is that to achieve to be successful. Successful people can do anything in their life, so we have to study hard for a better and successful future.

In conclusion the important role that failure plays in the pursuit of success to never give up and always keep trying.     ",225,12,Female,Economically disadvantaged,White,test,3,3,3,3,3,3,3,3,3,2,2,2,2,3,2.5,3,3,3,2,3,2.5
