essay_id,prompt,text,words,seg_grade,seg_gender,seg_economic,seg_race,seg_split,overall_r1,overall_r2,overall_human,cohesion_r1,cohesion_r2,cohesion_human,syntax_r1,syntax_r2,syntax_human,vocabulary_r1,vocabulary_r2,vocabulary_human,phraseology_r1,phraseology_r2,phraseology_human,grammar_r1,grammar_r2,grammar_human,conventions_r1,conventions_r2,conventions_human
095E153640F7,Summer projects,"Creativity comes with great mind!

Summer projects can be fun, if only they were chosen by students. If the students were to pick their own projects depending on the subject; they would be interested, more likely to do it, and enjoy as well.

teachers spent a whole summer or a school year coming up with a topic for the students to do during the summer. And, it turns out that the students aren't giving it much though or effort towards their given assignment. That can be waste of the teachers time and energy, but if the students were to come up with a topic and idea of their own they would do the project.

if students were to choose their project, they would more likely to do it because its on something they want to learn and their curious. when students are curious they tend to explore their curiosity and be more drawn in the subject and want learn more about it. students can come up with great ideas when comes to doing their own projects. choosing a topic of your interest in a projects can explore students mind, and do the things they would never though of doing.

The summer project can improve your grades in the class. for example a student that struggles a lot in class either because the they cannot keep with pace in class, with summer projects they can work on their own pace. and if students are not great at working in environment full students this gives the a chance to do in depended study. summer project can give an opportunity for students to increase their greats. if students were to chose their own assignment they could at pace that worked for them, and they wouldn't have to worried about due time date. students would have the whole summer to finish the project, and if they did not finish it, when they an entire summer to do it, now that's just being lazy and it can effect their grade.

Subject can have a great impact on the student. If student is given an assignment on a certain subject their is a chance they would start procrastinate or not do it at all.

therefore they would have zero interesting on doing the summer assignment. for example if i had a history project and a science project. And if my science teacher were to give me a project to do a research paper on how gene mutate, as interesting that sounds i would not do it because science does not fascinate me as history.

Being able to choose a project of your own can be fun that way, it gives a student to look forward to do their work and be more fascinated it. Students should design their summer project; because that's less work on the teacher,

it gives them an opportunity to just think outside their box, and they can make their teachers proud for doing their work, so they can look forward a better school year.    ",458,11,Female,Not economically disadvantaged,Black/African American,train,4,3,3.5,3,3,3,4,4,4,4,4,4,4,3,3.5,2,3,2.5,3,3,3
21EFAE02832D,Summer projects,"I believe students should design summer projects instead of teachers, what do you think? i believe so and here is why. Most students think more alike other students because most of them have the same knowledge than others but. That doesn't mean that the whole school will have students that could think like teachers. By all means this proves that there is a lower chance those students with high developed knowledge will be the ones doing the summer projects for others to complete. The students that do create some of the summer projects will make sure not to make them to hard or to easy that way the students doing them can surly keep learning during break without stressing about it. The students that make the summer project will also make them easier for there fellow classmates. Some of the students that are doing the summer project could be stressing about it but that also means they won't make it to difficult because they would want to get over with it already and focus on something else to get there minds distracting. So that we they cannot be thinking so much about school. As well as the students doing them won't stress as much about them because they'll know it's not to difficult and can do it any time during the summer, such being the last week or the last day so they can have all summer to them selves. Not having to think about school. When students aren't thinking about school that doesn't mean they're not learning it, just means they're trying to get there head off of something that highly stresses them about a lot of work or having to deal with for a long time and that's the only time they can get a break from it and not stress about school. The reason being of students doing them than instead of teachers they also won't have to do a lot of writing or work for starters. Students will be sure to not make them as long because they know what it feels like to get assigned a long and stressful assignment especially over the summer break that is the only time you actually get a break from school. Students also doing the assignments will help out teachers to also get a break and focus on other important related stuff they have as well. The students creating the summer projects can also be more open minded after doing them and grow they're knowledge as well as learning better and thinking of ideas more often for school. Teachers can review the students work and see how fine they do. The students who do well creating can continue to do so if they feel goo about themselves doing it for the other students that weren't so bright at it can give out ideas and help out the students doing them. I believe other schools and principals will be impressed by having a school with students creating they're summer projects and that is wonderful. I believe that having students create the summer projects is an outstanding idea for the community and school they will think of them differently and have a better picture of themselves. This argument has been good because it will open the eyes of many students and have them be brave enough to put themselves up for the challenge. If you believe students should create these summer projects instead of teachers write your own prompts to see what you guys have in mind. I think my argument is well stated and many teachers will surly think about letting it happen. Don't you believe so as well? Yes indeed you do.",584,11,Male,Economically disadvantaged,Hispanic/Latino,train,2,3,2.5,2,2,2,2,2,2,3,3,3,3,3,3,2,4,2,3,3,3
2B015051803E,Summer projects,"THE SUMMER PROJECT

While student take a break from school there are teacher want student to continue to lean even their break from school. Some school require student to do summer projects to assure they continue learning even during break. Should these project be teacher or student designed? The Summer Project should be student designed during break.

Why should this summer project should be student designed not teacher designed? If student have a choice of who came up an idea to write about they would most likely choose them self. This summer project due til student go back to school telling that student have lot of time to come up with an idea to write about. Student can come with an idea quickly because they can what they do and write about that they also can write what they do during the break. Since this is student designed student can start this project anytime they want

If the student start their summer project student can be creative with their work by putting effort into it. student can choose if they want to do it colorful and creative or plain student have a choice if they want their work all bright and pretty or simple and plain. If the student choose colorful and creative there work might include with picture, color, detail, and what they might do during break showing that whoever made this work put a lot of thought and effort into it. If the student want to be simple with their work they might include white background, all word telling what they do during break, and a lot of mess of pencil mark. whatever they choose to be creative or not they will end up using their head to come up with these idea and student can make their project exciting or boring it up to them.

If student do this summer project and let the student to do their designed it will show that student put a lot of work into their project. The most difficult part of this project is come up with good idea to do. Coming up idea can be hard and stressful it show that student put a lot of thought into their work. While student work on their design something they think what would be great to put into their design like color if so what kind would be best, picture if so what kind,and patter. After they finish student need to check if they like it or not and they have to check if they any mistake. When you look at the work it show student put a lot of thought in their project.

In Conclusion Some school require student to do summer projects to assure they continue learning even during break, should these project be teacher or student designed. During break the Summer Project should be student designed. student can start this project anytime they like, they can make their design exciting or boring, and show that student put a lot of effort into their work. If student have a choice of teacher give idea to write about or student come up with one what would you choose?",538,10,Male,Economically disadvantaged,Asian/Pacific Islander,train,3,3,3,3,3,3,4,4,4,3,3,3,2,3,2.5,3,3,3,2,3,2.5
39492CE9549E,Summer projects,"Teachers can justify students knowledge more accurately than students. Teachers are very experienced compare to the students because they gained so much knowledge in their life. By doing the teacher designed projects, students can learn something that they did not know about. Teachers would know what topics they really need to focus on and what are the most important things they need to know about. Students summer projects should be designed by their teachers to make sure that they are being effective, hardworking and responsible for their work during the break.

Summer projects of the students should be designed by their teachers to make sure that the students are being effective during the summer break. Teachers know the academic ability of their student because they know how the students answers some specific types of questions, they know how the students think and understand. For Example, In my fifth grade there was a math teacher named Generic_Name. Ms. Generic_Name and I spent so much time with each other to discuss my mistakes on a test, She asked me do to test corrections on a paper. I solved all the questions correctly without a time limit, She came to me and said, ""I knew you could do it, because I have seen you working very hard these days"". Then, I realized that I knew how to solve these problems but I was scared to complete the test before the timer goes off because I did not know I could complete everything. This examples describes that the teachers know our academic ups and downs than ourselves. They also know what we need to learn to succeed in our class, So when they design a project to their students they make sure that the students are going to be effective on their break and learning something new which will help them in their future.

Summer projects of the students should be teacher-designed to make sure that the students are hardworking even during the summer break. Teachers know the capacity of hard work we do in our class, they observe the amount of effort that we put into different things like talking, reading, writing and singing, etc. For example, one of my teacher in 10th grade was really nice to me, she always used to ask me about my hobbies and interests. I had a presentation in her class and I went to ask her for help the day before the presentation because I was preparing for almost a month, I wanted to ask her if I did any mistakes in the slides. After I showed her my slides, she gave me a big hug an said ""I know how hard you worked for this presentation, I gave you a hard project to see is you are capable to do it or not. Even though you came to United States two months ago, you did a fantastic job"". I was very happy to hear her saying that I did good and on the day of my presentation I felt really confident on my work. This example explains how the teacher knew that I worked so hard to do my best. By assigning me a hard project based on my level of understanding, I worked hard to understand and analyze every single detail. That helped me to gain confidence on my self and my level of hard work improved a lot. When teachers design the project they make sure that the students are trying to work hard and they want to see how your working level is improving.

Summer projects of the students should be designed by their teachers to make sure that the students are being responsible for their work during the summer break. when teachers design the project they know how long it is going to take the students to complete the project and how well focused and responsible a student need to be while doing this project. For example, My history teacher in 10 grade was very strict, she always wanted our whole class to turn in everything that she posted online in one day. After 2-3 months of struggling in her class, everything was going really good till the last day of that academic year. All of my work was completed on time. This example says that even though I worked really hard in the beginning, when it came to the end of the year I was really happy for being responsible for my own work. By learning how to be responsible from that teacher, helped me a lot in all of my other classes too. Summer projects given by our teachers can make us feel responsible for ourselves, by doing the projects teach us how to be focused and concentrated to get them done on time. when the students design the project they take it easy because most of the students just pick something they already know or they already feel confident on, which will not make them feel responsible.

Teachers are very experienced to know how students think about something, they can understand what students know and what we do not know academically. They always try to teach us how to build our academic skills. They want the students to be in an amazing position, they always want to see the best from us because they know how the student are. Summer projects of the students should be teacher designed to make sure that they are being effective, hardworking and responsible for their work during the break. ",885,11,Female,Economically disadvantaged,Asian/Pacific Islander,train,4,4,4,4,4,4,5,4,4.5,5,3,4,4,4,4,4,4,4,4,3,3.5
3B355996A407,Summer projects,"Some schools require students to complete summer projects to assure they continue learning during their break should these projects be teachers designed or students designed?.

I'm taking pocition of this topic, In my opinion students should be have their own projects during the summer, the students already knows, whats the problem is or what they have it trouble with. students involved in summer projects, could be one way to students can learned also students can have more skills if they keep practice with their own projects and ideas they are going to be ready when they coming back to school , I'm totally agree with that the students should be designed their projects,For example, I'm a student of ESL, I like to make my on projects during summer to dot not forgot what

I already learned during the year, in others words students need to work in their on projects during their break

The firs reason about this topic, some students, who feel more comfortable making their on projects is that they will know how the topic goes, because they were the ones who created. in fact, If schools let students to make their own projects , they will be more comfortable because they will know what the topic is about and it will be easy for them to make it.

Second reason, students needs to make their own projects during summer could be more help for the students , when they came back to schools, because they are not going to forgot it, what they already learned,the students don't have to stop working their own projects because if they stop probably they become lazy. for example ESL students, if they don't try to make their own projects they will be forgot everything.

I think that the students, needs to have their own projects during summer, that would be a good for students,

also , students, won't forget everything that already leard during the year, because they are still working on their own projects and understanding better their projects, I'm totally agree with that the students, can do better without teacher during summer, students can be more active and show more their abilities, if they try they will make it. there are many points to students make their own projects during summer.",337,11,Male,Not economically disadvantaged,Hispanic/Latino,train,3,3,3,3,3,3,3,2,2.5,3,3,3,2,3,2.5,2,3,2.5,3,2,2.5
4248882EDCCC,Summer projects,"Why teachers should designed summer projects? it prepares students to be ready for the next school year. Students actually do what they suppose to be doing. Students don't have tow worried about what they need to be working on. Teachers should designed summer projects because it helps students to learn more on what they need to do and students know what they need to be doing without stressing about it; however if students designed projects it could be wrong.

First, teachers should designed summer projects because it help students on what they need to do. For example, it helps students to get to the level where they have to be for the next school year and students actually understand the subjects better. Students actually get the work done because they are doing. Teachers should designed summer projects because it helps students get ready and prepare. students should do what their teachers asks them to do so that they can get better and prepare.

Second, students know what they need to be doing without stressing about it. Helps students to understand what they have to work on. For example, there are many students that stress about it because they don't know what projects they need to be doing. Students take their time and do their work because they know how to do it. Many students don't get work done at home during summer because they stress about not knowing what they suppose to be doing, that's why teachers should designed projects.

However, if students designed the projects it could be wrong. Many students are lazy and they forget about the projects. For example, there are many students that don't want to do anything during summer they just want to have fun so they finish the projects the fastest they can without knowing what they need to be working on. Most of the students work during the summer and they don't have to actually do their work correctly.

In conclusion, teacher should designed summer projects because it helps students to learn more on what they need to to be doing and students know what they need to work on without stressing about it; however, if students designed the projects it could be wrong. Many of the students don't have to worry on what they need to be working on because they have everything they need. Most of the time students do what they suppose to be doing. It helps students to be prepare and become better at any subject",407,11,Male,Economically disadvantaged,Hispanic/Latino,train,3,3,3,4,4,4,3,3,3,3,3,3,3,3,3,3,3,3,4,4,4
477B00F899E2,Summer projects,"Student-designed Projects Encourage Learning

Summers can be boring for students, especially when homework is assigned. Students have creative minds and a variety of interests which can be specialized to a topic of interest; however, schools tend to assign a generic assignment to all students despite their differences. Summer projects are intended to enable students to continue learning and exploring the world through a lense of their interest. Therefore, allowing students to design their own summer projects allows for their interests to spark, their creativity to grow, and their areas of knowledge to expand.

Firstly, student-designed summer projects will allow for every student to specify the project on his or her interests. Every child is different and shows admiration towards different subjects in school. If teachers design the summer project, the students will lack incentive to explore an area of interest as that has already been done for them. Additionally, teachers will attempt to design the summer project in a way that it applies to all students; however, not all students think alike. For example, most middle schools conduct science fairs that allow kids to explore an area of science that particularly interests them. This allows for children to research heavily into a subject and even enjoy doing so. This not only sparks an interest for science, but it also allows students to show off their abilities and specialize in their talents. This science fair analogy can be applied to summer projects because children will develop their admiration towards an educational topic and will enjoy the learning process. This creates a positive incentive for learning despite it being summer.

Secondly, if students are enabled to design their own summer projects, creativity will occur and develop. When teachers design projects, students are incentified to simply follow instructions and do as they are told. This results in surface level researching and a lack of interest in actually learning and retaining knowledge. This is understandable as most students do not enjoy a generic assignment that does not apply specifically to their interests. However, if students were given the opportunity to design their own project, they could research a subject that sparks their interest and creativity. This will lead to a deeper understanding of the topic and will result in a better quality of summer projects completed over all. For example, refering back to the science fair analogy, most students will become creative and design their own experiments if they are given the opportunity to do so. Most students enjoy being given the freedom and trust to become creative and show off their interests.

Lastly, when students return to school after summer break, they will see a variety of interesting summer projects completed by their classmates. The student-designed projects allow for a large variety of topics to be explored, and will benefit the students intensely. If all students, for example, have the same assignment, they would be less interested in their classmates projects as they would all be generically similar. However, if the students have the opportunity to design and conduct their own research into their favorite topic, then the students can share each others interesting new insights with each other and spread their knowledge. This increases students admiration for learning and will inentify them to study something interesting for their classmates.

In conclusion, allowing students to design their own summer projects allows for their interests to be explored, their creativity to flourish, and their areas of knowledge to expand. Schools tend to fail to recognise that each student is different, and that he or she requires different learning styles in order to be successfull in learning. It is vital that students are given the opportunity to become creative and explore an interest that is dear to them. If this is not prioritized, schools will continue to foster the idea of simply following instructions.",681,11,Female,Not economically disadvantaged,White,train,5,5,5,5,4,4.5,5,4,4.5,5,5,5,5,5,5,5,5,5,5,5,5
584A4BB1E954,Summer projects,"Should these summer projects be teacher-designed or student-designed ? I think students should designed. students can do this well.

One reason why summer projects from students. Because if the student designed their project they can choose their projects. For example, some students need an essay project but teachers give harder projects for students and they can't do this projects. And some students not have idea about the projects from teachers but when students choose their projects they have good ideas about their projects. However, some teachers did not like to students choose their projects .This is not the only reason summer projects from students is good.

Some may argue summer projects from teachers is good. This is because the teachers have more information about summer projects and they know what kind of projects is better for students. However, some students not have information about summer projects and they did not like to complete the summer projects from teachers in the summer.

In conclusion, I think the students need to choose their projects because if they choose their projects they like the summer projects and they really want to complete their projects in the summer vacation and they have good ideas about the projects.",202,11,Female,Economically disadvantaged,Two or more races/Other,train,3,3,3,2,3,2.5,3,3,3,3,3,3,2,3,2.5,3,3,3,3,3,3
6DFD772CFC64,Summer projects,"School required students to complete summer projects to assure they continue learning during the break. The time we live on right now students should get projects over the summer, so they can prepared for college and other things in life this is why the schools are giving them work so they dont forget about school and keep learning everyday. While some people around the world say that teachers should design the summer project for the students. It is better for the students to design their own summer project because they have better ideas, Can make their projects less stressful, and make it more fun with their friends.

All students in the world have better ideas to how to design your own project and make it better. Students have better understanding of what they want to do for there project like having better ideas and knowing what they want to work on. Cristiano Ronaldo wrote a article about why is good students should design their projects and why teacher should let them design their own article. Cristiano Ronaldo is a soccer star but he went to high school and know what the students want to do and design. He wrote on the article that students brain is still developing;he said that if students keep making their own decision and teachers let them choose their designs of projects they can come up with better ideas that other people cannot even think about. In the article he wrote that we students have a amazing brain and we can come u with the best ideas and design of projects that no one else can't. Everyone keep saying that teachers should make the designs of students projects for the summer.

Students of everywhere can make there project design less stressful if they get to choose what they can do. When students get to design there own project is less stressful for them because they can choose how they want to do it.

Leonel Messi came to every high school in the united states to talk about how stressful is when teacher give students projects over the summer. They make us work super hard and is super hard to communicate with their teacher over the summer. He talk to us that picking our own projects is way better than teachers picking the design because we can make our own ideas and it is less stressful and that is going to be easier. When students pick their design they don't need to worry about asking question to their teacher and stressing out. Messi told us that when he was in high school,he used to choose his own design of project because it was less stressful and more fun to do. when people keep saying that teacher should choose our design it so stressful because us as student want to choose our design for our summer project.

People in all high schools keep saying that is more fun for students to make our design of project ,because it makes our studies more fun and incredible. The mother of my friend ones told me that there is nothing more fun than getting to design a project as a student. She told me that when she was in high school their teacher choose the project for them and that wasn't fun for no student. That's why she told me that is more fun to get to choose your own design of project because when teachers get to choose them is super boring and stressful students sometimes cry. She told me that If i had the chance to make my own design to take it because it was not going to be fun to if the teacher choose the design. It is going to be more fun if you get to choose your own design for the summer project because i can get to make it with my friends and probably family members. Never let your teacher choose design the summer project for the students.

While other people might say that these summer projects should be teacher designed because the student keep learning more and keep working hard;however, if students make their own summer project design it is way better because student have better ideas, less stressful, and get to have more fun while doing the project. Messi gave us a great talk about how to choose your own design of project can make every students less stressful. Students around the world have a ruff time trying to do projects that their teacher gives them over the summer. Teachers should let students choose their own design so students can relax and have fun over the summer and they can keep doing there project and still have time to have fun with family and friends. Every student around the world should start making their own design for their project.        ",787,11,Male,Economically disadvantaged,Hispanic/Latino,train,3,3,3,3,3,3,3,4,3.5,3,3,3,3,3,3,2,3,2.5,3,3,3
71F1B96A18BB,Summer projects,"In most student's summer time,they learn different things from their break,such as work experience,new knowledge from a book,and tradition about other country;In this cause,teacher's designed is not a good choices for student's project,because teacher can not make suitable choices for students,so the way can help students more understand about what they can do in the summer project is student's designed.

When the summer break start,student can make a lot choices about their plan in the summer,for example,they can stay home,travel to somewhere,or work at some place they like;Most student's summer break have a lot different,they learn different things from their break,teacher could not really know what happen in student's break,this is why student need designed their own title.

In half way of the summer,some student might not even start making their project,in this cause if teacher give student a hard title,such as""after you read this book,what your opinion and what you learn from this book?"",then student have try rush through the book,and start making a project,it will make student have a bad project content,if student can decide they own project title,such as""base on your break,what you learn from your travel,it can be anywhere"",if student can create their own project title,it will be a lot interesting and easy.

Most student want to learn a new things from interesting activity,and spend a time on those things,and student always know what whey like to do,they can create title base on animals,vehicles,or their life experience,it will be so much fun and efficiency will improve,if they can decide their own project title.

Between teacher's designed and student's designed,student always like to make their own choices,they can learn things from activity they are interesting,talk and share experience with their friends,and have a easy project in their summer time,that's why student's designed better then teacher's designed.",243,11,Male,Not economically disadvantaged,Asian/Pacific Islander,train,3,3,3,3,3,3,2,3,2.5,3,3,3,3,3,3,2,2,2,3,3,3
753E320B186B,Summer projects,"In my opinion as a student: I don't agree at this type of method but the same time is good for students and teachers to learnd everyday, life is like a school we never stop learning something everyday and acquire new expirence and skills in our grammer. I should go neither everybody need their will to vote what they want to do or spend their summer break as they like.

like you see is their break and is not fair to obligate a student to do a project with out a vote to give them a choice to pick if they want to do it or not. Example; like the elections a President can't be a President with out votes, the country pick their own candidates and the citizens give the vote to the person they pick best for their country

Most likely everything have a vote in our community fuction nothing move with out a vote to people is fair to vote,

that how it works ",195,11,Male,Economically disadvantaged,Hispanic/Latino,train,2,3,2.5,2,2,2,2,2,2,3,4,3.5,2,3,2.5,2,2,2,2,3,2.5
88FD7FAAFA90,Summer projects,"Some school require students to complete summer projects. This is a great idea, and it would be better if the students would be able to pick the topic. One of the reasons is students know what interest them more. Second they would put more effort and time on the project. finally studenst inprove there skills when writing something they enjoy.

To start with, summer projects should be student designed. Students should be able to pick their topic do to they know what interest them and what doesnt. For example, Generic_Name a student at Generic_School was given a project about sea animals. Generic_Name doesnt know nothing about marine animals and has no interest on the project. Therefor, Generic_Name has no idea what to say and its not in his interest. Furthermore, Generic_Name will be in summer break it would be less stressful to talk bout a topic he likes instead of a boring one the teacher would give out. Also the students would put more effort and time to the project.

Secondly, by the student knowing what he likes and his strength they'll aim for that A on the project. Students alfound do poorly on school project due to the topic they were given. For example, Generic_Name was given the topic to right about sports Generic_Name. Generic_Name has never done sports her self so there she has no interest on it. Generic_Name will do the project and get finished on time but, did not put time and effort to do her best. Undoubtedly, students do better on a topic they all feel good about.

Finally the students will enjoy doing the project. Statistics show that when students write about something they like, they tend to improve in both reading and writing skills. For example, Generic_Name was able to right about a topic she likes, therefor, she enjoyed writing and improved her skills in reading and writing. Generic_Name enjoyed doing this project that she added more information about the topic. undauntedly, students summer project should be student designed.

Despite this valid reasons there are does who think teacher should pick the topic. How ever they are wrong. Because students should be able to enjoy writing, and with the prompts the teacher gives out they just get stress out. Unquestibily, summer projects should be studenst desinged.

To close up studenst will gain knolege and enjoy writing. They will aslo do better in the project do to is in there best interest. And finally a summer project should be fun not boring. ",399,11,Male,Economically disadvantaged,Hispanic/Latino,train,3,4,3.5,3,5,4,3,4,3.5,3,4,3.5,3,4,4,3,3,3,3,3,3
90E5BB6CBE11,Summer projects,"I personally think that student should chose there on summer projects because is not going to be as much fun if a teacher choose it. I dont think students are going to do there summer project if is something boring. If student do something there interesting on they are going to do research and finish there project on time because went summer hits not many student are interesting on doing work. I think that is going to be fun doing something i like and not something the teacher wants us to do.

If student do a summer project about just studient animals look for there behavior, some student mite think is fun. They would be some student that is going to be boring or they won't go out as much and not see animals at all. I think student should just pick the topic they think is going to be fun for them and they are going to enjoy reaching about whatever they want to learn. Teacher can grade something interesting not some boring work they tell us to do. i think even the teacher can have fun reading all the thing we come up with in the summer is just going to be fun for student and teachers.

I think teacher would be even happier if student do something they are going to get the benefits of it maybe a student wants to learn about how to treat a open cut or how to save the world from pollution. That would be something interesting that a student can learn about and who knows it mite come in handy and same the world from pollution and treat open cuts because your mom or friends got a dip cut in the house or in school. I just think is a way to learn about something you want not what the school wants us to learn.

I think this is a good way to make all the students to learn something they enjoy doing. You are going to do a interesting project the you are going to like and is just fun to learn new things. you are going to learn even more by doing something fun.",340,11,Male,Not economically disadvantaged,Hispanic/Latino,train,3,3,3,3,3,3,3,3,3,4,3,3.5,3,3,3,2,2,2,3,2,2.5
9EAB766AF4BE,Summer projects,"Students and teachers have important roles in their life. The students need to pass the class in order to graduate and the teacher gets paid for doing his/her job. As long as the kids are not failing teacher has the job it is very key that students and teachers should be having good relationship. If the student ever needs help he or she can feel comfortable talking to the teacher and the teacher should be helping the students. If they need it because they can loose their job.

Lets say if the students decide to design the project there own. The only problem with that its going to be to easy for them. Also it wont challenge them so there brain will not learn anything and it will be useless. If it was a group project most of the kids would go with the smart people so they can finish it. And not worry about it and some of the lazy kids will cheat on the projects. If i was the parents i would tell them do it yourself and learn how to finish the project the right way and get a good grade.

Having the teacher design the project is way smarter. They will know what kind of project to create. And also if this was a group project it will be smart for the teacher to put some kids in the group because then the teacher can decide how many points it can be. And how long they have to finish plus the students dont do anything in there break myself being a student i can relate to that. But they have to learn something so when they do start school they will be one step of ahead of everyone. My personal opinion is that i probably wont do the assignment during break right away but i will finish before it ends whenever i have the time.

At the end of the day both teachers and students are trying to help each other out. And i think its more productive the teacher designs the project because when the teacher grades them or goes over them teacher can give feedback. Thats very important see what parts you did wrong or where you did good at. Having feedback can help you a lot but staying with the teacher to design the project is the best idea. Because the students can learn more and get more information on there project. And they will get good grades on them and it should be required to have teachers designing projects for the students.",415,11,Male,Economically disadvantaged,White,train,4,3,3.5,4,3,3.5,3,3,3,3,3,3,3,3,3,4,3,3.5,4,3,3.5
B84EF55EE7F0,Summer projects,"Although student-designed projects isn't a horrible idea, because students would pay attention more to the assignment since their putting effort of their own into it. But at the same time student-designed project can effect them learning more,because all the assignments will be the same. It could still be a big distraction for the students.

The reason why i believe it can be bad for their learning enviorment. Since all the work will be the same the students can look things up online. Getting all the answers from the internet and being able to just cheat off friends. Students copying from friends causes students to learn less. Causes them not being envolved in the assignment. The students would be able to pick their own type of questions in the project. Those questions can be really easy for them and picj it for the less work.

For example since the students will be not learning very much during the summer. They will not be ready for the beggining of the school year. Students will find the school work difficult for them since all they did during the summer was choose easy assignments for th project and cheat off of each other. Putting in type of effort to the student-designed project.

Teacher-designed projects will be outstanding for the students. It would so get the students for envoled. The teacher can possibly let the students have partners and it'll be more exciting for them. The teacher-designed project will have work thats equal to your grade. Not make it too easy but also not too hard. Each student or group would have different kind of project so students can have their own work.

Yes student-designed projects would be cooler for the students to have their own project and not be assigned one. It can also help them learn more as much as not help them learn more because students who actually do their own work and choose good questions for the project can help them be successful. But there is just too many students who would cheat and not give effort to the project. In conclusion i think teacher-designed projects for the summer is far more successful for the students than letting them do their own designs, because of the lack of effort is going to be put in if they do student-designed project and the amount of similar project they'll be from cheating off of each other.                                 ",406,11,Male,Economically disadvantaged,Hispanic/Latino,train,2,3,2.5,2,3,2.5,2,3,2.5,3,3,3,2,3,2.5,3,3,3,3,3,3
C3D8E8E8B942,Summer projects,"Some schools require students to complete summer projects to assure they continue learning during their break. Should these summer projects be teacher-desdigned or students-designed?

These summer projects should be student-designed for varies reasons such as, engagment, vaction, and lastly, confidence.

Students during the summer have many things to worry about like having a job, looking after siblings or even their mental health and the last thing on their mind is a techer-designed project. The projects given throughout the summer should be student-designed becuase it allows the student to be engaged. The student will be more engaged because it is a topic that they want to learn about and being engaged shows that the student is willing to learn and is very intrested in his or her own topic. Typically, when a teacher assigns a project to a student, the student isn't very pleased and with that being said, it could affect the amount of effort and the desire that the students puts into actually learning.

Secondly, these projects also need to be student-designed because of summer experiences. During the summer, alot of students grow. Vaction plays a big role in the students growth and development, as the students travel they pick up more and more knowledge, which expands their knowldege and could possibly change thier perception of things, making it easier for them to have better ideas and to do well on their summer projects.

Lastly, student-designed projects over break leads to confidence. Because the student has had the freedom of choosing what he or she wants to learn about, it just makes it easier for the students to showcase their work with pride. Pride meaning, showing that the student has learned and is more than comfortable to enlighten others. To have confidence about what you have put alot of time into and worked on is an important skill to develop because the student will surely use it some other time in their lifetime.

In conclusion, these summer projects should be student-designed because it will surely keep the student engaged in his or her own learning and add a little more excitement to the students vacation because the project is something they are eager to learn and work on. Lastly student-designed projects will help build the students confidence because they know what they are talking about.                                                    ",399,11,Male,Economically disadvantaged,Black/African American,train,4,4,4,4,4,4,4,4,4,3,4,3.5,3,4,3.5,4,5,4.5,4,3,3.5
D5E3716C5E49,Summer projects,"I think students should come up with their own summer projects design because, students can come up with really creative projects, could have more fun doing their own design projects,and will have less stress over the summer.

Students can come up with really creative projects over summer by researching experiments, or about someones life. A student can look up science experiments to do as their projects that could be entrusting for the class or for them selves to. Also they can talk about a famous person or about someone in their family and explain why they wrote about that person. Students can invent new projects and show off to the class and explain how they came up with it and what will their invention help them or others.

Students could have more fun creating their own projects. Students will be more exited to be able to do create their own projects then follow a boring one a teacher assigned everyone. Students can come up with really creative work if you let them free roam. Students could in joy doing work that doesn't have to follow a checklist. Students could also can work on a project with their friends.

Lastly students can feel less stress about doing a project. Students will be able to work on a project without having to stress about it being perfect or if its following the checklist. Students can come up with their own checklist and show their classmates how they came up with it so the other students can do it one day for fun.

In conclusion, these our my reason why i think students should design their own summer projects.",263,11,Male,Economically disadvantaged,Hispanic/Latino,train,4,4,4,5,3,3.5,4,4,4,4,4,4,4,3,3.5,3,3,3,4,4,4
D8934CA35801,Summer projects,Teachers should not be able design the students project because the students might have have trouble on the assignment the teacher gives them over the break and they wont be able to get help because the teacher and the students will be on break and it will make it hard for the students to finish the work and if students choose what they want to do for their project it will be easy and understandable for them and they can do a lot of research on what they they do on their project and when the students get to do what they want n the project they can get good credit on the assignment if the teacher gets to choose what the student does on there project then then the students will have a hard time thinking and coming up with ideas for there assignment and probably wont do good on the project and fail if students get to design what they want to do on there project then there creativity will go up and the way they think will be different and if they design it themselves then they will be more intrested in the assignment then if the teacher did designed it then the students would probably wont do the assignment.,207,11,Male,Economically disadvantaged,Black/African American,train,2,3,2.5,2,2,2,2,2,2,3,3,3,2,3,2.5,3,3,3,2,3,2.5
EA03135D3C88,Summer projects,"Student-designed

Wouldn`t it be exciting for a student to create a summer projects for their fellow students to do during summer break? Summer break is a time for students to have fun with their families and friends. It a time to travel to so many places like Generic_City, Florida, California, and so forth. Furthermore, it`s great for students to complete summer projects during their break so their brains and memories can still be refreshed and for them not to forget most of the school materials they have learned before summer break. Moreover, requiring students to complete summer projects to assure they continue learning during their break is a brilliant idea. But these summer projects should be student-designed because the projects will be exciting, students will be more engaged with the projects, and the student-designed projects will definitely be less harder.

The first reason the summer projects should be a student-designed is because the projects will be exciting and enjoyable for other students. For example, when a students designs a Kahoot for their fellow students to use to study for their test and quizzes, it will be exciting just because the students will get to choose any names they wish. So, a Kahoot is a game that teachers use to create a test or quizzes for students to study to get them prepared for their test and quizzes. The Kahoot can be used inside and outside of the school premises. The student designing the kahoot will get to choose how many seconds or minutes it should take the students to answer their questions. Also, most teachers don`t give students enough time for them to choose their answers and that is unfair. Students needs more time at least 20 to 30 seconds to think about the questions before answering and not rush to choose any answer just because the teacher didn`t give them enough time. Students complain about how much time teachers give them because they need more time to work on their projects. For instance, teachers design boring projects like making a word puzzel about math. That is so boring because no students wants to spend their time making a word puzzle about math instead of doing other fun things like reading, going to the movie theater, going on vacation, and spending time with their families and friends. Most of the students don`t find math interesting beccause they don`t like doing math.

Another reason is that students will be more engaged with the projects. For instance, a student designed a project about each students choosing their own topic argumentative essay like increasing the minimum wage, the college tuition, and discrimination. After that, the student will design another projects about presentations. The presentation will teach them how to present to their fellow students and also how to present in future times like jobs. The presentation will also help them master the skills of presenting. When a student designs the projects, the student will give the students extra time to work on it because teachers will give students less time on their project and expect the students to be prepared when they are not. Furthermore, the students will decide if they need to present to teachers because most students are nervous to do that. And also they have not mastered the skill of presenting yet. The students will also decide how many words will be in each slides, how many slides they need, and how many minutes they need to present. Most of the times, teachers give students less time to present. Due to the less time, students won`t be able to finish what they have in mind or what they have to say and they will have to be rushed to finish before time is over. And if the students didn`t reach the time given or went over the time given, points will be deducted. But when the students chooses how they want their presentations to be, they are more likely to work on it more than when a teacher tells them how to do their own presentations.

The third reason is because the student-designed project will be less harder for students to do. For example, there was a project my history teacher assigned us to do, it was a project about the Progressive Era to make sure that we understand what it was all about. We had to come up with a creative title and 3 categories for the project. It was hard for us to do because we had to come up with a creative title that connects with the topic and 3 categories that 20 sub-heading can fit on one of them. If it was a student designed the project, it would be less harder because either the title is given to us, or we don`t have to create one. And also the 3 categories will be given to use to make it a little more easier. Then all we have to do is put the 20 sub-heading in their right categories and also insert some images where it suppose to be. Another example was when my AVID teacher gave a project about researching the college of our choice. It`s great that we had to choose the college of our choice, but the questions and the rubric was unclear. They were almost the same question and it was difficult for us to answer it because we couldn`t give the same answer to all the questions. Even though some people say that teacher-designed will be so much better because students will tend to take it seriously than a student-designed; however, student-designed is better because its made by a student and it will less stressful, while teacher-designed will be a lot harder and frustrating to do.

In conclusion, student-designed is better because its more fun, engaging, and easier to do than teacher-designed. Students need more time towork on their projects while spending time with families and friends. It`s great to have fun while learning and not stress out over a project during summer break. Schools need to give students an opportunities for them to design a projects for their follow students, and to show their skills and talents. ",1031,11,Female,Not economically disadvantaged,Black/African American,train,5,4,4.5,5,5,5,5,4,4.5,4,5,4.5,5,4,4.5,4,4,4,5,4,4.5
1509D8D81A10,Summer projects,"Should you do a project in the summer based on what your teacher tells you? Well, for a start you should because it can benefit you in any point in life, education is essential in life; without it, we wouldn't be able to understand things that we do now and days. Students summer project should be teacher-designed assignments because they could focus on just specific topics, they can already have sense of what they will learn for next year class, and it can help students determine what their career will be.

However, some may not agree with this position. Some may argue that students should make their own design for making a project. Student should express themselves and design something that would benefit them or something that they really like. For example, Albert Einstein was famous for being a very intelligent man. He wanted to get smarter every day, and he was getting smarter everyday. He did anything just for his knowledge to grow. He was recognized for being the first person to create a nuclear bomb formula. Nevertheless, there are other viewpoints to consider.

To begin with, student could focus on just specific topics. When teachers assign you with an assignment, it's easy because you know exactly what to do. When you have a topic for the project you know exactly what to search. Project like these are simple and easy to make, and beneficial for your knowledge. It can take some time but if you focus on the topic it would be easier then not having a topic.

In addition, student can have a sense of what they will learn next year in class. Projects over the summer can help students know what they will learn next year for 9,10,11,and 12 grade. Assignment like this can benefit students for their next school year, they would have a head start of knowledge on any assignments that come to them through out the years. Scientist have shown that every single day that we don't learn new things, we lose 0.06% of our memory.

Finally, students can determine what their career will be. When working in a project, either big or small, it can encourage student to see what they are really passionate about. Sometimes when students working in a project over the summer; they can discover new thing while researching things about the topic, either it's related to science, technology, history, or literature.

In conclusion, Students summer project should be teacher-designed assignments because they could focus on just specific topics, they can already have sense of what they will learn for next year class, and it can help students determine what their career will be. Therefore, teacher-designed projects is a great option because teachers knows whats best for their students and what requirements they need.",439,11,Male,Economically disadvantaged,Hispanic/Latino,test,4,4,4,4,4,4,4,3,3.5,4,4,4,4,3,3.5,3,3,3,4,3,3.5
19692639977E,Summer projects,"The school should require a summer projects and they coud be students-designed because, summer is the opportunity for the students relax, It's going to be more interesting if they can choose what to do, and can be a project that they will enjoy learn about because they doing something that they are interesting, and the projec shold be extra graded.

Summer vacations are the most expected break for students because they have almost three months for relax and enjoy the hot summer,a lof of them travel to beach or summers houses and they don't expect to have school assignments, having the right to choose what to do is better for them to understand how important is for them to learn things outside school.

Students having the choice of your own project is going to make the work more interesting and they will enjoy doing and they will not struggling to turn in. they can design a project about how is the experience of summer, what he did, if he meet new people, which places he visited and what is the meaning of the word 'summer' for him. doing this, the projec is going to turn like a diary, will be part of his rotine and it's going to meka easy and nice.

Extra grade sounds like a good ideia because the students will start a new year on school and most of them will like to start the year already with a extra grade.

Projects are someting that we should be familiar with because if we are planning go to college, there they do so may projects and extra works. Having a summer project make the students keep the focus on school and even though being extra is something that you will not regret doing, will just help you get ready for your fucture without struggling.",292,11,Female,Economically disadvantaged,Hispanic/Latino,test,3,3,3,3,3,3,3,3,3,3,3,3,3,3,3,3,2,2.5,3,3,3
3504E2757216,Summer projects,"Should students desighe their own project ?

If students would pick their own project to do over the summer would be a great idea. Students can pick their own subject something they would like to do over the summer,something fun that they can actually writte about and do it, something that would make the project not be chalinching for themself that they would enjoy doing it as well. Some students might be bored with nothing to do at home and not have anything to do over the summer and would want to get this project done and do it. The project can count as a extra credit for the students when back at school because that would help them a lot if they miss school they wouln't have to worry about their grade dropping back to an F. It would help the student to take their time on the project and nor get rushed do a better and detail job on it.

It's not a good idea to give work to students over the summer why becasue their most likely not gonna end up getting the work done. Their family might end up going on a trip and the students wouln't have time to get it done when there not gonna be home. They would not care about it and forget about there prejects. If the teacher would choose the project for the kids would not be a good idea it can be hard for the sudents and they would not end up diong it because it's gonna be in there summer break to enjoy and not worry about school so no students would wanna do a project over the summer.

Teachers would like their students to do a good project over the summer and not complain that they didn't have enogh time for them to get it done and to get their good work nice detailed as well or she would also just give her sudents something new to learn over the summer or something to do over the summer too.",326,11,Male,Economically disadvantaged,Hispanic/Latino,test,3,3,3,3,2,2.5,3,2,2.5,3,3,3,4,3,3.5,4,3,3.5,3,3,3
3A05F3FA6052,Summer projects,"Some schools require students to have a summer project to assure they continue learning during their break. People are arguing whether summer projects should be teacher-designed or student-designed, but some said it should be a student-designed. Although some believe that summer project should be student-designed, it should be known that summer project must be teacher-designed. Teacher-designed summer project could help students to learn while on break. Teachers has the right to conduct summer project rather the students.

Teachers know what's the best for students. Teachers can teach students to think critically so they could answer the question for their own. It also give thoughts to the students on how they should do the do the project.

For example, Mrs. Generic_Name give some question to the students so they could think critically and give answer to the project easily. Knowing what's best for the students could inspire them to do a project and can easily help them to understand and answer the particular project that would be given to them.

Teachers are more matured than the students. Teacher also has more experience than the students and it can also be a tool for students to grab an idea so they would know how or what could be the process for that project. Teachers with a past experience with the project can give or share their thoughts or discuss some details so the students could understand what would be the mechanics for that project. For example, Mrs. Generic_Name share her trip to the Bahamas and it was very educational and gives a lot of information about the Bahamas. Past experience creates an idea and it can be also the base for giving information about the project.

All the teachers has more idea about the project that they conducted. Teachers that has a lot of idea can inspire or help students to easily understand the project and where it is needed for. Having many idea of the teacher could boost the performance of the students and it will also give a way to students where they can manage to understand and construct all the possible details needed. For example, the teacher give some quote for us to get the ideas that we might need in creating details for the project. Having more idea help us to easily understand and construct details about the project.

In my opinion summer projects are helpful for us students because it give us a way to still learn while on vacation or having a break. Summer projects should be teacher-designed because it will be more detailed and many ideas will be elaborated to the students. Having a teacher-designed project can guide students on how the project should be done. Teachers can also give a lot of information that could benefit our understanding towards the project itself. Teachers gives a lot of idea before conducting a project for the students.

Before giving a project, teachers examined the project that would be given to students in order to test if they could do it or not. Teachers also give option in giving a project and they give direction clearly in order for students to understand and follow their instruction. Having a student-designed summer project also has an idea on it but sometimes it is not well detailed. In teacher-designed projects the project is being well calculated so it could be relevant and could fit the student learning. Teacher-designed are expected to be creative and also it has a full of thoughts and idea so the students could get information or an idea.

People should think that summer project could benefit the learning of the students while having a break. It is also be a teacher-designed summer projects so it has idea and lots of thought. It id being test if a student could do it or not. Teachers has many ways so the students could follow and understand a project. Having it designed on them would create ideas that could benefit the ideas of the students towards the project. It could add more answers and can help construct all the possible outline of the project. So summer project should be teacher-designed project.          ",679,11,Male,Not economically disadvantaged,Asian/Pacific Islander,test,4,3,3.5,3,3,3,4,3,3.5,4,3,3.5,3,3,3,3,3,3,4,3,3.5
4997306E980D,Summer projects,"Although some said student should design their own summer project. Because students might design them self an easy summer project. actually, summer projects should be teacher designed. For example, teacher might designed you a summer project that can help you understand some classes for the next year. If the teacher designed the summer project is the possibility that she gave to you an project that can keep you focus. For example you might reflect about the summer project. that are a good idea to make some summer project to do the right way.

Those who believe that student should design their own summer project has their reasons. For example,student just make the project because the school required. they dont care if can help them in the future. students they just make the project without any importance to them. They just want to play an their phones and watching TV. In other hand those who think that teacher should design the summer project. they are thinking the right way. students w don't like to make summer projects, but if the teacher gave then a project that it look interest to them, they might make a good work. They might learn new things about the topic.

In conclusion, don't you think that if the teacher gave the right summer project, to the student they will have to spend more time in making good decisions instead just to be playing. Don't you think that student can make good things if they have more practice in make summer project about what they like or what would they work at. About taking care about the homework. Thinking in make good decisions in life.",254,11,Male,Economically disadvantaged,Hispanic/Latino,test,3,3,3,3,3,3,2,3,2.5,3,3,3,3,2,4,3,2,2.5,2,4,3
6E60D098D3AA,Summer projects,"Due to the fact that teachers give students many projects throughout the year and is based on teachers perspective this summer project will give students a chance to see what they have learned throughout the year. Students should be able to choose their own summer projects.

One reason why students should choose their summer project is because, their ideas of this project will be based on the students knowledge. Students will have a better understanding coming from their point of view also their project will show that they have understood the lesson and the criteria for this project. For example, teachers will give students a grade based on the students effort and understanding. If teachers give students the same project,

students will be tempted to copy from another student and won't deserve that grade. Students can gain higher level skills for not just for school but also for life. This is a great way to show teachers that the level of improvement that students have shown when choosing their own projects.

Students believe that teachers choose projects throughout the school year and this is their time to show what have they learned throughout the year. For instance, if students struggle with the teacher project and don't understand what the project is trying to refer students won't put as much effort in the project as if it was their own project. However, it has been said that students have a better chance in doing better when they but their mind to it. I as a student, believe that I do much better when I choose my own projects. Also us students don't get many opportunity to chose our own project during the year.

Students will have a variety of projects to chose from. Students have the summer which gives them a better opportunity to think of ideas. Students can pick a topic that their most confident in doing.

Some might say, that teacher have a better understanding then students. There are many pros and cons to teacher choosing the summer assignment. For example, teacher might have a summer project that helps the students understand more about what they have learned throughout the school year. From what I have experienced students succeed more when they choose their own projects.

In conclusion , It has been shown that students understand more from their own point of view than teacher point of view. Therefore, Students should be able to choose their summer projects.",383,11,Female,Not economically disadvantaged,Black/African American,test,3,3,3,4,3,3.5,3,3,3,4,4,4,3,3,3,3,3,3,3,3,3
7D44F3E6C475,Summer projects,"Imagine the world if students didn't complete summer projects. Students complete summer projects to assure they continue learning during their break that the school required. Summer projects is like a homework that is given to students during their break. Summer break is a two months break from school it is also the longest break that a student have. School is a place where a student can learn new things in order to get a diploma to have a job in the future. Schools shouldn't require students to complete summer projects during their break because students will be more lazy to go to school, no one will do it, and students will forget everything.

Certainly, some people believe that schools should require students to complete summer projects because they don't do anything during their break. During summer break some students only play video games and sleep. Others may think that students needs to be prepared for the next school year. So that the students will be more advance and the topics that they're gonna learn wouldn't be hard for them. Still others may think that students needs to learn more new things during their break. These people are wrong.

Schools shouldn't require students to complete summer project; students will be more lazy to go to school. Teenagers are already tired of school if school board made them do some summer projects they're giving them a reason why students doesn't like going to school. Do students like to go to school nor do students like to do homework. Homework is one of the main reason why students doesn't like going to school. Teachers make a hard homework. Giving students a project during summer break is too much work for them because they already done a lot of work during their school year. People need a break from everything. Youngsters don't have time for summer projects because they are working during summer break to save money for college. Summer break is the only time they can work for a long hours to save money and to help their family to pay their bills. Working for the long hours during school year will be hard for a students especially if they doesn't know how to multitask. Sometimes too much is bad for people's health; they can harm to a person emotionally and mentally. Emotionally because they will have no time for their families; mentally because they didn't have a chance to have a brain break that can lead them to depression.

School Board shouldn't require students to do a summer project because no one will do it. Students are busy during summer break. Some students spend time with their family because they don't have time during their school year. During school year students are really busy especially those who are in colleges; summer break is the only time they can go home to their families. When students go home to their family most of them go on vacations. Vacation is what all people need to avoid depression from school. If schools give students a projects during their summer break, then students will not enjoy their vacation. Teenagers will feel more frustrated. Students got no time for their selves to relax and enjoy the peaceful environment unlike the school. The environment at school are really depressing and stressful. If school required students to do projects at home they will feel the exact same thing how they feel about school. People needs a break from school and everyone needs a rest.

School shouldn't require students to do a project during their summer breaks because they will just forget everything they done. Students can finish their project for only just a week. People just want to finish their work without learning it. Finishing work without learning it doesn't make any sense because schools give students or teachers summer projects to get ready for the next school year. Students doesn't even used what they learned they just do it for the grade. Summer break is a very long break for a students if school give students a work to do they will just forget what they've learned. People do a lot of things during summer break. Going on a vacation is the first reason why students forget everything because that is their only time to relax were you can release all the things that makes a people stress. The thing that makes people stress are the test, homework,project,and school environment. School projects make people stress because students doesn't like doing a lot of work. Students always over think even tho it is just a simple problem. Over thinking is one of the bad habit that a person have because everyone does this.

Schools shouldn't give students a project during summer break because no on will do it, students will forget everything, and they will be more lazy to go to school. If school didn't give students a projects during summer break, then students can save money and can relax their mind from school.",758,12,Female,Economically disadvantaged,Asian/Pacific Islander,test,4,3,3.5,4,3,3.5,4,3,3.5,4,4,4,4,4,4,3,3,3,3,3,3
A0E3127D3E13,Summer projects,"Some schools make kids do summer projects to assure they continue to learn on their break. In my opinion, I think that the projects should be student-designed. I think that because some teachers might be to hard on their students and make them do to much work. For example, teachers might make the projects to long and not give students enough time to enjoy their breaks. Another reason why I think the projects should be student-designed is because the sutdents can choose a topic they enjoy and not have to do a project based on somehting they dislike for the whole summer. I also think it'd be a good idea for the projects to be student-designed is because the student can time him or herself and complete the project in time for the next school year and not fail.

If the summer projects are teacher-designed, the teacher could take advantage and make their students do way to much for their break. If the students end up having to do to much work over their break then whats the point of even taking a break? Students will end up hating their summer breaks when in reality the summer break is supposed to be the best time of the year to enjoy the outdoors and do all kinds of fun stuff. They wouldn't have to use up to much time focusing on their project and have time to spend it with friends and family. What if that sttudent had already made plans to go on a family trip and come back with no time to do the summer project because it was to long?

Imagine having to do a school project that takes up the whole summer that is based on something a teacher would enjoy doing. If the school projects were student-designed they could make a project based on what they like doing. It's bad enough they have to do a school project over the summer but they can at least enjoy doing the project if it was student-designed. For example, if I were to make a school project it would most likely be about science because it envolves fun science expierements that could be done outside in nice weather. Doing a project that was designed by me would mean that I could do fun stuff and learn at the same time that way I could enjoy my summer and get a good grade with no problem.

If the summer project was student-designed they can plan out the project and make time for it so they can turn in the project fully complete. For example, they can make trips with friends and family and plan out what they need to do for their projects and how much time they would have left to do fun stuff. If the project was designed by a teacher they wouldn't know what to expect and would have to cancel on some trips they had alrady made just for a school project but, if the project was designed by a student then they could possibly include their friends and family into the project and everyone could have fun and enjoy summer. The students wouldn't have to worry as much about the project grade because they would have already done it and complete by the time the next school year comes around.

In conclusion, the best choice would be to make the school projects student-designed. everything would be just right for that student and can assure teachers that most of them would complete the school projects. With the project being not to much work they can enjoy their summer. if the project were to be about a subject the student likes they would have fun and learn at the same time during the summer. The students would have a huge advantage if they could plan everything out and have good time for the project if it was student-designed. At the end of the day, both teachers and students would be happy with the project being complete and students being able to enjoy their summer time outdoors with friends and family. ",660,11,Male,Economically disadvantaged,Hispanic/Latino,test,4,4,4,4,4,4,4,4,4,4,3,3.5,4,4,4,4,4,4,3,3,3
A11947097A2D,Summer projects,"Although some say that the students should complete summer projects because some of them want to learn more and to prepare for a good future, actually the students should not complete summer projects because some of them want to have vacations, relax their mind and out to visit their families.

The first reason that the students should not complete summer projects is because some of them want to have vacation and they want to have a break in the summer. They get tired because they go to school everyday/every week in the morning and their body need to relax, need a break because some of them work in the night and they arrive to their home very night like around 12:00am and they sleep a little bit. So that's why some of them get tired to school, some of them does not want to do anything in the school because they are tired and they don't have enough energy in their body. However, they need to have vacations in the summer, sleep more and get more energy.

The second reason that the students should not complete summer projects is because they need to relax their mind, they need to forget everything about homework, about school and relax their mind because if they don't relax their mind they would be worried about every homework and they don't relax their mind. Also, some student could get in a big deppression by worrying about everything in school, more if they are working in the afternoon, they could die. So, they need to relax their mind and forget about everything in school.

The third reason that the students should not complete summer projects is because some of them want to out with their families, friends or to visit their families that are far away. Some of them wants to travel to another country or place and that is the only opportunity that they can go in the summer, some of their families are far away and they want to visit them because maybe they don't see them a long time ago, and they need to travel to another place to relax and have vacations. Visit their friends or out with them because the majority of students want to out with their families or friend like a group and have fun with them.

The conclusion is that every body/ every student need to have vacation in the summer and not go to school because they need to relax their mind and get more energy for their body, they need to have a break and out with other people to another place or country and have a lot of fun. ",449,11,Male,Economically disadvantaged,Hispanic/Latino,test,3,4,3.5,3,4,3.5,3,4,3.5,3,3,3,3,4,3.5,3,4,3.5,3,5,4
A3F896A51CEA,Summer projects,"Should students design they're summer projects or should teachers do. I think the teachers should do it, why. My first opinion is that the teachers will know what he/she is struggling with, and the teachers would know what assignments will help that student. My second opinion is that, Teachers will know what to do to help out a struggling student, because they been doing it for years. My third opinion is if the students designs they're own summer project they might pick a project that might not help them. The summer projects should be design from a teacher not a student because the students won't know what their doing.

The first reason why is because, Teachers has been working with they're students all year long. So that means the teachers will know what each of his/her students are struggling with, So when teachers are about to pick out a summer project he/she will know whats the best project for his/her students. This way the students won't have the same problems next year.

The second reason why is because, Teacher will already know what to do. Teachers has been assigning projects for years, They will know what project will benefit his/hers students. If a student designs the project it might not benefit most students or it might not make any sense for other students. Also a student doesn't have the same experience from a teacher that has been working with students for years.

The last reason why is because, a student will not know whats the best project for them self or won't take it serous. A student might not want to do a summer project so he/she might design a project that will be easy and less time to finish. Also they might design a project that won't help them with there problems. It's also the teachers job to do it not the students.

So my opinion is that, teachers should design the summer project and not the student. Because teachers has more experience than a student, will know whats the best project to help out a struggling student, and a student might pick a project that might not help them out.               ",334,10,Male,Economically disadvantaged,Hispanic/Latino,test,3,3,3,4,4,4,3,3,3,3,3,3,3,3,3,3,3,3,3,2,2.5
A476784AFAFE,Summer projects,"Is not three months of summer break a very long time to stay away from school work? The summer break is very discussed by people because for some, it is a very long period were people can relax and take a break from the school season. Some students prefer to plan an own program to refresh some topics and other prefer to have a program designated by the teachers. Altrought complete summer projects designed by the teachers for a school purpose during the summer break could dissappoint a lot of students, the teachers know which topic the students have to focus on, and be ready to go back in school as better as possible, for the next school year.

Having a big vision of the development that the student did during the year, the teachers are the best individuals to assign project to work on and refresh on what has been done.

In this case, student have a complete plan to work on and view where they have problems or concerns and be able to get feedback from the teachers. They do not have to spend time in researching in which topics they want to focus, havind a designed plan that cover most of them. Doing the entire work assigated, students could get more confidence and be prepared for the next year. Baing more prepared for the next year, they could take advanced classes and get more credits from it.

The students who complete the entire practice could get a grade for the project itself and another one for the partecipation. This poiunt could could involve students in be active during the summer doing the project designated by the teachers reciving feedbacks and a starter grade for the next year. The teacher giving assignated projects could even give some prequerisits for the units that they are going to go over and do not lose time on them during the beginning of the year.

Complete assigments and project during the school break is the best way to restart the next school year. Infact it could prevent a lot of time that usually is spent on reviewing the previous school program. The teachers are the people that most know about wath the students are going to study the following year, so they can designed the right assignement to focus on during the break.",382,11,Male,Not economically disadvantaged,White,test,4,3,3.5,3,3,3,4,3,3.5,4,3,3.5,4,3,3.5,3,3,3,3,3,3
AD97126ECA8A,Summer projects,"Summer is the students time to do whatever they like or want. When a teacher give the students summer project desingn by them, the students will feel like they still in school and that will effect students. Summer project should be student-designed because it is their time, they know what a better design for them, and some students like to experience the real world instead of doing project.

It is their time. Summer break is the time for student to do something out of school and to do something students would really like to do. Some students like to play sports like soccer, football, and basketball. Other students like to play video games on the summer break. Summer break for some of students is for them to set a goal like reading a 100 books, visiting 10 new counties, and to learn 100 new words. Summer break is special for students.

They can design what they think is right for them. Each students is different from the other, they have different thing to do and no one will really know them like their friends. Instead of the teacher designing the summer project, the student's friend can design the project for them since they know each other better than everyone else. The student's friend will choose a subject that their friend know a lot about it and love it. Teacher can give the students ideas for the summer project but student can choose them or pick what summer they would like to do.

Some students like to experience something to learn. Some of the students like to experience the thing they are learning about it instead of reading or doing 20 pages of writing. Some students do like to read and write instead of experience it and their friend should know that. Many student are looking for jobs in the summer break so they can make some cash and get experience for the future when they get a job. Experience something can be totally different than reading about it like diving, traveling, and playing sport. Some things are better to experience than reading.

Some people may say teacher should design the summer break project, however; summer project should be student-designed because it is their time, they know what a better design for them, and some students like to experience the real world instead of doing project. Some students get depressed because of school and sometimes leaving them to do design their project may help them get better.",385,11,Male,Not economically disadvantaged,White,test,3,3,3,3,3,3,4,3,3.5,3,3,3,3,4,3.5,3,2,2.5,4,4,4
BE0FA97CA16D,Summer projects,"Summer projects should be fun and based off the student's skills and knowledge! Schools should require students to do summer projects based on how they design there projects how they like it, not based on how each teacher designs it.

To get in more depth, students should have there own options on how they want to design there projects. Some examples would be on poster paper, video, powerpoint, etc. They would have endless amount of options to choose from. They can choose what they feel the most comfortable in. Let's say if someone feels agitated and they don't want their own project to be on video. That's ok, it can be designed how they want it to look, and that's all it matters.

To add on, since the students are the ones who are creating these projects. It would make sense to students themselves becuase that's what they have learned, based on there projects and the information they have learned on there own. If the students were ever to teach each other, I think it be great to hear another voice, meaning students can learn the material from each other better. Rather than having to hear from there own teacher like an average normal school day.

Some people can disagree with this, student's summer projects should be teacher designed instead and not student designed. I think that having student's summer projects being teacher designed is good, becuase there would be certain instructions you need to read and follow. No need to think or plan out your project, just do it based off what the instructions are asking.

However, I still stand on that student's projects should be student designed, what information they have learned, so they can be able to teach each other. That would make them most likely understand the subject more clearly!

To conclude this statement, this is why student's summer projects should not only be fun and student's getting to help one another, but also on each student's individual skills and knowledge! ",311,11,Female,Not economically disadvantaged,White,test,4,4,4,5,4,4.5,4,4,4,5,3,4,4,4,4,4,4,4,4,4,4
CA61EF11F94F,Summer projects,"When you think of summer projects do you think of fun,active,joyfull times and eciting learning? When you think of a teacher asigning a summer project you don't think of it being eciting. You think of restricted activies,rules,and limmited time. These characteristics might even take away from a student wanting to do summer projects. This is why I stongly agree that students should design the summer project because they have the right to do what they enjoy and not feel they are limited to their ideas.

Students don't want to be stress all summer about a project their teacher assigned them. They should be granted to do what they want on their summer break. By allowing students to do their own summer projects lets them do what they enjoy the most. This makes it easier for them to complete and not be stressed out. This could let them have a great score coming back from summer break.

Having a summer project and letting students create it lets them think of many ideas. This lets them not feel limited of what they can or can't do. For eample everything around us involves math student could group up and measure who can throw a football the longest distince. Letting students create a project for themselfs can boost their creativity and learn difrerent things around them. In this generation kids just want to stay inside on the phone this lets them get out and think of wounderful new things.

Some people may disagre the statement of letting students creating thier own summer project. This could lead to students being foucsed too much on having fun than learning and completing the project. Students may not have hte experence of doing projects and leaving them stressed and confused. Students may not feel its nesecaery do to when its not assigned by a teacher. Which means student will fail and start off their upcoming year failing classes.

Summer projects should make you think of an easy and fun thing to do. If you had a project to do how would you would want enjoyable By allowing student to create their own gives them the chance to know what they are capable of imaging. Also letting student not think projects are not just about thinking too hard but allowing them to create a project from what they love doing. Even though others not with students creating their own project. If you had a project to do how would you would want enjoyable?",394,11,Male,Economically disadvantaged,Hispanic/Latino,test,3,3,3,3,3,3,3,3,3,4,3,3.5,4,3,3.5,3,3,3,3,3,3
D54821935AA6,Summer projects,"One topic that is frequently debated is if summer projects should be teacher-designed or student-designed. Some people think is better if it is teacher-designed. They feel that students will follow the same path. I believe that it should be student-designed because the projects will be created differently, there may be different information in each project and students will prove their capacity to do their own project.

The projects will be created differently. Students have different ideas on how to do a project. There is variety of ideas on how to do a project. Students can choose any way on how to do it, depending on what the project is about. Some students are more creative than other students. They may have different types of creativity. By doing this project students will show if they are still learning. They will show that they are learning even if they do not go to school.

Every project may have different information. Students have different ideas on projects. The projects are always different from other students. Students do not have the same brain which means they will not have the same information. Some students like to write what comes to their mind instead of getting information by searching it. Some students will have quality of information and other will have simple words.

Students will prove their capacity to do their own project. More then showing capacity to do their own project, is more to know who is responsible,organized and where they are on a specific topic. Teachers will know on who to trust for example, I would trust more on a responsible student. Students will demonstrate to the teacher how much effort they out into a project. By doing the project students may improve and have a good grade to begin with.

In conclusion,some people will still think it is better if it is teacher-designed. They feel that students will follow the same path. I still believe that it should be student-designed because the projects will be created differently, there may be different information on each project and student will prove their capacity to do their own project.",341,11,Female,Economically disadvantaged,Hispanic/Latino,test,5,4,4.5,5,4,4.5,5,3,3.5,5,4,4.5,4,4,4,5,4,4.5,5,4,4.5
D59EDBD7F38F,Summer projects,"Kids should be outside having fun witrh friends, throwing water balloons, going to the beach; or even playing outside in a basketball court on a sunny summer day. Time should be spent with family enjoying the time they have off from school. Students spend about eight to nine months in school every year and have only about two months for vacation out of school. Homework, projects, or any sort of summer assignments should really just stay in school, and not in the way of any students period of time during summer. Being forced to have an assignment complete during summer should be optional to a student and not teachers, to assure kids to continue learning during their break; their summer projects should be student designed.

A student designed project over summer will have them stessing less, and yet more comfertable completing the proect.                                ",155,11,Male,Economically disadvantaged,Hispanic/Latino,test,3,3,3,2,3,2.5,3,3,3,3,4,3.5,3,3,3,3,4,3.5,3,4,3.5
E3F1E3B08625,Summer projects,"3 years ago when I was new in this country I din't know anything of English but I learned some words on my English class. I remember that the school year was almost done and my English teacher din't assigned any books to read. The hard part was when the summer was over and we start school again that I didn't remember anything of English at all. For the next summer my counselor talk to my new English teacher and told her that I need read a lot in English. Also my counselor told to my English teacher to give me books to read during the next summer and she did it. That help me a lot to improve my second language skills I din't forgot anything at all. Some people said that summer projects should not be designed by teachers because students will not have time to learn things that they want to learn by their self, actually summer projects should be designed by teachers because teachers will designed specific projects to help students prepare for the next school years and students will not forget what they learn before because they will continue learning.

Many people said that summer projects should not be designed by teachers because if teachers design projects for students. Students will not have the opportunity to design projects for things that students want to learn. For example, students got very stress during school year and they want to make something fun like watching TV, playing video games, and go out with their family. However students can do all what they want to do when teachers designed projects for them. Students have the all day, so they can do the projects that teachers assign them to do and have fun.

First reason, teachers will design summer projects that will help students prepare for the next school year. Teachers know what things students will need to know and how hard that class is going to be if the student is not prepare for the next year. For example, some students are very bad at math and they don't get any project designed by teachers during the summer. When the student is back to school and he get a higher math class he have a struggle year on that class because the teacher didn't assign any project for the student during the summer. Also teachers should design projects for students because students don't know about the new classes that they will take. It' hard for students to create their own projects to learn.

Second reason, teachers should design projects for students because that will help students to not forget what things the students learn in the year before. Teachers designed projects it will help students to review things that they learn and not forget a lot because students will continue learning. Some students are very far away from home because they are on vacations, but they can do everything from where they are. The projects that teachers design maybe will be on computers and students can take 10 to 15 minutes to work on projects, so they were learning and having fun during the summer. Teachers designed projects will help students to continue learning during summer that can make ease for students for the next year.

In conclusion, teachers should design summer projects for students because that will help students prepare for the next school year. Students can't designed summer projects because students don't know how hard that class is going to be. Also students will continue learning as they're doing the projects that the teachers dessing for them to do. I think if teachers don't assign summer projects for students they will not study. Teacher know what the student need and the summer projects will help students on summer. That's why I think teachers should dessing students projects.",611,11,Male,Economically disadvantaged,Hispanic/Latino,test,3,4,3.5,3,5,4,3,4,3.5,3,4,3.5,3,5,4,3,4,3.5,3,4,3.5
ED201C3D1F84,Summer projects,"Students are often given projects they don't like, but if they design them they could be a lot more drawn to work on them. Because is break, students shouldn't be working on a project they don't enjoy, they could choose to do a project about something they like. Summer projects should be student-designed, this would make the projects feel more personal.

If students could design their own projects they would be more motivated to work on them. I once was assigned a summer project about whales, a topic I'm not really interested in. I didn't really worked on the project during break and waited until the last week of break to work on it and didn't really do my best on it. If students choose to do their projects about a topic they are passionate about, they will be more motivated to learn more about the topic and work on the project.

Students should design a project they would feel confident doing. Everyone is different and every student is interested in a different topic. My sister was assigned a project about cooking, that is something she enjoys a lot, she finished the project the same day it was assigned. She already knew a lot about the topic but she learned more while doing the project and she felt confident doing it. Students could feel better doing a project about a topic they already know a little and want to learn more about.

The projects they would design would let them have fun and learn while doing the project. I usually have more fun doing projects about topics I like to learn about. I learn a lot more when I'm interested in what my project is about. Usually people learn more when they are having fun because that makes them more interested in the topic. Because is summer break students should be given the chance to have fun instead of having to work on projects about topics they don't really care about.

Having students learn during their break is important, but break is meant to have fun and relax. A project students can have fun doing is what every student would choose. If we let students do more projects about subjects they are passionate about they will be a lot more interested in doing them and will learn a lot more.",371,11,Female,Not economically disadvantaged,Hispanic/Latino,test,3,3,3,3,3,3,3,3,3,3,4,3.5,3,3,3,3,4,3.5,4,4,4
EE19BA20AA8D,Summer projects,"Do students learned more with the topic they are interested on or with the topic chosen by someone else? The summer projects should be teacher -designed because they prepare them for the following year, they learned more, and they show more interest on it. Although some people might think that I am wrong.

To begin with, they prepare the students for the following year by giving out many topics that will help them in their next grade and in their future. For example when my little sister was going to third grade this year she received a math packet from her second grade teacher to prepare her for third grade. It was full of math problems, she would always be carrying that around and doing the math problems every single day. Now she knows how to multiply and divide with multiple digits. she also asks my dad if he could write some math problems for her.

In addition, they learned more with a specific topic than a chosen one by them. when students are given a certain topic they do a lot of research on it and they are learning facts and getting a lot of information among those topics. They go through many websites and resources that could help then with their topic. by this way they are also preparing themselves for their next school year. They also have a bigger chance to succeed in their life. They gain knowledge by researching information about their topics. Students are learning many things and they are getting stuck in their heads and brains. students have the ability to retain a lot of information in their heads.

Finally, They show more interest in the topic they are given. They tend to focus more in a certain topic given by their teacher, For example, when students have to write a free writing they do not know where to start or what to write about and sometimes they just do not do it , but when they are given one they start writing their ideas right away.

they want to keep writing because they are interest on it. They want to learn about it. They put an effort on their projects. students during the summer have more time so they spend more time working on their projects.

They are interest on it because they have interest topics.

They are more open when they are given a specific topic. because they show interest on it, they work a lot on it too.

In conclusion, summer projects should not be student - designed but teacher - designed in order to make students succeed in their life . When they have a project designed by their teacher they have so many advantages because they do not just write about boring stuff but interesting ones that they learned from it. students are more flexible with a certain topic given by their teacher than chosen by them; therefore, schools should always give teacher - designed projects to student during their breaks. Students are likely to be prepare for their classes next year.",497,11,Female,Economically disadvantaged,Hispanic/Latino,test,3,3,3,3,3,3,3,3,3,3,3,3,3,4,3.5,3,3,3,3,4,3.5
