essay_id,prompt,text,words,seg_grade,seg_gender,seg_economic,seg_race,seg_split,overall_r1,overall_r2,overall_human,cohesion_r1,cohesion_r2,cohesion_human,syntax_r1,syntax_r2,syntax_human,vocabulary_r1,vocabulary_r2,vocabulary_human,phraseology_r1,phraseology_r2,phraseology_human,grammar_r1,grammar_r2,grammar_human,conventions_r1,conventions_r2,conventions_human
0C88A0C1602B,Talents and skills,"Do you have a talent or skill? If so what's you talent/skill, and how do you use it? Explain what your talent is and how did you developed it.

The first thing i'll be talking about my skills. One of my skill it cooking; I love cooking and it's one of my favorite thing to do at home when I have nothing else to do, and I'm pretty decent at it. I can only cook one thing for now, the only thing I can cook right now are eggs such as sunny side ups, scrambled, and an omelet. My dad is the one who got me into cooking, and I wanted to be a good cook like him. Another skill of mine is that I can run kind of fast I don't like running that much but I still run. I can also run far with one breath, and I don't have a lot of stamina. I can also bake. It's rare for me to bake because I usually don't do it a lot, but it fun to do if you're bored and you want to make something. The only two things that I made was cupcakes, and chocolate cake. My dad's girlfriend is the one who made kind of like baking because it fun to do.

Now i'll be talking about my talents. A talent I have is drawing; Drawing is one of my top five favorite things to do when i'm not doing anything or when i'm bored. I'm decent at drawing but not really good yet I practice on trying to get better at it, and the things I draw are random because when I draw something random I usually draw it when i'm bored. The person who got me into drawing was my sister, when I saw her drawings I was amazed cause she was a good drawer, and I wanted to draw like her one day. Math is also one of my talents: math is my number one subject because i like it, and my friends say i'm good at it. When I we have a hard problem I sometimes don't use my calculator because I always forget I have one.

I also like build most of the time because I get to go outside and find stuff I can play with, I usually find big sticks and carve them after I finish carving them I start sanding it so it wouldn't so rough when I finish I paint them to make it look cool, but now I bare;y do it because I have a lot of stuff to do. The only thing I use is a knife and a sand paper because some of the tools I needed to use I didn't know how to use them.",438,8,Male,Not economically disadvantaged,Asian/Pacific Islander,train,4,4,4,4,4,4,3,4,3.5,4,3,3.5,3,4,3.5,3,3,3,4,4,4
0C91926E2BC6,Talents and skills,"My talent and skill is drawing, painting, and coloring, and writing. Those are my favorite talents and skills. And the things I like to do with them is making cartoons, painting and drawing pictures, and coloring, and writing novels. But, also last year I did art and took all art clubs ,and classes ,and usually I like to be a real cartoonist so this year I want to be a writer. And I want to do that for this year. But I am still good at it. So next year in ninth grade I am doing art again next year. And I use whenever I'm bored and there nothing I can do at home of at school.

So for writing I want to write novels and books for everybody. And lately I have been taking writing classes during the summer. But last year I started being a cartoonist and start writing newspapers and drawing cartoons for the newspapers. At School I join the animate club and then I started drawing pictures for the scenes of the cartoon. And I like it. So I join the yearbook club and I started writing the captions under the photos. To tell and say what it actually means. So last year for third block I had facs ,and I use art for the cakes and cupcakes and also ice cream. And then I think that art is good for me.

So let me tell about my favorite skill writing. The main I like writing is I like to write novels and books. But my favorite book I like to write is about Transformers Dark of the moon. My favorite graphic novel of all times and it is the number one movie to be produce of all times and in the beginning of the novel is the war of cybertron and the rest of the movie is all about everything about the space race. But the main thing I like about writing is you know is the words and feelings of it ,but also I like to write about poems , and poems help think about feeling.

And other kind of stuff let give you some specific reasons.

detail#1:

I think that writing can impress you detail#2:

Writing can also contain facts and opinions detail#3:

Writing can also have poems

So for art is everything

Art is everything

It can be all around us

And ,but also writing can have vocabulary and it is for spelling. But you must check your spelling whenever you are done with an article or an essay. And it also contains art. But also for art it shows like it graphic novels authors must make bubble speeches for the people it the book to say. Whenever they are happy, sad, or other kinds of feelings. But it contains all kinds of words and languages for people to say ,and the bold means what is important and what it really means. But it means whenever a person reads a book. And what it have to say what it self.

My conclusion is that in the future I continue to think about my talents and skills and what they really means to me. But still I think I still care about it. And that is for everyone else's. That is my favorite. For example I draw and write comics. That is my conclusion. The end",537,8,Male,Not economically disadvantaged,Asian/Pacific Islander,train,3,3,3,3,4,3.5,2,3,2.5,3,3,3,3,3,3,4,3,3.5,3,4,3.5
125CD13D5FA4,Talents and skills,"Splash splash there I was drowning when the life guard saved me but that was a long time ago. in that situation having the skill of swimming would've been good but at the time I was young. Everyone has a talent or a skill? do you have a talent or skill that you have practice for or worked so hard for that skill? Well one of my strongest skills is swimming

You know not everyone can swim right well now I can unlike the time I was drowning well from that experience I have learned not to jump in the deep side of the pool. Well I can swim and an important talent to have or else you will probably end up like me but swimming is one of my talents I love swimming and i'm good at it and i learned to swim by myself.

Although talents and skills are nice to have but some times you just have to work for them like if you want a skill that requires a lot of effort then you have to prepare yourself. Practice and practice it makes perfect trust me thats why every one says it, because its true and thats why i'm such a strong swimmer. Every time that I went to a pool or river to have fun with my family I always tried swimming failed a lot but every time I fell I would force myself to get up and try once more.

takes a lot of work and money to be a good swimmer. In the summer I always begged my mom to go to the pool sometimes she took me and sometimes not but for the times that we went I put all my effort into it. Effort, effort is a big part of obtaining a skill. It all just depends on your part of the process. The process mite be long or the process mite be short it all depends .

in conclusion every one has a talent or skill. skills and talents take time, practice, and effort, what talents and skills do you have and if you dont like the skills and talents that you already have learn anther one it doesnt take much.      ",351,8,Male,Economically disadvantaged,American Indian/Alaskan Native,train,3,3,3,3,3,3,2,4,3.5,3,4,3.5,2,4,3.5,3,3,3,3,3,3
164D6D056A48,Talents and skills,"I have a awesome talent, that is making weird high pitch noises. I make the noise sometimes, But in elementary school I made the noise all the time. When I found out that I could make the noise it was in 1st grade.

I made the noise all the time, I could do it and no won could stop me except myself. The only reason I really never stopped was because i made my friends laugh and i made jokes. The first example was I making what does the fox say and I made my weird noises. The second example was I randomly out of nowhere I slowly looked at my friends and stared right at them and i quickly made a lobster position and chased them well making the noise. I make a lot of noises at school but at home its even worse.

When am at home thats when I strike with the noises. I really liked annoying my sisters all the time. But, they punched me because I was being annoying because I always made the noises. The first reason they would punch me was because I sat right next to them and started making the noise, and less the two seconds she punched me really hard on the shoulder. The second reason was when I went in my sister room and started pocking her when i was making the weird noises and she got so mad she punched me on my chest that really hurt. But, now I really don't make the noises anymore i got tired of it myself. But, I do it on accident sometimes when im playing games.

I found out I had a talent and that was making high pitch noises And I used a lot. I made my friends laugh hard and made my sisters hate me a lot but i had fun with it. I made jokes one is what does the fox say and i made my high pitch sounds. the other was being punched by my sisters on the shoulder and the chest "" man the chest one really hurt"". But im pass that i may on accident do sometimes but other then that im done with it for good this time.",361,8,Male,Not economically disadvantaged,Hispanic/Latino,train,3,4,3.5,3,3,3,3,3,3,4,3,3.5,3,4,3.5,4,4,4,3,3,3
1AD12415C4DB,Talents and skills,"what is your talent or skill and how you develop and use it? my talent is drawing.

I used just for fun, when i want to think about something else, I develop my drawing by be in art class.

first, everyone has a talent or skill, my talent is drawing, draw is the more relaxing thing that I experiment,For example,some people said draw, help you to make clear your ideas, distract you that make forget about your problems. make you focus in the paint.

next, I just my talent just fun,because that make relax and that help me to clear my ideas. For example some famous artist said, A artist,

for him drawing it's not a responsabilitie, or homework , art is to express all their feeeling in a paint that why I drawing just for fun because when I draw I express my problem in the paint, and that give peace, when i'm angry I draw too that make happy .

then,I decided to take art to develop my drawing,and paratices, now i know more things then before for example, the rules how are the steps, the way to made more easy, some people developing the drawing by theirself, and they want to make more experienece by theirself, that is more interesting because they experiment their own talent. the results are better.

In conclusion, I used my talent, drawing just for fun and when I want to think about something else, and i develop my drawing for be in art class.     ",234,8,Female,Economically disadvantaged,Hispanic/Latino,train,2,3,2.5,3,3,3,2,3,2.5,3,2,2.5,3,3,3,3,3,3,2,2,2
22F571F54234,Talents and skills,"Think about a talent or a skill that you have. What did you do to develop that talent or skill? How do you use it? A talent or skill that I have developed is being able to write in cursive. I develop and use this talent in many ways. In order to develop this talent and use this talent, firstly, I had to practice every single day, observe many other people write in cursive, and lastly I use it to sign many different items.

One way I developed this skill is practicing. I used to spend everyday writing the whole entire alphabet in cursive to perfect how I wrote. I would meet up with my teacher after school everyday for about a month so that she could help me work on my writing. Another thing that I did was rewrite every document or letter that I saw or received to accomplish writing as good as the original writer.

Another way I developed this skill is by observing other people. I would watch many ""How To"" YouTube videos to observe how other people wrote. I would observe how they wrote and I would write very similar to them. Whenever I saw anybody writing in cursive I would study their hand movements and match mine up to theirs to achieve writing perfectly. Any letters that I had received from family members I would examine to figure out how they wrote in such a perfect manner.

One way I have used this skill is by signing my name on many different items. Anytime that I go to the doctor's office I get asked to sign my name and knowing cursive comes in handy. Whenever I decide to write letters to my family I sign my name on the outside of the envelope so they know that it's from me. Also, anything I have painted or drawn has my name signed on it.

Think back at a skill or talent that you have. How did you develop it? How do you use it? Mine is being able to write in cursive. What's yours?",334,8,Female,Not economically disadvantaged,Hispanic/Latino,train,4,4,4,3,4,3.5,4,5,4.5,4,5,4.5,4,4,4,4,5,4.5,4,4,4
265FCDBBF0C1,Talents and skills,"Well one skill i have is to read out loud,this is because it helps me understand what I am reading about,also when i read about it it gets suck in my head and i can explain it more better when i read out loud,and it also helps me when i need to write a essay on what i was reading.

For me reading out loud helps me a lot because i understand it more. It also feels good to read it out loud because i know how I am reading. I can see if I am reading good or if I am stopping in every word. Then i can see if i need to say the word out loud if i dont understand what it means.

For me reading out loud helps me to because i can explain what happens in the story. Also i have a better way of explaining it better when i read out loud because i get more details in my head. Then when i am done reading i don't forget about what i read about. Also when i read in my head and not talking out loud i dont remember lot's of things that i read. Other people can understand better when they read out loud as well.

For me when i have to write a essay it help me better to read out loud because i can write lot's of things when i read out loud. I can explain more about the story when i read out loud. Then when i am ready to write a essay i dont have to be scare on what i write because i was reading out loud and it was suck in my head of what the hole book was about. I also like reading out loud when i am writing a essay because it helps me better to see if i am writing about what the book is telling me what to do.

The Conclude:To read out loud. I read out loud so i can understand what the book is about,better to write a essay when i am reading out loud,and when i am reading out loud it stays in my head of what i read about.",324,8,Female,Economically disadvantaged,Hispanic/Latino,train,3,3,3,4,2,2.5,3,3,3,3,3,3,3,3,3,3,3,3,3,3,3
3A2DBB1E0556,Talents and skills,"I believe that my skill is I can speak another language,Korean, fluently. Speaking another language is not effortless but the effort give pleasure that I can help other people. It is tired and hard to help other people, but assist make people glad. My ability is I can speak Korean, acquired Korean by reading the books, can use my skill usefully by teaching Korean to Korean - American and communicate and help Korean.

I developed my Korean skill by reading books often. I read a Korean book at least in a week. Mostly, it was hard to understand and I had to find the words meaning in every single time. However, I could improve my writing skills,

vocabulary skill and I could speak Korean and write logically. For example, I took World Language Exam last year, I could use the words that I saw when I was reading a book. Also, I could make my writing clearly, organize and I understood prompt very well. In addition, my parents read Korean books to me and my brother. That made me to understand and speak in Korean fluently.

I can use Korean skill very usefully by teaching Korean to Korean- American. Usually, people who were born in America but their families are Korean, and they don't know how to write, speak and write in Korean. For example, I go to the church every Saturday and help to teach Korean to the teenagers or children. It is hard but they can learn Korean from Korean school and communicate with families. For example, they become teenagers, and they can speak only English and their parents can speak only Korean. They will not able to communicate each other. They will become farther. Nevertheless, teenagers can ignore their parents that they cannot speak English.

Communicate with Korean can be useful because some Korean are immigrated to America with not enough English skills. They need help with bills, housing and information of America. If you go any stores or community center, they are having difficult because they can't speak English so they cannot understand what the owner is trying to say. If you can speak Korean, you can help them. For example, I was student ambassador which is help new students to touring the school and help them with the schedule. The new student came to our school and she was Korean and she cannot speak English. I introduce the school, and class schedule in Korean to her so she can understand about school system.

There are lots of advantages if you speak another languages. You can acquire Korean by reading books that help to improve your writing, reading, vocabulary skills. Also,teaching Korean to children or teenagers and can communicate with Korean can help people. ",445,8,Female,Not economically disadvantaged,Asian/Pacific Islander,train,3,3,3,3,3,3,3,3,3,3,3,3,2,3,2.5,2,3,2.5,4,3,3.5
4BBBDC46A47C,Talents and skills,"In this world everyone has a talent or skill. Some people use their talent for good things, and some for bad things. My talent is honety, and I use this talent for good things like, I tell the truth all the time, never betray someone, and I am always fair.

To begin, my first reason about how I use this talent for good things is that I tell the truth all the time. Because of that, everyone trusts me, and tell me their secrets. Telling the truth all the time also help people recognize me as a good person, and help me make lots of friends. Telling the truth all the time would not only help people recognize me as a good person, but it will also make everyone trust me.

To continue, my second reason is that I never betray someone. Never betraying someone will make people think that I am a good person, and people that didn't like me will start liking me. Never betraying someone is also a good thing because it will make you loyal, and faithfull. People that you never betrayed will like you and become your friend.

Further more, my last reason about how I use this talent for good things is that I am always fair. I treat everyone the same way I want to be treated, and that will make people treat me the same way they want to be treated. I also divide things evenly, so everyone have the same amount. If you want people to treat you fair than, you have to treat them fair.

In conclusion, my talent is honesty and I use it for good things like, telling the truth, never betraying, and being fair. I treat people the way I want to be treated and believe it or not they treat me the same way, so whatever talent you have use it for good things instead of bad things.",322,8,Female,Economically disadvantaged,White,train,3,4,3.5,3,4,3.5,3,4,3.5,3,3,3,3,3,3,3,4,3.5,4,4,4
526E417A97BD,Talents and skills,"Many people tell me I have talent in soccer. For most of my years I trained to get better and better so I can become the best on my team. There were some faster players on my team and there still are. If you have ball control and skills you will be able to dribble past faster and stronger opponents. Also you will be able to hold the ball in your possession until someone opens up for a clear pass. Some skills I have are ball control, speed, agility, stamina, and dribbling.

I developed ball control by practicing and watching professional soccer players play. My dad knows drills to gain ball control he taught me how to do them. Then I started doing those drills 3 times a week. I knew I was making progress because I was keeping more possession of the ball during my games and practice. I was able to keep possession of the ball until my teammates got open for a good position to receive the ball.

Speed, agility, and stamina are some of the basic skills you need for this sport. For speed I did a lot of running, I would run at least 3 laps around the field for warm up with my brothers and dad. I also did many exercises for my leg muscles not too much weights because that would make my legs stiff. For agility I did some similar drills to the speed ones but faster movement and there are many different drills I also had to do with quicker pace. For stamina it was just a lot of running to get better at not getting tired too early and to be able to play for full 90 minutes of your game with enough energy.

I enjoy doing drills for dribbling because it's fun. My strongest skill in soccer is probably dribbling. I used to do a lot of drills for dribbling when I was new to the sport and I did more drills and got better and better each time. I would mostly play left mid because I was able to keep possession of the ball longer. Also when there's no one open to receive the ball or in a good position to receive the ball I would have to dribble through many players and I would go to the left corner so most of the defenders would come and try to get the ball leaving the striker open and making it easier for him to score and sometimes I dribble to the goal and try to score. Do you think you can work harder to achieve a goal?",426,8,Male,Economically disadvantaged,Asian/Pacific Islander,train,4,4,4,5,3,3.5,4,4,4,4,3,3.5,4,4,4,4,4,4,4,4,4
54099C3AE7CE,Talents and skills,"My Talent

Imagine,

having an amazing talent or skill but no one knows about it. Some people might say that hiding your talent is wrong but I think that it helps me to focus more and to develop it better. Singing is my talent , I love singing

I develop it by practicing and I use it by writing my own songs .

First of all , I love singing , my Talent, which i develop by practicing.

For example , I am always looking videos up to develop my voice and practice but sometimes I practice on my own.

The more I practice the easier is going to be for me to sing without any help, For me developing my talent is really important because my talent is my dream .

Another example is that I go to singing lessons to practice and develop my voice , sometimes they give you some notes that you can use to practice at home , with the notes they give you, your voice is eventually going to sound clear focus and mature.

Furthermore, I use my talent by writing my own songs , when I my own songs the writing will give me an extra writing skill and most of the time some old memories come back.

For instance , I usually write about my old memories , old feelings or the way i am feeling at the moment. Another instance , writing my own songs will give me an extra writing skill.

By writing all the time you learn new techniques , new ways of writing or new lyrics.

In closing , i use my talent by writing songs and that gives me extra writing skills , i develop my talent by looking up videos and by going to singing lessons . Also, my talent is my dream so i usually put a lot of effort on it .",321,8,Female,Not economically disadvantaged,Hispanic/Latino,train,3,4,3.5,3,4,3.5,3,4,3.5,3,3,3,3,4,3.5,3,4,3.5,3,3,3
5B0E80E62A8C,Talents and skills,"Do people have a skill in them? A skill is something special that a person can do. I have a skill in math because I can help kids and I have good grades in math.

I have a skill in math because I can help kids. For example; if one of my friends need help in math I can help them. If people are good at something then they should help others, so other people can understand what is happening. In the same circumstances people should get good grades.

I have a skill in math so I can get good grades. For example; if I get a test on math and if I am good at math then I should be able to get good grades. If people are good at something then they should be able to get good grades in that class. In the meantime people should so do their best in their skill.

Every on in the world has a skill in something. I am good in math because I can helps students and I can get good grades. I hope you learn that everyone has a skill in them even if you donot relize it. ",191,8,Male,Economically disadvantaged,Asian/Pacific Islander,train,3,3,3,3,3,3,3,3,3,3,2,2.5,3,3,3,3,3,3,4,3,3.5
5C656CD57F67,Talents and skills,"Identify a talent or skill you have, and explain how you develop and use it.

Everyone has a talent and a skill. I personally think that my talent is photographing, but photographing take skills as well. Taking pictures is relaxing, fun, and cool at the same time.

Photographing is I guess not easy and hard because while taking pictures you have to find the right angle the your photo and as well you can just take your picture in your own way.

How I developed photographing is by going out and looking at intense images.

when I go out, I always think about if I should take some photos of whats there like: the River

People, and maybe other Cities as well as Nature. While taking pictures, it's really relaxing because you can feel the wind breeze on your face and you can release your stress.

For me I think that its fun because you can take pictures whatever you want, I also think that taking pictures is cool because you can see how things looks like up close how it looks like on camera.

How I use it is by releasing everything that is on my mind. I also use it for improving my skills as well. For me sometimes its a little bit hard because I need to find the right angle for the photo Im taking. My photograph skills aren't that good, but I practice everyday so I could take better images.

During my free time I go out and find some photographic things like: Insects, the Moon, and other objects, and take pictures of them.

To conclude , in my opinion I think that photographing can be your talent and your skill as well because if you like looking at intense images then you can take an intense picture too, or you can take it just for fun. Besides, maybe you can try to see how your photograph skills are too.     ",282,8,Female,Economically disadvantaged,Hispanic/Latino,train,3,4,3.5,3,3,3,4,3,3.5,3,4,3.5,3,4,3.5,3,3,3,3,4,3.5
5D12067722AD,Talents and skills,"Everyone has a talent or skill, but not everyone pays attention to it. I have a talent even tho I don't pay too much attention to it. I have a talent that I should pay more attention too because it's a luxcturious, and extrordinairy talent to have, it can be a good job, and it could give me a bright future.

One reason why I think being skillful at soccer is a precious talent is because it can give me a talented job. There is a good soccer player called Kylien Mbape. He is very young, and he has that talent of being good at soccer! He plays nationally and makes lots of money. He has a skillful job and is very young, thats why being a soccer player is an extrordinairy job! My talent at soccer could not only give me a good job, I can make lots of money from soccer.

Being a soccer player can make me lots of money! I have the talent to play soccer, and I could make money off of soccer just like Kylien Mbape! Mbape makes an uncountable amount of money off soccer for doing something he loves and is very amazing at. Mbape is making lots of money off of soccer and he has a bright future ahead of him!

I have a talent of playing soccer, but i need to pay more attention to my precious talent. I have a talent I should pay more attention too. I should because it can give me a bright future if you have the right mindset. It can be a luxcturious job to have! It can give you lots of money for an amazing future. That is why I should pay more attention to my talent and so should you!                ",293,8,Male,Economically disadvantaged,Hispanic/Latino,train,3,3,3,3,2,2.5,3,3,3,3,3,3,4,3,3.5,3,4,3.5,3,2,2.5
6FDAD6124B9E,Talents and skills,"Ever since you were little, have you ever noticed that your really good at something as you grew over time? Everyone has a talent or a skill that are common or very unique. I have gained a talent over years and I just realized not to long ago. My number one talent I have it dancing hip-hop because I took classes for 9 years and I got inspired by the artist I mostly love.

My number one talent is hip-hop. Hip-hop's really been a big part of my dancing life over years. I took classes at a place and just remembered having so much fun and learning new dance moves. Since I started taking classes of hip-hop and learning new things, I thought that this might be the number one thing I might actually be good at. I have once broken my ankle by learning a new dance move. The bone was out of place and the bone was a bit cracked. At that moment I was just thinking about the pain but once I got home and was able to rest, I just had the fear of not being able to dance and it made my heart shatter into 7. After a 8 or 9 weeks I felt better and was able to dance again. I had to be careful and not hurt myself again. when I first got there I was not a good dancer like most of them. Once I was there for almost a year I learned a lot because they would tell me little secrets of their's. I got better ever since and now I teach my closest friend how to dance. I took dance class for 9 years and it helped me a lot with my dancing skills.

I got inspired by the artist I love the most. Ever since 2012 December 22 I found a group of boys that were new. I watched their video's and I was in love with them. They debuted in 2013 June 13 with their first song called ""No More Dream"". They were called BTS. There are a seven member group, there stage names are RM, Jin, Suga, J-hope, Jimin, V, and Jungkook. They are a band from South Korea. Their fan's are called ARMY. As years passed by and they became the biggest boy band in the whole universe and galaxy! I was inspired by their music but also their dancing, which got me more into dancing. I learned all their dance moves from their music video's to their stage performances. They also inspired me to dance more because ever since I was little I liked dancing and over the years I got better, they kept telling me to keep going which I did and that's when I made up my mind. I was now planning to become a back up dancer for them when they went on tour. I was planning to already become a dancer so I practiced more. When I became 13 I was able to dance and more like some one was controlling me with strings, like I was a puppet.

Now that I am 14 I decided to teach others who wanted to learn how to dance. It's been 9 years of dancing so why not. After learning to dance hip-hop I felt like an animal that's been let back in the wild. Dancing is a big part of life if you love it and enjoy it. BTS has taught people many things but the one line they said about dancing is ""There are 2 deaths in life. The first one is when you lose the passion of music and dance and the second one is death. The first death though is more painful."" Those are not the exact but very close to the meaning. My number one talent is dancing hip-hop because I took classes for 9 years and I got inspired but the artiest I love the most. What's the one talent that you have, do you actually want to become better or move on.",647,8,Female,Not economically disadvantaged,American Indian/Alaskan Native,train,4,4,4,4,3,3.5,4,3,3.5,3,4,3.5,4,4,4,4,4,4,4,3,3.5
749E089D7992,Talents and skills,"My talent is i'm good at drawing when i draw i like to draw the stars, the moon,woods and the ocean, drawing is a talent where you can express your self by showing multiples of types of art ,there's a lot of types of art my favorite type of art is the one where you draw. When you draw you can do make whatever you want and if you made a mistake you can fix it ,my other favorite type of drawing is the one where you paint, because you can paint what are you feeling like if you're sad,happy,angry,upset. Art is one of my favorite talents i can make whatever i want and peolpe pay a lot of money for the drawings or paints they don't care if they cost billions of dollars they pay it, because it's beautiful art. Art is a talent that a lot people have it, some people are so good at it, that sometimes they think it's not good enought so they decide to throught it away, but they don't know that some peolpe will like it and they will pay it for their art. Art cost a lot of money but some people don't sale their art, because they want to keep it for memory or because they want to show it to their family and sometimes they sale it to their family, but they don'tsale it for billions or millions of dollars,because it's for their family. Smoe peolpe when they make mistakes on their art and they don't fix it and they don't thourght it away they just keep it,because maybe some rich people will buy it.

I think people should try to sale it

,

because they can get a lot of money for their paints or drawings. Art it's a really hard jod you need to be patient, because you might make a mistake and u have to start all over again, people don't start all over again what they do is they can make something beautiful of that mistake and by the way art it's also about you see something ugly, but you can fix it and make look beautiful.

Some people think art it's boring,but it's not, beacuse if you love doing art you don't think it's boring you love doing it, because it makes you happy and sometimes when you're so happy and exited to paint you don't have the control and you just start paint and you dont care if it's ugly you just lating your body do his work, because you're so exited about it that your not even think what is going to look like, sometimes i do the same i late my body to do the work by his self and actully it does fell good you happy and so exited.

Other peolpe get so stress when their work dosen't look how they wanted to be, sometimes i get stress out too, because i think my draw dosen't look good how i wanted to be, but like i said you need to patient, because art is not an easy jod it's hard. But when you get use to it it's hard but not that hard like before, i'm good at art but im still learning and sometimes it's really hard but i need to be patient and keep practicing, because practicing makes the teacher.",507,8,Female,Not economically disadvantaged,Hispanic/Latino,train,3,3,3,3,2,2.5,2,2,2,3,3,3,3,2,2.5,3,2,2.5,2,2,2
7726A1F9C660,Talents and skills,"The violin is a hard instrument to master, even with many years. It takes hours and hours of practices and skill to enjoy putting your time into it. I always had a great amount of interest in violins as a kid. Soon enough, I was given lessons for the violin. Somethings skills you would want to have is patience, knowing to push yourself to a current limit, and enjoying it. With those skills, my talent on the violin has increased over the years and overcame phases.

When I first shown interest in violins, as I remember, was in Generic_City back in 2008. We were at a gas station on a road trip, and stopped to eat. I saw a kid magazine with a toy violin that came along with it. That really caught my attention, as I begged my mom to buy me it. Eventually, she gave in and bought me the toy violin. I pretended like it was a real violin, and strung the strings with my fake bow. Ever since I had gotten that toy violin, I would not stop bringing it everywhere with me. After a few years went, I had moved to Generic_City and my parents decided I should actually get lessons on the violin in 2013. On the first lesson, I felt really nervous because my wish was finally coming true. I really thought I was going to be perfect on the first day. Of course, I was not good at all on day one. Soon, came to my realization that the violin is something you could not master in just in a year. My dad had made me a daily schedule for me to practice everything, so I could increase my talent and abilites. That's how I was able to go through the ""first phase"" of violin lessons went by.

Saturday afternoons felt super weird since I was not attending any lessons. My family and I had moved back to Generic_City, and I did not have any violin lessons. During the last two years of the four, in Generic_City I had be slacking off from my practices. Yet, I still wanted to continue with my talent and not give up. After a few months went by in Generic_City, I begged my parents to let me take lessons on violin. It was dejavu all over again from 7 years ago. We found out there was after-school lessons I could take. Suddenly, everything felt like the very first lesson I took in 2013. The new instructor said I was pretty good and could immediately start on the second book, instead of the first ""beginners"" book. It felt great knowing I was off to a great start.

Everything was going fine for the next five months, until I started to slack off again but worse. I always enjoyed playing the violin, but it began a chore. I was not improving as much, as I was back in Generic_City. I did not feel happy about the violin for the next three years. The thoughts of how the violin was not going to take me anywhere always lingered in my mind. It was not my dream to be a famous violinist or an instructor. Reasons just kept piling up till I told my parents about my thoughts and feelings. They had told me it would be a waste of six years worth of money for me to give up. I still practiced and slightly improved, but I still unhappy. You can tell if someone is doing something they clearly don't want to do, but are forcing themselves. After countless of arguments, cries, and rants to friend, I realized that no one can convince me to enjoy the violin again instead, I had to convince myself to. Our family was moving once again, but to Virginia. Every since we left Generic_City, I had not touched a violin in a year and that is when I was reminiscing on the days when I was playing the violin. I thought to myself, why did I hate practicing and going to lessons so much? The violin is something that I could never let go of because of the amount of work and years put into it. I would love to improve on my talent more instead of throwing it all out, it would be a big waste to do so.

You should always push yourself to a current limit though, not until you breakdown. But you can give a lot of time to decide whether or not you will ever be happy from doing something you don't currently want to do. It could really be just a phase you could be having. The best feeling is honestly really great knowing that you weren't pushing yourself to do something you didn't want to do anymore. That is how I grew my skills, and my talent in violin more. I also grew to enjoying the violin more.          ",799,8,Female,Not economically disadvantaged,Asian/Pacific Islander,train,4,4,4,3,4,3.5,4,4,4,4,3,3.5,4,4,4,3,3,3,4,4,4
7E530A20DA68,Talents and skills,"People and students' have some amazing talents and skills. Talents are very impressing and challenging for an example,people that can juggle with oranges or bottles and people that can sing. Some talents can be very difficult at first and people can give up easily but when people practice and they try they do not give up. The skills and talents I enjoy the most is playing the violin,cooking,and makeup on my own time.

When people play the violin they say It is very difficult and it is very boring. Some adults that have played the violins and the chelos are very talented and their skills are by playing the violin Is just slowly moving the bow towards up and slowly moving it down. When I first played the violin It was not easy moving the bow fast towards the bridge of the violin and knowing the songs that some students' had to play by their self. When I had my first Pyrimid Concert In Elementary school I had a great time playing and learning how to play the violin.

Cooking is another talent that some people like to enjoy while they are home or they help their mom cook. Cooking can be fun and people can experience new kinds of food that they never tried. When I was little I always wanted to cook with my mom and she cooked all different kinds of food like Rice with Chicken,she made Pizza,and also baked Cookies and Inchiladas. They are resturants that have good flavor foods like when people go to the Buffet or to IHOP.When I cook with my mom or my sister I experience that cooking can be hard because people do not know what ingrediants they have to use or the taste is disgusting.

Makeup Is one of the funest. They are some teenage girls that love to do their own makeup or they just do it for fun. A lot of teenage girls start learning how to do makeup by watching on the internet step by step. Teenage girls have really good talents in fashion and using good color shade on thier eye lid. Talents In makeup are fun when people have their own time with their firends when they come over. Some girls feel more comfortable by using makeup and some girls do not. Makeup can be enjoyable and fun to experience.

They are some difficult talents and skills that people give up on. When people experience or find something they like they would like to try it. Cooking Is like a talent where people like to enjoy cooking like the cheifs they make really good food. Makeup is fun to do and it is really amazing when people are a makeup artist and really good at fashion. Playing the violin Is hard at first but when people practice and they want to be talented It gets easy.    ",429,8,Female,Economically disadvantaged,Hispanic/Latino,train,4,4,4,3,4,3.5,4,3,3.5,4,4,4,3,4,3.5,4,4,4,3,3,3
964E9DBFDBAA,Talents and skills,"image having a good skill. like being good at a sport, sing, cooking, or just getting good grades at school.

People can have skill or talent they might not even know they have one. Skill can be anything like being good at math when other people are are not, you might not be good at English but other people are. it does not matter if your not good at something. like you can be good at soccer but be bad at baseball. skill can come in different ways.

like mine. My skill is talking to people. I don't know why I like to talk to other people but i just do. But It can get me in trouble like. When Im doing a test I like to turn around and talk to my friends and i always get in trouble for this. or when Im in class I like to talk to much with my friends and not do my work and sometimes I talk to the teacher for a long time and not do my work. Talking to other people can be a good thing you like not being shy. I used to be shy but i start talking to people and became not being as shy as I used. There are more ways that talking can be good for like building a good friendship with other people like least year. I started talking to other people this year and made a lot of new friends. And you can become best friends with the teacher it a good thing to have a good friendship with the teacher. Talking can help you with making new friends out of school. like at birthday party you can talk to people you don't even know. talking is a good skill to have because. it can help you with the real world. Like when you see some one have a bad day you come and talk to them and make them feel better then they were. my skill can be good or bad at sometime. but that my skill. ",332,8,Male,Economically disadvantaged,Hispanic/Latino,train,3,3,3,3,3,3,3,3,3,3,3,3,3,3,3,2,3,2.5,2,3,2.5
9760A1CB4336,Talents and skills,"Everyone has a talent or a skill. But they are all unique. Skills that I have are: intelligence, talent and athletic.

Ways I show intelligence are by performing clever tasks, giving good ideas or advice, or teaching other people how to be intelligent like me. A way I show intelligence is by giving good ideas or advice when there is a problem. Another way of showing intelligence is learning something quickly. I always learn and understand stuff because I am very intelligent. I can also teach someone else something if they don't know it. Teaching other people is easy because I very intelligent. These are some ways of how and why I am intelligent.

Ways I show my talents are by showing my special abilities, intelligence, and being athletic

I am very talented in a lot of different ways. I show my special abilities in school by using my brain to solve problems. It is easier because I am intelligent. Since I am intelligent, I can solve any type of problem. I can solve the ones not even teachers can solve because I am intelligent. I am also very athletic. I like to play sports and do excercise. These are some ways I show my talents.

I show my abilities of being athletic by playing sports, doing excercise, and running. I love to play sports. You can have fun and do excercise at the same time. I also like to run. It is a good way to excercise. Finally I like to do excecise. It is a good waty to lose weigth, lose calories and get fit. This is why I like to do excercise

Everyone has a talent or skill. But they are all different. Skills that I have are intelligence, talent, and athletic.",303,8,Male,Economically disadvantaged,Hispanic/Latino,train,3,3,3,3,2,2.5,3,3,3,3,3,3,3,3,3,3,3,3,3,3,3
9B5E142C63AC,Talents and skills,"My Talent

A talent or skill is something that is unique about everyone. It takes time to develop a talent or a skill. A talent or skill basically is something you are good at doing. Many people have the ability to move their ears, but some don't. Most people like dancing and are good at it, so it is a talent. Around the world, many people have more than one talent. My talent is to sing and write music. Some people in the world haven't found their talent yet.

One way to develop talent is to try everything. If you try everything, you'll eventually find something you are good at. During this process you'll probably be trying different things you haven't done before, like sky diving. Even though finding a talent or skill might sound hard and take some time, it can be done easily. By trying everything you can find many actives you might be interested in. Soon, those activities might become a talent or skill. Sometimes by trying everything, you might not be able to find your talent, but you can always look at it another way. Trying different strategies can be helpful to find a talent as well.

Another way to develop a skill or a talent is to make a checklist. You can make a checklist about the activities you would like to try. Most researches say, a talent is something you are interested in doing. If you are interested in baking, it might soon become one of your talent or skill. Simply by making a checklist, you can find many interests. Even though there are a lot of steps for making a checklist, you'll will find a talent or skill soon.

The third way to develop a talent is to go outside. If you go outside, you will learn and experiences many things you didn't know. Many people these days are stuck in there electronics and never notice the world outside of them. If you go outside and explore you'll find many interests and enjoy them. The world outside of us is big and has a lot to offer and has opportunities, like cooking, acting, sing, and e. t.c. There is so much that awaits in the world.

Everyone has a talent or a skill, if not, they can find one eventually. Three ways to develop a talent or skill is to try everything, make a checklist on activities that interests you, and go outside. These three ways can help you find a talent and your talent may help you find career. Sometimes the activities you are interested in and are good at doing, might not be your talent, because skills and talents can just be hard to find. A talent or a skill is something that is unique and plays a good role of describing who you are. ",489,8,Female,Not economically disadvantaged,Asian/Pacific Islander,train,5,4,4.5,4,4,4,5,4,4.5,4,4,4,5,4,4.5,5,4,4.5,5,4,4.5
9E8984D81AC3,Talents and skills,"The only talent or skill I have would be doing tricks. I also think that mostly everybody can do it so in my opinion that is not a talent. I have other talents which are that I am good at sports like basketball ,softball,, track, and soccer. I been doing it seen's I was little my dad wanted my siblings to be out of the house instead of being on our phones so we had to learn to do sports.

The first one I learned is soccer because it's just kicking a ball and running . The cool part about soccer is doing the tricks and everything. Soccer isn't big as well know as it should be. In the middle east it's big but not like basketball or football the whole world loves those sports. Also in the England they call it football instead of soccer but I get it makes a perfect name for it because you just kick it with your foot.

The second one I learned was track it wasn't that hard because you run or jump. When running in the track it is not about winning because the wind is in your face and running and your mind goes blank it feels so good when you are stressed. The long jump is my favorite because when I jump it's like flying then I touch the ground and it is gone. That why running is my favorite it's not about beating the other person.

The other one I learned is I think it was basketball. basketball because it is a mystery if you make it or not you just shoot and hope you make it .Seeing basketball players on TV I think help me to be better just like them. The thing about is that the boys ad girls are separated because they think the boys are too rough for them the girls can be rough too but thats why they made the WNBA [woman national basketball assonstion]. In my school they have one for girls and one for boys but a lot of people come watch he boys one way more than the girls.

The next one is softball this one I just wanted to do something different when the other seasons are over. It was boring at first when you learn how to play it becomes a game not a sport. In school we have softball but we don't have baseball for boys but I wish we did I think is unfair that the girls have one but they don't. I wish we play it at gym but we don't all we do is play field hockey. Softball is also good arm excise if you play it all the time. Thats why of all the sport my favorite is track.     ",445,8,Female,Not economically disadvantaged,White,train,3,3,3,3,2,2.5,3,4,3.5,4,3,3.5,4,3,3.5,3,3,3,3,3,3
9FA90B94782E,Talents and skills,"Wow! A talent I have is soccer, I have played soccer when I was born. Loved to play the sport because It always entertained me. So then I started playing more and more of it, and then I started playing in tournaments and leagues. I started of in defense, then I started to up my way up, so then in three weeks I started playing striker. When I started playing soccer I used skills like communication,passing and shooting so then my coach said I had potential in me. So then I started to watch soccer in my T.V..Soccer got famous in the late 1800's. Also in soccer you had to work hard and train hard. Like professionals they worked for 5 to 8 hours a day. Well in soccer games I use communicating,dribbling,passing and shooting.

In my opinion communicating is the most important soccer talent professionals need. Professionals need communication to score or win a match. For example my soccer team always use communication to pass to even score, and to win the match. Pele was a young Brazilian when he went to the world cup finals, he was only 18. His position was striker, he was known for his bicycle kick in the 80 minute. In 1900 professional in different leagues used communication also to pass to ball. Everybody needs communication to win any sport game.

In my opinion you need skills to be good at the game. In one of my games I had to score two goals at least to win the finals in soccer then I two use my skills called the fake. In 2009 there was a player named Lionel Messi he plays for Generic_City and won six ballon d'or. He used skills in games and in training. In my other soccer matches I used skills like passing and dribbling in a soccer matches. There was a player named Ronaldo he played for Generic_City when I was born, so I saw one of his soccer games in the T.V and I looked how he used other skills in the match against Generic_City. So I trained for an hour before my soccer tournament. So then I used one of his skills and it worked. So I used his skills for two games. So I saw professional players skills, so I can use those professional skills in a soccer game.

In my opinion you have to work hard and train hard because if I don't I wont be active so those are my other soccer skills because I train to learn moves, running, and defense. I train everyday so I can get better and better. Other professional have to train everyday to win other soccer matches and communicate with other teammates. I also practice dribbling a lot in my soccer practice. I use it a lot in soccer matches and I really good at it. In 2008 there was a player called Alex Hunter he was a rookie, then he started training and training until he gotten famous and good at soccer. I train everyday when that happened to someone.

If everybody tried to play soccer it wouldn't be boring because it's fun, you can play with family members or friends, and you can know new people.",471,8,Male,Not economically disadvantaged,Hispanic/Latino,train,3,3,3,4,3,3.5,4,3,3.5,4,4,4,3,3,3,2,3,2.5,3,4,3.5
A0A2D6856B0E,Talents and skills,"(1)A talent I have is pranking people. Something that inspired me to do pranks on people was a

YouTube creator. He went out in public and did these prank that inspired me to try them. My first prank I did was on my family by putting a woppie cushion on they seat it was fun and it made me laugh. I started to do more pranks on them but the pranks started to get boring they were no more good ideas.

My new ideas were using the pranks in new ways. Not what they were designed to do in new creative ways like putting a cockroach under a cookie that idea went really well it scared a lot of people that was one of my creative pranks.

my second one was. It was called Valentines through the hand box. This one took a little bit more effort then the rest of them because you had to cut a big hole through the box that was the size of your hand. How this work was on Valentines I would of gave someone a big box that is the shape of a heart and cover the bottom of the box were the hand would go in and they would open it and a hand would pop out at them. this is how I started to develop to use pranks to make people laugh. I still use these pranks I buy them off

Amazon and at 5 Below. Now I .use the prank more on teachers for the most part and how I use it is is in public I place a fake poop on the ground and people got disgusted and I once had a robot cockroach made people freak out. Well I think it is important to have some pranks in our life it make us feel joy and happy afterword because how the world is now a days, they is not that much joy in life more people then ever are sad so we all need sometimes a laugh in our lives no better way to do it by a harmless prank. pranking people is my talent those are some reason why I am good at pranking people and that how I use pranking in my life.",391,8,Male,Economically disadvantaged,Hispanic/Latino,train,3,3,3,2,3,2.5,2,3,2.5,3,3,3,3,3,3,2,3,2.5,3,3,3
AAD6A5CBDDB9,Talents and skills,"The skill i have learned is playing fortnite, i started playing the game in 6th grade because some of my friends told me to play it and i was like ''ok i guess'' so then i downloaded the game. And i sent friend requests to my friends from school, when i playing with them i was the only one who just started.

I would just keep dying because i didn't know how to play, so what we would do we would hide the whole game and wait to the vary end to try to win. Then as time went by they added creative and creative was your own world you can join and do whatever you want, you could buildfight your friends or make teams or even do free for all.

And as time went by again i was getting better and told myself i want be really good at the game, so and i looked in youtube and it gave me so much information. I learned so much new things that i would practice in creative to try to learn them.

I would mostly look in youtube on how to do retakes, retakes are ways to try to get above a person without getting shot at. It would be really helpful but then my skill as a player was not getting better, because the only thing i would practice is build the right stuff. I would not be good ar editing or aiming, because i would never practice it. It took time to stay above the meta i just needed to find the right balance for all 3 major componets in the game.

Then people discovers new things like how to win fights and how to make smart moves and smart edits that can win you the game. what im just lacking as a player is making the smart dicisions, like when to rush a player and when to not but in my opinion there is always something to learn overall fortnite is one of my skills that took me time to learn.",483,8,Male,Not economically disadvantaged,Hispanic/Latino,train,4,4,4,3,3,3,3,4,3.5,4,4,4,4,4,4,4,4,4,3,3,3
AF20176EB127,Talents and skills,"Imagine everyone or you having a great skill or talent that you dont even know about. You can do what many people cant do or you can even make a game out of it. You can develop new skills if you try or even come up with a hard talent or a easy talent that everyone can see it and do it. You can also combine talents and skills you never thought you can do if you dont try it or see it if it can work with you or with other people.

Everyone has a great talent and skill. Be the most fastest and the most smartest person in the world at math. Try to find out what's your best skill or what's your talen and if you are the worlds most fastest and smartest person at math you would have a good job later on for you. You can throw a football from the 1 yard all the way to 90 yards at age 11. You can never know what your good at if you dont try it out and if you can throw a football 90 yards from yard 1 at age 11 im sure later all the football team's would want you to play for there team.

Try finding out what are you good at. You are the tallest person in the world. You are the most tallest person who has ever lived and i think every basketball team would want you to play for there team and when you would run i think it would take you 7 steps from the half court of the basketball court. You are the most fastest person in the world. You would be faster then everyone in the whole school and the most fastest in the track team and could also go to the olyimpics. Find out your best skill and what your good at.

You can do what many people cant do in the world. You can develop new skills or make them so other peolpe can see it and do it or you can be even famous if you create a talent that know one has done or create the most best skill's that people haven't seen in the world and you can break world records that people have try to do it but faild. Everyone has a skill and a talent you just have to find it in you and trust your self that you can do it and dont give uo untill you have completed it.",422,8,Male,Not economically disadvantaged,Hispanic/Latino,train,3,2,2.5,3,2,2.5,3,3,3,3,3,3,3,3,3,3,3,3,3,3,3
AF9F53EC3673,Talents and skills,"Everyone has a talent or skill. In my case, Its music. Although my music skills are still improving, I would still consider it a talent or skill.

I've learned to play different instruments such as: the guitar, percussion, xylophone, and the violin, which is what i'm currently playing. At first I joined chorus in 1st grade and finished in 5th grade. I really enjoyed it ,so I chose to learn an instrument, which ended with me joining band. In band, I learned how to play the recorder. I played it from 2nd grade to 3rd grade. After learning the recorder I switch instruments to a xylophone, that played during 4th grade.

Since I didnt really like playing the xylophone, I chose to do percussion for 5th grade. I was also learning the guitar during 4th grade through 5th. when I entered middle school I decided to turn things around by choosing to do orchestra. I learned everything I had to know in 6th grade ,so I was ready to play the violin in 7th grade. I really felt passionate about the violin so I kept playing ,and still am ,and yet will continue until high school.

My music skills can be useful at times, for example: my parents once asked me to play a song for their wedding, they thought it was marvelous. Last year, I sang a song ,that I composed, for my sisters' birthday. She really enjoyed it. I like participating in music contests, concerts, etc. This year I went to New York for a violin concert, it was amazing.

My music skills have yet to improve, but until then I will continue trying new ways of music.",262,8,Female,Economically disadvantaged,Hispanic/Latino,train,4,4,4,4,4,4,4,5,4.5,4,5,4.5,4,5,4.5,4,4,4,3,4,3.5
BAB7CCC403CE,Talents and skills,"One of my greats skill that you will want to hear it is math,and let me tell you how I develop this skill. It took me a long time to get this skill. I had to study and study until I got it. I had to learn and learn but it was worth it. Let me tell you the step on how I did it.

First I learned how to do math so I can under stand it. Let me tell you how I learned math. First I go to math class and let the teacher teach me how to do math. Then I review and review until I under stand it.

Next I did my home work to under stand the problem. One way I did this is asking a family member or a teacher to help me. One other way is by using my notes to find my info. Or I can check the internet for videos on how to do math problems. This is the next step on how I became good at math.

last thing I do is never give up and believe can do it. one way on how I did that is when ever a question get hard I say that I can do it. One other thing I did to believe was to all ways find another way to answer the question. Then I trusted my self when I new the answer. This is one of the ways on how I became good at math.

One of my skills is math and how I develop was. To begin with I learned how to do math so

I can answer the question. Next I did my home work to under stand the problem. Last thing I do is never give up and believe can do it. In conclusion that is how I develop my skill about math.",314,8,Male,Not economically disadvantaged,White,train,3,3,3,4,3,3.5,3,3,3,3,3,3,3,3,3,4,3,3.5,3,4,3.5
C37595A8AE16,Talents and skills,"People have different skills. Some people have different skills In their own way your are special. Like practecticin,be pation and loaning a tik tok dance.

Practicing is important because. One example is when I learn how to play soccer. The person that teach me was my cousin Im still bad but Im learning. Another Example would be when

I learn how to bould on fornite. I learn how to bould and sauces by my cousin. Lastly when I learn how to aim on fornite. I learn because of my cousin and he teach me how. Learning a skill Is better then not to.

Being pation Is good for you for example. One time when I was trying to bould hard thing on fornite and it didn't work so i got mad. But then I tried doing net part by part and I got what I wanted. Another example would be I was Inpatient of swimming on deep water. But then I learn how to swim on deep water. When I wanted to go on a water park I was inpatient. But I learn be pation Is good. I was waiting then got in the park and it was fun. In some cases Is better to be pation then not to.

Loaning a tik tok daced for me Is a skill. For example one dace would when I made my own dance. It was easy and I lorn. Another example would be a hard danced. I tried to duet but it was to hard so I quit. Lastly would be A danced that was hard but

I did step by step and I enjoyed. Loaning can sometimes be fun.

Practecsin is the way to success. An example would be a hard assignment that I did and it was hard. Second would be pattion when I need to. For example when I play to much games Im pattion and not getting mad. Lastly learning fun skills. Hard daces can be challenging but once I lornet it was fun. Doing all of this thing made my skills useful In life and Im happy that I now all of this skills.     ",280,8,Male,Economically disadvantaged,Hispanic/Latino,train,2,2,2,2,3,2.5,3,2,2.5,2,2,2,2,2,2,3,2,2.5,2,2,2
C5FF203DE2DE,Talents and skills,"I used my sowing to help me with having a choice to use it as a long term career, I can use it in case of imergencies. I can help people out, make money, save money, help myself out, and not be a failure.

If I have nothing else to do or dont have a nother career idea I can just thing of sowing as my long term job, many colleges have a arts and craft classes and I can get in to any of them

If I have an emergency and something is ripped I dont have to wait, get an appointment, wait for a few days, and get it fixed. I can just do it at home and do it Quick

I can make a good deed and just help people out with this for free for people who cant pay money or you can just brighten and suggest the idea. I can help any one i want from family members to next door neighbors.

I can save a lot of money because if your paying you have to pay a lot for a good job or little for a bad job. this way I can do it how I want withouth spending anyrhing or having a mistake.

If I can save money then I can sure make a lot too. anyone would cash for someone who can do a good job.

I dont want to seem like a failure to my family and sowing is helping with that, and this way I can prove to my family i can do better.

To sum it all up I use sowing to have a choice if wether I want to have it for a career or not, for emergencies, to help out others, save money. make a lot of money, and not be a failure.                                                                                                                                                                                                                                                                                                                                                                                                                                                                                                                                                                                                                                                                                                                                                                                                                                                                                     ",1590,8,Female,Economically disadvantaged,Asian/Pacific Islander,train,3,3,3,3,4,3.5,3,3,3,3,3,3,3,4,3.5,3,4,3.5,3,3,3
D344D0003B84,Talents and skills,"Every person has their own feelings, emotions, and their own talents. But people are thinking that if they that talent or skill, and they can not do that in front of the world or people. As all people has different talent, that they really want to show to people. Before they think about their talent to chance their own world, they will be so nervous that they can't do that. They will be afraid, they will not show that to people that can learn from it. That they can try it on their own life, so they can learn new thing from new people. Over 90% of all people in the world has their own talent or skills because they are being being appreciated that who are they, and by believing on their self that how hard they worked.

To begin with, one way that all people can develop their talent is by being appreciated on their self that who they are, and how they can change the world. For example, one day it was our first day that we came to America, and I even didn't know that much English that I can talk to person. So one year later I learn some English, and I got to 8 grade, by other day we were going to do the student let decision. I really did not talk that much because I was so nervous about it like how I have to talk in front all the teachers, and students. I wanted to try it but I couldn't do that. This evidence shows that, being in different country and not knowing their language is really hard. My mom, and dad was always trying so hard that one day I will be able to speak English. My mom, and dad were always telling me that ""always be appreciated that how you got to this level, and think about hoe you can make different talents that people can see, so they can improve it on their life."" After that day I told to my self "" I always will be able to be appreciated to my self, and by being in this world."" As always that one day I will show my talent to people that I never thought of that one day I will learn English too. clearly, if I wasn't being appreciated to my self, to my teachers, to my family that they were working with me together. I wasn't be able to even write this essay. now even if I am not that much perfect I am happy that I got to that point that I and my family really wanted.

In addition, there is other way that you can show your talent to people by believing in your self that you can get to your goal by working hard as much as you can do it, and as much as possible. So you can see the result of it by your working hard. For Example, my brother Generic_Name, he is in 12 grade, for him it was really hard because he was always worrying about his grades, and he was saying ""how I can get to finish my

12 grade by being a perfect student. He was always wondering about his self, and that how hard will be next year.

One day my mom, and dad told him that ""if you believe in your self, by that time you already got this."" this evidence shows that,

Generic_Name couldn't believe on his self. Generic_Name wanted to know that how he can show his own talent . He was always worked hard to improve in his new talents or skills. Now he got to finish his 12 grade by being successful. By next year he will go to collage. Clearly, if Generic_Name didn't listen to my mom, and dad he wasn't able to finish his 12 grade by showing to all of his teacher that how he improved om his talents.

In conclusion, developing your talent or skill is a different way or different thing that you can bring it into your own life. By being appreciated and believing in your self that change your life, and bringing a smile up on your family face. As always people want to develop new talent to their own life to make them change, different, and happy. Clearly, being in a different country, far from your own family, And you can't see them. It's really hard for everyone especially me with my family. But I got a strong talent that no one can pull me back from it. For bring appreciated to my have that they were working together with me that I can get to this part. Today I realize that how much I improving in own life, in writing, and speaking English. Even if not that much perfect. And like Generic_Name, he believe on his self, and he worked hard that he got to that point. Now he is working hard that he can make this world a better place for his future that is coming up. Clearly, if you want to improve in your own life or in you own talent or skill that is in your heart, and that can show your develop to the people for this world, and it will be applying to your own goals. Always be thankful, be appreciated to your family, teacher that they worked hard for you to learn new things that will persuade you to your new goals. As everyone has a talent to the world, And that way they can change the world too. Always work hard in your life if you want to develop your talent. By improving a skill can make your own place, and your own world beautiful as they can see the result of it at the end.  ",946,8,Female,Economically disadvantaged,White,train,2,3,2.5,3,3,3,3,2,2.5,3,4,3.5,2,3,2.5,2,2,2,3,3,3
D35A126B4379,Talents and skills,"Anyone can have a talent or skill, you just need to see what it is. They can help along the way to get you something really helpful, for example collage. Your talent can be playing an instrument, singing, or dancing. A skill can be building things, sports, and cooking. The talent I have is playing a Guitar because it took time, practice, and studying.

When you want to do something big it can take a lot of time. Time is what we all need and time can go fast or slow, but thats good because it can really be helpful. Playing the Guitar took a while but it payed off, mostly because I used my free time to play. Sometimes I can get stress playing mainly by not having much time playing before a concert. It could be hard doing it ,but by doing so I can see my self getting better each day.

Practicing could get hard, but if your relax and not think too much you'll see it will be easy. Practicing can make you accomplish anything you've been doing a long time. Doing the Guitar was hard but not too hard because I've been practicing for a while. Playing some of the songs were fast and long, but when I got home I'd play the song over and over until I got it just right. Thats how I know by practicing is really helpful and made me be good at doing the I wanted to do the most in life.

Some people don't like to study and its not something we have to do, but something we need to do. I think studying is more of a thing you want to do if you care so much about what your doing. Studying the notes was one of the first things I had to do before playing the Guitar and the songs. By studying I can see the notes were not that easy to play and also tuning the Guitar, but thats why I studied to see what I was doing wrong. Studying is what I did to be fantastic at the Guitar also being amazing at the concerts.

In conclusion, If you want to be awesome at what your doing you need to use your time wisely, practice, and study. By doing all that you'll see that you will be amazed at what you did. Maybe you can even be famous for what you did by focusing on your goal. To sum this all up just do at what you do best in life maybe it can pay off real good.``",412,8,Male,Economically disadvantaged,Hispanic/Latino,train,3,4,3.5,3,3,3,3,4,3.5,3,4,3.5,3,5,4.5,3,4,3.5,3,4,3.5
D84024335230,Talents and skills,"People are love challenges and learn new languages. There are 67 languages have spoken in the world, 8.9% of us speak Vietnamese. Vietnamese is on top 10 hardest language has spoken. My skill is can speak Vietnamese fluently. I can do a lot of things with Vietnamese, such as translate English to Vietnamese, teach my friends how to speak Vietnamese and to communicate with others Vietnamese.

I can speak both Vietnamese and English at the same time, so that's mean I could translate from English to Vietnamese or even Vietnamese to English. Don't you think it would be helpful for your parents when you 're on a family vacation. That is my main job whenever I go out with my mom, because she doesn't speak English or able to understand it.

My friends are love Vietnamese, they always convince me to teach them this amazing language. When I come to my class my friend start saying ""Xin Chao"" it means ""Hello"" in English, I'm so glad that they love and want to learn it. I had a friend who is American, I taught him how to speak Vietnamese, and now he can speak Vietnamese like his home language.

However it would be helpful if you are in Vietnam or a place where the most Vietnamese people lives, you could ask them in Vietnamese when you need help( I bet if you are from a foreign country and you can speak Vietnamese, they will think you're super cool). I remember that one time, I had a family reunion and I went to Vietnam. Then I was lost, I tried yell ""Help me, I lost, I can't find my parent"", but they couldn't understand what I was said, luckily I can speak Vietnamese, I asked them where is the police station so I could find my parents.

Overall, Vietnamese is the perfect language to learn if you want to challenge yourself. It would help you a lot if you want to visit Vietnam one day.",323,8,Female,Economically disadvantaged,Asian/Pacific Islander,train,3,4,3.5,3,4,3.5,3,4,3.5,4,3,3.5,3,4,3.5,3,3,3,4,4,4
DC77E1C50756,Talents and skills,"My prompt is about how everyone has a skill or talent and I have to identify a talent or skill that I have and explain how I develop and use it. Well I'm an Athletic girl. I play different sports during some seasons, for example when soccer season has ended. Another sport I'm kinda good at is basketball. I play sports in school and outside of school. A few other things I can do is sing and dance.

I'm going to start with soccer. So I started playing soccer in 2018. I dont really remember my age but I do remember the year. When I started playing soccer was when I lived in Generic_City. I played there for to seasons. I played in the spring and fall seasons. When I played in the spring it was the best thing ever like I'm telling you I literally fell in love with soccer at that time. My team was a good team we were called the sharks. I was number 14 and I was happy because that's the number that both of my cousins jersey numbers are. Anyways, we won a few games and lost a few ones but we always played good, we gave our best, and we gave it all. After, spring season ended I played on the fall season. I'm going to say that fall season was okay it wasn't as good as spring season but I still enjoyed it. My jersey number changed in that season so then I was number 16. I haven't played since 2019 ended but I will start playing again pretty soon and I'm really happy and excited.

Now I'm going to talk about my basketball season. Last year in 7th grade I was in Generic_School and they put up the girls basketball season was coming. I was interested in it so I decided to sign up and try-out for the team. I can't lie try-outs were rough but at the end of the day I gave my best and it was fun. A few weeks later they put up the paper of the people who made it and I saw my name and I was so happy. Anyways, that season ended, then school ended, and I moved to Generic_City. School started a few months later girls basketball season started. I was happy so I sign up. I went to try-outs for the whole week. At the end of Friday which was the last day of try-outs the coach Generic_Name told the girls who made the team and who didn't and guess who made the team MEE!!!!. I was so happy my friends and I celebrated on the way out. The whole season was great, I made so many fun memories with the girls and I was just so happy.

My third skill is dancing. I love to dance everyday. Like I'm always dancing in the car, shower, kitchen, my room, just everywhere. I love it and I enjoy it very much. It's something that could never leave me. Im going to start taking dancing classes so I'm very excited for that. One app that I always use to dance is Dubsmash it has different song that I can dance to. I'm always dancing to a song in the car when a song comes up and it has beats I just be going crazy.

Finally, the last thing I love to do is sing. Singing for me is just very enjoyable and calming. I sometimes get on my feelings and cry but it's just because they are really good songs and I cry because I'm happy or sad. I love to sing the songs of Sydney R. But my top favorite songs to sing are All of Me, Into you, Love don't Change, and How you gonna. And yeah these are all the stuff that I do as a skill or talent. ",613,8,Female,Not economically disadvantaged,Hispanic/Latino,train,3,3,3,3,3,3,4,3,3.5,3,3,3,4,2,3,3,3,3,4,3,3.5
DDD1A1F08FDF,Talents and skills,"Identify a talent or skill you have, when you have a talent you can show it to people. Like share what you have when other people don't have what you have like if your gifted. Talents is not so it could be hidden in you it is to shown the whole world what you have that is amazing or imprresive. Do something you have that will make you trend around the internet or something rare in your body thats's cool and rare, you can even be a very populor person if you show the world these would be examples Sing,Dance,Magic tricks,Card tricks or even things that people haven't even done.

No one in the world is going to khown what you have if you don't share it with everyone. What would be the point to have a very cool or special talent if your going to hide it or not show it to everyone. This can be an opprotinity to amaze the whole world so go out there and share your talent.",163,8,Male,Not economically disadvantaged,Hispanic/Latino,train,2,2,2,2,2,2,2,3,2.5,2,3,2.5,2,2,2,3,3,3,3,2,2.5
E71EFBE547CF,Talents and skills,"Everyone has a talent or skill. Everyone can do anything, Imagine going to America's got talent and seeing people's talents and skills. I am identifying a talent or skill I have, and explaining how i develop and use it.

To begin with my talent, my talent is roaring like a lion, is like a deep voice and just pushing air in my throat. My other talent is hoola-hooping with my arms, just making circles with my arms for the movement of the hoola-hoop. My final talent is drawing, i enjoy drawing because i can draw what i'm feeling but i need to be more detailed.

Next my skill, my skill is swimming fast, I only use my arms and legs for more movement and i would need a lot of energy for it. My other skill is running fast, I use my legs and ball up my fist for more movement. My final skill is holding my breathe long, it's risky but I would beat my friend's scores.

Finally both of my skill and talent, my favorite talent is roaring because I would scare my friends and it's funny. My favorite skill is swimming fast because I can possibly beat anyone's scores. My least favorite talent is hoola-hooping with my arms because it's not really impressive anymore.

In conclusion, now I believe that everyone has a talent and skill. Don't be afraid to share your talent, embrace it and share it to the world. I am identifying a skill i have using specific details and examples.",238,8,Female,Economically disadvantaged,Hispanic/Latino,train,4,3,3.5,4,3,3.5,4,4,4,4,4,4,4,3,3.5,4,4,4,3,4,3.5
F0078F48B6D1,Talents and skills,"Im Generic_Name and my special skill/talent is that I am a competitor. I like to compete when it comes to certain things, because It motivates me to practice and work for what i want to achieve. I got my competitive spirit from my older brother. But I usually get competitive when it comes to video games or sports. But I also like to compete because I like to win.

How did my brother make me competitive? He would always say that I would lose and it would change my whole perspective of things. He would always win, so it would motivate me to practice. Me watching him practice would also make me competitive cause him practicing would motivate me to practice to try to be the best. He would also like to say that ""you're gonna lose"" and it would change my whole mood.

How does being competitive motivate me? It motivates me to practice, because it makes me want to be the best I want to be. It also motivates me more if I lose, because it makes me want to do the same thing again until i win at it. Watching my favorite sports motivate me cause it makes me want to be in those big leagues someday. My goal is to be a pro basketball player and I cant get there if i'm not competitive.

Being competitive can get you a future in anything and you should work on this skill. It will teach you life lessons, it will make you be successful, and it will teach you to work hard for what you want. You should have a goal set in mind and just go work hard and achieve that goal. Are you a competitive person? Whats your goal so you can work hard at it and achieve it?",295,8,Male,Not economically disadvantaged,Hispanic/Latino,train,4,3,3.5,4,3,3.5,4,4,4,4,3,3.5,4,4,4,4,4,4,4,3,3.5
F1270F8362F8,Talents and skills,"""Hip hip hooray!"". ""Thats a talented kid!"". The whole school cheering for you after you made the winning shot for your school to win the whole basketball game. Imagine the enormous crowd enjoying your performance. One talent I have is using math everyday. Some people do not use math as much as I do. I use it when I go to the store,at school,and at home. Math is one of the things I use everyday.

I use math when I am at the store because I have to calculate my money and how much I will be using. I develop this skill from school because I have use math is most my whole school career. Some individuals might think my talent is unusual,but I think that my talent is helpful in the real world. I would rather spend my life as a math expert than just staying at home and doing nothing. I want to succeed right now ,so I can become a well-educated and successful adult.

In addition,another place I use math is at school. This is the place where I developed this skill. Teachers have an excellent job making me the person I am today. For instance, I am doing my project and need to get the dynamics right I use make to help me with the project. I would like to became a math teacher at my school. Math is all around us

, but you just don't notice it.

Moreover, the last place I use math in is at my house. I use it in dividing my chores with my siblings and I use in the kitchen when I am measuring ingredients. I also use it when I do my homework. It helps me when I am playing basketball because you need an arch to make the ball straight in. It helps when I am older because I would already know how do math and know how to use in the real world.

In retrocept, there a variety of talents ,but my talent is using math everyday at home,at school,and at the store.

I use math almost everyday of my life. Math has been a huge part of my life.",339,8,Female,Economically disadvantaged,White,train,5,4,4.5,4,4,4,5,4,4.5,5,4,4.5,4,4,4,5,4,4.5,4,4,4
F28D4ACF03AA,Talents and skills,"I have multiple talents and skills, but my favorite one is skateboarding. Skateboarding is a very difficult skill it takes several hours, days maybe even years to accomplish and learn a trick on a skateboard, but that's why it's such a unique sport and skill. Skateboarding has become a daily activity for me, it takes all my stress and problems away, that's why I enjoy it so much. I skate everywhere to the store, a friends house, and maybe even to school. although I get lots of injuries like scrapes, bruises and many more I still love this sport because skateboarding has taught me a lot like, being able to be confident when i try new things, getting right back up when I fall, and being able to learn from my mistakes. Skateboarding isn't just a sport, skill, activity or hobby it's a way of life and even tho it may not be the safest sport ever it's still one of my favorite skills that I think I wont get bored of any time soon. When I was nine I had lots of friends that would skateboard and I didn't know anything about skateboarding at the time so it was really cool being able to observe such a unique sport. I would always see them practicing and skating everywhere and that encouraged me one day to try it. So a couple days later I went up to my parents and told them that I wanted to try something new and it was skateboarding, my mom said she would think about it because she didn't want me to hurt my self, but my dad on the other hand told me to just go for it and that's exactly what I did. The next day after school I asked my mom if we could go to the nearest skate shop and she said yes. Once we got to the the skate shop I was looking around and i was so confused I saw decks wheels and so much more that i didnt even know about. So as I walked in the guy that was working there asked me ""is there something specific you are looking for"". I told him I was new to skateboarding and that i've never been on top of one, so he taught me what i needed to know about a skateboard like about the deck, grip tape, trucks, wheels, and hardware. After that we got into assembling my first ever skateboard. Once I was done picking out all the stuff that was going to be on my skateboard we payed and he stared assembling it, once he finished we left the skate shop and it was to dark so I didn't get to skate that day sadly. The next day I get back home from school I put down my backpack and I imedietly went outside to try my new skateboard out the only thing i knew was to ride but i imedietly fell in love with skating. Since that day i've been skating every day and if it's not every day it's every other day. ",495,8,Male,Economically disadvantaged,Hispanic/Latino,train,3,3,3,3,2,2.5,3,4,3.5,3,4,3.5,3,4,3.5,3,3,3,2,3,2.5
F7CC31D47F06,Talents and skills,"Imagine having a secret talent. Talking or singing with my mouth close is a talent, because it makes people happy and it also helps me feel less nervous.

It makes people feel happy because, one day kids were playing outside I decided to tell them funny jokes with my mouth close. The kids felt happy and were wondering how to talk without moving your mouth. Sometimes I tell my friends that I like their smile with my mouth close. It makes them smile more because they know its me. Having a talent can make people happy and you can also make their day.

It also helps me feel less nervous and helps me talk to people alot with my mouth close. One example is that when I sing I get really nervous so just sing with my mouth close and nobody looks at me because I am not moving my mouth. Singing with my mouth close makes me feel confident. When I am walking and people are asking for dirrections I get to do it with my mouth close. Talking with my mouth close helps me a lot when I dont want to talk or when I am having a bad really bad day. Sometimes is hard to communicate and it is hard not to be nervous so talking and singing with my mouth helps me a lot.

Eveyone has a talent. Singing with your mouth close or talking is a talent because it makes you feel happy and sometimes it helps when you are nervous. You can make people happy when you have a talent. It also helps you to be more confident with yourself. You also get to share with the world what you are able to do. I think that sometimes when you have a talent can help people and can make everyone else happy.",309,8,Female,Economically disadvantaged,Hispanic/Latino,train,4,3,3.5,4,3,3.5,3,3,3,3,3,3,4,3,3.5,4,3,3.5,4,3,3.5
F7DB1032DFAC,Talents and skills,"Did you know everyone has a talent? Talent is a special skill that everyone has. Everybody has a talents or a skill, my talents is doing math problems, when you do math you will be more organized and it helps you grade go up even more better.

First, if you solve math problems more often, you will be good at organizing things. Solving math can make you think about spending time. It will create a thought about how you spend time. Eventually, you will learn how to spend your precious time wisely. Additionally, it will lead you to good decisions. Basically solving problems is like, when you have to make a wise decision. You have to figure out the best solution that you can think of. After that, this process can help your personal problems. We use math everyday to solve our personal problems. Math is not just a subject, it is teaching you life skills too. Solving math problems can lead to good organizing skill.

Next, If you do math, it can help your grades go up and get it more better. First of all, if you start doing math, your grade for math will be satisfied. Math subject requires a your time for studying and it takes your patients too. Taking the time to study for math always pays off. In the end, your grade will be good and it will be all worth it. Then, when your grade is good, you will be more relaxed and pleased with your life. When you have a bad grade, it really does feel awful and the you will be ashamed by yourself. But when you have a good grades, it just makes you feel better and good. Eventually, If do math more than usual, start doing it for your free time, you will be good at other school subjects. Every subject has little bit of math. For example, science is basically a different form of math. For me, figuring out math problems helps your grades get better.

Solving math equations is my talent, when you do math, I think you get more organized and your grades go up. For me doing math is like a puzzle, if get wrong piece you will have to try again and if did put in the right place you will get the solution. If you made mistake, you have to think again, learn from it and try hard to not make the same mistake again.",399,8,Female,Economically disadvantaged,Asian/Pacific Islander,train,3,3,3,3,2,2.5,3,3,3,4,3,3.5,3,3,3,3,3,3,3,3,3
F7FD0CB34BBC,Talents and skills,"Everyone has a talent or skill. For Example, my talent is drawing. Drawing is really useful because I can use it for a lot of things like school projects,plays,and more. To get good at something I enjoy doing it takes a lot of time and effort for me to be good at the activity i enjoy doing. Every one has a talent or skill but the only way to develop that talent or skill is by hard work,practicing,and doing it constantly.

Firstly,everyone has a talent or skill but the only way to develop that skill is by working hard. For example,when I first started drawing. when I first started to draw i was really bad,cause i didnt practice at all. However,when I started to put that hard work in I started to get good at drawing and then i saw that I can only get better by working hard. Moreover,working hard is a chance for me to show my self what im capable of doing. Working hard is good for me because im challenging my self to do better in life as I get older and get better in my skills and talents. As can be seen,just by working hard can take someone far in life to achieve greatness.

Secondly,everyone has a talent or skill but the only way to develop that talent or skill is by practicing it. For example, my friends talent is playing soccer. My friend is really good at soccer because he practices and trains everyday. Even though my friend is small and skinny he doesnt care who he plays against because he can play with people twice his size and double his weight and still play good. For example,one day I went to see my friend play in a tournament. The day of the tournament was beautiful because the sun was out,the sky was blue, and the temperature was perfect. After a few minutes of us waiting, the game finally started and we got to see my friend play. At the beginning of the match my friend was going through everyone because of how he was playing. My friend was running so fast that he looked like a cheetah running for the ball. After the match was over they ended up winning the whole tournament because they had the most points which made my friend really happy cause all that hard work had finally paid off. Later we went to eat at a restaurant which smelled like flowers and the food tasted like if it was from heaven. As can be seen,practicing can take people to achieve greatness.

Lastly,everyone has a talent or skill but the only way to develop that talent or skill is by constantly doing it. For example,when my dad started to learn how to play the guitar. At first my dad was really bad because he had never played a guitar in his whole life,so he told his friend to teach him hot to play it. My dads friend told him everything he needed to know on how to play it,so my dad started playing the same notes constantly until he learn how to play it. Further more,having a talent is awesome because it can help people with daily day challenges. For example,if im playing a soccer match and my talent is playing soccer im going to do good,or if im in school and i have to do a project and my talent is drawing im going to get a good score because thats where im good at. As can be seen,practicing constantly can improve someones talents or skills.

In conclusion,everyone has a talent or skill they just need to know how to develop that talent or skill. By practicing,working hard,and constantly doing it can be improve a persons talent or skill. Do you think its helpful to have a talent or skill?",562,8,Male,Economically disadvantaged,Hispanic/Latino,train,4,3,3.5,4,3,3.5,4,2,4,4,3,3.5,4,3,3.5,4,3,3.5,4,3,3.5
FA38957FCAF6,Talents and skills,"i have the talent of draw, i can use it in the art class whit the, in a personal draw, to describe things with a person with draw and to make comics. I like draw because that relaxe me, i like draw because i like to see colors, figures, i like to use my imagination. When i was a children i likes draw dogs, cats, mountains and houses. Now i like draw anime, realistic draws with color or black and wite. I don't konw how, but i won a draw concurse in my old school in Generic_City.

I like when other people tell me my draw it's good because everytime i make mi best try, i know i don't speak perfectly english, but now i make my best try and i guess that is correct.

i like to read comics because the pictures call my atenttion, i can't draw anywhere, i need my room with draw, i don't pay atenttion with my draw when i  ",154,8,Male,Economically disadvantaged,Hispanic/Latino,train,2,2,2,2,3,2.5,2,2,2,2,3,2.5,2,3,2.5,2,2,2,2,3,2.5
046297CE5FF1,Talents and skills,"A talent or a skill that I have is detecting peoples feelings. I think I have this type of talent because one time somebody looked sad and at first I ignored it, then after that they said that were about to cry. Another time was when I was snapping somebody and the person looked remotely sad so I snapped back saying "" Are you ok?"", after that the person went on and shared to me what she was feeling. I don't really know how this skill or talent really developed, but i'm very grateful and humble to sense and being able to know how other people are feeling and being able to help them. One "" theory"" or conclusion about how I developed this skill is how I was raised or maybe when I was growing up I lived in a friendly and positive environment around me that was just acquired to me later in my life.

Another example was when my friend looked really upset and sad. I told him if everything is ok and he explained to me about his personal life, about his mom and his dad. He was going through a great account of anger and aggression inside his core that he was building up, almost like a active bomb going off. And when the bomb exploded he released a rush of sadness and anger in him, punching the lockers, screaming at no one but his demons. It was just bad. I almost didn't know what to do besides trying to calm him down and try to make him feel safe. This went on for almost 20 minutes to 25 minutes at least!

But everything in the end turned out well, it always gets well. This was two months ago after that catastrophic breakdown. Now the kid is doing well, if not better than he ever was. I'm just very happy that I was there and helped him out, not like a friend, but as a human being.",634,8,Male,Not economically disadvantaged,White,test,4,3,3.5,3,2,2.5,4,3,3.5,3,3,3,4,3,3.5,3,2,2.5,4,3,3.5
19AF9F3BAC86,Talents and skills,"I think that everyone in this world has a hidden talent or skill its doesnt matter what race yo are, whether you are black,Hispanic,Chinese, or any other kind of race you just may need to find it and use for good.

one talent I have is that I love fixing cars and I think that fixing cars its a great skill cause it doesnt matter if your tire popped or maybe your car doesnt want to turn on you can be your own mechanic and fix it yourself or lets say your parents car broke down and the maybe its something you can fix it and its easy to do you may just do it yourself instead of making your parents go to their mechanic and pay them 100 dollars.

or lets say your friends needs a car and another friend of yours says that his selling his car but the only thing bad about it its that the windows cant roll down you may buy it from him fix it and then sell it for even more money lets say if he sells it to you for 2500 dollars and then you sell it for 3000 dollars, that it 500 dollars more in your pockets and you may have a little vacation. ;)",194,8,Male,Economically disadvantaged,Hispanic/Latino,test,3,3,3,2,2,2,2,2,2,3,3,3,3,3,3,3,2,2.5,4,2,4
200EFE07465C,Talents and skills,"A good skill i can do is play sports, i play sports cause its fun and i lose belly fat, I can also be physical and it's great to be outdoor's playing sports because you get physical and your stamina built's up when you run a lot you can get tired but you'll get used to it, Running is a good physical sport just like track or cross country cause you gain leg muscle not just that but biking can also get your legs stronger, All sports are good for you but sometimes you can break something or get a bad injury like break your leg or sprain your ankle or Evan tore your ACL and that takes a really long time to heel but it happens to everyone once and a while but to me sports brings me happiness because its fun i sweat a lot from burning calories but you dont always have to play sports like everyday but you can if u want but some people play like 2 times a week or every single day unless you play for a team but my favorite sport is soccer in soccer we have to run a lot because we need good stamina thats why my best skilll ks playing sports soccer isnt my only spor but im good at others to such as volleyball hockey tennis i just give it my go and the more i play on every sport i can get better at it.",234,8,Male,Economically disadvantaged,Hispanic/Latino,test,2,3,2.5,2,2,2,2,2,2,3,3,3,3,3,3,3,2,2.5,2,3,2.5
20C2264E6ED2,Talents and skills,"Everyone has their own talent and we all have unique talents, like for example singers, dancers, artists and more. My talent is singing and how I develop it is by practicing and working hard, and how I use it is, it can help me figure out my situation. how I found my talent was when I was in 4th grade, there was a choir club and they performed to our class. I thought they sounded incredible and it looks really entertaining, then I decided to join the club.

How I develop my talent is by practicing. Every Wednesday I would practice singing with my teacher so she'll tell me which ones should I need to work on more. I would also practice at home by myself so I could improve. One more thing what I like to do to practice is every weekend my friends and I would go to a karaoke and sing, not only this is a blast but it can also help me practice too.

Like any other kind of talents you've got to work really hard. In choir every time we would sing it would take some time and energy, and whenever we make some mistakes we have to re do it again until we make it right. If I don't try my hardest I am not going to be better. If I really wanna get better I really need to be focus.

How I use my talent is, when I'm in a situation that would help me. Like for example if I don't have any job, singing could be my job in a future. When I need money, I could get in a singing contest and win a prize. There's a lot of situation that could help me by using my talent.

In conclusion how I used my talent and how I got better, is to never give up easily. Try fix your own mistakes you'll get better and get as much help if needed. Your talent can solve your problems too. Keep practicing because practice makes perfect. ",331,8,Female,Not economically disadvantaged,Asian/Pacific Islander,test,4,3,3.5,3,3,3,3,3,3,4,4,4,3,3,3,4,3,3.5,3,3,3
21E0043BDE04,Talents and skills,"Does everyone really have a special talent or skill? People can be very interesting but they do not know it yet. Some ways to show a talent is talking about their childhood, what they did with their health and fitness, and finally talk about their adult and senior hood. People can be very appealing to people like tourists and people with curiosity.

Some people with talent does not always have a great childhood like, Cristiano Ronaldo (One of the greatest soccer players of all time) threw a chair at the teacher when he was fourteen years old. Talents are not always the most interesting, they can be very weird sometimes too like putting your whole fist in your own mouth. DISGUSTING! Skills takes practice and perfection so if somebody found there talent at a young age, take advantage of it because it's not everyday you find a hidden talent. People who enjoy and practice seem much happier when talking to them because they are just more successful then playing around with video games unless they have earning from them. That can be a very fun and enjoyable career.

In order to have a athletic skill you must have a great body with a strict diet, because if you work hard and train you must have the stamina to continue the rest of the game or workout. This means no chocolate, pizza, drinking alcohol, and sex for health reasons unless it's safe. You'll probably need to work hard every single day to maintain a body like that. You can develop by losing weight if you need to, get some people to work out with, and maybe even go to a inspirational speaker to inspiration and confidence in your self. Workouts will pay off and you won't have to worry about it in games because you will be as strong as the hulk.

The elderly life does not mean fun and play all the time. There is still some people today at the age eighty right now still working out and that's great because he still has a great mindset from when he or she was a little kid. He or she can potentially be depressed but that's okay because scientists has proven that working out gives you a better mind set and, having a good mindset will make you forget about your depression. The elderly life does not also mean work out but that does not mean you can't get into shape. You can have a joyful time once in while but that does not mean always because it can really mess you up.

The talent and skill can take you to many places. Maybe your whole career depends on your talent because, if you work and get fired and that job depended on your hidden talent, from there your whole life can go downhill. Talents can also be for the fun of it, your career does not have to depend on it. Just enjoy life!",483,8,Male,Not economically disadvantaged,White,test,4,5,4.5,4,4,4,4,5,4.5,4,5,4.5,4,5,4.5,3,5,3.5,4,4,4
2F63FA06A100,Talents and skills,"There are all different types of people with different types of skills or talents. But I will say that my skill is very unique and different, My skill is being responsible and the way the I use it is telling others the truth and I get shown respect and get trusted by others.

In addition to the beginning, a way I use my skill of responsibility is at home. Every child would love if there parents trusted them to go places for example, My mother, My mother is a strict parent and when i'll ask her to go somewhere with friends, all i'll get is a no. But I decided that my mother would like to see something from me, so I started to help around the house, and take care of my siblings more often. She started to notice and trust in me more, and I received what I always wanted and that was her trust thats a use of responsibility.

However, a way I developed my responsibility and gained it was from school. Another example was last year, I was really flunking in school I didnt care about anything why?, well because of the people I chose to hang out with, and the actions they made affected me in a really bad way. I thought that what they did was right, so I decided to stay after school with my math teacher to bring up my grade but she told me about the things she's seen me doing in school she gave me advice to drop the ""friends"" I so called had but what she said was right, I started to do better in school, and focus more, I started to gain more responsibility for my actions and develop it as of right now.

Thirdly, is i've used it for job applications. for instance, I applied to work at a restaurant as a summer job and it was to help me with school for college later on, I got the job and proved to the boss that I am a responsible hard worker. Because he doubted me saying I wasn't skilled enough. and later that day I showed him wrong. Being responsible is very helpful in this way of use.

All in all, responsibility is a very big part of me. I wouldn't really be me without it, in the way I use it, it helps me with school life,outside life,and becoming mature. I will be affected by it in a positive way. So can you!, I want you to see what this skill can do to your life.                              ",410,8,Female,Economically disadvantaged,Black/African American,test,3,4,3.5,4,4,4,3,4,3.5,4,5,4.5,4,4,4,3,4,3.5,3,3,3
49B2F5E28A13,Talents and skills,"If you have a skill or talent then you could develop it by doing many things. I have a skill and it's playing soccer. When I first started playing soccer, I knew I could get better by developing my skills and practice everyday. One day I want to become a professional soccer player. If you have a skill and really want to develop it, then practice it everyday.

When I am developing my soccer skills, first I do exercises and stretch. I have to do this in order to get faster and stronger. I do push-ups, stretches, and run a lot. In soccer practice my team gets in a circle and we do our stretches. I do these exercises to increase my skills in soccer.

secondly, I go to a park and practice my shooting in the net. That helps me by knowing were to make the goals in a real game. I also learn how to control the ball while i'm running. My partner kicks the ball to me and I learn how to stop it with my feet. so I have to learn how to control the ball.

Finally, I develop my soccer skills by playing in games. however, I can develop my skills by watching others play. I like to watch soccer games on my TV. In soccer games you can never touch the ball with your hands. I try my best to avoid it from touching my hands.

In conclusion, I can develop my soccer skills by exercises and running a lot. I also learn how to control the ball while i'm running. I want to become a professional soccer player. I can develop my soccer skills by watching others play. If you have a skill and want to develop it, then practice it everyday.",282,8,Male,Economically disadvantaged,White,test,4,4,4,4,4,4,4,4,4,4,4,4,3,3,3,4,4,4,4,4,4
4CFCFA31F50D,Talents and skills,"Many people have a skill or talent. Sometimes it can help you with certain things. Their are lots of skills a person could have like for example, riding a bike with one hand. Or building a bird house with Popsicle sticks. My talent is that I can bend my thumb to the back of my hand without it hurting. It's not something everyone can do depending on the size of your thumb. I don't use it for many things. It's just something I do every once in a while. Furthermore my talent can be developed in different ways by accident or not, helpful, and it is not really a common thing others can do.

First time I discovered I could move my thumb back I was at home reading a book. After Id finished a chapter in my book I got bored. I started looking at my fingers, and realized my thumb was smaller than most peoples. Then I began to move it back and forth in different directions. When I pushed it to the left,against the back of my hand I noticed it was something my friends and many other people coulden't do. So that's how I developed my thumb talent. Finally it can be useful for a couple of different ways.

Next my talent can also be helpful in a couple of ways. Many people fidget with their hands when their nervous or something. So when ever I get nervous I just push my thumb back to distract me. It also helps me think during a test if Im stuck on a question. Other people who have this talent could use it in different ways as well. Last another reason is it is not a really common thing.

Third it's not a common skill many people have. Usually people have different skills like being able to do flips. It's uncommon because many people don't have the ability to do it. For me it was simple because of the size of my thumb. Smaller thumbs are flexible than bigger ones which is how I was able to move mine. Not many people have small fingers.

In conclusion this skill is uncommon, useful for different things,and can be developed by just moving the thumb. Many other people have different types of talents and skills. This skill is simple for people with the ability to move their fingers in specific ways. Not a lot of people have this skill and thats why it's uncommon. Finally for these reasons this is one skill I have.",405,8,Female,Economically disadvantaged,Hispanic/Latino,test,3,4,3.5,3,3,3,3,3,3,3,4,3.5,3,3,3,3,3,3,3,3,3
4F2124681E9A,Talents and skills,"A talent I have is doing makeup because I was interested in makeup since I was a kid. I got it from watching cartoons,my sister,and my mom. As a kid I would watch videos of girls doing makeup and thats when I started trying my sister to do it for me. Whenever I asked my mom she would tell me I was too young for it.

As I grew up I collected more and more makeup. The most common way I would get it was from my sisters old makeup. Or I would ask her if she had any that she did not want anymore. I started actually doing makeup in 7th grade and I was very bad at it. Thats why I started watching videos and asking friends for advice or help.

My mom knew that I had a lot of makeup so she said I could use some but not all cause I was still too young. So in eight grade my mom would give me money for helping her sometimes. Most of that money that was spent went to makeup. The more I had was the better I got because people in videos and friends would tell me what to buy and how to use it.

Now I am better than last year and how I know is I had a picture from 7th and another from this year and I compared the differences. I also did practiced more and more often. My friends also told me they saw a huge difference after summertime. My sister no longer test makeup on me because she test products before she buys them. She is also very good at makeup and she is a big part of why I am inspired to do makeup.

In conclusion trying new things that you like is good because you can get better and better it just takes time. Its just like how I loved makeup in 7th grade but I was bad so thats why I practiced a lot and got better and better. I still practice everyday on new makeup and hopfully I get very good at it.",310,8,Female,Economically disadvantaged,Black/African American,test,3,3,3,3,3,3,3,3,3,3,3,3,3,3,3,3,3,3,3,3,3
5BD7FA6A1881,Talents and skills,"I am a MMA fighter and i have devoloped this skill of by traning hard and making my parents proud,

I have been doing mma ssince i was six years old and i have been to turnaments all over the globe, I have fought it in afghanistan i have fought in new york california and in some other counrys. I have done other kinds of fighting like jujutsu taikuando and UFC cage fighting and that is my talent and my hole family do this liek my hole familly is a sports family, My dads been working for the millatery for 26 years now and he is still in the millatary and he is also a body buillder it might suprise you he can pick up 1000 pounds.

My talent is that i am really good with computers and when i grow up i want to become a person that works in the army but there are lots of branches in the army, I want to work in the computer sience section Computer sience is when you control the drones and some of the aircraft just by sitting at home, Sitting by your computers When i say i am good with computers i do not want you to think that i just play some games and i think i am good at this, When i was 7 my moms computers screen was broken so she bought the screen for it but i was the one that opend her computer and fixed the screen and put it back together and i did no damage to the computer, then the new computers came out so she threw that one away and got the new apple computer.

I started MMA not because i wanted to but i had to gurd my pride, It was not like i had bad grades or any thing but my family comes from a long trail that had fighters like my ansisters and well if you go to afghanistan and say my name most people would say oh the Generic_Name family, Well if you ask them about the fights between the other family witch is known as the Generic_Name they will tell you that the fights have been going on since the 1500 and still is going, so if i wanted to gaurd my honor and my pride i had to know things, I always try to be the best and well i always wait until i can see that opening and i go for it, so far i have went to 7 big time turnament and i have won 3 and one was a tie i have got 2 gold cups and a dimond meddle as well.

I was not like gifted or anything on computers i just spent alot of time on them, I did not play games or anything like that back then in afghanistan there was no wifi you had to pay 500 for 20 minutes and this is true, Generic_City is not a rich country or anything like that i am noot gonna say i was not welthy or i was poor i had the perfect life my dad was in the highest branch of army and he made millons a year, Then again life takes something when it gives somthing good i only saw my dad one time and i mean one day in like 2 to 3

years but i would pay atention to what i could learn from computers and to english becasue i knew one day i would come here so i spent 2 to 4 hours on a computer by opening it and closing it over and over again, One day i was super good at it so my mom saw that i could do all of this so she told me to build her a pc so i tried it took 5 to 7 days but i pulled it off, I was so happy when it worked because my mom was at her work so my parrents were not around most of the time and the only one that was in the mantion was me my two sisters and my grandmother and my grandfather.",667,8,Male,Economically disadvantaged,Asian/Pacific Islander,test,3,3,3,2,2,2,3,2,2.5,2,3,2.5,3,3,3,3,3,3,2,2,2
5EA9385D1C13,Talents and skills,"Have you ever thought of having fast fingers as a skill? well I well tell you what it's like.

My special skill is that

I'm fast with y fingers, I use this skill to play video games.

With a mouse i can click 15 times for second, being fast with my fingers doesn't just help me when playing video games theres a lot of things I can do.

For example I change the Chanel on the TV fast I can also wash the dishes fast and leave them well cleaned, but for some reason i can type fast on a keyboard.

People might think that having fast fingers isn't a skill or it just isn't useful.

Well they are wrong because not a lot of people are fast with their fingers, they might be able to type fast but they probably can't do something else fast with their fingers.

One way I improve this skill is by just sitting in my room playing video games all day and drawing once or twice a week. I think i have more finger muscle then arm muscle at this point.

This skill also helps me at school whenever we do a qizlet. live or Kahoot because I would always be the first one to pick the correct answer, It also helps me whenever a teacher is going too fast, I can just write fast and go the same pace as him.

Muscle memorie also helps me with this skill.

For example when I have to log in into my chrome book it only takes me 10 seconds because I already know when the keys are due to my muscle memorie and my fingers being fast.                      ",345,8,Male,Economically disadvantaged,Hispanic/Latino,test,3,4,3.5,3,3,3,3,4,3.5,3,4,3.5,3,4,3.5,3,4,3.5,3,4,3.5
6820349C3BA1,Talents and skills,"One talent that i have is i can type really fast on my phone and also on a computer. I type a lot at school and at home now that i started this computer class i get really tried of typing because we type on some of the days . I feel like a lot of people will be able to type fast because some people type at home, school, and at work so they probably know how to type really fast. When i'm at home i type a lot on my phone and when i go to school i also have to type because in English class we have to do Sol Prompts and we have seven to do so everyday and have to do five paragraphs and we have to finish all of them. When i got my phone it helped me learn how to type faster because the computer and the phone have the same keyboard so it's easy because when i type faster on both it will be easy to do my work. When people get a new phone for the first time they won't know the keyboard and it will be harder for them and it's crazy to see how when you got a new phone you couldn't find the keys but when you have had it for along time then it won't be a problem for you. When i first got my phone i didn't know where the key were at because i never have a phone before and we never will use to use computers so it was hard but i learned and now that i had a phone for like 5 year it was way easy then when first gotten it and even sometimes i don't even have to look at the keyboard when i type. This skill helps me in school a lot and it helped me finish my work faster and i know sometime in the future i'm going to use this skill again. I'll probably going to use my skill on some work that i have or a job there a lot i can use my skill at but i know it's a good skill because i'll use it and its every helpful for me and it's every helpful for other people to. I feel like this typing skill i really easy to learn you just have to type and practice a lot. I feel like it's really easy for people to learn this skill. When i type fast and i have my ringer on you can hear the key board click and when i'm with my mom she gets mad because she always hears it and she's like gets mad because i type fast. Some people may have better skill or talent but this is one skill i think everyone should learn and use because you may use it for something really important. Now that i type i alot i like to type even if i get tired from it my back starts to help and my neck but i like typing it's way easy then writing on paper because if you don't know how to spell the word then it might be harded but on computer it's way easier.",518,8,Female,Economically disadvantaged,Hispanic/Latino,test,3,3,3,2,2,2,3,3,3,3,3,3,3,3,3,3,3,3,2,3,2.5
793EA0FFD110,Talents and skills,"Many people have diffrent skills for example soccer, sewing, makeing jewlery,or maybe cooking. Im going to tell you some of my skills, how I use them and how I developed them.

My skills are cooking, cooking is very helpful in life because you don't have to rely on other poeple to make meals for you and you can make healthy chioces if you cook your own meals and not go out to eat. I learn how to cook because my sister would always cook so I asked her if she could show me snd she did. The first tthing I ever learned was pancakes, I was so happy I finaly had learned how to cook at least one thing. Every time I got hungry I would just make pancakes even tho they werent that good they were enough for me. Other ways I learned how to cook more food is by watching my mom cook and the utencils what she used or I would watch videos on YouTube it gor easier after a while and now I know how to make alot of things for example eggs, hot dogs, tortillas, and more. I really enjoy cooking because i dont have to make my mom cook for me and i can let her rest since im old enough to take care of myself.

However i also know how to bake, baking is so fun and kinda easy for me. I learned how to bake by watch people make cakes and cupcakes on YouTube all the time and one day I just wanted to learn so I went to the store and bought the ingrediants to make cake and I started to learn from there. It was kinda easy beacuse It was like making pancakes. I love baking it makes me happy when I smell the fresh cupcakes or the cookies even my family said my baking is really good. I think that is I keep baking and making cookies, cupcakes, and cake one day I might be able to start a small buisness with my sister she tought me how to bake. Hopefully one day I learn how to bake more things and not just cookies and cupcakes maybe I can even learn how to decorate them.

Im glad that I learned how to cook and bake beacuse my mom always and will forver say ""when u get older your going to get married and you are going to have to cook for your husband "". One day I wish to learn more skills maybe get better at volleyball , doing hair, or something unique because I wanna be succesful in life and make my mom proud.",843,8,Female,Economically disadvantaged,Hispanic/Latino,test,3,4,3.5,3,4,3.5,3,4,3.5,4,4,4,3,3,3,4,3,3.5,3,3,3
949FD30AE763,Talents and skills,"Everyone has a skill or talent, But mine's is a little different you would think it's singing,Dancing but Nope. My skill is about video games some people say that video games can effect your learning,energy and to be honest when i play video games it really helps me for example if you're having a awful day video games can make feel better I remember one day i was having a terrible day and i really didn't want to do anything but when i first started playing video games it changed my mine. First thing i do when i get home is to do my homework if i have any and when im finished i play some video games by the way not only can you have fun but you can also learn something new. Well dont belive me? I am going to tell you an example let's say fortnite in every match there are 100 people and 20 people get eliminated how many people are left? you see we're doing math to find out how many people are remaining in the match. How i develop videos games is i play for about 2 hours and that pretty much gives me knowledge learning how to get use to this game then i keep playing to see if i can get any better which is pretty much a skill because you are not giving up which makes you a better person actually trying. How you can use video games is mainly in math because most of the games people play are either about last standing games or nice games, and we all know that most of the people play fighting games which include math because think about it if we didn't play video games in the pass we probably would not be smart as other people. Yea i know how we learned language arts,Math,Science and civics in school but still video games can really help. Oh! did i mention that video games can help you with being hungry,I know it sounds weird but when you're hungry and play video games it's like it distracts you to not feel hungry but then again when you stop playing you're stomach is going to start hurting because you haven't ate so i recommend you to eat when you're hungry. I know it's not a talent but it is a skill to never give up on the things you love because if you give up in school how are you gonna take care of your self in the future? Your parents are not gonna want to take care of you any more and I know all of us wants to live with our parents but it's reality. Thank you for reading my essay! thats all i have for you guys i hope you Guys like it!.",431,8,Male,Economically disadvantaged,Hispanic/Latino,test,2,3,2.5,2,2,2,2,3,2.5,3,3,3,2,2,2,3,3,3,3,2,2.5
99031AEAD3EE,Talents and skills,"Do you have a specific talent or skill ?

In my opinion my best talent is swimming because , I get to learn new tricks in the summer time . My second reason is that you can hold you breathe under water that one is the most challenging one for me , My third reason why I love swimming is that you can be the only one their if your're like a person like me who is shy. My fourth reason is that some of the swimming coaches help you build up your confidence and help you achieve many different goals. My fifth reason is that if you are an upcoming swimmer don't let people over ride you .

One of the reasons why i love swimming is because you get to learn new tricks in the summer time. Each time when you swim you learn something new in swim class you always feel acomplished, no one shames you when you make a mistake .Even though sometimes the trick in very difficult you can feel in your soul that you are going to hurt your self but at the end of the day you feel that you can do anything. One of my favorite tricks are jumping off the stand and putting your self in a position your comfortable with.

My second reason is that you have to hold your breathe no matter what trick you are doing that is the most challenging part for me since i have asthma so i need my inhaler with me, when i go swimming at the beginning when i started all of this i was not determind to do it i was so nervous something might happen to me but my coach Generic_Name said""Don't never ever give on your self no matter what it is "". So had a little faith in what she was telling me .So went under the water for about 10 seconds and for once in my life i was so happy with myself .

My third reason is when you are a person like me if your shy and don't feel comfortable when people are looking at you .You can go to this private swimming area where you can display all your tricks the judges who are judging you .In my opinion i think that is a great idea for a lot of swimmers that are in my position as i write to you don't always have to be where a lot of people are and some people in the audience might be making fun of you and laughing at you and you don't know why they and in your heart feels so crushed inside and saying to my self what can i do better .

My fourth reason is that all of the coaches in all catagories can help you build up your confidence during judging time and all the time they will always make you smile cheer you on everytime ,even if you're in a bad mood that day they always fill up the room with a smile that is what i love about swimming classes . At the end of the day they leave a note that says to me that""You are the most sweetest person we know you are the most kindest,respectful,diligent person god bless you"".

My fifth reasons is that when youir becoming an upcoming swimmer never give up on your self as what my coach said be brave and don't let anyone put you down that you can't do anything because you are amazing just the way you are.

These are my reasons why I choosed this topic thank you!!!!!!!!!!!!!!!!!!!!!!!  ",843,8,Female,Economically disadvantaged,Black/African American,test,4,4,4,3,3,3,4,3,3.5,4,4,4,4,4,4,4,4,4,3,3,3
A5FEC9B44BC9,Talents and skills,"Everyone has a talent or a skill, what's yours? My skill is baseball and I say that because I am naturally good at the sport. You can become good at baseball if you practice often and make sure to eat right, you need your body to function the best that it can. Baseball can become a living if you are really good at it. Skill is also not everything, you have to respect coaches, parents, and all the other players.

Baseball is not just competitive you can also play it for fun. Baseball is a spring sport so you get to be outdoors and you run a lot. If you miss a catch or didn't hit the ball, you have a team to cheer you up. Baseball is a team sport so it teaches you cooperation and teamwork. There are a variety of positions and you play different positions depending on your skill level.

Positions in baseball include: catcher, pitcher, first base, second base, shortstop, third base, left field, right field, and center field. In baseball you cannot hesitate because someone throwing the ball is faster than you can run so you have to run straight for the base without looking at where the ball travels. You also have coaches at the bases telling you to go or stay. If you hit it over the fence then that is a home run which means you just go around the bases and go back to home plate. You can teach other people about baseball and they might want to join, but even though it might be competitive baseball is also fun.

If you decide to play baseball you need to keep up with your grades which means no D's or F's and only above those two grades. You also come to practices and just practice for games and getting better at baseball. There are also games and you need to travel to other places too. There is usually two different teams and they practice against each other. You also get a uniform for your team and the team is usually sponsored by a company.

Your coach will also give you a schedule for all the different game days and the time when it starts and ends. You will also get a workout sheet and it has to be filled up by the end of the year. Playing baseball is amazing especially with your friends. Baseball is a boy sport but if you are a girl then you can play softball. This is all I have for now and I hope you will sign up for this sport.",424,8,Male,Economically disadvantaged,Asian/Pacific Islander,test,4,3,3.5,3,3,3,4,3,3.5,4,4,4,4,4,4,4,4,4,4,4,4
A6396FB3A94F,Talents and skills,"Almost everyone in the whole entire world has a talent. A talent is a certain thing that somebody is good at. Having a talent can show who you are.

Without a talent, you would not be good at anything, which it might ruin your future. I believe that my talent is martial arts because I use it by learning, practicing, and for fun.

First, I learned martial arts by going to a place called ""Generic_City.""

While the teachers were teaching us how to punch and kick, I watched their body and legs doing the action.

I watched very carefully so that I could learn how to do punches and kicks the right way.

When I struggled, they helped me put my arms and legs in the right position. Once I passed the white belt, I learned some combos and self defense.

They taught us how strong and fast we were suppose to do them.

After I was good at combos and self defense, I took the test and did great. Once I passed my purple belt, I earned my blue belt.

I learned advanced combos and a bit of judo(a form of martial arts).

In a couple of weeks, I quit because I had to pay a lot of money.

Since then, I learned more martial arts at home by going on youtube and wikihow.

Those were how I learned martial arts.

Next, I developed my skills by practicing at home.

When I get home after school, I would usually do punches for twenty minutes, kicks for ten minutes, and self defense for ten minutes. Before I practiced, I worked on my arms and chest so that I could get the right body for training.

As I practiced, I did punches and kicks slowly because if I did them so fast, I would have tripped. Just in case I would fight more than one person, I practiced with my eyes shut sometimes.

I have been doing this routine for a year and a half.

Some days, I skipped because either I did a lot of running around in gym class or I was just to lazy.

Sometimes when I am lazy, I still train so that I would not lose my form of doing martial arts.

Right now, I still practice so that I could keep my talent.

Additionally, I use my talent for fun when I am bored.

When I have nothing to do, I would do martial arts either in my bedroom or my living room.

Before I do martial arts, I put items like my phone aside to get space and a clean surface.

When I do martial arts, I put on music in order to concentrate and feel absolutely awesome.

Sometimes, I turn on the TV and put on movies that have martial arts to imitate characters fighting each other.

In movies, there are moves that I have not learned yet.

When I see moves that are not familiar, I would usually watch and then imitate the actions slowly so that I could do them correctly in the future.

I do all of this alone so that I would not get attention because I hate when people come around and watch me.

This is what I do for fun.

I still do this at home and I have never been bothered by anybody.

In conclusion,

I believe that my talent is martial arts because I use it by learning, practicing, and for fun.

I developed my talent by learning, and practicing.

I use it for fun when I am bored.

I think you should have your own talent.

You should have a talent because it is not good to be good at nothing.

With your talent, you can join in competitions to achieve awards or show off in front of a lot of people.

If you do not have a talent right now, you should find something that you are good at in order to have a great future.",617,8,Male,Economically disadvantaged,Asian/Pacific Islander,test,4,4,4,4,3,3.5,4,3,3.5,4,4,4,4,4,4,4,4,4,4,4,4
C844894B0D02,Talents and skills,"Imagine that your at the mall and you hear this beautiful and loud voice. You follow the voice and end up in the middle of the mall where a girl is singing her heart out and playing the guitar. Then all of a sudden you find a interest in singing and playing the guitar. Everyone has a talent or skill and some people use it everyday.

Here are some talents people use everyday like singing, playing the guitar, playing the piano, being a magician, and being a comedian. A lot of people sing for a living and its so cool how they sing. My favorite singer is Shawn Mendes and the way he uses his voice is so cool and beautiful. Playing the guitar is a everyday thing for some people too like some singers play the guitar or some people just play the guitar without singing at all and it sounds so beautiful that it makes me feel relaxed listening to people play. Also Playing the piano is very fun and exciting and some people who play calm and peaceful music I love when they do that. I always thought magicians are cool and mind blowing I just dont get how they do there tricks. Every time i watch a magician on Americas Got Talent i'm always on the edge of my seat by the end of the episode. Finally comedians are so fun to watch they make me laugh so much that I'm always in tears. Sometime when i think the persons so funny I laugh so much that my stomach starts hurting right after.

These are some everyday skills people use like being very good in math, being organized, playing a sport, getting straight A's every time, and doing makeup looks. Most people are good at doing math and solving problems. It take effort in being good at something. Math is a very hard subject and i dont know how people do. Im kinda good in math but not that good like others. Being organized is a hard thing to do. A lot of people arent organized. It takes time, a lot of responsibly, and patience to be organized. Playing a sport is hard because you have to have a lot of skills and be athletic to play. Like Ice hockey is very hard because you have to have a good and strong balance in order to skate on the ice. Getting straight A's every time is not that easy I've tried before and im still trying. You have to believe in yourself and tell yourself you can do it. you need to have a lot of effort and study a lot in order to reach this goal in life. Doing your makeup is a scary skill because you never know if your gonna mess up or not. its basically art but on your face, its beautiful.

Everyone in the world has a talent and theres a lot of skills in the world too. Theres a lot of talented people in the world some are celebrities and some arent noticed. Theres a lot of people who are posting videos of there talent but some people dont watch because some are new youtubers and people see that they dont have that many views or subscribers than other youtubers. Social media is a big thing in the world like Instagram, snapcaht, tik tok, twitter, facebook etc. A lot of people post on those social media apps there skill or there talent.

My talent or skill is baking. I bake all the time. Whenever I get home after school i bake whatever I'm craving. I found out about my talent when i saw my dad making delicous, fluffy, and moist cupcakes for his catering i asked him if i could help him with the order and he said ""yes""! ever since then i Bake almost everyday. Its so fun baking it calms me down and gets my mind off of things. Whenever I'm bored i start baking i know im addicted to baking! I make cakes, cupcakes, truffles, etc. My dad gets so excited when i bake he says whatever i make is gonna be good no matter what. Thats my talent, baking. Everyone uses their talent or skill everyday and everyone has one.",687,8,Female,Not economically disadvantaged,White,test,3,3,3,3,3,3,3,3,3,4,4,4,3,4,3.5,4,4,4,3,3,3
